
	code for sm_86
		Function : _Z11corr_kerneliiPfS___noalias
	.headerflags	@"EF_CUDA_TEXMODE_UNIFIED EF_CUDA_64BIT_ADDRESS EF_CUDA_SM86 EF_CUDA_VIRTUAL_SM(EF_CUDA_SM86)"
        /*0000*/                   IMAD.MOV.U32 R1, RZ, RZ, c[0x0][0x28] ;                   /* 0x00000a00ff017624 */
                                                                                             /* 0x000fe400078e00ff */
        /*0010*/                   S2R R0, SR_CTAID.X ;                                      /* 0x0000000000007919 */
                                                                                             /* 0x000e220000002500 */
        /*0020*/                   ULDC UR4, c[0x0][0x160] ;                                 /* 0x0000580000047ab9 */
                                                                                             /* 0x000fe40000000800 */
        /*0030*/                   UIADD3 UR4, UR4, -0x1, URZ ;                              /* 0xffffffff04047890 */
                                                                                             /* 0x000fe2000fffe03f */
        /*0040*/                   S2R R3, SR_TID.X ;                                        /* 0x0000000000037919 */
                                                                                             /* 0x000e240000002100 */
        /*0050*/                   IMAD R0, R0, c[0x0][0x0], R3 ;                            /* 0x0000000000007a24 */
                                                                                             /* 0x001fca00078e0203 */
        /*0060*/                   ISETP.GE.AND P0, PT, R0, UR4, PT ;                        /* 0x0000000400007c0c */
                                                                                             /* 0x000fda000bf06270 */
        /*0070*/               @P0 EXIT ;                                                    /* 0x000000000000094d */
                                                                                             /* 0x000fea0003800000 */
        /*0080*/                   IADD3 R4, R0.reuse, 0x1, RZ ;                             /* 0x0000000100047810 */
                                                                                             /* 0x040fe20007ffe0ff */
        /*0090*/                   IMAD.MOV.U32 R3, RZ, RZ, 0x4 ;                            /* 0x00000004ff037424 */
                                                                                             /* 0x000fe200078e00ff */
        /*00a0*/                   ULDC.64 UR6, c[0x0][0x118] ;                              /* 0x0000460000067ab9 */
                                                                                             /* 0x000fe20000000a00 */
        /*00b0*/                   IMAD R2, R0, 0x801, RZ ;                                  /* 0x0000080100027824 */
                                                                                             /* 0x000fe200078e02ff */
        /*00c0*/                   ISETP.GE.AND P0, PT, R4, c[0x0][0x160], PT ;              /* 0x0000580004007a0c */
                                                                                             /* 0x000fe20003f06270 */
        /*00d0*/                   IMAD.MOV.U32 R5, RZ, RZ, 0x3f800000 ;                     /* 0x3f800000ff057424 */
                                                                                             /* 0x000fe400078e00ff */
        /*00e0*/                   IMAD.WIDE R2, R2, R3, c[0x0][0x168] ;                     /* 0x00005a0002027625 */
                                                                                             /* 0x000fca00078e0203 */
        /*00f0*/                   STG.E [R2.64], R5 ;                                       /* 0x0000000502007986 */
                                                                                             /* 0x0001ea000c101906 */
        /*0100*/               @P0 EXIT ;                                                    /* 0x000000000000094d */
                                                                                             /* 0x000fea0003800000 */
        /*0110*/                   MOV R17, c[0x0][0x164] ;                                  /* 0x0000590000117a02 */
                                                                                             /* 0x000fe40000000f00 */
        /*0120*/                   IADD3 R15, P0, R0, 0x1, RZ ;                              /* 0x00000001000f7810 */
                                                                                             /* 0x000fe40007f1e0ff */
        /*0130*/                   SHF.R.S32.HI R14, RZ, 0x1f, R0 ;                          /* 0x0000001fff0e7819 */
                                                                                             /* 0x000fe40000011400 */
        /*0140*/                   ISETP.GE.AND P1, PT, R17, 0x1, PT ;                       /* 0x000000011100780c */
                                                                                             /* 0x000fc40003f26270 */
        /*0150*/                   ISETP.GE.U32.AND P2, PT, R17.reuse, 0x4, PT ;             /* 0x000000041100780c */
                                                                                             /* 0x040fe20003f46070 */
        /*0160*/                   IMAD.X R18, RZ, RZ, R14, P0 ;                             /* 0x000000ffff127224 */
                                                                                             /* 0x000fe200000e060e */
        /*0170*/                   LOP3.LUT P3, RZ, R17.reuse, 0x3, RZ, 0xc0, !PT ;          /* 0x0000000311ff7812 */
                                                                                             /* 0x040fe4000786c0ff */
        /*0180*/                   LOP3.LUT R16, R17.reuse, 0x3, RZ, 0xc0, !PT ;             /* 0x0000000311107812 */
                                                                                             /* 0x040fe400078ec0ff */
        /*0190*/                   LOP3.LUT R17, R17, 0x7ffffffc, RZ, 0xc0, !PT ;            /* 0x7ffffffc11117812 */
                                                                                             /* 0x000fe400078ec0ff */
        /*01a0*/                   MOV R19, 0x4 ;                                            /* 0x0000000400137802 */
                                                                                             /* 0x000fe20000000f00 */
        /*01b0*/                   IMAD R2, R0, 0x800, R15 ;                                 /* 0x0000080000027824 */
                                                                                             /* 0x001fe400078e020f */
        /*01c0*/                   IMAD.MOV.U32 R25, RZ, RZ, RZ ;                            /* 0x000000ffff197224 */
                                                                                             /* 0x000fe400078e00ff */
        /*01d0*/                   IMAD.WIDE R2, R2, R19, c[0x0][0x168] ;                    /* 0x00005a0002027625 */
                                                                                             /* 0x000fca00078e0213 */
        /*01e0*/                   STG.E [R2.64], RZ ;                                       /* 0x000000ff02007986 */
                                                                                             /* 0x0001e2000c101906 */
        /*01f0*/              @!P1 BRA 0xfb0 ;                                               /* 0x00000db000009947 */
                                                                                             /* 0x000fea0003800000 */
        /*0200*/                   IMAD.MOV.U32 R4, RZ, RZ, RZ ;                             /* 0x000000ffff047224 */
                                                                                             /* 0x000fe200078e00ff */
        /*0210*/                   MOV R25, RZ ;                                             /* 0x000000ff00197202 */
                                                                                             /* 0x000fe20000000f00 */
        /*0220*/              @!P2 BRA 0xe70 ;                                               /* 0x00000c400000a947 */
                                                                                             /* 0x000fea0003800000 */
        /*0230*/                   ISETP.GT.U32.AND P4, PT, R17, RZ, PT ;                    /* 0x000000ff1100720c */
                                                                                             /* 0x000fe20003f84070 */
        /*0240*/                   UMOV UR4, URZ ;                                           /* 0x0000003f00047c82 */
                                                                                             /* 0x000fe20008000000 */
        /*0250*/                   PLOP3.LUT P0, PT, PT, PT, PT, 0x80, 0x0 ;                 /* 0x000000000000781c */
                                                                                             /* 0x000fe20003f0f070 */
        /*0260*/                   IMAD.MOV.U32 R25, RZ, RZ, RZ ;                            /* 0x000000ffff197224 */
                                                                                             /* 0x000fe400078e00ff */
        /*0270*/                   IMAD.MOV.U32 R21, RZ, RZ, RZ ;                            /* 0x000000ffff157224 */
                                                                                             /* 0x000fd000078e00ff */
        /*0280*/               @P4 BRA 0x400 ;                                               /* 0x0000017000004947 */
                                                                                             /* 0x000fea0003800000 */
        /*0290*/                   IADD3 R8, R0.reuse, R21.reuse, RZ ;                       /* 0x0000001500087210 */
                                                                                             /* 0x0c0fe20007ffe0ff */
        /*02a0*/                   IMAD.IADD R6, R21, 0x1, R15 ;                             /* 0x0000000115067824 */
                                                                                             /* 0x000fe200078e020f */
        /*02b0*/                   IADD3 R5, P0, R0, R21, RZ ;                               /* 0x0000001500057210 */
                                                                                             /* 0x000fc60007f1e0ff */
        /*02c0*/                   IMAD.WIDE R8, R8, R19.reuse, c[0x0][0x170] ;              /* 0x00005c0008087625 */
                                                                                             /* 0x080fe200078e0213 */
        /*02d0*/                   LEA.HI.X.SX32 R10, R21, R14, 0x1, P0 ;                    /* 0x0000000e150a7211 */
                                                                                             /* 0x000fe400000f0eff */
        /*02e0*/                   LEA R4, P0, R5.reuse, c[0x0][0x170], 0x2 ;                /* 0x00005c0005047a11 */
                                                                                             /* 0x040fe200078010ff */
        /*02f0*/                   IMAD.WIDE R6, R6, R19, c[0x0][0x170] ;                    /* 0x00005c0006067625 */
                                                                                             /* 0x000fe400078e0213 */
        /*0300*/                   LDG.E.CONSTANT R8, [R8.64] ;                              /* 0x0000000608087981 */
                                                                                             /* 0x000ea2000c1e9900 */
        /*0310*/                   LEA.HI.X R5, R5, c[0x0][0x174], R10, 0x2, P0 ;            /* 0x00005d0005057a11 */
                                                                                             /* 0x000fc600000f140a */
        /*0320*/                   LDG.E.CONSTANT R10, [R6.64] ;                             /* 0x00000006060a7981 */
                                                                                             /* 0x000ea8000c1e9900 */
        /*0330*/                   LDG.E.CONSTANT R12, [R6.64+0x2000] ;                      /* 0x00200006060c7981 */
                                                                                             /* 0x000ee8000c1e9900 */
        /*0340*/                   LDG.E.CONSTANT R11, [R4.64+0x2000] ;                      /* 0x00200006040b7981 */
                                                                                             /* 0x000ee8000c1e9900 */
        /*0350*/                   LDG.E.CONSTANT R20, [R6.64+0x4000] ;                      /* 0x0040000606147981 */
                                                                                             /* 0x000f28000c1e9900 */
        /*0360*/                   LDG.E.CONSTANT R13, [R4.64+0x4000] ;                      /* 0x00400006040d7981 */
                                                                                             /* 0x000f28000c1e9900 */
        /*0370*/                   LDG.E.CONSTANT R22, [R6.64+0x6000] ;                      /* 0x0060000606167981 */
                                                                                             /* 0x000f68000c1e9900 */
        /*0380*/                   LDG.E.CONSTANT R23, [R4.64+0x6000] ;                      /* 0x0060000604177981 */
                                                                                             /* 0x000f62000c1e9900 */
        /*0390*/                   PLOP3.LUT P0, PT, PT, PT, PT, 0x8, 0x0 ;                  /* 0x000000000000781c */
                                                                                             /* 0x000fe20003f0e170 */
        /*03a0*/                   IMAD.MOV.U32 R21, RZ, RZ, 0x2000 ;                        /* 0x00002000ff157424 */
                                                                                             /* 0x000fe200078e00ff */
        /*03b0*/                   UMOV UR4, 0x4 ;                                           /* 0x0000000400047882 */
                                                                                             /* 0x000fe20000000000 */
        /*03c0*/                   FFMA R10, R8, R10, R25 ;                                  /* 0x0000000a080a7223 */
                                                                                             /* 0x004fc80000000019 */
        /*03d0*/                   FFMA R10, R11, R12, R10 ;                                 /* 0x0000000c0b0a7223 */
                                                                                             /* 0x008fc8000000000a */
        /*03e0*/                   FFMA R10, R13, R20, R10 ;                                 /* 0x000000140d0a7223 */
                                                                                             /* 0x010fc8000000000a */
        /*03f0*/                   FFMA R25, R23, R22, R10 ;                                 /* 0x0000001617197223 */
                                                                                             /* 0x020fe2000000000a */
        /*0400*/                   IADD3 R4, R17, -UR4, RZ ;                                 /* 0x8000000411047c10 */
                                                                                             /* 0x000fc8000fffe0ff */
        /*0410*/                   ISETP.GT.AND P4, PT, R4, 0xc, PT ;                        /* 0x0000000c0400780c */
                                                                                             /* 0x000fda0003f84270 */
        /*0420*/              @!P4 BRA 0x9c0 ;                                               /* 0x000005900000c947 */
                                                                                             /* 0x000fea0003800000 */
        /*0430*/                   PLOP3.LUT P0, PT, PT, PT, PT, 0x8, 0x0 ;                  /* 0x000000000000781c */
                                                                                             /* 0x000fe40003f0e170 */
        /*0440*/                   IADD3 R30, R17, -0xc, RZ ;                                /* 0xfffffff4111e7810 */
                                                                                             /* 0x000fe40007ffe0ff */
        /*0450*/                   IADD3 R4, R0.reuse, R21.reuse, RZ ;                       /* 0x0000001500047210 */
                                                                                             /* 0x0c0fe20007ffe0ff */
        /*0460*/                   IMAD.IADD R22, R21, 0x1, R15 ;                            /* 0x0000000115167824 */
                                                                                             /* 0x000fe200078e020f */
        /*0470*/                   IADD3 R6, P4, R0, R21, RZ ;                               /* 0x0000001500067210 */
                                                                                             /* 0x000fc60007f9e0ff */
        /*0480*/                   IMAD.WIDE R4, R4, R19.reuse, c[0x0][0x170] ;              /* 0x00005c0004047625 */
                                                                                             /* 0x080fe200078e0213 */
        /*0490*/                   LEA.HI.X.SX32 R7, R21.reuse, R14, 0x1, P4 ;               /* 0x0000000e15077211 */
                                                                                             /* 0x040fe400020f0eff */
        /*04a0*/                   LEA R10, P4, R6, c[0x0][0x170], 0x2 ;                     /* 0x00005c00060a7a11 */
                                                                                             /* 0x000fe200078810ff */
        /*04b0*/                   IMAD.WIDE R22, R22, R19, c[0x0][0x170] ;                  /* 0x00005c0016167625 */
                                                                                             /* 0x000fe200078e0213 */
        /*04c0*/                   LDG.E.CONSTANT R24, [R4.64] ;                             /* 0x0000000604187981 */
                                                                                             /* 0x0002a4000c1e9900 */
        /*04d0*/                   LEA.HI.X R11, R6, c[0x0][0x174], R7, 0x2, P4 ;            /* 0x00005d00060b7a11 */
                                                                                             /* 0x000fe400020f1407 */
        /*04e0*/                   LDG.E.CONSTANT R34, [R22.64] ;                            /* 0x0000000616227981 */
                                                                                             /* 0x0006a2000c1e9900 */
        /*04f0*/                   IADD3 R33, R21, 0x2000, RZ ;                              /* 0x0000200015217810 */
                                                                                             /* 0x000fc60007ffe0ff */
        /*0500*/                   LDG.E.CONSTANT R29, [R22.64+0x2000] ;                     /* 0x00200006161d7981 */
                                                                                             /* 0x000722000c1e9900 */
        /*0510*/                   IADD3 R12, R33, R15, RZ ;                                 /* 0x0000000f210c7210 */
                                                                                             /* 0x000fc60007ffe0ff */
        /*0520*/                   LDG.E.CONSTANT R32, [R10.64+0x2000] ;                     /* 0x002000060a207981 */
                                                                                             /* 0x000b22000c1e9900 */
        /*0530*/                   IMAD.IADD R6, R0, 0x1, R33 ;                              /* 0x0000000100067824 */
                                                                                             /* 0x000fc600078e0221 */
        /*0540*/                   LDG.E.CONSTANT R8, [R22.64+0x4000] ;                      /* 0x0040000616087981 */
                                                                                             /* 0x000728000c1e9900 */
        /*0550*/                   LDG.E.CONSTANT R9, [R10.64+0x4000] ;                      /* 0x004000060a097981 */
                                                                                             /* 0x000b22000c1e9900 */
        /*0560*/                   IMAD.WIDE R6, R6, R19, c[0x0][0x170] ;                    /* 0x00005c0006067625 */
                                                                                             /* 0x000fc600078e0213 */
        /*0570*/                   LDG.E.CONSTANT R28, [R22.64+0x6000] ;                     /* 0x00600006161c7981 */
                                                                                             /* 0x000722000c1e9900 */
        /*0580*/                   IMAD.WIDE R12, R12, R19, c[0x0][0x170] ;                  /* 0x00005c000c0c7625 */
                                                                                             /* 0x000fc600078e0213 */
        /*0590*/                   LDG.E.CONSTANT R31, [R10.64+0x6000] ;                     /* 0x006000060a1f7981 */
                                                                                             /* 0x000b22000c1e9900 */
        /*05a0*/                   IADD3 R5, P4, R0, R33, RZ ;                               /* 0x0000002100057210 */
                                                                                             /* 0x002fc60007f9e0ff */
        /*05b0*/                   LDG.E.CONSTANT R27, [R6.64] ;                             /* 0x00000006061b7981 */
                                                                                             /* 0x000328000c1e9900 */
        /*05c0*/                   LDG.E.CONSTANT R26, [R12.64] ;                            /* 0x000000060c1a7981 */
                                                                                             /* 0x000122000c1e9900 */
        /*05d0*/                   LEA.HI.X.SX32 R20, R33, R14, 0x1, P4 ;                    /* 0x0000000e21147211 */
                                                                                             /* 0x000fe400020f0eff */
        /*05e0*/                   LEA R4, P4, R5.reuse, c[0x0][0x170], 0x2 ;                /* 0x00005c0005047a11 */
                                                                                             /* 0x040fe200078810ff */
        /*05f0*/                   LDG.E.CONSTANT R22, [R12.64+0x4000] ;                     /* 0x004000060c167981 */
                                                                                             /* 0x0080e6000c1e9900 */
        /*0600*/                   LEA.HI.X R5, R5, c[0x0][0x174], R20, 0x2, P4 ;            /* 0x00005d0005057a11 */
                                                                                             /* 0x000fc400020f1414 */
        /*0610*/                   LDG.E.CONSTANT R20, [R12.64+0x2000] ;                     /* 0x002000060c147981 */
                                                                                             /* 0x0000e8000c1e9900 */
        /*0620*/                   LDG.E.CONSTANT R23, [R4.64+0x2000] ;                      /* 0x0020000604177981 */
                                                                                             /* 0x0000e2000c1e9900 */
        /*0630*/                   IADD3 R33, R21, 0x4000, RZ ;                              /* 0x0000400015217810 */
                                                                                             /* 0x000fc80007ffe0ff */
        /*0640*/                   IADD3 R7, P4, R0.reuse, R33, RZ ;                         /* 0x0000002100077210 */
                                                                                             /* 0x042fe20007f9e0ff */
        /*0650*/                   IMAD.IADD R10, R0, 0x1, R33 ;                             /* 0x00000001000a7824 */
                                                                                             /* 0x020fc800078e0221 */
        /*0660*/                   IMAD.WIDE R10, R10, R19, c[0x0][0x170] ;                  /* 0x00005c000a0a7625 */
                                                                                             /* 0x000fe200078e0213 */
        /*0670*/                   FFMA R35, R24, R34, R25 ;                                 /* 0x0000002218237223 */
                                                                                             /* 0x004fc60000000019 */
        /*0680*/                   IMAD.IADD R34, R33.reuse, 0x1, R15 ;                      /* 0x0000000121227824 */
                                                                                             /* 0x040fe200078e020f */
        /*0690*/                   LEA.HI.X.SX32 R33, R33, R14, 0x1, P4 ;                    /* 0x0000000e21217211 */
                                                                                             /* 0x000fe200020f0eff */
        /*06a0*/                   LDG.E.CONSTANT R24, [R12.64+0x6000] ;                     /* 0x006000060c187981 */
                                                                                             /* 0x0000a2000c1e9900 */
        /*06b0*/                   LEA R6, P4, R7, c[0x0][0x170], 0x2 ;                      /* 0x00005c0007067a11 */
                                                                                             /* 0x000fc600078810ff */
        /*06c0*/                   LDG.E.CONSTANT R25, [R10.64] ;                            /* 0x000000060a197981 */
                                                                                             /* 0x000362000c1e9900 */
        /*06d0*/                   FFMA R32, R32, R29, R35 ;                                 /* 0x0000001d20207223 */
                                                                                             /* 0x010fe20000000023 */
        /*06e0*/                   IADD3 R35, R21, 0x6000, RZ ;                              /* 0x0000600015237810 */
                                                                                             /* 0x000fe40007ffe0ff */
        /*06f0*/                   LDG.E.CONSTANT R29, [R4.64+0x4000] ;                      /* 0x00400006041d7981 */
                                                                                             /* 0x0008a2000c1e9900 */
        /*0700*/                   LEA.HI.X R7, R7, c[0x0][0x174], R33, 0x2, P4 ;            /* 0x00005d0007077a11 */
                                                                                             /* 0x000fe200020f1421 */
        /*0710*/                   FFMA R32, R9, R8, R32 ;                                   /* 0x0000000809207223 */
                                                                                             /* 0x000fe20000000020 */
        /*0720*/                   IMAD.WIDE R8, R34, R19, c[0x0][0x170] ;                   /* 0x00005c0022087625 */
                                                                                             /* 0x000fe200078e0213 */
        /*0730*/                   LDG.E.CONSTANT R33, [R4.64+0x6000] ;                      /* 0x0060000604217981 */
                                                                                             /* 0x000962000c1e9900 */
        /*0740*/                   IADD3 R36, R0, R35, RZ ;                                  /* 0x0000002300247210 */
                                                                                             /* 0x000fc60007ffe0ff */
        /*0750*/                   LDG.E.CONSTANT R34, [R8.64+0x6000] ;                      /* 0x0060000608227981 */
                                                                                             /* 0x000762000c1e9900 */
        /*0760*/                   FFMA R12, R31, R28, R32 ;                                 /* 0x0000001c1f0c7223 */
                                                                                             /* 0x001fc60000000020 */
        /*0770*/                   LDG.E.CONSTANT R28, [R8.64] ;                             /* 0x00000006081c7981 */
                                                                                             /* 0x000162000c1e9900 */
        /*0780*/                   IMAD.WIDE R10, R36, R19, c[0x0][0x170] ;                  /* 0x00005c00240a7625 */
                                                                                             /* 0x002fe200078e0213 */
        /*0790*/                   IADD3 R5, P4, R0, R35, RZ ;                               /* 0x0000002300057210 */
                                                                                             /* 0x010fe40007f9e0ff */
        /*07a0*/                   LDG.E.CONSTANT R32, [R8.64+0x2000] ;                      /* 0x0020000608207981 */
                                                                                             /* 0x000122000c1e9900 */
        /*07b0*/                   FFMA R36, R27, R26, R12 ;                                 /* 0x0000001a1b247223 */
                                                                                             /* 0x000fc6000000000c */
        /*07c0*/                   LDG.E.CONSTANT R27, [R6.64+0x2000] ;                      /* 0x00200006061b7981 */
                                                                                             /* 0x000322000c1e9900 */
        /*07d0*/                   IMAD.IADD R12, R35.reuse, 0x1, R15 ;                      /* 0x00000001230c7824 */
                                                                                             /* 0x040fe200078e020f */
        /*07e0*/                   LEA.HI.X.SX32 R35, R35, R14, 0x1, P4 ;                    /* 0x0000000e23237211 */
                                                                                             /* 0x000fe400020f0eff */
        /*07f0*/                   LDG.E.CONSTANT R31, [R8.64+0x4000] ;                      /* 0x00400006081f7981 */
                                                                                             /* 0x000122000c1e9900 */
        /*0800*/                   LEA R4, P4, R5, c[0x0][0x170], 0x2 ;                      /* 0x00005c0005047a11 */
                                                                                             /* 0x000fc600078810ff */
        /*0810*/                   LDG.E.CONSTANT R26, [R6.64+0x4000] ;                      /* 0x00400006061a7981 */
                                                                                             /* 0x000322000c1e9900 */
        /*0820*/                   IMAD.WIDE R12, R12, R19, c[0x0][0x170] ;                  /* 0x00005c000c0c7625 */
                                                                                             /* 0x000fc600078e0213 */
        /*0830*/                   LDG.E.CONSTANT R37, [R6.64+0x6000] ;                      /* 0x0060000606257981 */
                                                                                             /* 0x000322000c1e9900 */
        /*0840*/                   LEA.HI.X R5, R5, c[0x0][0x174], R35, 0x2, P4 ;            /* 0x00005d0005057a11 */
                                                                                             /* 0x000fc600020f1423 */
        /*0850*/                   LDG.E.CONSTANT R10, [R10.64] ;                            /* 0x000000060a0a7981 */
                                                                                             /* 0x000322000c1e9900 */
        /*0860*/                   FFMA R35, R23, R20, R36 ;                                 /* 0x0000001417237223 */
                                                                                             /* 0x008fc60000000024 */
        /*0870*/                   LDG.E.CONSTANT R9, [R12.64+0x2000] ;                      /* 0x002000060c097981 */
                                                                                             /* 0x001ee8000c1e9900 */
        /*0880*/                   LDG.E.CONSTANT R36, [R4.64+0x2000] ;                      /* 0x0020000604247981 */
                                                                                             /* 0x000ee8000c1e9900 */
        /*0890*/                   LDG.E.CONSTANT R11, [R12.64] ;                            /* 0x000000060c0b7981 */
                                                                                             /* 0x002ee8000c1e9900 */
        /*08a0*/                   LDG.E.CONSTANT R8, [R12.64+0x4000] ;                      /* 0x004000060c087981 */
                                                                                             /* 0x000ee8000c1e9900 */
        /*08b0*/                   LDG.E.CONSTANT R7, [R4.64+0x4000] ;                       /* 0x0040000604077981 */
                                                                                             /* 0x000ee8000c1e9900 */
        /*08c0*/                   LDG.E.CONSTANT R20, [R12.64+0x6000] ;                     /* 0x006000060c147981 */
                                                                                             /* 0x000ee8000c1e9900 */
        /*08d0*/                   LDG.E.CONSTANT R23, [R4.64+0x6000] ;                      /* 0x0060000604177981 */
                                                                                             /* 0x000ee2000c1e9900 */
        /*08e0*/                   UIADD3 UR4, UR4, 0x10, URZ ;                              /* 0x0000001004047890 */
                                                                                             /* 0x000fcc000fffe03f */
        /*08f0*/                   ISETP.LE.AND P4, PT, R30, UR4, PT ;                       /* 0x000000041e007c0c */
                                                                                             /* 0x000fe4000bf83270 */
        /*0900*/                   IADD3 R21, R21, 0x8000, RZ ;                              /* 0x0000800015157810 */
                                                                                             /* 0x000fe20007ffe0ff */
        /*0910*/                   FFMA R22, R29, R22, R35 ;                                 /* 0x000000161d167223 */
                                                                                             /* 0x004fc80000000023 */
        /*0920*/                   FFMA R22, R33, R24, R22 ;                                 /* 0x0000001821167223 */
                                                                                             /* 0x020fc80000000016 */
        /*0930*/                   FFMA R22, R25, R28, R22 ;                                 /* 0x0000001c19167223 */
                                                                                             /* 0x000fc80000000016 */
        /*0940*/                   FFMA R27, R27, R32, R22 ;                                 /* 0x000000201b1b7223 */
                                                                                             /* 0x010fc80000000016 */
        /*0950*/                   FFMA R26, R26, R31, R27 ;                                 /* 0x0000001f1a1a7223 */
                                                                                             /* 0x000fc8000000001b */
        /*0960*/                   FFMA R37, R37, R34, R26 ;                                 /* 0x0000002225257223 */
                                                                                             /* 0x000fc8000000001a */
        /*0970*/                   FFMA R11, R10, R11, R37 ;                                 /* 0x0000000b0a0b7223 */
                                                                                             /* 0x008fc80000000025 */
        /*0980*/                   FFMA R36, R36, R9, R11 ;                                  /* 0x0000000924247223 */
                                                                                             /* 0x000fc8000000000b */
        /*0990*/                   FFMA R8, R7, R8, R36 ;                                    /* 0x0000000807087223 */
                                                                                             /* 0x000fc80000000024 */
        /*09a0*/                   FFMA R25, R23, R20, R8 ;                                  /* 0x0000001417197223 */
                                                                                             /* 0x000fe20000000008 */
        /*09b0*/              @!P4 BRA 0x450 ;                                               /* 0xfffffa900000c947 */
                                                                                             /* 0x000fea000383ffff */
        /*09c0*/                   IADD3 R4, R17, -UR4, RZ ;                                 /* 0x8000000411047c10 */
                                                                                             /* 0x000fc8000fffe0ff */
        /*09d0*/                   ISETP.GT.AND P4, PT, R4, 0x4, PT ;                        /* 0x000000040400780c */
                                                                                             /* 0x000fda0003f84270 */
        /*09e0*/              @!P4 BRA 0xcb0 ;                                               /* 0x000002c00000c947 */
                                                                                             /* 0x000fea0003800000 */
        /*09f0*/                   IADD3 R5, P0, R0.reuse, R21, RZ ;                         /* 0x0000001500057210 */
                                                                                             /* 0x040fe20007f1e0ff */
        /*0a00*/                   IMAD.IADD R6, R0, 0x1, R21 ;                              /* 0x0000000100067824 */
                                                                                             /* 0x000fe200078e0215 */
        /*0a10*/                   IADD3 R12, R21.reuse, R15, RZ ;                           /* 0x0000000f150c7210 */
                                                                                             /* 0x040fe40007ffe0ff */
        /*0a20*/                   LEA.HI.X.SX32 R8, R21, R14, 0x1, P0 ;                     /* 0x0000000e15087211 */
                                                                                             /* 0x000fe200000f0eff */
        /*0a30*/                   IMAD.WIDE R6, R6, R19.reuse, c[0x0][0x170] ;              /* 0x00005c0006067625 */
                                                                                             /* 0x080fe200078e0213 */
        /*0a40*/                   LEA R4, P0, R5, c[0x0][0x170], 0x2 ;                      /* 0x00005c0005047a11 */
                                                                                             /* 0x000fe400078010ff */
        /*0a50*/                   IADD3 R9, R21, 0x2000, RZ ;                               /* 0x0000200015097810 */
                                                                                             /* 0x000fe20007ffe0ff */
        /*0a60*/                   IMAD.WIDE R12, R12, R19, c[0x0][0x170] ;                  /* 0x00005c000c0c7625 */
                                                                                             /* 0x000fe200078e0213 */
        /*0a70*/                   LEA.HI.X R5, R5, c[0x0][0x174], R8, 0x2, P0 ;             /* 0x00005d0005057a11 */
                                                                                             /* 0x000fe200000f1408 */
        /*0a80*/                   LDG.E.CONSTANT R24, [R6.64] ;                             /* 0x0000000606187981 */
                                                                                             /* 0x0002a2000c1e9900 */
        /*0a90*/                   IADD3 R30, P0, R0.reuse, R9, RZ ;                         /* 0x00000009001e7210 */
                                                                                             /* 0x040fe20007f1e0ff */
        /*0aa0*/                   IMAD.IADD R8, R0, 0x1, R9 ;                               /* 0x0000000100087824 */
                                                                                             /* 0x000fc400078e0209 */
        /*0ab0*/                   LDG.E.CONSTANT R26, [R12.64] ;                            /* 0x000000060c1a7981 */
                                                                                             /* 0x0006a2000c1e9900 */
        /*0ac0*/                   IMAD.IADD R10, R9, 0x1, R15 ;                             /* 0x00000001090a7824 */
                                                                                             /* 0x000fc600078e020f */
        /*0ad0*/                   LDG.E.CONSTANT R23, [R12.64+0x2000] ;                     /* 0x002000060c177981 */
                                                                                             /* 0x000728000c1e9900 */
        /*0ae0*/                   LDG.E.CONSTANT R22, [R4.64+0x2000] ;                      /* 0x0020000604167981 */
                                                                                             /* 0x000f22000c1e9900 */
        /*0af0*/                   LEA.HI.X.SX32 R9, R9, R14, 0x1, P0 ;                      /* 0x0000000e09097211 */
                                                                                             /* 0x000fe200000f0eff */
        /*0b00*/                   IMAD.WIDE R6, R8, R19, c[0x0][0x170] ;                    /* 0x00005c0008067625 */
                                                                                             /* 0x002fe400078e0213 */
        /*0b10*/                   LDG.E.CONSTANT R20, [R12.64+0x4000] ;                     /* 0x004000060c147981 */
                                                                                             /* 0x000762000c1e9900 */
        /*0b20*/                   LEA R8, P0, R30, c[0x0][0x170], 0x2 ;                     /* 0x00005c001e087a11 */
                                                                                             /* 0x000fc600078010ff */
        /*0b30*/                   LDG.E.CONSTANT R29, [R4.64+0x4000] ;                      /* 0x00400006041d7981 */
                                                                                             /* 0x000f62000c1e9900 */
        /*0b40*/                   IMAD.WIDE R10, R10, R19, c[0x0][0x170] ;                  /* 0x00005c000a0a7625 */
                                                                                             /* 0x000fc600078e0213 */
        /*0b50*/                   LDG.E.CONSTANT R27, [R12.64+0x6000] ;                     /* 0x006000060c1b7981 */
                                                                                             /* 0x000762000c1e9900 */
        /*0b60*/                   LEA.HI.X R9, R30, c[0x0][0x174], R9, 0x2, P0 ;            /* 0x00005d001e097a11 */
                                                                                             /* 0x000fc600000f1409 */
        /*0b70*/                   LDG.E.CONSTANT R28, [R4.64+0x6000] ;                      /* 0x00600006041c7981 */
                                                                                             /* 0x000f68000c1e9900 */
        /*0b80*/                   LDG.E.CONSTANT R6, [R6.64] ;                              /* 0x0000000606067981 */
                                                                                             /* 0x000f68000c1e9900 */
        /*0b90*/                   LDG.E.CONSTANT R31, [R10.64] ;                            /* 0x000000060a1f7981 */
                                                                                             /* 0x000f68000c1e9900 */
        /*0ba0*/                   LDG.E.CONSTANT R12, [R10.64+0x2000] ;                     /* 0x002000060a0c7981 */
                                                                                             /* 0x008ee8000c1e9900 */
        /*0bb0*/                   LDG.E.CONSTANT R13, [R8.64+0x2000] ;                      /* 0x00200006080d7981 */
                                                                                             /* 0x000ee8000c1e9900 */
        /*0bc0*/                   LDG.E.CONSTANT R30, [R10.64+0x4000] ;                     /* 0x004000060a1e7981 */
                                                                                             /* 0x000ee8000c1e9900 */
        /*0bd0*/                   LDG.E.CONSTANT R33, [R8.64+0x4000] ;                      /* 0x0040000608217981 */
                                                                                             /* 0x000ee8000c1e9900 */
        /*0be0*/                   LDG.E.CONSTANT R32, [R10.64+0x6000] ;                     /* 0x006000060a207981 */
                                                                                             /* 0x000ee8000c1e9900 */
        /*0bf0*/                   LDG.E.CONSTANT R35, [R8.64+0x6000] ;                      /* 0x0060000608237981 */
                                                                                             /* 0x000ee2000c1e9900 */
        /*0c00*/                   PLOP3.LUT P0, PT, PT, PT, PT, 0x8, 0x0 ;                  /* 0x000000000000781c */
                                                                                             /* 0x000fc40003f0e170 */
        /*0c10*/                   IADD3 R21, R21, 0x4000, RZ ;                              /* 0x0000400015157810 */
                                                                                             /* 0x000fe20007ffe0ff */
        /*0c20*/                   UIADD3 UR4, UR4, 0x8, URZ ;                               /* 0x0000000804047890 */
                                                                                             /* 0x000fe2000fffe03f */
        /*0c30*/                   FFMA R25, R24, R26, R25 ;                                 /* 0x0000001a18197223 */
                                                                                             /* 0x004fc80000000019 */
        /*0c40*/                   FFMA R22, R22, R23, R25 ;                                 /* 0x0000001716167223 */
                                                                                             /* 0x010fc80000000019 */
        /*0c50*/                   FFMA R29, R29, R20, R22 ;                                 /* 0x000000141d1d7223 */
                                                                                             /* 0x020fc80000000016 */
        /*0c60*/                   FFMA R27, R28, R27, R29 ;                                 /* 0x0000001b1c1b7223 */
                                                                                             /* 0x000fc8000000001d */
        /*0c70*/                   FFMA R6, R6, R31, R27 ;                                   /* 0x0000001f06067223 */
                                                                                             /* 0x000fc8000000001b */
        /*0c80*/                   FFMA R6, R13, R12, R6 ;                                   /* 0x0000000c0d067223 */
                                                                                             /* 0x008fc80000000006 */
        /*0c90*/                   FFMA R6, R33, R30, R6 ;                                   /* 0x0000001e21067223 */
                                                                                             /* 0x000fc80000000006 */
        /*0ca0*/                   FFMA R25, R35, R32, R6 ;                                  /* 0x0000002023197223 */
                                                                                             /* 0x000fe20000000006 */
        /*0cb0*/                   ISETP.NE.U32.OR P0, PT, R17, UR4, P0 ;                    /* 0x0000000411007c0c */
                                                                                             /* 0x000fda0008705470 */
        /*0cc0*/              @!P0 BRA 0xe50 ;                                               /* 0x0000018000008947 */
                                                                                             /* 0x000fea0003800000 */
        /*0cd0*/                   IADD3 R8, R0.reuse, R21.reuse, RZ ;                       /* 0x0000001500087210 */
                                                                                             /* 0x0c0fe20007ffe0ff */
        /*0ce0*/                   IMAD.IADD R6, R21, 0x1, R15 ;                             /* 0x0000000115067824 */
                                                                                             /* 0x000fe200078e020f */
        /*0cf0*/                   IADD3 R5, P0, R0, R21, RZ ;                               /* 0x0000001500057210 */
                                                                                             /* 0x000fc60007f1e0ff */
        /*0d00*/                   IMAD.WIDE R8, R8, R19.reuse, c[0x0][0x170] ;              /* 0x00005c0008087625 */
                                                                                             /* 0x080fe200078e0213 */
        /*0d10*/                   LEA.HI.X.SX32 R10, R21, R14, 0x1, P0 ;                    /* 0x0000000e150a7211 */
                                                                                             /* 0x000fe400000f0eff */
        /*0d20*/                   LEA R4, P0, R5.reuse, c[0x0][0x170], 0x2 ;                /* 0x00005c0005047a11 */
                                                                                             /* 0x040fe200078010ff */
        /*0d30*/                   IMAD.WIDE R6, R6, R19, c[0x0][0x170] ;                    /* 0x00005c0006067625 */
                                                                                             /* 0x000fe400078e0213 */
        /*0d40*/                   LDG.E.CONSTANT R8, [R8.64] ;                              /* 0x0000000608087981 */
                                                                                             /* 0x000ea2000c1e9900 */
        /*0d50*/                   LEA.HI.X R5, R5, c[0x0][0x174], R10, 0x2, P0 ;            /* 0x00005d0005057a11 */
                                                                                             /* 0x000fc600000f140a */
        /*0d60*/                   LDG.E.CONSTANT R10, [R6.64] ;                             /* 0x00000006060a7981 */
                                                                                             /* 0x000ea8000c1e9900 */
        /*0d70*/                   LDG.E.CONSTANT R12, [R6.64+0x2000] ;                      /* 0x00200006060c7981 */
                                                                                             /* 0x000ee8000c1e9900 */
        /*0d80*/                   LDG.E.CONSTANT R11, [R4.64+0x2000] ;                      /* 0x00200006040b7981 */
                                                                                             /* 0x000ee8000c1e9900 */
        /*0d90*/                   LDG.E.CONSTANT R20, [R6.64+0x4000] ;                      /* 0x0040000606147981 */
                                                                                             /* 0x000f28000c1e9900 */
        /*0da0*/                   LDG.E.CONSTANT R13, [R4.64+0x4000] ;                      /* 0x00400006040d7981 */
                                                                                             /* 0x000f28000c1e9900 */
        /*0db0*/                   LDG.E.CONSTANT R22, [R6.64+0x6000] ;                      /* 0x0060000606167981 */
                                                                                             /* 0x000f68000c1e9900 */
        /*0dc0*/                   LDG.E.CONSTANT R23, [R4.64+0x6000] ;                      /* 0x0060000604177981 */
                                                                                             /* 0x000f62000c1e9900 */
        /*0dd0*/                   UIADD3 UR4, UR4, 0x4, URZ ;                               /* 0x0000000404047890 */
                                                                                             /* 0x000fe2000fffe03f */
        /*0de0*/                   IADD3 R21, R21, 0x2000, RZ ;                              /* 0x0000200015157810 */
                                                                                             /* 0x000fca0007ffe0ff */
        /*0df0*/                   ISETP.NE.U32.AND P0, PT, R17, UR4, PT ;                   /* 0x0000000411007c0c */
                                                                                             /* 0x000fe2000bf05070 */
        /*0e00*/                   FFMA R10, R8, R10, R25 ;                                  /* 0x0000000a080a7223 */
                                                                                             /* 0x004fc80000000019 */
        /*0e10*/                   FFMA R10, R11, R12, R10 ;                                 /* 0x0000000c0b0a7223 */
                                                                                             /* 0x008fc8000000000a */
        /*0e20*/                   FFMA R10, R13, R20, R10 ;                                 /* 0x000000140d0a7223 */
                                                                                             /* 0x010fc8000000000a */
        /*0e30*/                   FFMA R25, R23, R22, R10 ;                                 /* 0x0000001617197223 */
                                                                                             /* 0x020fe2000000000a */
        /*0e40*/               @P0 BRA 0xcd0 ;                                               /* 0xfffffe8000000947 */
                                                                                             /* 0x000fea000383ffff */
        /*0e50*/              @!P3 BRA 0xfa0 ;                                               /* 0x000001400000b947 */
                                                                                             /* 0x000fea0003800000 */
        /*0e60*/                   IMAD.MOV.U32 R4, RZ, RZ, R17 ;                            /* 0x000000ffff047224 */
                                                                                             /* 0x000fca00078e0011 */
        /*0e70*/                   SHF.L.U32 R5, R4, 0xb, RZ ;                               /* 0x0000000b04057819 */
                                                                                             /* 0x000fe200000006ff */
        /*0e80*/                   IMAD.MOV.U32 R9, RZ, RZ, R16 ;                            /* 0x000000ffff097224 */
                                                                                             /* 0x000fc600078e0010 */
        /*0e90*/                   IADD3 R11, P0, R5, R15, RZ ;                              /* 0x0000000f050b7210 */
                                                                                             /* 0x000fe20007f1e0ff */
        /*0ea0*/                   IMAD.IADD R8, R0, 0x1, R5 ;                               /* 0x0000000100087824 */
                                                                                             /* 0x000fc600078e0205 */
        /*0eb0*/                   LEA R10, P4, R11, c[0x0][0x170], 0x2 ;                    /* 0x00005c000b0a7a11 */
                                                                                             /* 0x000fe400078810ff */
        /*0ec0*/                   LEA.HI.X.SX32 R4, R5, R18, 0x1, P0 ;                      /* 0x0000001205047211 */
                                                                                             /* 0x000fc800000f0eff */
        /*0ed0*/                   LEA.HI.X R11, R11, c[0x0][0x174], R4, 0x2, P4 ;           /* 0x00005d000b0b7a11 */
                                                                                             /* 0x000fe400020f1404 */
        /*0ee0*/                   IMAD.WIDE R4, R8, R19, c[0x0][0x170] ;                    /* 0x00005c0008047625 */
                                                                                             /* 0x000fe200078e0213 */
        /*0ef0*/                   MOV R6, R10 ;                                             /* 0x0000000a00067202 */
                                                                                             /* 0x000fc60000000f00 */
        /*0f00*/                   IMAD.MOV.U32 R7, RZ, RZ, R11 ;                            /* 0x000000ffff077224 */
                                                                                             /* 0x000fe400078e000b */
        /*0f10*/                   LDG.E.CONSTANT R4, [R4.64] ;                              /* 0x0000000604047981 */
                                                                                             /* 0x000ea8000c1e9900 */
        /*0f20*/                   LDG.E.CONSTANT R6, [R6.64] ;                              /* 0x0000000606067981 */
                                                                                             /* 0x000ea2000c1e9900 */
        /*0f30*/                   IADD3 R9, R9, -0x1, RZ ;                                  /* 0xffffffff09097810 */
                                                                                             /* 0x000fe40007ffe0ff */
        /*0f40*/                   IADD3 R10, P4, R10, 0x2000, RZ ;                          /* 0x000020000a0a7810 */
                                                                                             /* 0x000fe40007f9e0ff */
        /*0f50*/                   ISETP.NE.U32.AND P0, PT, R9, RZ, PT ;                     /* 0x000000ff0900720c */
                                                                                             /* 0x000fc40003f05070 */
        /*0f60*/                   IADD3 R8, R8, 0x800, RZ ;                                 /* 0x0000080008087810 */
                                                                                             /* 0x000fe20007ffe0ff */
        /*0f70*/                   IMAD.X R11, RZ, RZ, R11, P4 ;                             /* 0x000000ffff0b7224 */
                                                                                             /* 0x000fe200020e060b */
        /*0f80*/                   FFMA R25, R4, R6, R25 ;                                   /* 0x0000000604197223 */
                                                                                             /* 0x004fd20000000019 */
        /*0f90*/               @P0 BRA 0xee0 ;                                               /* 0xffffff4000000947 */
                                                                                             /* 0x000fea000383ffff */
        /*0fa0*/                   STG.E [R2.64], R25 ;                                      /* 0x0000001902007986 */
                                                                                             /* 0x0003e4000c101906 */
        /*0fb0*/                   LEA R2, R15.reuse, R0, 0xb ;                              /* 0x000000000f027211 */
                                                                                             /* 0x043fe400078e58ff */
        /*0fc0*/                   IADD3 R15, P4, R15, 0x1, RZ ;                             /* 0x000000010f0f7810 */
                                                                                             /* 0x000fc60007f9e0ff */
        /*0fd0*/                   IMAD.WIDE R2, R2, R19, c[0x0][0x168] ;                    /* 0x00005a0002027625 */
                                                                                             /* 0x000fe200078e0213 */
        /*0fe0*/                   ISETP.GE.AND P0, PT, R15, c[0x0][0x160], PT ;             /* 0x000058000f007a0c */
                                                                                             /* 0x000fc60003f06270 */
        /*0ff0*/                   IMAD.X R18, RZ, RZ, R18, P4 ;                             /* 0x000000ffff127224 */
                                                                                             /* 0x000fe200020e0612 */
        /*1000*/                   STG.E [R2.64], R25 ;                                      /* 0x0000001902007986 */
                                                                                             /* 0x0001f2000c101906 */
        /*1010*/               @P0 EXIT ;                                                    /* 0x000000000000094d */
                                                                                             /* 0x000fea0003800000 */
        /*1020*/                   BRA 0x1a0 ;                                               /* 0xfffff17000007947 */
                                                                                             /* 0x000fea000383ffff */
        /*1030*/                   BRA 0x1030;                                               /* 0xfffffff000007947 */
                                                                                             /* 0x000fc0000383ffff */
        /*1040*/                   NOP;                                                      /* 0x0000000000007918 */
                                                                                             /* 0x000fc00000000000 */
        /*1050*/                   NOP;                                                      /* 0x0000000000007918 */
                                                                                             /* 0x000fc00000000000 */
        /*1060*/                   NOP;                                                      /* 0x0000000000007918 */
                                                                                             /* 0x000fc00000000000 */
        /*1070*/                   NOP;                                                      /* 0x0000000000007918 */
                                                                                             /* 0x000fc00000000000 */
        /*1080*/                   NOP;                                                      /* 0x0000000000007918 */
                                                                                             /* 0x000fc00000000000 */
        /*1090*/                   NOP;                                                      /* 0x0000000000007918 */
                                                                                             /* 0x000fc00000000000 */
        /*10a0*/                   NOP;                                                      /* 0x0000000000007918 */
                                                                                             /* 0x000fc00000000000 */
        /*10b0*/                   NOP;                                                      /* 0x0000000000007918 */
                                                                                             /* 0x000fc00000000000 */
        /*10c0*/                   NOP;                                                      /* 0x0000000000007918 */
                                                                                             /* 0x000fc00000000000 */
        /*10d0*/                   NOP;                                                      /* 0x0000000000007918 */
                                                                                             /* 0x000fc00000000000 */
        /*10e0*/                   NOP;                                                      /* 0x0000000000007918 */
                                                                                             /* 0x000fc00000000000 */
        /*10f0*/                   NOP;                                                      /* 0x0000000000007918 */
                                                                                             /* 0x000fc00000000000 */
		..........


		Function : _Z11corr_kerneliiPfS_
	.headerflags	@"EF_CUDA_TEXMODE_UNIFIED EF_CUDA_64BIT_ADDRESS EF_CUDA_SM86 EF_CUDA_VIRTUAL_SM(EF_CUDA_SM86)"
        /*0000*/                   IMAD.MOV.U32 R1, RZ, RZ, c[0x0][0x28] ;                   /* 0x00000a00ff017624 */
                                                                                             /* 0x000fe400078e00ff */
        /*0010*/                   S2R R0, SR_CTAID.X ;                                      /* 0x0000000000007919 */
                                                                                             /* 0x000e220000002500 */
        /*0020*/                   ULDC UR4, c[0x0][0x160] ;                                 /* 0x0000580000047ab9 */
                                                                                             /* 0x000fe40000000800 */
        /*0030*/                   UIADD3 UR4, UR4, -0x1, URZ ;                              /* 0xffffffff04047890 */
                                                                                             /* 0x000fe2000fffe03f */
        /*0040*/                   S2R R3, SR_TID.X ;                                        /* 0x0000000000037919 */
                                                                                             /* 0x000e240000002100 */
        /*0050*/                   IMAD R0, R0, c[0x0][0x0], R3 ;                            /* 0x0000000000007a24 */
                                                                                             /* 0x001fca00078e0203 */
        /*0060*/                   ISETP.GE.AND P0, PT, R0, UR4, PT ;                        /* 0x0000000400007c0c */
                                                                                             /* 0x000fda000bf06270 */
        /*0070*/               @P0 EXIT ;                                                    /* 0x000000000000094d */
                                                                                             /* 0x000fea0003800000 */
        /*0080*/                   IADD3 R4, R0.reuse, 0x1, RZ ;                             /* 0x0000000100047810 */
                                                                                             /* 0x040fe20007ffe0ff */
        /*0090*/                   IMAD.MOV.U32 R3, RZ, RZ, 0x4 ;                            /* 0x00000004ff037424 */
                                                                                             /* 0x000fe200078e00ff */
        /*00a0*/                   ULDC.64 UR6, c[0x0][0x118] ;                              /* 0x0000460000067ab9 */
                                                                                             /* 0x000fe20000000a00 */
        /*00b0*/                   IMAD R2, R0, 0x801, RZ ;                                  /* 0x0000080100027824 */
                                                                                             /* 0x000fe200078e02ff */
        /*00c0*/                   ISETP.GE.AND P0, PT, R4, c[0x0][0x160], PT ;              /* 0x0000580004007a0c */
                                                                                             /* 0x000fe20003f06270 */
        /*00d0*/                   IMAD.MOV.U32 R5, RZ, RZ, 0x3f800000 ;                     /* 0x3f800000ff057424 */
                                                                                             /* 0x000fe400078e00ff */
        /*00e0*/                   IMAD.WIDE R2, R2, R3, c[0x0][0x168] ;                     /* 0x00005a0002027625 */
                                                                                             /* 0x000fca00078e0203 */
        /*00f0*/                   STG.E [R2.64], R5 ;                                       /* 0x0000000502007986 */
                                                                                             /* 0x0001ea000c101906 */
        /*0100*/               @P0 EXIT ;                                                    /* 0x000000000000094d */
                                                                                             /* 0x000fea0003800000 */
        /*0110*/                   MOV R7, c[0x0][0x164] ;                                   /* 0x0000590000077a02 */
                                                                                             /* 0x000fe40000000f00 */
        /*0120*/                   IADD3 R5, P0, R0, 0x1, RZ ;                               /* 0x0000000100057810 */
                                                                                             /* 0x001fe40007f1e0ff */
        /*0130*/                   SHF.R.S32.HI R4, RZ, 0x1f, R0 ;                           /* 0x0000001fff047819 */
                                                                                             /* 0x000fe40000011400 */
        /*0140*/                   ISETP.GE.AND P1, PT, R7, 0x1, PT ;                        /* 0x000000010700780c */
                                                                                             /* 0x000fc40003f26270 */
        /*0150*/                   ISETP.GE.U32.AND P2, PT, R7.reuse, 0x4, PT ;              /* 0x000000040700780c */
                                                                                             /* 0x040fe20003f46070 */
        /*0160*/                   IMAD.X R8, RZ, RZ, R4, P0 ;                               /* 0x000000ffff087224 */
                                                                                             /* 0x000fe200000e0604 */
        /*0170*/                   LOP3.LUT P3, RZ, R7.reuse, 0x3, RZ, 0xc0, !PT ;           /* 0x0000000307ff7812 */
                                                                                             /* 0x040fe4000786c0ff */
        /*0180*/                   LOP3.LUT R6, R7.reuse, 0x3, RZ, 0xc0, !PT ;               /* 0x0000000307067812 */
                                                                                             /* 0x040fe400078ec0ff */
        /*0190*/                   LOP3.LUT R7, R7, 0x7ffffffc, RZ, 0xc0, !PT ;              /* 0x7ffffffc07077812 */
                                                                                             /* 0x000fe400078ec0ff */
        /*01a0*/                   MOV R9, 0x4 ;                                             /* 0x0000000400097802 */
                                                                                             /* 0x000fe20000000f00 */
        /*01b0*/                   IMAD R2, R0, 0x800, R5 ;                                  /* 0x0000080000027824 */
                                                                                             /* 0x001fe400078e0205 */
        /*01c0*/                   IMAD.MOV.U32 R13, RZ, RZ, RZ ;                            /* 0x000000ffff0d7224 */
                                                                                             /* 0x000fe400078e00ff */
        /*01d0*/                   IMAD.WIDE R2, R2, R9, c[0x0][0x168] ;                     /* 0x00005a0002027625 */
                                                                                             /* 0x000fca00078e0209 */
        /*01e0*/                   STG.E [R2.64], RZ ;                                       /* 0x000000ff02007986 */
                                                                                             /* 0x0001e2000c101906 */
        /*01f0*/              @!P1 BRA 0x11b0 ;                                              /* 0x00000fb000009947 */
                                                                                             /* 0x000fea0003800000 */
        /*0200*/                   IMAD.MOV.U32 R10, RZ, RZ, RZ ;                            /* 0x000000ffff0a7224 */
                                                                                             /* 0x000fe200078e00ff */
        /*0210*/                   MOV R13, RZ ;                                             /* 0x000000ff000d7202 */
                                                                                             /* 0x000fe20000000f00 */
        /*0220*/              @!P2 BRA 0x1070 ;                                              /* 0x00000e400000a947 */
                                                                                             /* 0x000fea0003800000 */
        /*0230*/                   ISETP.GT.U32.AND P4, PT, R7, RZ, PT ;                     /* 0x000000ff0700720c */
                                                                                             /* 0x000fe20003f84070 */
        /*0240*/                   UMOV UR4, URZ ;                                           /* 0x0000003f00047c82 */
                                                                                             /* 0x000fe20008000000 */
        /*0250*/                   PLOP3.LUT P0, PT, PT, PT, PT, 0x80, 0x0 ;                 /* 0x000000000000781c */
                                                                                             /* 0x000fe20003f0f070 */
        /*0260*/                   IMAD.MOV.U32 R13, RZ, RZ, RZ ;                            /* 0x000000ffff0d7224 */
                                                                                             /* 0x000fe400078e00ff */
        /*0270*/                   IMAD.MOV.U32 R11, RZ, RZ, RZ ;                            /* 0x000000ffff0b7224 */
                                                                                             /* 0x000fd000078e00ff */
        /*0280*/               @P4 BRA 0x440 ;                                               /* 0x000001b000004947 */
                                                                                             /* 0x000fea0003800000 */
        /*0290*/                   IADD3 R18, R0, R11, RZ ;                                  /* 0x0000000b00127210 */
                                                                                             /* 0x000fe20007ffe0ff */
        /*02a0*/                   IMAD.IADD R14, R11, 0x1, R5 ;                             /* 0x000000010b0e7824 */
                                                                                             /* 0x000fc800078e0205 */
        /*02b0*/                   IMAD.WIDE R18, R18, R9, c[0x0][0x170] ;                   /* 0x00005c0012127625 */
                                                                                             /* 0x000fc800078e0209 */
        /*02c0*/                   IMAD.WIDE R14, R14, R9, c[0x0][0x170] ;                   /* 0x00005c000e0e7625 */
                                                                                             /* 0x000fe400078e0209 */
        /*02d0*/                   LDG.E R18, [R18.64] ;                                     /* 0x0000000612127981 */
                                                                                             /* 0x000ea8000c1e1900 */
        /*02e0*/                   LDG.E R10, [R14.64] ;                                     /* 0x000000060e0a7981 */
                                                                                             /* 0x000ea2000c1e1900 */
        /*02f0*/                   IADD3 R12, P0, R0, R11, RZ ;                              /* 0x0000000b000c7210 */
                                                                                             /* 0x000fc80007f1e0ff */
        /*0300*/                   LEA.HI.X.SX32 R11, R11, R4, 0x1, P0 ;                     /* 0x000000040b0b7211 */
                                                                                             /* 0x000fe400000f0eff */
        /*0310*/                   LEA R16, P0, R12, c[0x0][0x170], 0x2 ;                    /* 0x00005c000c107a11 */
                                                                                             /* 0x000fc800078010ff */
        /*0320*/                   LEA.HI.X R17, R12, c[0x0][0x174], R11, 0x2, P0 ;          /* 0x00005d000c117a11 */
                                                                                             /* 0x000fe200000f140b */
        /*0330*/                   FFMA R13, R18, R10, R13 ;                                 /* 0x0000000a120d7223 */
                                                                                             /* 0x004fca000000000d */
        /*0340*/                   STG.E [R2.64], R13 ;                                      /* 0x0000000d02007986 */
                                                                                             /* 0x0003e8000c101906 */
        /*0350*/                   LDG.E R11, [R14.64+0x2000] ;                              /* 0x002000060e0b7981 */
                                                                                             /* 0x000ea8000c1e1900 */
        /*0360*/                   LDG.E R10, [R16.64+0x2000] ;                              /* 0x00200006100a7981 */
                                                                                             /* 0x000ea4000c1e1900 */
        /*0370*/                   FFMA R21, R10, R11, R13 ;                                 /* 0x0000000b0a157223 */
                                                                                             /* 0x004fca000000000d */
        /*0380*/                   STG.E [R2.64], R21 ;                                      /* 0x0000001502007986 */
                                                                                             /* 0x0005e8000c101906 */
        /*0390*/                   LDG.E R10, [R16.64+0x4000] ;                              /* 0x00400006100a7981 */
                                                                                             /* 0x000ee8000c1e1900 */
        /*03a0*/                   LDG.E R11, [R14.64+0x4000] ;                              /* 0x004000060e0b7981 */
                                                                                             /* 0x000ee4000c1e1900 */
        /*03b0*/                   FFMA R19, R10, R11, R21 ;                                 /* 0x0000000b0a137223 */
                                                                                             /* 0x008fca0000000015 */
        /*03c0*/                   STG.E [R2.64], R19 ;                                      /* 0x0000001302007986 */
                                                                                             /* 0x0005e8000c101906 */
        /*03d0*/                   LDG.E R10, [R16.64+0x6000] ;                              /* 0x00600006100a7981 */
                                                                                             /* 0x000e68000c1e1900 */
        /*03e0*/                   LDG.E R11, [R14.64+0x6000] ;                              /* 0x006000060e0b7981 */
                                                                                             /* 0x000e62000c1e1900 */
        /*03f0*/                   PLOP3.LUT P0, PT, PT, PT, PT, 0x8, 0x0 ;                  /* 0x000000000000781c */
                                                                                             /* 0x000fe20003f0e170 */
        /*0400*/                   UMOV UR4, 0x4 ;                                           /* 0x0000000400047882 */
                                                                                             /* 0x000fe20000000000 */
        /*0410*/                   FFMA R13, R10, R11, R19 ;                                 /* 0x0000000b0a0d7223 */
                                                                                             /* 0x002fe20000000013 */
        /*0420*/                   IMAD.MOV.U32 R11, RZ, RZ, 0x2000 ;                        /* 0x00002000ff0b7424 */
                                                                                             /* 0x000fc800078e00ff */
        /*0430*/                   STG.E [R2.64], R13 ;                                      /* 0x0000000d02007986 */
                                                                                             /* 0x0005e8000c101906 */
        /*0440*/                   IADD3 R10, R7, -UR4, RZ ;                                 /* 0x80000004070a7c10 */
                                                                                             /* 0x000fc8000fffe0ff */
        /*0450*/                   ISETP.GT.AND P4, PT, R10, 0xc, PT ;                       /* 0x0000000c0a00780c */
                                                                                             /* 0x000fda0003f84270 */
        /*0460*/              @!P4 BRA 0xb00 ;                                               /* 0x000006900000c947 */
                                                                                             /* 0x000fea0003800000 */
        /*0470*/                   PLOP3.LUT P0, PT, PT, PT, PT, 0x8, 0x0 ;                  /* 0x000000000000781c */
                                                                                             /* 0x000fe40003f0e170 */
        /*0480*/                   IADD3 R10, R7, -0xc, RZ ;                                 /* 0xfffffff4070a7810 */
                                                                                             /* 0x000fe40007ffe0ff */
        /*0490*/                   IADD3 R18, R0, R11, RZ ;                                  /* 0x0000000b00127210 */
                                                                                             /* 0x000fe20007ffe0ff */
        /*04a0*/                   IMAD.IADD R14, R11, 0x1, R5 ;                             /* 0x000000010b0e7824 */
                                                                                             /* 0x000fc800078e0205 */
        /*04b0*/                   IMAD.WIDE R18, R18, R9, c[0x0][0x170] ;                   /* 0x00005c0012127625 */
                                                                                             /* 0x004fc800078e0209 */
        /*04c0*/                   IMAD.WIDE R14, R14, R9, c[0x0][0x170] ;                   /* 0x00005c000e0e7625 */
                                                                                             /* 0x000fe400078e0209 */
        /*04d0*/                   LDG.E R18, [R18.64] ;                                     /* 0x0000000612127981 */
                                                                                             /* 0x000ea8000c1e1900 */
        /*04e0*/                   LDG.E R12, [R14.64] ;                                     /* 0x000000060e0c7981 */
                                                                                             /* 0x000ea2000c1e1900 */
        /*04f0*/                   IADD3 R17, P4, R0, R11, RZ ;                              /* 0x0000000b00117210 */
                                                                                             /* 0x000fc80007f9e0ff */
        /*0500*/                   LEA.HI.X.SX32 R20, R11, R4, 0x1, P4 ;                     /* 0x000000040b147211 */
                                                                                             /* 0x000fe400020f0eff */
        /*0510*/                   LEA R16, P4, R17, c[0x0][0x170], 0x2 ;                    /* 0x00005c0011107a11 */
                                                                                             /* 0x000fc800078810ff */
        /*0520*/                   LEA.HI.X R17, R17, c[0x0][0x174], R20, 0x2, P4 ;          /* 0x00005d0011117a11 */
                                                                                             /* 0x000fe200020f1414 */
        /*0530*/                   FFMA R13, R18, R12, R13 ;                                 /* 0x0000000c120d7223 */
                                                                                             /* 0x004fca000000000d */
        /*0540*/                   STG.E [R2.64], R13 ;                                      /* 0x0000000d02007986 */
                                                                                             /* 0x0003e8000c101906 */
        /*0550*/                   LDG.E R20, [R14.64+0x2000] ;                              /* 0x002000060e147981 */
                                                                                             /* 0x000ea8000c1e1900 */
        /*0560*/                   LDG.E R12, [R16.64+0x2000] ;                              /* 0x00200006100c7981 */
                                                                                             /* 0x000ea4000c1e1900 */
        /*0570*/                   FFMA R21, R12, R20, R13 ;                                 /* 0x000000140c157223 */
                                                                                             /* 0x004fca000000000d */
        /*0580*/                   STG.E [R2.64], R21 ;                                      /* 0x0000001502007986 */
                                                                                             /* 0x0005e8000c101906 */
        /*0590*/                   LDG.E R12, [R16.64+0x4000] ;                              /* 0x00400006100c7981 */
                                                                                             /* 0x000ee8000c1e1900 */
        /*05a0*/                   LDG.E R18, [R14.64+0x4000] ;                              /* 0x004000060e127981 */
                                                                                             /* 0x000ee2000c1e1900 */
        /*05b0*/                   IADD3 R27, R11, 0x2000, RZ ;                              /* 0x000020000b1b7810 */
                                                                                             /* 0x000fe20007ffe0ff */
        /*05c0*/                   FFMA R23, R12, R18, R21 ;                                 /* 0x000000120c177223 */
                                                                                             /* 0x008fca0000000015 */
        /*05d0*/                   STG.E [R2.64], R23 ;                                      /* 0x0000001702007986 */
                                                                                             /* 0x0007e8000c101906 */
        /*05e0*/                   LDG.E R12, [R16.64+0x6000] ;                              /* 0x00600006100c7981 */
                                                                                             /* 0x000f28000c1e1900 */
        /*05f0*/                   LDG.E R18, [R14.64+0x6000] ;                              /* 0x006000060e127981 */
                                                                                             /* 0x000f22000c1e1900 */
        /*0600*/                   IMAD.IADD R20, R0, 0x1, R27 ;                             /* 0x0000000100147824 */
                                                                                             /* 0x000fe200078e021b */
        /*0610*/                   IADD3 R22, R27, R5, RZ ;                                  /* 0x000000051b167210 */
                                                                                             /* 0x000fe20007ffe0ff */
        /*0620*/                   FFMA R25, R12, R18, R23 ;                                 /* 0x000000120c197223 */
                                                                                             /* 0x010fc40000000017 */
        /*0630*/                   IMAD.WIDE R18, R20, R9, c[0x0][0x170] ;                   /* 0x00005c0014127625 */
                                                                                             /* 0x000fc800078e0209 */
        /*0640*/                   IMAD.WIDE R12, R22, R9, c[0x0][0x170] ;                   /* 0x00005c00160c7625 */
                                                                                             /* 0x002fe200078e0209 */
        /*0650*/                   STG.E [R2.64], R25 ;                                      /* 0x0000001902007986 */
                                                                                             /* 0x0003e8000c101906 */
        /*0660*/                   LDG.E R18, [R18.64] ;                                     /* 0x0000000612127981 */
                                                                                             /* 0x000f28000c1e1900 */
        /*0670*/                   LDG.E R20, [R12.64] ;                                     /* 0x000000060c147981 */
                                                                                             /* 0x000f22000c1e1900 */
        /*0680*/                   IADD3 R16, P4, R0, R27, RZ ;                              /* 0x0000001b00107210 */
                                                                                             /* 0x000fc80007f9e0ff */
        /*0690*/                   LEA.HI.X.SX32 R27, R27, R4, 0x1, P4 ;                     /* 0x000000041b1b7211 */
                                                                                             /* 0x000fe400020f0eff */
        /*06a0*/                   LEA R14, P4, R16, c[0x0][0x170], 0x2 ;                    /* 0x00005c00100e7a11 */
                                                                                             /* 0x000fc800078810ff */
        /*06b0*/                   LEA.HI.X R15, R16, c[0x0][0x174], R27, 0x2, P4 ;          /* 0x00005d00100f7a11 */
                                                                                             /* 0x000fe200020f141b */
        /*06c0*/                   FFMA R17, R18, R20, R25 ;                                 /* 0x0000001412117223 */
                                                                                             /* 0x010fca0000000019 */
        /*06d0*/                   STG.E [R2.64], R17 ;                                      /* 0x0000001102007986 */
                                                                                             /* 0x0009e8000c101906 */
        /*06e0*/                   LDG.E R20, [R12.64+0x2000] ;                              /* 0x002000060c147981 */
                                                                                             /* 0x000ea8000c1e1900 */
        /*06f0*/                   LDG.E R16, [R14.64+0x2000] ;                              /* 0x002000060e107981 */
                                                                                             /* 0x000ea4000c1e1900 */
        /*0700*/                   FFMA R21, R16, R20, R17 ;                                 /* 0x0000001410157223 */
                                                                                             /* 0x004fca0000000011 */
        /*0710*/                   STG.E [R2.64], R21 ;                                      /* 0x0000001502007986 */
                                                                                             /* 0x0005e8000c101906 */
        /*0720*/                   LDG.E R16, [R14.64+0x4000] ;                              /* 0x004000060e107981 */
                                                                                             /* 0x000ee8000c1e1900 */
        /*0730*/                   LDG.E R18, [R12.64+0x4000] ;                              /* 0x004000060c127981 */
                                                                                             /* 0x000ee2000c1e1900 */
        /*0740*/                   IADD3 R27, R11, 0x4000, RZ ;                              /* 0x000040000b1b7810 */
                                                                                             /* 0x000fe20007ffe0ff */
        /*0750*/                   FFMA R23, R16, R18, R21 ;                                 /* 0x0000001210177223 */
                                                                                             /* 0x008fca0000000015 */
        /*0760*/                   STG.E [R2.64], R23 ;                                      /* 0x0000001702007986 */
                                                                                             /* 0x0007e8000c101906 */
        /*0770*/                   LDG.E R16, [R14.64+0x6000] ;                              /* 0x006000060e107981 */
                                                                                             /* 0x000e68000c1e1900 */
        /*0780*/                   LDG.E R18, [R12.64+0x6000] ;                              /* 0x006000060c127981 */
                                                                                             /* 0x000e62000c1e1900 */
        /*0790*/                   IMAD.IADD R20, R0, 0x1, R27 ;                             /* 0x0000000100147824 */
                                                                                             /* 0x000fe400078e021b */
        /*07a0*/                   IMAD.IADD R22, R27, 0x1, R5 ;                             /* 0x000000011b167824 */
                                                                                             /* 0x000fe200078e0205 */
        /*07b0*/                   FFMA R25, R16, R18, R23 ;                                 /* 0x0000001210197223 */
                                                                                             /* 0x002fe20000000017 */
        /*07c0*/                   IMAD.WIDE R18, R20, R9, c[0x0][0x170] ;                   /* 0x00005c0014127625 */
                                                                                             /* 0x000fc800078e0209 */
        /*07d0*/                   IMAD.WIDE R16, R22, R9, c[0x0][0x170] ;                   /* 0x00005c0016107625 */
                                                                                             /* 0x010fe200078e0209 */
        /*07e0*/                   STG.E [R2.64], R25 ;                                      /* 0x0000001902007986 */
                                                                                             /* 0x0003e8000c101906 */
        /*07f0*/                   LDG.E R18, [R18.64] ;                                     /* 0x0000000612127981 */
                                                                                             /* 0x000f28000c1e1900 */
        /*0800*/                   LDG.E R20, [R16.64] ;                                     /* 0x0000000610147981 */
                                                                                             /* 0x000f22000c1e1900 */
        /*0810*/                   IADD3 R14, P4, R0, R27, RZ ;                              /* 0x0000001b000e7210 */
                                                                                             /* 0x000fc80007f9e0ff */
        /*0820*/                   LEA.HI.X.SX32 R27, R27, R4, 0x1, P4 ;                     /* 0x000000041b1b7211 */
                                                                                             /* 0x000fe400020f0eff */
        /*0830*/                   LEA R12, P4, R14, c[0x0][0x170], 0x2 ;                    /* 0x00005c000e0c7a11 */
                                                                                             /* 0x000fc800078810ff */
        /*0840*/                   LEA.HI.X R13, R14, c[0x0][0x174], R27, 0x2, P4 ;          /* 0x00005d000e0d7a11 */
                                                                                             /* 0x000fe200020f141b */
        /*0850*/                   FFMA R15, R18, R20, R25 ;                                 /* 0x00000014120f7223 */
                                                                                             /* 0x010fca0000000019 */
        /*0860*/                   STG.E [R2.64], R15 ;                                      /* 0x0000000f02007986 */
                                                                                             /* 0x0009e8000c101906 */
        /*0870*/                   LDG.E R20, [R16.64+0x2000] ;                              /* 0x0020000610147981 */
                                                                                             /* 0x000ea8000c1e1900 */
        /*0880*/                   LDG.E R14, [R12.64+0x2000] ;                              /* 0x002000060c0e7981 */
                                                                                             /* 0x000ea4000c1e1900 */
        /*0890*/                   FFMA R21, R14, R20, R15 ;                                 /* 0x000000140e157223 */
                                                                                             /* 0x004fca000000000f */
        /*08a0*/                   STG.E [R2.64], R21 ;                                      /* 0x0000001502007986 */
                                                                                             /* 0x0005e8000c101906 */
        /*08b0*/                   LDG.E R14, [R12.64+0x4000] ;                              /* 0x004000060c0e7981 */
                                                                                             /* 0x000ee8000c1e1900 */
        /*08c0*/                   LDG.E R18, [R16.64+0x4000] ;                              /* 0x0040000610127981 */
                                                                                             /* 0x000ee2000c1e1900 */
        /*08d0*/                   IADD3 R27, R11, 0x6000, RZ ;                              /* 0x000060000b1b7810 */
                                                                                             /* 0x000fe20007ffe0ff */
        /*08e0*/                   FFMA R23, R14, R18, R21 ;                                 /* 0x000000120e177223 */
                                                                                             /* 0x008fca0000000015 */
        /*08f0*/                   STG.E [R2.64], R23 ;                                      /* 0x0000001702007986 */
                                                                                             /* 0x000fe8000c101906 */
        /*0900*/                   LDG.E R14, [R12.64+0x6000] ;                              /* 0x006000060c0e7981 */
                                                                                             /* 0x000e68000c1e1900 */
        /*0910*/                   LDG.E R18, [R16.64+0x6000] ;                              /* 0x0060000610127981 */
                                                                                             /* 0x000e62000c1e1900 */
        /*0920*/                   IADD3 R20, R0, R27, RZ ;                                  /* 0x0000001b00147210 */
                                                                                             /* 0x000fe20007ffe0ff */
        /*0930*/                   IMAD.IADD R22, R27, 0x1, R5 ;                             /* 0x000000011b167824 */
                                                                                             /* 0x000fe200078e0205 */
        /*0940*/                   FFMA R25, R14, R18, R23 ;                                 /* 0x000000120e197223 */
                                                                                             /* 0x002fc60000000017 */
        /*0950*/                   IMAD.WIDE R18, R20, R9, c[0x0][0x170] ;                   /* 0x00005c0014127625 */
                                                                                             /* 0x000fc800078e0209 */
        /*0960*/                   IMAD.WIDE R14, R22, R9, c[0x0][0x170] ;                   /* 0x00005c00160e7625 */
                                                                                             /* 0x010fe200078e0209 */
        /*0970*/                   STG.E [R2.64], R25 ;                                      /* 0x0000001902007986 */
                                                                                             /* 0x000fe8000c101906 */
        /*0980*/                   LDG.E R18, [R18.64] ;                                     /* 0x0000000612127981 */
                                                                                             /* 0x000ee8000c1e1900 */
        /*0990*/                   LDG.E R20, [R14.64] ;                                     /* 0x000000060e147981 */
                                                                                             /* 0x000ee2000c1e1900 */
        /*09a0*/                   IADD3 R12, P4, R0, R27, RZ ;                              /* 0x0000001b000c7210 */
                                                                                             /* 0x000fc80007f9e0ff */
        /*09b0*/                   LEA.HI.X.SX32 R27, R27, R4, 0x1, P4 ;                     /* 0x000000041b1b7211 */
                                                                                             /* 0x000fe400020f0eff */
        /*09c0*/                   LEA R16, P4, R12, c[0x0][0x170], 0x2 ;                    /* 0x00005c000c107a11 */
                                                                                             /* 0x000fc800078810ff */
        /*09d0*/                   LEA.HI.X R17, R12, c[0x0][0x174], R27, 0x2, P4 ;          /* 0x00005d000c117a11 */
                                                                                             /* 0x000fe200020f141b */
        /*09e0*/                   FFMA R13, R18, R20, R25 ;                                 /* 0x00000014120d7223 */
                                                                                             /* 0x008fca0000000019 */
        /*09f0*/                   STG.E [R2.64], R13 ;                                      /* 0x0000000d02007986 */
                                                                                             /* 0x0003e8000c101906 */
        /*0a00*/                   LDG.E R20, [R14.64+0x2000] ;                              /* 0x002000060e147981 */
                                                                                             /* 0x000ea8000c1e1900 */
        /*0a10*/                   LDG.E R12, [R16.64+0x2000] ;                              /* 0x00200006100c7981 */
                                                                                             /* 0x000ea4000c1e1900 */
        /*0a20*/                   FFMA R21, R12, R20, R13 ;                                 /* 0x000000140c157223 */
                                                                                             /* 0x004fca000000000d */
        /*0a30*/                   STG.E [R2.64], R21 ;                                      /* 0x0000001502007986 */
                                                                                             /* 0x0005e8000c101906 */
        /*0a40*/                   LDG.E R12, [R16.64+0x4000] ;                              /* 0x00400006100c7981 */
                                                                                             /* 0x000ee8000c1e1900 */
        /*0a50*/                   LDG.E R18, [R14.64+0x4000] ;                              /* 0x004000060e127981 */
                                                                                             /* 0x000ee4000c1e1900 */
        /*0a60*/                   FFMA R19, R12, R18, R21 ;                                 /* 0x000000120c137223 */
                                                                                             /* 0x008fca0000000015 */
        /*0a70*/                   STG.E [R2.64], R19 ;                                      /* 0x0000001302007986 */
                                                                                             /* 0x0005e8000c101906 */
        /*0a80*/                   LDG.E R12, [R16.64+0x6000] ;                              /* 0x00600006100c7981 */
                                                                                             /* 0x000e68000c1e1900 */
        /*0a90*/                   LDG.E R18, [R14.64+0x6000] ;                              /* 0x006000060e127981 */
                                                                                             /* 0x000e62000c1e1900 */
        /*0aa0*/                   UIADD3 UR4, UR4, 0x10, URZ ;                              /* 0x0000001004047890 */
                                                                                             /* 0x000fe2000fffe03f */
        /*0ab0*/                   IADD3 R11, R11, 0x8000, RZ ;                              /* 0x000080000b0b7810 */
                                                                                             /* 0x000fca0007ffe0ff */
        /*0ac0*/                   ISETP.LE.AND P4, PT, R10, UR4, PT ;                       /* 0x000000040a007c0c */
                                                                                             /* 0x000fe2000bf83270 */
        /*0ad0*/                   FFMA R13, R12, R18, R19 ;                                 /* 0x000000120c0d7223 */
                                                                                             /* 0x002fca0000000013 */
        /*0ae0*/                   STG.E [R2.64], R13 ;                                      /* 0x0000000d02007986 */
                                                                                             /* 0x0005ee000c101906 */
        /*0af0*/              @!P4 BRA 0x490 ;                                               /* 0xfffff9900000c947 */
                                                                                             /* 0x000fea000383ffff */
        /*0b00*/                   IADD3 R10, R7, -UR4, RZ ;                                 /* 0x80000004070a7c10 */
                                                                                             /* 0x000fc8000fffe0ff */
        /*0b10*/                   ISETP.GT.AND P4, PT, R10, 0x4, PT ;                       /* 0x000000040a00780c */
                                                                                             /* 0x000fda0003f84270 */
        /*0b20*/              @!P4 BRA 0xe70 ;                                               /* 0x000003400000c947 */
                                                                                             /* 0x000fea0003800000 */
        /*0b30*/                   IMAD.IADD R18, R0, 0x1, R11 ;                             /* 0x0000000100127824 */
                                                                                             /* 0x000fe200078e020b */
        /*0b40*/                   IADD3 R14, R11, R5, RZ ;                                  /* 0x000000050b0e7210 */
                                                                                             /* 0x000fc60007ffe0ff */
        /*0b50*/                   IMAD.WIDE R18, R18, R9, c[0x0][0x170] ;                   /* 0x00005c0012127625 */
                                                                                             /* 0x004fc800078e0209 */
        /*0b60*/                   IMAD.WIDE R14, R14, R9, c[0x0][0x170] ;                   /* 0x00005c000e0e7625 */
                                                                                             /* 0x000fe400078e0209 */
        /*0b70*/                   LDG.E R18, [R18.64] ;                                     /* 0x0000000612127981 */
                                                                                             /* 0x000ea8000c1e1900 */
        /*0b80*/                   LDG.E R10, [R14.64] ;                                     /* 0x000000060e0a7981 */
                                                                                             /* 0x000ea2000c1e1900 */
        /*0b90*/                   IADD3 R12, P0, R0, R11, RZ ;                              /* 0x0000000b000c7210 */
                                                                                             /* 0x000fc80007f1e0ff */
        /*0ba0*/                   LEA.HI.X.SX32 R17, R11, R4, 0x1, P0 ;                     /* 0x000000040b117211 */
                                                                                             /* 0x000fe400000f0eff */
        /*0bb0*/                   LEA R16, P0, R12, c[0x0][0x170], 0x2 ;                    /* 0x00005c000c107a11 */
                                                                                             /* 0x000fc800078010ff */
        /*0bc0*/                   LEA.HI.X R17, R12, c[0x0][0x174], R17, 0x2, P0 ;          /* 0x00005d000c117a11 */
                                                                                             /* 0x000fe200000f1411 */
        /*0bd0*/                   FFMA R13, R18, R10, R13 ;                                 /* 0x0000000a120d7223 */
                                                                                             /* 0x004fca000000000d */
        /*0be0*/                   STG.E [R2.64], R13 ;                                      /* 0x0000000d02007986 */
                                                                                             /* 0x0003e8000c101906 */
        /*0bf0*/                   LDG.E R12, [R14.64+0x2000] ;                              /* 0x002000060e0c7981 */
                                                                                             /* 0x000ea8000c1e1900 */
        /*0c00*/                   LDG.E R10, [R16.64+0x2000] ;                              /* 0x00200006100a7981 */
                                                                                             /* 0x000ea4000c1e1900 */
        /*0c10*/                   FFMA R21, R10, R12, R13 ;                                 /* 0x0000000c0a157223 */
                                                                                             /* 0x004fca000000000d */
        /*0c20*/                   STG.E [R2.64], R21 ;                                      /* 0x0000001502007986 */
                                                                                             /* 0x0005e8000c101906 */
        /*0c30*/                   LDG.E R10, [R16.64+0x4000] ;                              /* 0x00400006100a7981 */
                                                                                             /* 0x000ee8000c1e1900 */
        /*0c40*/                   LDG.E R12, [R14.64+0x4000] ;                              /* 0x004000060e0c7981 */
                                                                                             /* 0x000ee2000c1e1900 */
        /*0c50*/                   IADD3 R27, R11, 0x2000, RZ ;                              /* 0x000020000b1b7810 */
                                                                                             /* 0x000fe20007ffe0ff */
        /*0c60*/                   FFMA R23, R10, R12, R21 ;                                 /* 0x0000000c0a177223 */
                                                                                             /* 0x008fca0000000015 */
        /*0c70*/                   STG.E [R2.64], R23 ;                                      /* 0x0000001702007986 */
                                                                                             /* 0x0007e8000c101906 */
        /*0c80*/                   LDG.E R10, [R16.64+0x6000] ;                              /* 0x00600006100a7981 */
                                                                                             /* 0x000f28000c1e1900 */
        /*0c90*/                   LDG.E R12, [R14.64+0x6000] ;                              /* 0x006000060e0c7981 */
                                                                                             /* 0x000f22000c1e1900 */
        /*0ca0*/                   IMAD.IADD R18, R0, 0x1, R27 ;                             /* 0x0000000100127824 */
                                                                                             /* 0x000fe400078e021b */
        /*0cb0*/                   IMAD.IADD R20, R27, 0x1, R5 ;                             /* 0x000000011b147824 */
                                                                                             /* 0x000fe200078e0205 */
        /*0cc0*/                   FFMA R25, R10, R12, R23 ;                                 /* 0x0000000c0a197223 */
                                                                                             /* 0x010fe20000000017 */
        /*0cd0*/                   IMAD.WIDE R12, R18, R9, c[0x0][0x170] ;                   /* 0x00005c00120c7625 */
                                                                                             /* 0x002fc800078e0209 */
        /*0ce0*/                   IMAD.WIDE R18, R20, R9, c[0x0][0x170] ;                   /* 0x00005c0014127625 */
                                                                                             /* 0x000fe200078e0209 */
        /*0cf0*/                   STG.E [R2.64], R25 ;                                      /* 0x0000001902007986 */
                                                                                             /* 0x0003e8000c101906 */
        /*0d00*/                   LDG.E R12, [R12.64] ;                                     /* 0x000000060c0c7981 */
                                                                                             /* 0x000f28000c1e1900 */
        /*0d10*/                   LDG.E R10, [R18.64] ;                                     /* 0x00000006120a7981 */
                                                                                             /* 0x000f22000c1e1900 */
        /*0d20*/                   IADD3 R16, P0, R0, R27, RZ ;                              /* 0x0000001b00107210 */
                                                                                             /* 0x000fc80007f1e0ff */
        /*0d30*/                   LEA.HI.X.SX32 R27, R27, R4, 0x1, P0 ;                     /* 0x000000041b1b7211 */
                                                                                             /* 0x000fe400000f0eff */
        /*0d40*/                   LEA R14, P0, R16, c[0x0][0x170], 0x2 ;                    /* 0x00005c00100e7a11 */
                                                                                             /* 0x000fc800078010ff */
        /*0d50*/                   LEA.HI.X R15, R16, c[0x0][0x174], R27, 0x2, P0 ;          /* 0x00005d00100f7a11 */
                                                                                             /* 0x000fe200000f141b */
        /*0d60*/                   FFMA R17, R12, R10, R25 ;                                 /* 0x0000000a0c117223 */
                                                                                             /* 0x010fca0000000019 */
        /*0d70*/                   STG.E [R2.64], R17 ;                                      /* 0x0000001102007986 */
                                                                                             /* 0x0003e8000c101906 */
        /*0d80*/                   LDG.E R16, [R18.64+0x2000] ;                              /* 0x0020000612107981 */
                                                                                             /* 0x000ea8000c1e1900 */
        /*0d90*/                   LDG.E R10, [R14.64+0x2000] ;                              /* 0x002000060e0a7981 */
                                                                                             /* 0x000ea4000c1e1900 */
        /*0da0*/                   FFMA R21, R10, R16, R17 ;                                 /* 0x000000100a157223 */
                                                                                             /* 0x004fca0000000011 */
        /*0db0*/                   STG.E [R2.64], R21 ;                                      /* 0x0000001502007986 */
                                                                                             /* 0x0003e8000c101906 */
        /*0dc0*/                   LDG.E R10, [R14.64+0x4000] ;                              /* 0x004000060e0a7981 */
                                                                                             /* 0x000ee8000c1e1900 */
        /*0dd0*/                   LDG.E R12, [R18.64+0x4000] ;                              /* 0x00400006120c7981 */
                                                                                             /* 0x000ee4000c1e1900 */
        /*0de0*/                   FFMA R23, R10, R12, R21 ;                                 /* 0x0000000c0a177223 */
                                                                                             /* 0x008fca0000000015 */
        /*0df0*/                   STG.E [R2.64], R23 ;                                      /* 0x0000001702007986 */
                                                                                             /* 0x0003e8000c101906 */
        /*0e00*/                   LDG.E R10, [R14.64+0x6000] ;                              /* 0x006000060e0a7981 */
                                                                                             /* 0x000ea8000c1e1900 */
        /*0e10*/                   LDG.E R13, [R18.64+0x6000] ;                              /* 0x00600006120d7981 */
                                                                                             /* 0x000ea2000c1e1900 */
        /*0e20*/                   PLOP3.LUT P0, PT, PT, PT, PT, 0x8, 0x0 ;                  /* 0x000000000000781c */
                                                                                             /* 0x000fe20003f0e170 */
        /*0e30*/                   UIADD3 UR4, UR4, 0x8, URZ ;                               /* 0x0000000804047890 */
                                                                                             /* 0x000fe2000fffe03f */
        /*0e40*/                   IADD3 R11, R11, 0x4000, RZ ;                              /* 0x000040000b0b7810 */
                                                                                             /* 0x000fe20007ffe0ff */
        /*0e50*/                   FFMA R13, R10, R13, R23 ;                                 /* 0x0000000d0a0d7223 */
                                                                                             /* 0x004fca0000000017 */
        /*0e60*/                   STG.E [R2.64], R13 ;                                      /* 0x0000000d02007986 */
                                                                                             /* 0x0003e8000c101906 */
        /*0e70*/                   ISETP.NE.U32.OR P0, PT, R7, UR4, P0 ;                     /* 0x0000000407007c0c */
                                                                                             /* 0x000fda0008705470 */
        /*0e80*/              @!P0 BRA 0x1050 ;                                              /* 0x000001c000008947 */
                                                                                             /* 0x000fea0003800000 */
        /*0e90*/                   IADD3 R18, R0, R11, RZ ;                                  /* 0x0000000b00127210 */
                                                                                             /* 0x000fe20007ffe0ff */
        /*0ea0*/                   IMAD.IADD R14, R11, 0x1, R5 ;                             /* 0x000000010b0e7824 */
                                                                                             /* 0x000fc800078e0205 */
        /*0eb0*/                   IMAD.WIDE R18, R18, R9, c[0x0][0x170] ;                   /* 0x00005c0012127625 */
                                                                                             /* 0x004fc800078e0209 */
        /*0ec0*/                   IMAD.WIDE R14, R14, R9, c[0x0][0x170] ;                   /* 0x00005c000e0e7625 */
                                                                                             /* 0x000fe400078e0209 */
        /*0ed0*/                   LDG.E R18, [R18.64] ;                                     /* 0x0000000612127981 */
                                                                                             /* 0x000ea8000c1e1900 */
        /*0ee0*/                   LDG.E R10, [R14.64] ;                                     /* 0x000000060e0a7981 */
                                                                                             /* 0x000ea2000c1e1900 */
        /*0ef0*/                   IADD3 R12, P0, R0, R11, RZ ;                              /* 0x0000000b000c7210 */
                                                                                             /* 0x000fc80007f1e0ff */
        /*0f00*/                   LEA.HI.X.SX32 R17, R11, R4, 0x1, P0 ;                     /* 0x000000040b117211 */
                                                                                             /* 0x002fe400000f0eff */
        /*0f10*/                   LEA R16, P0, R12, c[0x0][0x170], 0x2 ;                    /* 0x00005c000c107a11 */
                                                                                             /* 0x000fc800078010ff */
        /*0f20*/                   LEA.HI.X R17, R12, c[0x0][0x174], R17, 0x2, P0 ;          /* 0x00005d000c117a11 */
                                                                                             /* 0x000fe200000f1411 */
        /*0f30*/                   FFMA R13, R18, R10, R13 ;                                 /* 0x0000000a120d7223 */
                                                                                             /* 0x004fca000000000d */
        /*0f40*/                   STG.E [R2.64], R13 ;                                      /* 0x0000000d02007986 */
                                                                                             /* 0x0003e8000c101906 */
        /*0f50*/                   LDG.E R12, [R14.64+0x2000] ;                              /* 0x002000060e0c7981 */
                                                                                             /* 0x000ea8000c1e1900 */
        /*0f60*/                   LDG.E R10, [R16.64+0x2000] ;                              /* 0x00200006100a7981 */
                                                                                             /* 0x000ea4000c1e1900 */
        /*0f70*/                   FFMA R21, R10, R12, R13 ;                                 /* 0x0000000c0a157223 */
                                                                                             /* 0x004fca000000000d */
        /*0f80*/                   STG.E [R2.64], R21 ;                                      /* 0x0000001502007986 */
                                                                                             /* 0x0005e8000c101906 */
        /*0f90*/                   LDG.E R10, [R16.64+0x4000] ;                              /* 0x00400006100a7981 */
                                                                                             /* 0x000ee8000c1e1900 */
        /*0fa0*/                   LDG.E R12, [R14.64+0x4000] ;                              /* 0x004000060e0c7981 */
                                                                                             /* 0x000ee4000c1e1900 */
        /*0fb0*/                   FFMA R19, R10, R12, R21 ;                                 /* 0x0000000c0a137223 */
                                                                                             /* 0x008fca0000000015 */
        /*0fc0*/                   STG.E [R2.64], R19 ;                                      /* 0x0000001302007986 */
                                                                                             /* 0x0005e8000c101906 */
        /*0fd0*/                   LDG.E R10, [R16.64+0x6000] ;                              /* 0x00600006100a7981 */
                                                                                             /* 0x000e68000c1e1900 */
        /*0fe0*/                   LDG.E R12, [R14.64+0x6000] ;                              /* 0x006000060e0c7981 */
                                                                                             /* 0x000e62000c1e1900 */
        /*0ff0*/                   UIADD3 UR4, UR4, 0x4, URZ ;                               /* 0x0000000404047890 */
                                                                                             /* 0x000fe2000fffe03f */
        /*1000*/                   IADD3 R11, R11, 0x2000, RZ ;                              /* 0x000020000b0b7810 */
                                                                                             /* 0x000fca0007ffe0ff */
        /*1010*/                   ISETP.NE.U32.AND P0, PT, R7, UR4, PT ;                    /* 0x0000000407007c0c */
                                                                                             /* 0x000fe2000bf05070 */
        /*1020*/                   FFMA R13, R10, R12, R19 ;                                 /* 0x0000000c0a0d7223 */
                                                                                             /* 0x002fca0000000013 */
        /*1030*/                   STG.E [R2.64], R13 ;                                      /* 0x0000000d02007986 */
                                                                                             /* 0x0005ee000c101906 */
        /*1040*/               @P0 BRA 0xe90 ;                                               /* 0xfffffe4000000947 */
                                                                                             /* 0x000fea000383ffff */
        /*1050*/              @!P3 BRA 0x11b0 ;                                              /* 0x000001500000b947 */
                                                                                             /* 0x000fea0003800000 */
        /*1060*/                   IMAD.MOV.U32 R10, RZ, RZ, R7 ;                            /* 0x000000ffff0a7224 */
                                                                                             /* 0x000fca00078e0007 */
        /*1070*/                   SHF.L.U32 R11, R10, 0xb, RZ ;                             /* 0x0000000b0a0b7819 */
                                                                                             /* 0x000fe200000006ff */
        /*1080*/                   IMAD.MOV.U32 R16, RZ, RZ, R6 ;                            /* 0x000000ffff107224 */
                                                                                             /* 0x000fc600078e0006 */
        /*1090*/                   IADD3 R18, P0, R11, R5, RZ ;                              /* 0x000000050b127210 */
                                                                                             /* 0x000fe20007f1e0ff */
        /*10a0*/                   IMAD.IADD R12, R0, 0x1, R11 ;                             /* 0x00000001000c7824 */
                                                                                             /* 0x000fc600078e020b */
        /*10b0*/                   LEA R17, P4, R18, c[0x0][0x170], 0x2 ;                    /* 0x00005c0012117a11 */
                                                                                             /* 0x002fe400078810ff */
        /*10c0*/                   LEA.HI.X.SX32 R15, R11, R8, 0x1, P0 ;                     /* 0x000000080b0f7211 */
                                                                                             /* 0x000fc800000f0eff */
        /*10d0*/                   LEA.HI.X R18, R18, c[0x0][0x174], R15, 0x2, P4 ;          /* 0x00005d0012127a11 */
                                                                                             /* 0x000fe400020f140f */
        /*10e0*/                   IMAD.WIDE R10, R12, R9, c[0x0][0x170] ;                   /* 0x00005c000c0a7625 */
                                                                                             /* 0x000fe200078e0209 */
        /*10f0*/                   MOV R14, R17 ;                                            /* 0x00000011000e7202 */
                                                                                             /* 0x000fc60000000f00 */
        /*1100*/                   IMAD.MOV.U32 R15, RZ, RZ, R18 ;                           /* 0x000000ffff0f7224 */
                                                                                             /* 0x000fe400078e0012 */
        /*1110*/                   LDG.E R10, [R10.64] ;                                     /* 0x000000060a0a7981 */
                                                                                             /* 0x000ee8000c1e1900 */
        /*1120*/                   LDG.E R14, [R14.64] ;                                     /* 0x000000060e0e7981 */
                                                                                             /* 0x000ee2000c1e1900 */
        /*1130*/                   IADD3 R16, R16, -0x1, RZ ;                                /* 0xffffffff10107810 */
                                                                                             /* 0x000fe40007ffe0ff */
        /*1140*/                   IADD3 R17, P4, R17, 0x2000, RZ ;                          /* 0x0000200011117810 */
                                                                                             /* 0x000fe40007f9e0ff */
        /*1150*/                   ISETP.NE.U32.AND P0, PT, R16, RZ, PT ;                    /* 0x000000ff1000720c */
                                                                                             /* 0x000fc40003f05070 */
        /*1160*/                   IADD3 R12, R12, 0x800, RZ ;                               /* 0x000008000c0c7810 */
                                                                                             /* 0x000fe20007ffe0ff */
        /*1170*/                   IMAD.X R18, RZ, RZ, R18, P4 ;                             /* 0x000000ffff127224 */
                                                                                             /* 0x000fe200020e0612 */
        /*1180*/                   FFMA R13, R10, R14, R13 ;                                 /* 0x0000000e0a0d7223 */
                                                                                             /* 0x00efca000000000d */
        /*1190*/                   STG.E [R2.64], R13 ;                                      /* 0x0000000d02007986 */
                                                                                             /* 0x0003e8000c101906 */
        /*11a0*/               @P0 BRA 0x10e0 ;                                              /* 0xffffff3000000947 */
                                                                                             /* 0x000fea000383ffff */
        /*11b0*/                   LEA R2, R5.reuse, R0, 0xb ;                               /* 0x0000000005027211 */
                                                                                             /* 0x047fe400078e58ff */
        /*11c0*/                   IADD3 R5, P4, R5, 0x1, RZ ;                               /* 0x0000000105057810 */
                                                                                             /* 0x000fc60007f9e0ff */
        /*11d0*/                   IMAD.WIDE R2, R2, R9, c[0x0][0x168] ;                     /* 0x00005a0002027625 */
                                                                                             /* 0x000fe200078e0209 */
        /*11e0*/                   ISETP.GE.AND P0, PT, R5, c[0x0][0x160], PT ;              /* 0x0000580005007a0c */
                                                                                             /* 0x000fc60003f06270 */
        /*11f0*/                   IMAD.X R8, RZ, RZ, R8, P4 ;                               /* 0x000000ffff087224 */
                                                                                             /* 0x000fe200020e0608 */
        /*1200*/                   STG.E [R2.64], R13 ;                                      /* 0x0000000d02007986 */
                                                                                             /* 0x0001f2000c101906 */
        /*1210*/               @P0 EXIT ;                                                    /* 0x000000000000094d */
                                                                                             /* 0x000fea0003800000 */
        /*1220*/                   BRA 0x1a0 ;                                               /* 0xffffef7000007947 */
                                                                                             /* 0x000fea000383ffff */
        /*1230*/                   BRA 0x1230;                                               /* 0xfffffff000007947 */
                                                                                             /* 0x000fc0000383ffff */
        /*1240*/                   NOP;                                                      /* 0x0000000000007918 */
                                                                                             /* 0x000fc00000000000 */
        /*1250*/                   NOP;                                                      /* 0x0000000000007918 */
                                                                                             /* 0x000fc00000000000 */
        /*1260*/                   NOP;                                                      /* 0x0000000000007918 */
                                                                                             /* 0x000fc00000000000 */
        /*1270*/                   NOP;                                                      /* 0x0000000000007918 */
                                                                                             /* 0x000fc00000000000 */
        /*1280*/                   NOP;                                                      /* 0x0000000000007918 */
                                                                                             /* 0x000fc00000000000 */
        /*1290*/                   NOP;                                                      /* 0x0000000000007918 */
                                                                                             /* 0x000fc00000000000 */
        /*12a0*/                   NOP;                                                      /* 0x0000000000007918 */
                                                                                             /* 0x000fc00000000000 */
        /*12b0*/                   NOP;                                                      /* 0x0000000000007918 */
                                                                                             /* 0x000fc00000000000 */
        /*12c0*/                   NOP;                                                      /* 0x0000000000007918 */
                                                                                             /* 0x000fc00000000000 */
        /*12d0*/                   NOP;                                                      /* 0x0000000000007918 */
                                                                                             /* 0x000fc00000000000 */
        /*12e0*/                   NOP;                                                      /* 0x0000000000007918 */
                                                                                             /* 0x000fc00000000000 */
        /*12f0*/                   NOP;                                                      /* 0x0000000000007918 */
                                                                                             /* 0x000fc00000000000 */
		..........


		Function : _Z13reduce_kerneliiPfS_S___noalias
	.headerflags	@"EF_CUDA_TEXMODE_UNIFIED EF_CUDA_64BIT_ADDRESS EF_CUDA_SM86 EF_CUDA_VIRTUAL_SM(EF_CUDA_SM86)"
        /*0000*/                   IMAD.MOV.U32 R1, RZ, RZ, c[0x0][0x28] ;                   /* 0x00000a00ff017624 */
                                                                                             /* 0x000fe400078e00ff */
        /*0010*/                   S2R R3, SR_CTAID.Y ;                                      /* 0x0000000000037919 */
                                                                                             /* 0x000e280000002600 */
        /*0020*/                   S2R R0, SR_TID.Y ;                                        /* 0x0000000000007919 */
                                                                                             /* 0x000e280000002200 */
        /*0030*/                   S2R R2, SR_CTAID.X ;                                      /* 0x0000000000027919 */
                                                                                             /* 0x000e680000002500 */
        /*0040*/                   S2R R5, SR_TID.X ;                                        /* 0x0000000000057919 */
                                                                                             /* 0x000e620000002100 */
        /*0050*/                   IMAD R3, R3, c[0x0][0x4], R0 ;                            /* 0x0000010003037a24 */
                                                                                             /* 0x001fca00078e0200 */
        /*0060*/                   ISETP.GE.AND P0, PT, R3, c[0x0][0x164], PT ;              /* 0x0000590003007a0c */
                                                                                             /* 0x000fe20003f06270 */
        /*0070*/                   IMAD R2, R2, c[0x0][0x0], R5 ;                            /* 0x0000000002027a24 */
                                                                                             /* 0x002fca00078e0205 */
        /*0080*/                   ISETP.GE.OR P0, PT, R2, c[0x0][0x160], P0 ;               /* 0x0000580002007a0c */
                                                                                             /* 0x000fda0000706670 */
        /*0090*/               @P0 EXIT ;                                                    /* 0x000000000000094d */
                                                                                             /* 0x000fea0003800000 */
        /*00a0*/                   IMAD.MOV.U32 R5, RZ, RZ, 0x4 ;                            /* 0x00000004ff057424 */
                                                                                             /* 0x000fe200078e00ff */
        /*00b0*/                   ULDC.64 UR4, c[0x0][0x118] ;                              /* 0x0000460000047ab9 */
                                                                                             /* 0x000fc60000000a00 */
        /*00c0*/                   IMAD.WIDE R6, R2, R5, c[0x0][0x170] ;                     /* 0x00005c0002067625 */
                                                                                             /* 0x000fcc00078e0205 */
        /*00d0*/                   LDG.E.CONSTANT R6, [R6.64] ;                              /* 0x0000000406067981 */
                                                                                             /* 0x000ea2000c1e9900 */
        /*00e0*/                   IMAD R4, R3, 0x800, R2 ;                                  /* 0x0000080003047824 */
                                                                                             /* 0x000fe400078e0202 */
        /*00f0*/                   IMAD.WIDE R2, R2, R5, c[0x0][0x168] ;                     /* 0x00005a0002027625 */
                                                                                             /* 0x000fc800078e0205 */
        /*0100*/                   IMAD.WIDE R4, R4, R5, c[0x0][0x178] ;                     /* 0x00005e0004047625 */
                                                                                             /* 0x000fe200078e0205 */
        /*0110*/                   LDG.E.CONSTANT R0, [R2.64] ;                              /* 0x0000000402007981 */
                                                                                             /* 0x0004e8000c1e9900 */
        /*0120*/                   LDG.E R9, [R4.64] ;                                       /* 0x0000000404097981 */
                                                                                             /* 0x000ee2000c1e1900 */
        /*0130*/                   BSSY B0, 0x210 ;                                          /* 0x000000d000007945 */
                                                                                             /* 0x000fe20003800000 */
        /*0140*/                   FMUL R3, R6, 1792.8223876953125 ;                         /* 0x44e01a5106037820 */
                                                                                             /* 0x004fc80000400000 */
        /*0150*/                   MUFU.RCP R8, R3 ;                                         /* 0x0000000300087308 */
                                                                                             /* 0x000e220000001000 */
        /*0160*/                   FADD R0, -R0, R9 ;                                        /* 0x0000000900007221 */
                                                                                             /* 0x008fce0000000100 */
        /*0170*/                   FCHK P0, R0, R3 ;                                         /* 0x0000000300007302 */
                                                                                             /* 0x000e620000000000 */
        /*0180*/                   FFMA R11, -R3, R8, 1 ;                                    /* 0x3f800000030b7423 */
                                                                                             /* 0x001fc80000000108 */
        /*0190*/                   FFMA R11, R8, R11, R8 ;                                   /* 0x0000000b080b7223 */
                                                                                             /* 0x000fc80000000008 */
        /*01a0*/                   FFMA R6, R0, R11, RZ ;                                    /* 0x0000000b00067223 */
                                                                                             /* 0x000fc800000000ff */
        /*01b0*/                   FFMA R7, -R3, R6, R0 ;                                    /* 0x0000000603077223 */
                                                                                             /* 0x000fc80000000100 */
        /*01c0*/                   FFMA R7, R11, R7, R6 ;                                    /* 0x000000070b077223 */
                                                                                             /* 0x000fe20000000006 */
        /*01d0*/              @!P0 BRA 0x200 ;                                               /* 0x0000002000008947 */
                                                                                             /* 0x002fea0003800000 */
        /*01e0*/                   MOV R2, 0x200 ;                                           /* 0x0000020000027802 */
                                                                                             /* 0x000fe40000000f00 */
        /*01f0*/                   CALL.REL.NOINC 0x230 ;                                    /* 0x0000003000007944 */
                                                                                             /* 0x000fea0003c00000 */
        /*0200*/                   BSYNC B0 ;                                                /* 0x0000000000007941 */
                                                                                             /* 0x000fea0003800000 */
        /*0210*/                   STG.E [R4.64], R7 ;                                       /* 0x0000000704007986 */
                                                                                             /* 0x000fe2000c101904 */
        /*0220*/                   EXIT ;                                                    /* 0x000000000000794d */
                                                                                             /* 0x000fea0003800000 */
        /*0230*/                   SHF.R.U32.HI R7, RZ, 0x17, R3.reuse ;                     /* 0x00000017ff077819 */
                                                                                             /* 0x100fe20000011603 */
        /*0240*/                   BSSY B1, 0x890 ;                                          /* 0x0000064000017945 */
                                                                                             /* 0x000fe20003800000 */
        /*0250*/                   SHF.R.U32.HI R6, RZ, 0x17, R0.reuse ;                     /* 0x00000017ff067819 */
                                                                                             /* 0x100fe20000011600 */
        /*0260*/                   IMAD.MOV.U32 R8, RZ, RZ, R0 ;                             /* 0x000000ffff087224 */
                                                                                             /* 0x000fe200078e0000 */
        /*0270*/                   LOP3.LUT R7, R7, 0xff, RZ, 0xc0, !PT ;                    /* 0x000000ff07077812 */
                                                                                             /* 0x000fe200078ec0ff */
        /*0280*/                   IMAD.MOV.U32 R9, RZ, RZ, R3 ;                             /* 0x000000ffff097224 */
                                                                                             /* 0x000fe200078e0003 */
        /*0290*/                   LOP3.LUT R6, R6, 0xff, RZ, 0xc0, !PT ;                    /* 0x000000ff06067812 */
                                                                                             /* 0x000fe400078ec0ff */
        /*02a0*/                   IADD3 R12, R7, -0x1, RZ ;                                 /* 0xffffffff070c7810 */
                                                                                             /* 0x000fc40007ffe0ff */
        /*02b0*/                   IADD3 R11, R6, -0x1, RZ ;                                 /* 0xffffffff060b7810 */
                                                                                             /* 0x000fe40007ffe0ff */
        /*02c0*/                   ISETP.GT.U32.AND P0, PT, R12, 0xfd, PT ;                  /* 0x000000fd0c00780c */
                                                                                             /* 0x000fc80003f04070 */
        /*02d0*/                   ISETP.GT.U32.OR P0, PT, R11, 0xfd, P0 ;                   /* 0x000000fd0b00780c */
                                                                                             /* 0x000fda0000704470 */
        /*02e0*/              @!P0 IMAD.MOV.U32 R10, RZ, RZ, RZ ;                            /* 0x000000ffff0a8224 */
                                                                                             /* 0x000fe200078e00ff */
        /*02f0*/              @!P0 BRA 0x470 ;                                               /* 0x0000017000008947 */
                                                                                             /* 0x000fea0003800000 */
        /*0300*/                   FSETP.GTU.FTZ.AND P0, PT, |R0|, +INF , PT ;               /* 0x7f8000000000780b */
                                                                                             /* 0x000fe40003f1c200 */
        /*0310*/                   FSETP.GTU.FTZ.AND P1, PT, |R3|, +INF , PT ;               /* 0x7f8000000300780b */
                                                                                             /* 0x000fc80003f3c200 */
        /*0320*/                   PLOP3.LUT P0, PT, P0, P1, PT, 0xa8, 0x0 ;                 /* 0x000000000000781c */
                                                                                             /* 0x000fda0000703570 */
        /*0330*/               @P0 BRA 0x870 ;                                               /* 0x0000053000000947 */
                                                                                             /* 0x000fea0003800000 */
        /*0340*/                   LOP3.LUT P0, RZ, R9, 0x7fffffff, R8, 0xc8, !PT ;          /* 0x7fffffff09ff7812 */
                                                                                             /* 0x000fda000780c808 */
        /*0350*/              @!P0 BRA 0x850 ;                                               /* 0x000004f000008947 */
                                                                                             /* 0x000fea0003800000 */
        /*0360*/                   FSETP.NEU.FTZ.AND P2, PT, |R0|.reuse, +INF , PT ;         /* 0x7f8000000000780b */
                                                                                             /* 0x040fe40003f5d200 */
        /*0370*/                   FSETP.NEU.FTZ.AND P1, PT, |R3|, +INF , PT ;               /* 0x7f8000000300780b */
                                                                                             /* 0x000fe40003f3d200 */
        /*0380*/                   FSETP.NEU.FTZ.AND P0, PT, |R0|, +INF , PT ;               /* 0x7f8000000000780b */
                                                                                             /* 0x000fd60003f1d200 */
        /*0390*/              @!P1 BRA !P2, 0x850 ;                                          /* 0x000004b000009947 */
                                                                                             /* 0x000fea0005000000 */
        /*03a0*/                   LOP3.LUT P2, RZ, R8, 0x7fffffff, RZ, 0xc0, !PT ;          /* 0x7fffffff08ff7812 */
                                                                                             /* 0x000fc8000784c0ff */
        /*03b0*/                   PLOP3.LUT P1, PT, P1, P2, PT, 0x2a, 0x0 ;                 /* 0x000000000000781c */
                                                                                             /* 0x000fda0000f24572 */
        /*03c0*/               @P1 BRA 0x830 ;                                               /* 0x0000046000001947 */
                                                                                             /* 0x000fea0003800000 */
        /*03d0*/                   LOP3.LUT P1, RZ, R9, 0x7fffffff, RZ, 0xc0, !PT ;          /* 0x7fffffff09ff7812 */
                                                                                             /* 0x000fc8000782c0ff */
        /*03e0*/                   PLOP3.LUT P0, PT, P0, P1, PT, 0x2a, 0x0 ;                 /* 0x000000000000781c */
                                                                                             /* 0x000fda0000702572 */
        /*03f0*/               @P0 BRA 0x800 ;                                               /* 0x0000040000000947 */
                                                                                             /* 0x000fea0003800000 */
        /*0400*/                   ISETP.GE.AND P0, PT, R11, RZ, PT ;                        /* 0x000000ff0b00720c */
                                                                                             /* 0x000fe40003f06270 */
        /*0410*/                   ISETP.GE.AND P1, PT, R12, RZ, PT ;                        /* 0x000000ff0c00720c */
                                                                                             /* 0x000fd60003f26270 */
        /*0420*/               @P0 IMAD.MOV.U32 R10, RZ, RZ, RZ ;                            /* 0x000000ffff0a0224 */
                                                                                             /* 0x000fe200078e00ff */
        /*0430*/              @!P0 FFMA R8, R0, 1.84467440737095516160e+19, RZ ;             /* 0x5f80000000088823 */
                                                                                             /* 0x000fe200000000ff */
        /*0440*/              @!P0 IMAD.MOV.U32 R10, RZ, RZ, -0x40 ;                         /* 0xffffffc0ff0a8424 */
                                                                                             /* 0x000fe200078e00ff */
        /*0450*/              @!P1 FFMA R9, R3, 1.84467440737095516160e+19, RZ ;             /* 0x5f80000003099823 */
                                                                                             /* 0x000fc800000000ff */
        /*0460*/              @!P1 IADD3 R10, R10, 0x40, RZ ;                                /* 0x000000400a0a9810 */
                                                                                             /* 0x000fe40007ffe0ff */
        /*0470*/                   LEA R0, R7, 0xc0800000, 0x17 ;                            /* 0xc080000007007811 */
                                                                                             /* 0x000fe200078eb8ff */
        /*0480*/                   BSSY B2, 0x7f0 ;                                          /* 0x0000036000027945 */
                                                                                             /* 0x000fe20003800000 */
        /*0490*/                   IADD3 R6, R6, -0x7f, RZ ;                                 /* 0xffffff8106067810 */
                                                                                             /* 0x000fc60007ffe0ff */
        /*04a0*/                   IMAD.IADD R9, R9, 0x1, -R0 ;                              /* 0x0000000109097824 */
                                                                                             /* 0x000fe200078e0a00 */
        /*04b0*/                   IADD3 R7, R6.reuse, 0x7f, -R7 ;                           /* 0x0000007f06077810 */
                                                                                             /* 0x040fe20007ffe807 */
        /*04c0*/                   IMAD R0, R6, -0x800000, R8 ;                              /* 0xff80000006007824 */
                                                                                             /* 0x000fe400078e0208 */
        /*04d0*/                   MUFU.RCP R3, R9 ;                                         /* 0x0000000900037308 */
                                                                                             /* 0x000e220000001000 */
        /*04e0*/                   FADD.FTZ R11, -R9, -RZ ;                                  /* 0x800000ff090b7221 */
                                                                                             /* 0x000fe20000010100 */
        /*04f0*/                   IMAD.IADD R7, R7, 0x1, R10 ;                              /* 0x0000000107077824 */
                                                                                             /* 0x000fc600078e020a */
        /*0500*/                   FFMA R12, R3, R11, 1 ;                                    /* 0x3f800000030c7423 */
                                                                                             /* 0x001fc8000000000b */
        /*0510*/                   FFMA R12, R3, R12, R3 ;                                   /* 0x0000000c030c7223 */
                                                                                             /* 0x000fc80000000003 */
        /*0520*/                   FFMA R3, R0, R12, RZ ;                                    /* 0x0000000c00037223 */
                                                                                             /* 0x000fc800000000ff */
        /*0530*/                   FFMA R8, R11, R3, R0 ;                                    /* 0x000000030b087223 */
                                                                                             /* 0x000fc80000000000 */
        /*0540*/                   FFMA R13, R12, R8, R3 ;                                   /* 0x000000080c0d7223 */
                                                                                             /* 0x000fc80000000003 */
        /*0550*/                   FFMA R8, R11, R13, R0 ;                                   /* 0x0000000d0b087223 */
                                                                                             /* 0x000fc80000000000 */
        /*0560*/                   FFMA R3, R12, R8, R13 ;                                   /* 0x000000080c037223 */
                                                                                             /* 0x000fca000000000d */
        /*0570*/                   SHF.R.U32.HI R0, RZ, 0x17, R3 ;                           /* 0x00000017ff007819 */
                                                                                             /* 0x000fc80000011603 */
        /*0580*/                   LOP3.LUT R0, R0, 0xff, RZ, 0xc0, !PT ;                    /* 0x000000ff00007812 */
                                                                                             /* 0x000fca00078ec0ff */
        /*0590*/                   IMAD.IADD R10, R0, 0x1, R7 ;                              /* 0x00000001000a7824 */
                                                                                             /* 0x000fca00078e0207 */
        /*05a0*/                   IADD3 R0, R10, -0x1, RZ ;                                 /* 0xffffffff0a007810 */
                                                                                             /* 0x000fc80007ffe0ff */
        /*05b0*/                   ISETP.GE.U32.AND P0, PT, R0, 0xfe, PT ;                   /* 0x000000fe0000780c */
                                                                                             /* 0x000fda0003f06070 */
        /*05c0*/              @!P0 BRA 0x7d0 ;                                               /* 0x0000020000008947 */
                                                                                             /* 0x000fea0003800000 */
        /*05d0*/                   ISETP.GT.AND P0, PT, R10, 0xfe, PT ;                      /* 0x000000fe0a00780c */
                                                                                             /* 0x000fda0003f04270 */
        /*05e0*/               @P0 BRA 0x7a0 ;                                               /* 0x000001b000000947 */
                                                                                             /* 0x000fea0003800000 */
        /*05f0*/                   ISETP.GE.AND P0, PT, R10, 0x1, PT ;                       /* 0x000000010a00780c */
                                                                                             /* 0x000fda0003f06270 */
        /*0600*/               @P0 BRA 0x7e0 ;                                               /* 0x000001d000000947 */
                                                                                             /* 0x000fea0003800000 */
        /*0610*/                   ISETP.GE.AND P0, PT, R10, -0x18, PT ;                     /* 0xffffffe80a00780c */
                                                                                             /* 0x000fe40003f06270 */
        /*0620*/                   LOP3.LUT R3, R3, 0x80000000, RZ, 0xc0, !PT ;              /* 0x8000000003037812 */
                                                                                             /* 0x000fd600078ec0ff */
        /*0630*/              @!P0 BRA 0x7e0 ;                                               /* 0x000001a000008947 */
                                                                                             /* 0x000fea0003800000 */
        /*0640*/                   FFMA.RZ R0, R12, R8.reuse, R13.reuse ;                    /* 0x000000080c007223 */
                                                                                             /* 0x180fe2000000c00d */
        /*0650*/                   IADD3 R9, R10, 0x20, RZ ;                                 /* 0x000000200a097810 */
                                                                                             /* 0x000fe20007ffe0ff */
        /*0660*/                   FFMA.RM R7, R12, R8.reuse, R13.reuse ;                    /* 0x000000080c077223 */
                                                                                             /* 0x180fe2000000400d */
        /*0670*/                   ISETP.NE.AND P2, PT, R10, RZ, PT ;                        /* 0x000000ff0a00720c */
                                                                                             /* 0x000fe40003f45270 */
        /*0680*/                   LOP3.LUT R6, R0, 0x7fffff, RZ, 0xc0, !PT ;                /* 0x007fffff00067812 */
                                                                                             /* 0x000fe200078ec0ff */
        /*0690*/                   FFMA.RP R0, R12, R8, R13 ;                                /* 0x000000080c007223 */
                                                                                             /* 0x000fe2000000800d */
        /*06a0*/                   IMAD.MOV R8, RZ, RZ, -R10 ;                               /* 0x000000ffff087224 */
                                                                                             /* 0x000fe200078e0a0a */
        /*06b0*/                   ISETP.NE.AND P1, PT, R10, RZ, PT ;                        /* 0x000000ff0a00720c */
                                                                                             /* 0x000fe40003f25270 */
        /*06c0*/                   LOP3.LUT R6, R6, 0x800000, RZ, 0xfc, !PT ;                /* 0x0080000006067812 */
                                                                                             /* 0x000fc400078efcff */
        /*06d0*/                   FSETP.NEU.FTZ.AND P0, PT, R0, R7, PT ;                    /* 0x000000070000720b */
                                                                                             /* 0x000fe40003f1d000 */
        /*06e0*/                   SHF.L.U32 R9, R6, R9, RZ ;                                /* 0x0000000906097219 */
                                                                                             /* 0x000fe400000006ff */
        /*06f0*/                   SEL R7, R8, RZ, P2 ;                                      /* 0x000000ff08077207 */
                                                                                             /* 0x000fe40001000000 */
        /*0700*/                   ISETP.NE.AND P1, PT, R9, RZ, P1 ;                         /* 0x000000ff0900720c */
                                                                                             /* 0x000fe40000f25270 */
        /*0710*/                   SHF.R.U32.HI R7, RZ, R7, R6 ;                             /* 0x00000007ff077219 */
                                                                                             /* 0x000fe40000011606 */
        /*0720*/                   PLOP3.LUT P0, PT, P0, P1, PT, 0xa8, 0x0 ;                 /* 0x000000000000781c */
                                                                                             /* 0x000fc40000703570 */
        /*0730*/                   SHF.R.U32.HI R9, RZ, 0x1, R7 ;                            /* 0x00000001ff097819 */
                                                                                             /* 0x000fe40000011607 */
        /*0740*/                   SEL R0, RZ, 0x1, !P0 ;                                    /* 0x00000001ff007807 */
                                                                                             /* 0x000fc80004000000 */
        /*0750*/                   LOP3.LUT R0, R0, 0x1, R9, 0xf8, !PT ;                     /* 0x0000000100007812 */
                                                                                             /* 0x000fc800078ef809 */
        /*0760*/                   LOP3.LUT R0, R0, R7, RZ, 0xc0, !PT ;                      /* 0x0000000700007212 */
                                                                                             /* 0x000fca00078ec0ff */
        /*0770*/                   IMAD.IADD R0, R9, 0x1, R0 ;                               /* 0x0000000109007824 */
                                                                                             /* 0x000fca00078e0200 */
        /*0780*/                   LOP3.LUT R3, R0, R3, RZ, 0xfc, !PT ;                      /* 0x0000000300037212 */
                                                                                             /* 0x000fe200078efcff */
        /*0790*/                   BRA 0x7e0 ;                                               /* 0x0000004000007947 */
                                                                                             /* 0x000fea0003800000 */
        /*07a0*/                   LOP3.LUT R3, R3, 0x80000000, RZ, 0xc0, !PT ;              /* 0x8000000003037812 */
                                                                                             /* 0x000fc800078ec0ff */
        /*07b0*/                   LOP3.LUT R3, R3, 0x7f800000, RZ, 0xfc, !PT ;              /* 0x7f80000003037812 */
                                                                                             /* 0x000fe200078efcff */
        /*07c0*/                   BRA 0x7e0 ;                                               /* 0x0000001000007947 */
                                                                                             /* 0x000fea0003800000 */
        /*07d0*/                   IMAD R3, R7, 0x800000, R3 ;                               /* 0x0080000007037824 */
                                                                                             /* 0x000fe400078e0203 */
        /*07e0*/                   BSYNC B2 ;                                                /* 0x0000000000027941 */
                                                                                             /* 0x000fea0003800000 */
        /*07f0*/                   BRA 0x880 ;                                               /* 0x0000008000007947 */
                                                                                             /* 0x000fea0003800000 */
        /*0800*/                   LOP3.LUT R3, R9, 0x80000000, R8, 0x48, !PT ;              /* 0x8000000009037812 */
                                                                                             /* 0x000fc800078e4808 */
        /*0810*/                   LOP3.LUT R3, R3, 0x7f800000, RZ, 0xfc, !PT ;              /* 0x7f80000003037812 */
                                                                                             /* 0x000fe200078efcff */
        /*0820*/                   BRA 0x880 ;                                               /* 0x0000005000007947 */
                                                                                             /* 0x000fea0003800000 */
        /*0830*/                   LOP3.LUT R3, R9, 0x80000000, R8, 0x48, !PT ;              /* 0x8000000009037812 */
                                                                                             /* 0x000fe200078e4808 */
        /*0840*/                   BRA 0x880 ;                                               /* 0x0000003000007947 */
                                                                                             /* 0x000fea0003800000 */
        /*0850*/                   MUFU.RSQ R3, -QNAN  ;                                     /* 0xffc0000000037908 */
                                                                                             /* 0x000e220000001400 */
        /*0860*/                   BRA 0x880 ;                                               /* 0x0000001000007947 */
                                                                                             /* 0x000fea0003800000 */
        /*0870*/                   FADD.FTZ R3, R0, R3 ;                                     /* 0x0000000300037221 */
                                                                                             /* 0x000fe40000010000 */
        /*0880*/                   BSYNC B1 ;                                                /* 0x0000000000017941 */
                                                                                             /* 0x000fea0003800000 */
        /*0890*/                   IMAD.MOV.U32 R7, RZ, RZ, R3 ;                             /* 0x000000ffff077224 */
                                                                                             /* 0x001fe400078e0003 */
        /*08a0*/                   IMAD.MOV.U32 R3, RZ, RZ, 0x0 ;                            /* 0x00000000ff037424 */
                                                                                             /* 0x000fc800078e00ff */
        /*08b0*/                   RET.REL.NODEC R2 0x0 ;                                    /* 0xfffff74002007950 */
                                                                                             /* 0x000fea0003c3ffff */
        /*08c0*/                   BRA 0x8c0;                                                /* 0xfffffff000007947 */
                                                                                             /* 0x000fc0000383ffff */
        /*08d0*/                   NOP;                                                      /* 0x0000000000007918 */
                                                                                             /* 0x000fc00000000000 */
        /*08e0*/                   NOP;                                                      /* 0x0000000000007918 */
                                                                                             /* 0x000fc00000000000 */
        /*08f0*/                   NOP;                                                      /* 0x0000000000007918 */
                                                                                             /* 0x000fc00000000000 */
        /*0900*/                   NOP;                                                      /* 0x0000000000007918 */
                                                                                             /* 0x000fc00000000000 */
        /*0910*/                   NOP;                                                      /* 0x0000000000007918 */
                                                                                             /* 0x000fc00000000000 */
        /*0920*/                   NOP;                                                      /* 0x0000000000007918 */
                                                                                             /* 0x000fc00000000000 */
        /*0930*/                   NOP;                                                      /* 0x0000000000007918 */
                                                                                             /* 0x000fc00000000000 */
        /*0940*/                   NOP;                                                      /* 0x0000000000007918 */
                                                                                             /* 0x000fc00000000000 */
        /*0950*/                   NOP;                                                      /* 0x0000000000007918 */
                                                                                             /* 0x000fc00000000000 */
        /*0960*/                   NOP;                                                      /* 0x0000000000007918 */
                                                                                             /* 0x000fc00000000000 */
        /*0970*/                   NOP;                                                      /* 0x0000000000007918 */
                                                                                             /* 0x000fc00000000000 */
		..........


		Function : _Z13reduce_kerneliiPfS_S_
	.headerflags	@"EF_CUDA_TEXMODE_UNIFIED EF_CUDA_64BIT_ADDRESS EF_CUDA_SM86 EF_CUDA_VIRTUAL_SM(EF_CUDA_SM86)"
        /*0000*/                   IMAD.MOV.U32 R1, RZ, RZ, c[0x0][0x28] ;                   /* 0x00000a00ff017624 */
                                                                                             /* 0x000fe400078e00ff */
        /*0010*/                   S2R R3, SR_CTAID.Y ;                                      /* 0x0000000000037919 */
                                                                                             /* 0x000e280000002600 */
        /*0020*/                   S2R R0, SR_TID.Y ;                                        /* 0x0000000000007919 */
                                                                                             /* 0x000e280000002200 */
        /*0030*/                   S2R R6, SR_CTAID.X ;                                      /* 0x0000000000067919 */
                                                                                             /* 0x000e680000002500 */
        /*0040*/                   S2R R5, SR_TID.X ;                                        /* 0x0000000000057919 */
                                                                                             /* 0x000e620000002100 */
        /*0050*/                   IMAD R3, R3, c[0x0][0x4], R0 ;                            /* 0x0000010003037a24 */
                                                                                             /* 0x001fca00078e0200 */
        /*0060*/                   ISETP.GE.AND P0, PT, R3, c[0x0][0x164], PT ;              /* 0x0000590003007a0c */
                                                                                             /* 0x000fe20003f06270 */
        /*0070*/                   IMAD R6, R6, c[0x0][0x0], R5 ;                            /* 0x0000000006067a24 */
                                                                                             /* 0x002fca00078e0205 */
        /*0080*/                   ISETP.GE.OR P0, PT, R6, c[0x0][0x160], P0 ;               /* 0x0000580006007a0c */
                                                                                             /* 0x000fda0000706670 */
        /*0090*/               @P0 EXIT ;                                                    /* 0x000000000000094d */
                                                                                             /* 0x000fea0003800000 */
        /*00a0*/                   IMAD.MOV.U32 R9, RZ, RZ, 0x4 ;                            /* 0x00000004ff097424 */
                                                                                             /* 0x000fe200078e00ff */
        /*00b0*/                   ULDC.64 UR4, c[0x0][0x118] ;                              /* 0x0000460000047ab9 */
                                                                                             /* 0x000fe20000000a00 */
        /*00c0*/                   IMAD R4, R3, 0x800, R6 ;                                  /* 0x0000080003047824 */
                                                                                             /* 0x000fe400078e0206 */
        /*00d0*/                   IMAD.WIDE R2, R6, R9, c[0x0][0x168] ;                     /* 0x00005a0006027625 */
                                                                                             /* 0x000fc800078e0209 */
        /*00e0*/                   IMAD.WIDE R4, R4, R9.reuse, c[0x0][0x178] ;               /* 0x00005e0004047625 */
                                                                                             /* 0x080fe200078e0209 */
        /*00f0*/                   LDG.E R0, [R2.64] ;                                       /* 0x0000000402007981 */
                                                                                             /* 0x000ea8000c1e1900 */
        /*0100*/                   LDG.E R7, [R4.64] ;                                       /* 0x0000000404077981 */
                                                                                             /* 0x000ea4000c1e1900 */
        /*0110*/                   FADD R0, -R0, R7 ;                                        /* 0x0000000700007221 */
                                                                                             /* 0x004fe20000000100 */
        /*0120*/                   IMAD.WIDE R6, R6, R9, c[0x0][0x170] ;                     /* 0x00005c0006067625 */
                                                                                             /* 0x000fc800078e0209 */
        /*0130*/                   STG.E [R4.64], R0 ;                                       /* 0x0000000004007986 */
                                                                                             /* 0x0001e8000c101904 */
        /*0140*/                   LDG.E R6, [R6.64] ;                                       /* 0x0000000406067981 */
                                                                                             /* 0x000ea2000c1e1900 */
        /*0150*/                   BSSY B0, 0x220 ;                                          /* 0x000000c000007945 */
                                                                                             /* 0x000fe20003800000 */
        /*0160*/                   FMUL R3, R6, 1792.8223876953125 ;                         /* 0x44e01a5106037820 */
                                                                                             /* 0x004fc80000400000 */
        /*0170*/                   MUFU.RCP R8, R3 ;                                         /* 0x0000000300087308 */
                                                                                             /* 0x000e700000001000 */
        /*0180*/                   FCHK P0, R0, R3 ;                                         /* 0x0000000300007302 */
                                                                                             /* 0x000ea20000000000 */
        /*0190*/                   FFMA R9, -R3, R8, 1 ;                                     /* 0x3f80000003097423 */
                                                                                             /* 0x002fc80000000108 */
        /*01a0*/                   FFMA R9, R8, R9, R8 ;                                     /* 0x0000000908097223 */
                                                                                             /* 0x000fc80000000008 */
        /*01b0*/                   FFMA R2, R0, R9, RZ ;                                     /* 0x0000000900027223 */
                                                                                             /* 0x000fc800000000ff */
        /*01c0*/                   FFMA R8, -R3, R2, R0 ;                                    /* 0x0000000203087223 */
                                                                                             /* 0x000fc80000000100 */
        /*01d0*/                   FFMA R9, R9, R8, R2 ;                                     /* 0x0000000809097223 */
                                                                                             /* 0x000fe20000000002 */
        /*01e0*/              @!P0 BRA 0x210 ;                                               /* 0x0000002000008947 */
                                                                                             /* 0x004fea0003800000 */
        /*01f0*/                   MOV R2, 0x210 ;                                           /* 0x0000021000027802 */
                                                                                             /* 0x001fe40000000f00 */
        /*0200*/                   CALL.REL.NOINC 0x240 ;                                    /* 0x0000003000007944 */
                                                                                             /* 0x000fea0003c00000 */
        /*0210*/                   BSYNC B0 ;                                                /* 0x0000000000007941 */
                                                                                             /* 0x001fea0003800000 */
        /*0220*/                   STG.E [R4.64], R9 ;                                       /* 0x0000000904007986 */
                                                                                             /* 0x000fe2000c101904 */
        /*0230*/                   EXIT ;                                                    /* 0x000000000000794d */
                                                                                             /* 0x000fea0003800000 */
        /*0240*/                   SHF.R.U32.HI R7, RZ, 0x17, R3.reuse ;                     /* 0x00000017ff077819 */
                                                                                             /* 0x100fe20000011603 */
        /*0250*/                   BSSY B1, 0x8a0 ;                                          /* 0x0000064000017945 */
                                                                                             /* 0x000fe20003800000 */
        /*0260*/                   SHF.R.U32.HI R6, RZ, 0x17, R0.reuse ;                     /* 0x00000017ff067819 */
                                                                                             /* 0x100fe20000011600 */
        /*0270*/                   IMAD.MOV.U32 R8, RZ, RZ, R0 ;                             /* 0x000000ffff087224 */
                                                                                             /* 0x000fe200078e0000 */
        /*0280*/                   LOP3.LUT R7, R7, 0xff, RZ, 0xc0, !PT ;                    /* 0x000000ff07077812 */
                                                                                             /* 0x000fe200078ec0ff */
        /*0290*/                   IMAD.MOV.U32 R9, RZ, RZ, R3 ;                             /* 0x000000ffff097224 */
                                                                                             /* 0x000fe200078e0003 */
        /*02a0*/                   LOP3.LUT R6, R6, 0xff, RZ, 0xc0, !PT ;                    /* 0x000000ff06067812 */
                                                                                             /* 0x000fe400078ec0ff */
        /*02b0*/                   IADD3 R12, R7, -0x1, RZ ;                                 /* 0xffffffff070c7810 */
                                                                                             /* 0x000fc40007ffe0ff */
        /*02c0*/                   IADD3 R11, R6, -0x1, RZ ;                                 /* 0xffffffff060b7810 */
                                                                                             /* 0x000fe40007ffe0ff */
        /*02d0*/                   ISETP.GT.U32.AND P0, PT, R12, 0xfd, PT ;                  /* 0x000000fd0c00780c */
                                                                                             /* 0x000fc80003f04070 */
        /*02e0*/                   ISETP.GT.U32.OR P0, PT, R11, 0xfd, P0 ;                   /* 0x000000fd0b00780c */
                                                                                             /* 0x000fda0000704470 */
        /*02f0*/              @!P0 IMAD.MOV.U32 R10, RZ, RZ, RZ ;                            /* 0x000000ffff0a8224 */
                                                                                             /* 0x000fe200078e00ff */
        /*0300*/              @!P0 BRA 0x480 ;                                               /* 0x0000017000008947 */
                                                                                             /* 0x000fea0003800000 */
        /*0310*/                   FSETP.GTU.FTZ.AND P0, PT, |R0|, +INF , PT ;               /* 0x7f8000000000780b */
                                                                                             /* 0x000fe40003f1c200 */
        /*0320*/                   FSETP.GTU.FTZ.AND P1, PT, |R3|, +INF , PT ;               /* 0x7f8000000300780b */
                                                                                             /* 0x000fc80003f3c200 */
        /*0330*/                   PLOP3.LUT P0, PT, P0, P1, PT, 0xa8, 0x0 ;                 /* 0x000000000000781c */
                                                                                             /* 0x000fda0000703570 */
        /*0340*/               @P0 BRA 0x880 ;                                               /* 0x0000053000000947 */
                                                                                             /* 0x000fea0003800000 */
        /*0350*/                   LOP3.LUT P0, RZ, R9, 0x7fffffff, R8, 0xc8, !PT ;          /* 0x7fffffff09ff7812 */
                                                                                             /* 0x000fda000780c808 */
        /*0360*/              @!P0 BRA 0x860 ;                                               /* 0x000004f000008947 */
                                                                                             /* 0x000fea0003800000 */
        /*0370*/                   FSETP.NEU.FTZ.AND P2, PT, |R0|.reuse, +INF , PT ;         /* 0x7f8000000000780b */
                                                                                             /* 0x040fe40003f5d200 */
        /*0380*/                   FSETP.NEU.FTZ.AND P1, PT, |R3|, +INF , PT ;               /* 0x7f8000000300780b */
                                                                                             /* 0x000fe40003f3d200 */
        /*0390*/                   FSETP.NEU.FTZ.AND P0, PT, |R0|, +INF , PT ;               /* 0x7f8000000000780b */
                                                                                             /* 0x000fd60003f1d200 */
        /*03a0*/              @!P1 BRA !P2, 0x860 ;                                          /* 0x000004b000009947 */
                                                                                             /* 0x000fea0005000000 */
        /*03b0*/                   LOP3.LUT P2, RZ, R8, 0x7fffffff, RZ, 0xc0, !PT ;          /* 0x7fffffff08ff7812 */
                                                                                             /* 0x000fc8000784c0ff */
        /*03c0*/                   PLOP3.LUT P1, PT, P1, P2, PT, 0x2a, 0x0 ;                 /* 0x000000000000781c */
                                                                                             /* 0x000fda0000f24572 */
        /*03d0*/               @P1 BRA 0x840 ;                                               /* 0x0000046000001947 */
                                                                                             /* 0x000fea0003800000 */
        /*03e0*/                   LOP3.LUT P1, RZ, R9, 0x7fffffff, RZ, 0xc0, !PT ;          /* 0x7fffffff09ff7812 */
                                                                                             /* 0x000fc8000782c0ff */
        /*03f0*/                   PLOP3.LUT P0, PT, P0, P1, PT, 0x2a, 0x0 ;                 /* 0x000000000000781c */
                                                                                             /* 0x000fda0000702572 */
        /*0400*/               @P0 BRA 0x810 ;                                               /* 0x0000040000000947 */
                                                                                             /* 0x000fea0003800000 */
        /*0410*/                   ISETP.GE.AND P0, PT, R11, RZ, PT ;                        /* 0x000000ff0b00720c */
                                                                                             /* 0x000fe40003f06270 */
        /*0420*/                   ISETP.GE.AND P1, PT, R12, RZ, PT ;                        /* 0x000000ff0c00720c */
                                                                                             /* 0x000fd60003f26270 */
        /*0430*/               @P0 IMAD.MOV.U32 R10, RZ, RZ, RZ ;                            /* 0x000000ffff0a0224 */
                                                                                             /* 0x000fe200078e00ff */
        /*0440*/              @!P0 FFMA R8, R0, 1.84467440737095516160e+19, RZ ;             /* 0x5f80000000088823 */
                                                                                             /* 0x000fe200000000ff */
        /*0450*/              @!P0 IMAD.MOV.U32 R10, RZ, RZ, -0x40 ;                         /* 0xffffffc0ff0a8424 */
                                                                                             /* 0x000fe200078e00ff */
        /*0460*/              @!P1 FFMA R9, R3, 1.84467440737095516160e+19, RZ ;             /* 0x5f80000003099823 */
                                                                                             /* 0x000fc800000000ff */
        /*0470*/              @!P1 IADD3 R10, R10, 0x40, RZ ;                                /* 0x000000400a0a9810 */
                                                                                             /* 0x000fe40007ffe0ff */
        /*0480*/                   LEA R0, R7, 0xc0800000, 0x17 ;                            /* 0xc080000007007811 */
                                                                                             /* 0x000fe200078eb8ff */
        /*0490*/                   BSSY B2, 0x800 ;                                          /* 0x0000036000027945 */
                                                                                             /* 0x000fe20003800000 */
        /*04a0*/                   IADD3 R6, R6, -0x7f, RZ ;                                 /* 0xffffff8106067810 */
                                                                                             /* 0x000fc60007ffe0ff */
        /*04b0*/                   IMAD.IADD R9, R9, 0x1, -R0 ;                              /* 0x0000000109097824 */
                                                                                             /* 0x000fe200078e0a00 */
        /*04c0*/                   IADD3 R7, R6.reuse, 0x7f, -R7 ;                           /* 0x0000007f06077810 */
                                                                                             /* 0x040fe20007ffe807 */
        /*04d0*/                   IMAD R0, R6, -0x800000, R8 ;                              /* 0xff80000006007824 */
                                                                                             /* 0x000fe400078e0208 */
        /*04e0*/                   MUFU.RCP R3, R9 ;                                         /* 0x0000000900037308 */
                                                                                             /* 0x000e220000001000 */
        /*04f0*/                   FADD.FTZ R11, -R9, -RZ ;                                  /* 0x800000ff090b7221 */
                                                                                             /* 0x000fe20000010100 */
        /*0500*/                   IMAD.IADD R7, R7, 0x1, R10 ;                              /* 0x0000000107077824 */
                                                                                             /* 0x000fc600078e020a */
        /*0510*/                   FFMA R12, R3, R11, 1 ;                                    /* 0x3f800000030c7423 */
                                                                                             /* 0x001fc8000000000b */
        /*0520*/                   FFMA R12, R3, R12, R3 ;                                   /* 0x0000000c030c7223 */
                                                                                             /* 0x000fc80000000003 */
        /*0530*/                   FFMA R3, R0, R12, RZ ;                                    /* 0x0000000c00037223 */
                                                                                             /* 0x000fc800000000ff */
        /*0540*/                   FFMA R8, R11, R3, R0 ;                                    /* 0x000000030b087223 */
                                                                                             /* 0x000fc80000000000 */
        /*0550*/                   FFMA R13, R12, R8, R3 ;                                   /* 0x000000080c0d7223 */
                                                                                             /* 0x000fc80000000003 */
        /*0560*/                   FFMA R8, R11, R13, R0 ;                                   /* 0x0000000d0b087223 */
                                                                                             /* 0x000fc80000000000 */
        /*0570*/                   FFMA R3, R12, R8, R13 ;                                   /* 0x000000080c037223 */
                                                                                             /* 0x000fca000000000d */
        /*0580*/                   SHF.R.U32.HI R0, RZ, 0x17, R3 ;                           /* 0x00000017ff007819 */
                                                                                             /* 0x000fc80000011603 */
        /*0590*/                   LOP3.LUT R0, R0, 0xff, RZ, 0xc0, !PT ;                    /* 0x000000ff00007812 */
                                                                                             /* 0x000fca00078ec0ff */
        /*05a0*/                   IMAD.IADD R10, R0, 0x1, R7 ;                              /* 0x00000001000a7824 */
                                                                                             /* 0x000fca00078e0207 */
        /*05b0*/                   IADD3 R0, R10, -0x1, RZ ;                                 /* 0xffffffff0a007810 */
                                                                                             /* 0x000fc80007ffe0ff */
        /*05c0*/                   ISETP.GE.U32.AND P0, PT, R0, 0xfe, PT ;                   /* 0x000000fe0000780c */
                                                                                             /* 0x000fda0003f06070 */
        /*05d0*/              @!P0 BRA 0x7e0 ;                                               /* 0x0000020000008947 */
                                                                                             /* 0x000fea0003800000 */
        /*05e0*/                   ISETP.GT.AND P0, PT, R10, 0xfe, PT ;                      /* 0x000000fe0a00780c */
                                                                                             /* 0x000fda0003f04270 */
        /*05f0*/               @P0 BRA 0x7b0 ;                                               /* 0x000001b000000947 */
                                                                                             /* 0x000fea0003800000 */
        /*0600*/                   ISETP.GE.AND P0, PT, R10, 0x1, PT ;                       /* 0x000000010a00780c */
                                                                                             /* 0x000fda0003f06270 */
        /*0610*/               @P0 BRA 0x7f0 ;                                               /* 0x000001d000000947 */
                                                                                             /* 0x000fea0003800000 */
        /*0620*/                   ISETP.GE.AND P0, PT, R10, -0x18, PT ;                     /* 0xffffffe80a00780c */
                                                                                             /* 0x000fe40003f06270 */
        /*0630*/                   LOP3.LUT R3, R3, 0x80000000, RZ, 0xc0, !PT ;              /* 0x8000000003037812 */
                                                                                             /* 0x000fd600078ec0ff */
        /*0640*/              @!P0 BRA 0x7f0 ;                                               /* 0x000001a000008947 */
                                                                                             /* 0x000fea0003800000 */
        /*0650*/                   FFMA.RZ R0, R12, R8.reuse, R13.reuse ;                    /* 0x000000080c007223 */
                                                                                             /* 0x180fe2000000c00d */
        /*0660*/                   IADD3 R9, R10, 0x20, RZ ;                                 /* 0x000000200a097810 */
                                                                                             /* 0x000fe20007ffe0ff */
        /*0670*/                   FFMA.RM R7, R12, R8.reuse, R13.reuse ;                    /* 0x000000080c077223 */
                                                                                             /* 0x180fe2000000400d */
        /*0680*/                   ISETP.NE.AND P2, PT, R10, RZ, PT ;                        /* 0x000000ff0a00720c */
                                                                                             /* 0x000fe40003f45270 */
        /*0690*/                   LOP3.LUT R6, R0, 0x7fffff, RZ, 0xc0, !PT ;                /* 0x007fffff00067812 */
                                                                                             /* 0x000fe200078ec0ff */
        /*06a0*/                   FFMA.RP R0, R12, R8, R13 ;                                /* 0x000000080c007223 */
                                                                                             /* 0x000fe2000000800d */
        /*06b0*/                   IMAD.MOV R8, RZ, RZ, -R10 ;                               /* 0x000000ffff087224 */
                                                                                             /* 0x000fe200078e0a0a */
        /*06c0*/                   ISETP.NE.AND P1, PT, R10, RZ, PT ;                        /* 0x000000ff0a00720c */
                                                                                             /* 0x000fe40003f25270 */
        /*06d0*/                   LOP3.LUT R6, R6, 0x800000, RZ, 0xfc, !PT ;                /* 0x0080000006067812 */
                                                                                             /* 0x000fc400078efcff */
        /*06e0*/                   FSETP.NEU.FTZ.AND P0, PT, R0, R7, PT ;                    /* 0x000000070000720b */
                                                                                             /* 0x000fe40003f1d000 */
        /*06f0*/                   SHF.L.U32 R9, R6, R9, RZ ;                                /* 0x0000000906097219 */
                                                                                             /* 0x000fe400000006ff */
        /*0700*/                   SEL R7, R8, RZ, P2 ;                                      /* 0x000000ff08077207 */
                                                                                             /* 0x000fe40001000000 */
        /*0710*/                   ISETP.NE.AND P1, PT, R9, RZ, P1 ;                         /* 0x000000ff0900720c */
                                                                                             /* 0x000fe40000f25270 */
        /*0720*/                   SHF.R.U32.HI R7, RZ, R7, R6 ;                             /* 0x00000007ff077219 */
                                                                                             /* 0x000fe40000011606 */
        /*0730*/                   PLOP3.LUT P0, PT, P0, P1, PT, 0xa8, 0x0 ;                 /* 0x000000000000781c */
                                                                                             /* 0x000fc40000703570 */
        /*0740*/                   SHF.R.U32.HI R9, RZ, 0x1, R7 ;                            /* 0x00000001ff097819 */
                                                                                             /* 0x000fe40000011607 */
        /*0750*/                   SEL R0, RZ, 0x1, !P0 ;                                    /* 0x00000001ff007807 */
                                                                                             /* 0x000fc80004000000 */
        /*0760*/                   LOP3.LUT R0, R0, 0x1, R9, 0xf8, !PT ;                     /* 0x0000000100007812 */
                                                                                             /* 0x000fc800078ef809 */
        /*0770*/                   LOP3.LUT R0, R0, R7, RZ, 0xc0, !PT ;                      /* 0x0000000700007212 */
                                                                                             /* 0x000fca00078ec0ff */
        /*0780*/                   IMAD.IADD R0, R9, 0x1, R0 ;                               /* 0x0000000109007824 */
                                                                                             /* 0x000fca00078e0200 */
        /*0790*/                   LOP3.LUT R3, R0, R3, RZ, 0xfc, !PT ;                      /* 0x0000000300037212 */
                                                                                             /* 0x000fe200078efcff */
        /*07a0*/                   BRA 0x7f0 ;                                               /* 0x0000004000007947 */
                                                                                             /* 0x000fea0003800000 */
        /*07b0*/                   LOP3.LUT R3, R3, 0x80000000, RZ, 0xc0, !PT ;              /* 0x8000000003037812 */
                                                                                             /* 0x000fc800078ec0ff */
        /*07c0*/                   LOP3.LUT R3, R3, 0x7f800000, RZ, 0xfc, !PT ;              /* 0x7f80000003037812 */
                                                                                             /* 0x000fe200078efcff */
        /*07d0*/                   BRA 0x7f0 ;                                               /* 0x0000001000007947 */
                                                                                             /* 0x000fea0003800000 */
        /*07e0*/                   IMAD R3, R7, 0x800000, R3 ;                               /* 0x0080000007037824 */
                                                                                             /* 0x000fe400078e0203 */
        /*07f0*/                   BSYNC B2 ;                                                /* 0x0000000000027941 */
                                                                                             /* 0x000fea0003800000 */
        /*0800*/                   BRA 0x890 ;                                               /* 0x0000008000007947 */
                                                                                             /* 0x000fea0003800000 */
        /*0810*/                   LOP3.LUT R3, R9, 0x80000000, R8, 0x48, !PT ;              /* 0x8000000009037812 */
                                                                                             /* 0x000fc800078e4808 */
        /*0820*/                   LOP3.LUT R3, R3, 0x7f800000, RZ, 0xfc, !PT ;              /* 0x7f80000003037812 */
                                                                                             /* 0x000fe200078efcff */
        /*0830*/                   BRA 0x890 ;                                               /* 0x0000005000007947 */
                                                                                             /* 0x000fea0003800000 */
        /*0840*/                   LOP3.LUT R3, R9, 0x80000000, R8, 0x48, !PT ;              /* 0x8000000009037812 */
                                                                                             /* 0x000fe200078e4808 */
        /*0850*/                   BRA 0x890 ;                                               /* 0x0000003000007947 */
                                                                                             /* 0x000fea0003800000 */
        /*0860*/                   MUFU.RSQ R3, -QNAN  ;                                     /* 0xffc0000000037908 */
                                                                                             /* 0x000e220000001400 */
        /*0870*/                   BRA 0x890 ;                                               /* 0x0000001000007947 */
                                                                                             /* 0x000fea0003800000 */
        /*0880*/                   FADD.FTZ R3, R0, R3 ;                                     /* 0x0000000300037221 */
                                                                                             /* 0x000fe40000010000 */
        /*0890*/                   BSYNC B1 ;                                                /* 0x0000000000017941 */
                                                                                             /* 0x000fea0003800000 */
        /*08a0*/                   IMAD.MOV.U32 R9, RZ, RZ, R3 ;                             /* 0x000000ffff097224 */
                                                                                             /* 0x001fe400078e0003 */
        /*08b0*/                   IMAD.MOV.U32 R3, RZ, RZ, 0x0 ;                            /* 0x00000000ff037424 */
                                                                                             /* 0x000fc800078e00ff */
        /*08c0*/                   RET.REL.NODEC R2 0x0 ;                                    /* 0xfffff73002007950 */
                                                                                             /* 0x000fea0003c3ffff */
        /*08d0*/                   BRA 0x8d0;                                                /* 0xfffffff000007947 */
                                                                                             /* 0x000fc0000383ffff */
        /*08e0*/                   NOP;                                                      /* 0x0000000000007918 */
                                                                                             /* 0x000fc00000000000 */
        /*08f0*/                   NOP;                                                      /* 0x0000000000007918 */
                                                                                             /* 0x000fc00000000000 */
        /*0900*/                   NOP;                                                      /* 0x0000000000007918 */
                                                                                             /* 0x000fc00000000000 */
        /*0910*/                   NOP;                                                      /* 0x0000000000007918 */
                                                                                             /* 0x000fc00000000000 */
        /*0920*/                   NOP;                                                      /* 0x0000000000007918 */
                                                                                             /* 0x000fc00000000000 */
        /*0930*/                   NOP;                                                      /* 0x0000000000007918 */
                                                                                             /* 0x000fc00000000000 */
        /*0940*/                   NOP;                                                      /* 0x0000000000007918 */
                                                                                             /* 0x000fc00000000000 */
        /*0950*/                   NOP;                                                      /* 0x0000000000007918 */
                                                                                             /* 0x000fc00000000000 */
        /*0960*/                   NOP;                                                      /* 0x0000000000007918 */
                                                                                             /* 0x000fc00000000000 */
        /*0970*/                   NOP;                                                      /* 0x0000000000007918 */
                                                                                             /* 0x000fc00000000000 */
		..........


		Function : _Z10std_kerneliiPfS_S___noalias
	.headerflags	@"EF_CUDA_TEXMODE_UNIFIED EF_CUDA_64BIT_ADDRESS EF_CUDA_SM86 EF_CUDA_VIRTUAL_SM(EF_CUDA_SM86)"
        /*0000*/                   MOV R1, c[0x0][0x28] ;                                    /* 0x00000a0000017a02 */
                                                                                             /* 0x000fe40000000f00 */
        /*0010*/                   S2R R11, SR_CTAID.X ;                                     /* 0x00000000000b7919 */
                                                                                             /* 0x000e280000002500 */
        /*0020*/                   S2R R0, SR_TID.X ;                                        /* 0x0000000000007919 */
                                                                                             /* 0x000e240000002100 */
        /*0030*/                   IMAD R11, R11, c[0x0][0x0], R0 ;                          /* 0x000000000b0b7a24 */
                                                                                             /* 0x001fca00078e0200 */
        /*0040*/                   ISETP.GE.AND P0, PT, R11, c[0x0][0x160], PT ;             /* 0x000058000b007a0c */
                                                                                             /* 0x000fda0003f06270 */
        /*0050*/               @P0 EXIT ;                                                    /* 0x000000000000094d */
                                                                                             /* 0x000fea0003800000 */
        /*0060*/                   MOV R6, c[0x0][0x164] ;                                   /* 0x0000590000067a02 */
                                                                                             /* 0x000fe20000000f00 */
        /*0070*/                   ULDC.64 UR6, c[0x0][0x118] ;                              /* 0x0000460000067ab9 */
                                                                                             /* 0x000fe20000000a00 */
        /*0080*/                   MOV R0, 0x4 ;                                             /* 0x0000000400007802 */
                                                                                             /* 0x000fe40000000f00 */
        /*0090*/                   ISETP.GE.AND P0, PT, R6, 0x1, PT ;                        /* 0x000000010600780c */
                                                                                             /* 0x000fe40003f06270 */
        /*00a0*/                   MOV R18, RZ ;                                             /* 0x000000ff00127202 */
                                                                                             /* 0x000fe20000000f00 */
        /*00b0*/                   IMAD.WIDE R2, R11, R0, c[0x0][0x170] ;                    /* 0x00005c000b027625 */
                                                                                             /* 0x000fd400078e0200 */
        /*00c0*/              @!P0 BRA 0x1340 ;                                              /* 0x0000127000008947 */
                                                                                             /* 0x000fea0003800000 */
        /*00d0*/                   SHF.R.S32.HI R10, RZ, 0x1f, R11 ;                         /* 0x0000001fff0a7819 */
                                                                                             /* 0x000fe4000001140b */
        /*00e0*/                   LEA R4, P0, R11, c[0x0][0x168], 0x2 ;                     /* 0x00005a000b047a11 */
                                                                                             /* 0x000fc800078010ff */
        /*00f0*/                   LEA.HI.X R5, R11, c[0x0][0x16c], R10, 0x2, P0 ;           /* 0x00005b000b057a11 */
                                                                                             /* 0x000fca00000f140a */
        /*0100*/                   LDG.E.CONSTANT R12, [R4.64] ;                             /* 0x00000006040c7981 */
                                                                                             /* 0x000162000c1e9900 */
        /*0110*/                   ISETP.GE.U32.AND P0, PT, R6.reuse, 0x8, PT ;              /* 0x000000080600780c */
                                                                                             /* 0x040fe40003f06070 */
        /*0120*/                   LOP3.LUT R13, R6, 0x7, RZ, 0xc0, !PT ;                    /* 0x00000007060d7812 */
                                                                                             /* 0x000fe400078ec0ff */
        /*0130*/                   MOV R14, RZ ;                                             /* 0x000000ff000e7202 */
                                                                                             /* 0x000fe40000000f00 */
        /*0140*/                   MOV R18, RZ ;                                             /* 0x000000ff00127202 */
                                                                                             /* 0x000fce0000000f00 */
        /*0150*/              @!P0 BRA 0x12b0 ;                                              /* 0x0000115000008947 */
                                                                                             /* 0x000fea0003800000 */
        /*0160*/                   LOP3.LUT R14, R6, 0x7ffffff8, RZ, 0xc0, !PT ;             /* 0x7ffffff8060e7812 */
                                                                                             /* 0x001fe200078ec0ff */
        /*0170*/                   UMOV UR4, URZ ;                                           /* 0x0000003f00047c82 */
                                                                                             /* 0x000fe20008000000 */
        /*0180*/                   PLOP3.LUT P0, PT, PT, PT, PT, 0x80, 0x0 ;                 /* 0x000000000000781c */
                                                                                             /* 0x000fe40003f0f070 */
        /*0190*/                   ISETP.GT.U32.AND P1, PT, R14, RZ, PT ;                    /* 0x000000ff0e00720c */
                                                                                             /* 0x000fe40003f24070 */
        /*01a0*/                   MOV R18, RZ ;                                             /* 0x000000ff00127202 */
                                                                                             /* 0x000fe40000000f00 */
        /*01b0*/                   MOV R16, RZ ;                                             /* 0x000000ff00107202 */
                                                                                             /* 0x000fd20000000f00 */
        /*01c0*/               @P1 BRA 0x3e0 ;                                               /* 0x0000021000001947 */
                                                                                             /* 0x000fea0003800000 */
        /*01d0*/                   IADD3 R7, R11.reuse, R16.reuse, RZ ;                      /* 0x000000100b077210 */
                                                                                             /* 0x0c0fe40007ffe0ff */
        /*01e0*/                   IADD3 R5, P0, R11, R16, RZ ;                              /* 0x000000100b057210 */
                                                                                             /* 0x000fc60007f1e0ff */
        /*01f0*/                   IMAD.WIDE R6, R7, R0, c[0x0][0x178] ;                     /* 0x00005e0007067625 */
                                                                                             /* 0x000fe200078e0200 */
        /*0200*/                   LEA.HI.X.SX32 R16, R16, R10, 0x1, P0 ;                    /* 0x0000000a10107211 */
                                                                                             /* 0x000fe400000f0eff */
        /*0210*/                   LEA R4, P0, R5, c[0x0][0x178], 0x2 ;                      /* 0x00005e0005047a11 */
                                                                                             /* 0x000fc600078010ff */
        /*0220*/                   LDG.E.CONSTANT R7, [R6.64] ;                              /* 0x0000000606077981 */
                                                                                             /* 0x000ea2000c1e9900 */
        /*0230*/                   LEA.HI.X R5, R5, c[0x0][0x17c], R16, 0x2, P0 ;            /* 0x00005f0005057a11 */
                                                                                             /* 0x000fca00000f1410 */
        /*0240*/                   LDG.E.CONSTANT R15, [R4.64+0x2000] ;                      /* 0x00200006040f7981 */
                                                                                             /* 0x000ee8000c1e9900 */
        /*0250*/                   LDG.E.CONSTANT R17, [R4.64+0x4000] ;                      /* 0x0040000604117981 */
                                                                                             /* 0x000f28000c1e9900 */
        /*0260*/                   LDG.E.CONSTANT R19, [R4.64+0x6000] ;                      /* 0x0060000604137981 */
                                                                                             /* 0x000f28000c1e9900 */
        /*0270*/                   LDG.E.CONSTANT R21, [R4.64+0x8000] ;                      /* 0x0080000604157981 */
                                                                                             /* 0x000f28000c1e9900 */
        /*0280*/                   LDG.E.CONSTANT R23, [R4.64+0xa000] ;                      /* 0x00a0000604177981 */
                                                                                             /* 0x000f28000c1e9900 */
        /*0290*/                   LDG.E.CONSTANT R25, [R4.64+0xc000] ;                      /* 0x00c0000604197981 */
                                                                                             /* 0x000128000c1e9900 */
        /*02a0*/                   LDG.E.CONSTANT R27, [R4.64+0xe000] ;                      /* 0x00e00006041b7981 */
                                                                                             /* 0x000122000c1e9900 */
        /*02b0*/                   PLOP3.LUT P0, PT, PT, PT, PT, 0x8, 0x0 ;                  /* 0x000000000000781c */
                                                                                             /* 0x000fc40003f0e170 */
        /*02c0*/                   MOV R16, 0x4000 ;                                         /* 0x0000400000107802 */
                                                                                             /* 0x000fe20000000f00 */
        /*02d0*/                   UMOV UR4, 0x8 ;                                           /* 0x0000000800047882 */
                                                                                             /* 0x000fe20000000000 */
        /*02e0*/                   FADD R9, -R12, R7 ;                                       /* 0x000000070c097221 */
                                                                                             /* 0x024fc80000000100 */
        /*02f0*/                   FFMA R9, R9, R9, R18 ;                                    /* 0x0000000909097223 */
                                                                                             /* 0x000fe20000000012 */
        /*0300*/                   FADD R8, -R12, R15 ;                                      /* 0x0000000f0c087221 */
                                                                                             /* 0x008fc80000000100 */
        /*0310*/                   FFMA R9, R8, R8, R9 ;                                     /* 0x0000000808097223 */
                                                                                             /* 0x000fe20000000009 */
        /*0320*/                   FADD R6, -R12, R17 ;                                      /* 0x000000110c067221 */
                                                                                             /* 0x010fc80000000100 */
        /*0330*/                   FFMA R9, R6, R6, R9 ;                                     /* 0x0000000606097223 */
                                                                                             /* 0x000fe20000000009 */
        /*0340*/                   FADD R6, -R12, R19 ;                                      /* 0x000000130c067221 */
                                                                                             /* 0x000fc80000000100 */
        /*0350*/                   FFMA R9, R6, R6, R9 ;                                     /* 0x0000000606097223 */
                                                                                             /* 0x000fe20000000009 */
        /*0360*/                   FADD R6, -R12.reuse, R21 ;                                /* 0x000000150c067221 */
                                                                                             /* 0x040fe20000000100 */
        /*0370*/                   FADD R4, -R12, R23 ;                                      /* 0x000000170c047221 */
                                                                                             /* 0x001fc60000000100 */
        /*0380*/                   FFMA R9, R6, R6, R9 ;                                     /* 0x0000000606097223 */
                                                                                             /* 0x000fe20000000009 */
        /*0390*/                   FADD R6, -R12, R25 ;                                      /* 0x000000190c067221 */
                                                                                             /* 0x000fc60000000100 */
        /*03a0*/                   FFMA R9, R4, R4, R9 ;                                     /* 0x0000000404097223 */
                                                                                             /* 0x000fe20000000009 */
        /*03b0*/                   FADD R18, -R12, R27 ;                                     /* 0x0000001b0c127221 */
                                                                                             /* 0x000fc60000000100 */
        /*03c0*/                   FFMA R9, R6, R6, R9 ;                                     /* 0x0000000606097223 */
                                                                                             /* 0x000fc80000000009 */
        /*03d0*/                   FFMA R18, R18, R18, R9 ;                                  /* 0x0000001212127223 */
                                                                                             /* 0x000fe20000000009 */
        /*03e0*/                   IADD3 R4, R14, -UR4, RZ ;                                 /* 0x800000040e047c10 */
                                                                                             /* 0x000fc8000fffe0ff */
        /*03f0*/                   ISETP.GT.AND P1, PT, R4, 0x18, PT ;                       /* 0x000000180400780c */
                                                                                             /* 0x000fda0003f24270 */
        /*0400*/              @!P1 BRA 0xc20 ;                                               /* 0x0000081000009947 */
                                                                                             /* 0x000fea0003800000 */
        /*0410*/                   PLOP3.LUT P0, PT, PT, PT, PT, 0x8, 0x0 ;                  /* 0x000000000000781c */
                                                                                             /* 0x000fe40003f0e170 */
        /*0420*/                   IADD3 R24, R14, -0x18, RZ ;                               /* 0xffffffe80e187810 */
                                                                                             /* 0x000fe40007ffe0ff */
        /*0430*/                   IADD3 R29, R11.reuse, R16.reuse, RZ ;                     /* 0x000000100b1d7210 */
                                                                                             /* 0x0c0fe40007ffe0ff */
        /*0440*/                   IADD3 R4, P1, R11, R16, RZ ;                              /* 0x000000100b047210 */
                                                                                             /* 0x000fc60007f3e0ff */
        /*0450*/                   IMAD.WIDE R28, R29, R0, c[0x0][0x178] ;                   /* 0x00005e001d1c7625 */
                                                                                             /* 0x000fe200078e0200 */
        /*0460*/                   LEA.HI.X.SX32 R5, R16, R10, 0x1, P1 ;                     /* 0x0000000a10057211 */
                                                                                             /* 0x000fe400008f0eff */
        /*0470*/                   LEA R6, P1, R4, c[0x0][0x178], 0x2 ;                      /* 0x00005e0004067a11 */
                                                                                             /* 0x000fc600078210ff */
        /*0480*/                   LDG.E.CONSTANT R28, [R28.64] ;                            /* 0x000000061c1c7981 */
                                                                                             /* 0x0000a2000c1e9900 */
        /*0490*/                   LEA.HI.X R7, R4, c[0x0][0x17c], R5, 0x2, P1 ;             /* 0x00005f0004077a11 */
                                                                                             /* 0x000fca00008f1405 */
        /*04a0*/                   LDG.E.CONSTANT R26, [R6.64+0x2000] ;                      /* 0x00200006061a7981 */
                                                                                             /* 0x0002e8000c1e9900 */
        /*04b0*/                   LDG.E.CONSTANT R20, [R6.64+0x4000] ;                      /* 0x0040000606147981 */
                                                                                             /* 0x000328000c1e9900 */
        /*04c0*/                   LDG.E.CONSTANT R22, [R6.64+0x6000] ;                      /* 0x0060000606167981 */
                                                                                             /* 0x000328000c1e9900 */
        /*04d0*/                   LDG.E.CONSTANT R33, [R6.64+0x8000] ;                      /* 0x0080000606217981 */
                                                                                             /* 0x000328000c1e9900 */
        /*04e0*/                   LDG.E.CONSTANT R35, [R6.64+0xa000] ;                      /* 0x00a0000606237981 */
                                                                                             /* 0x000322000c1e9900 */
        /*04f0*/                   IADD3 R8, R16, 0x4000, RZ ;                               /* 0x0000400010087810 */
                                                                                             /* 0x000fc60007ffe0ff */
        /*0500*/                   LDG.E.CONSTANT R15, [R6.64+0xc000] ;                      /* 0x00c00006060f7981 */
                                                                                             /* 0x000322000c1e9900 */
        /*0510*/                   IADD3 R5, R11.reuse, R8.reuse, RZ ;                       /* 0x000000080b057210 */
                                                                                             /* 0x0c0fe40007ffe0ff */
        /*0520*/                   IADD3 R9, P1, R11, R8, RZ ;                               /* 0x000000080b097210 */
                                                                                             /* 0x000fe20007f3e0ff */
        /*0530*/                   LDG.E.CONSTANT R17, [R6.64+0xe000] ;                      /* 0x00e0000606117981 */
                                                                                             /* 0x000324000c1e9900 */
        /*0540*/                   IMAD.WIDE R4, R5, R0, c[0x0][0x178] ;                     /* 0x00005e0005047625 */
                                                                                             /* 0x000fe200078e0200 */
        /*0550*/                   LEA.HI.X.SX32 R30, R8, R10, 0x1, P1 ;                     /* 0x0000000a081e7211 */
                                                                                             /* 0x000fe400008f0eff */
        /*0560*/                   LEA R8, P1, R9.reuse, c[0x0][0x178], 0x2 ;                /* 0x00005e0009087a11 */
                                                                                             /* 0x040fe400078210ff */
        /*0570*/                   LDG.E.CONSTANT R27, [R4.64] ;                             /* 0x00000006041b7981 */
                                                                                             /* 0x000124000c1e9900 */
        /*0580*/                   LEA.HI.X R9, R9, c[0x0][0x17c], R30, 0x2, P1 ;            /* 0x00005f0009097a11 */
                                                                                             /* 0x000fca00008f141e */
        /*0590*/                   LDG.E.CONSTANT R25, [R8.64+0x2000] ;                      /* 0x0020000608197981 */
                                                                                             /* 0x000928000c1e9900 */
        /*05a0*/                   LDG.E.CONSTANT R19, [R8.64+0x4000] ;                      /* 0x0040000608137981 */
                                                                                             /* 0x000928000c1e9900 */
        /*05b0*/                   LDG.E.CONSTANT R21, [R8.64+0x6000] ;                      /* 0x0060000608157981 */
                                                                                             /* 0x000922000c1e9900 */
        /*05c0*/                   IADD3 R32, R16, 0x8000, RZ ;                              /* 0x0000800010207810 */
                                                                                             /* 0x000fc60007ffe0ff */
        /*05d0*/                   LDG.E.CONSTANT R23, [R8.64+0x8000] ;                      /* 0x0080000608177981 */
                                                                                             /* 0x000922000c1e9900 */
        /*05e0*/                   IADD3 R7, R11, R32, RZ ;                                  /* 0x000000200b077210 */
                                                                                             /* 0x002fc60007ffe0ff */
        /*05f0*/                   LDG.E.CONSTANT R29, [R8.64+0xa000] ;                      /* 0x00a00006081d7981 */
                                                                                             /* 0x001922000c1e9900 */
        /*0600*/                   IADD3 R30, P1, R11, R32, RZ ;                             /* 0x000000200b1e7210 */
                                                                                             /* 0x000fc60007f3e0ff */
        /*0610*/                   LDG.E.CONSTANT R31, [R8.64+0xc000] ;                      /* 0x00c00006081f7981 */
                                                                                             /* 0x000922000c1e9900 */
        /*0620*/                   LEA.HI.X.SX32 R5, R32, R10, 0x1, P1 ;                     /* 0x0000000a20057211 */
                                                                                             /* 0x000fe200008f0eff */
        /*0630*/                   IMAD.WIDE R6, R7, R0, c[0x0][0x178] ;                     /* 0x00005e0007067625 */
                                                                                             /* 0x000fe200078e0200 */
        /*0640*/                   LEA R4, P1, R30.reuse, c[0x0][0x178], 0x2 ;               /* 0x00005e001e047a11 */
                                                                                             /* 0x040fe200078210ff */
        /*0650*/                   LDG.E.CONSTANT R37, [R8.64+0xe000] ;                      /* 0x00e0000608257981 */
                                                                                             /* 0x000926000c1e9900 */
        /*0660*/                   LEA.HI.X R5, R30, c[0x0][0x17c], R5, 0x2, P1 ;            /* 0x00005f001e057a11 */
                                                                                             /* 0x000fca00008f1405 */
        /*0670*/                   LDG.E.CONSTANT R30, [R4.64+0xa000] ;                      /* 0x00a00006041e7981 */
                                                                                             /* 0x000128000c1e9900 */
        /*0680*/                   LDG.E.CONSTANT R32, [R4.64+0xe000] ;                      /* 0x00e0000604207981 */
                                                                                             /* 0x000122000c1e9900 */
        /*0690*/                   FADD R28, -R12, R28 ;                                     /* 0x0000001c0c1c7221 */
                                                                                             /* 0x024fc80000000100 */
        /*06a0*/                   FFMA R28, R28, R28, R18 ;                                 /* 0x0000001c1c1c7223 */
                                                                                             /* 0x000fe20000000012 */
        /*06b0*/                   FADD R26, -R12, R26 ;                                     /* 0x0000001a0c1a7221 */
                                                                                             /* 0x008fe20000000100 */
        /*06c0*/                   LDG.E.CONSTANT R18, [R6.64] ;                             /* 0x0000000606127981 */
                                                                                             /* 0x0002a6000c1e9900 */
        /*06d0*/                   FFMA R28, R26, R26, R28 ;                                 /* 0x0000001a1a1c7223 */
                                                                                             /* 0x000fe2000000001c */
        /*06e0*/                   FADD R9, -R12.reuse, R20 ;                                /* 0x000000140c097221 */
                                                                                             /* 0x050fe20000000100 */
        /*06f0*/                   LDG.E.CONSTANT R26, [R4.64+0x6000] ;                      /* 0x00600006041a7981 */
                                                                                             /* 0x0000e8000c1e9900 */
        /*0700*/                   LDG.E.CONSTANT R20, [R4.64+0x2000] ;                      /* 0x0020000604147981 */
                                                                                             /* 0x000122000c1e9900 */
        /*0710*/                   FFMA R9, R9, R9, R28 ;                                    /* 0x0000000909097223 */
                                                                                             /* 0x000fe2000000001c */
        /*0720*/                   FADD R22, -R12, R22 ;                                     /* 0x000000160c167221 */
                                                                                             /* 0x000fc40000000100 */
        /*0730*/                   LDG.E.CONSTANT R28, [R4.64+0x4000] ;                      /* 0x00400006041c7981 */
                                                                                             /* 0x0000e2000c1e9900 */
        /*0740*/                   FADD R8, -R12, R33 ;                                      /* 0x000000210c087221 */
                                                                                             /* 0x000fe20000000100 */
        /*0750*/                   FFMA R9, R22, R22, R9 ;                                   /* 0x0000001616097223 */
                                                                                             /* 0x000fe20000000009 */
        /*0760*/                   IADD3 R6, R16, 0xc000, RZ ;                               /* 0x0000c00010067810 */
                                                                                             /* 0x002fe20007ffe0ff */
        /*0770*/                   LDG.E.CONSTANT R22, [R4.64+0x8000] ;                      /* 0x0080000604167981 */
                                                                                             /* 0x0000e2000c1e9900 */
        /*0780*/                   FADD R34, -R12, R35 ;                                     /* 0x000000230c227221 */
                                                                                             /* 0x000fe20000000100 */
        /*0790*/                   FFMA R9, R8, R8, R9 ;                                     /* 0x0000000808097223 */
                                                                                             /* 0x000fe20000000009 */
        /*07a0*/                   IADD3 R7, P1, R11.reuse, R6, RZ ;                         /* 0x000000060b077210 */
                                                                                             /* 0x040fe20007f3e0ff */
        /*07b0*/                   LDG.E.CONSTANT R33, [R4.64+0xc000] ;                      /* 0x00c0000604217981 */
                                                                                             /* 0x0000e4000c1e9900 */
        /*07c0*/                   FFMA R34, R34, R34, R9 ;                                  /* 0x0000002222227223 */
                                                                                             /* 0x000fe20000000009 */
        /*07d0*/                   IADD3 R9, R11, R6, RZ ;                                   /* 0x000000060b097210 */
                                                                                             /* 0x000fc40007ffe0ff */
        /*07e0*/                   LEA.HI.X.SX32 R8, R6, R10, 0x1, P1 ;                      /* 0x0000000a06087211 */
                                                                                             /* 0x000fe400008f0eff */
        /*07f0*/                   LEA R6, P1, R7, c[0x0][0x178], 0x2 ;                      /* 0x00005e0007067a11 */
                                                                                             /* 0x000fc800078210ff */
        /*0800*/                   LEA.HI.X R7, R7, c[0x0][0x17c], R8, 0x2, P1 ;             /* 0x00005f0007077a11 */
                                                                                             /* 0x000fe200008f1408 */
        /*0810*/                   IMAD.WIDE R8, R9, R0, c[0x0][0x178] ;                     /* 0x00005e0009087625 */
                                                                                             /* 0x000fe200078e0200 */
        /*0820*/                   FADD R15, -R12.reuse, R15 ;                               /* 0x0000000f0c0f7221 */
                                                                                             /* 0x040fe20000000100 */
        /*0830*/                   FADD R17, -R12.reuse, R17 ;                               /* 0x000000110c117221 */
                                                                                             /* 0x040fe40000000100 */
        /*0840*/                   LDG.E.CONSTANT R5, [R6.64+0x2000] ;                       /* 0x0020000606057981 */
                                                                                             /* 0x0014e8000c1e9900 */
        /*0850*/                   LDG.E.CONSTANT R9, [R8.64] ;                              /* 0x0000000608097981 */
                                                                                             /* 0x000ee2000c1e9900 */
        /*0860*/                   FFMA R34, R15, R15, R34 ;                                 /* 0x0000000f0f227223 */
                                                                                             /* 0x000fe20000000022 */
        /*0870*/                   FADD R27, -R12, R27 ;                                     /* 0x0000001b0c1b7221 */
                                                                                             /* 0x000fc40000000100 */
        /*0880*/                   LDG.E.CONSTANT R15, [R6.64+0x4000] ;                      /* 0x00400006060f7981 */
                                                                                             /* 0x0004e2000c1e9900 */
        /*0890*/                   FFMA R34, R17, R17, R34 ;                                 /* 0x0000001111227223 */
                                                                                             /* 0x000fc60000000022 */
        /*08a0*/                   LDG.E.CONSTANT R17, [R6.64+0x6000] ;                      /* 0x0060000606117981 */
                                                                                             /* 0x0004e2000c1e9900 */
        /*08b0*/                   FFMA R34, R27, R27, R34 ;                                 /* 0x0000001b1b227223 */
                                                                                             /* 0x000fe20000000022 */
        /*08c0*/                   FADD R27, -R12, R25 ;                                     /* 0x000000190c1b7221 */
                                                                                             /* 0x000fe40000000100 */
        /*08d0*/                   LDG.E.CONSTANT R25, [R6.64+0x8000] ;                      /* 0x0080000606197981 */
                                                                                             /* 0x0004e8000c1e9900 */
        /*08e0*/                   LDG.E.CONSTANT R35, [R6.64+0xa000] ;                      /* 0x00a0000606237981 */
                                                                                             /* 0x0004e2000c1e9900 */
        /*08f0*/                   FFMA R34, R27, R27, R34 ;                                 /* 0x0000001b1b227223 */
                                                                                             /* 0x000fc60000000022 */
        /*0900*/                   LDG.E.CONSTANT R27, [R6.64+0xc000] ;                      /* 0x00c00006061b7981 */
                                                                                             /* 0x0004e8000c1e9900 */
        /*0910*/                   LDG.E.CONSTANT R4, [R6.64+0xe000] ;                       /* 0x00e0000606047981 */
                                                                                             /* 0x0004e2000c1e9900 */
        /*0920*/                   FADD R19, -R12.reuse, R19 ;                               /* 0x000000130c137221 */
                                                                                             /* 0x040fe20000000100 */
        /*0930*/                   FADD R21, -R12, R21 ;                                     /* 0x000000150c157221 */
                                                                                             /* 0x000fc60000000100 */
        /*0940*/                   FFMA R34, R19, R19, R34 ;                                 /* 0x0000001313227223 */
                                                                                             /* 0x000fe20000000022 */
        /*0950*/                   FADD R23, -R12, R23 ;                                     /* 0x000000170c177221 */
                                                                                             /* 0x000fc60000000100 */
        /*0960*/                   FFMA R34, R21, R21, R34 ;                                 /* 0x0000001515227223 */
                                                                                             /* 0x000fe20000000022 */
        /*0970*/                   FADD R29, -R12, R29 ;                                     /* 0x0000001d0c1d7221 */
                                                                                             /* 0x000fc60000000100 */
        /*0980*/                   FFMA R34, R23, R23, R34 ;                                 /* 0x0000001717227223 */
                                                                                             /* 0x000fe20000000022 */
        /*0990*/                   FADD R31, -R12, R31 ;                                     /* 0x0000001f0c1f7221 */
                                                                                             /* 0x000fc60000000100 */
        /*09a0*/                   FFMA R34, R29, R29, R34 ;                                 /* 0x0000001d1d227223 */
                                                                                             /* 0x000fe20000000022 */
        /*09b0*/                   FADD R37, -R12, R37 ;                                     /* 0x000000250c257221 */
                                                                                             /* 0x000fc60000000100 */
        /*09c0*/                   FFMA R34, R31, R31, R34 ;                                 /* 0x0000001f1f227223 */
                                                                                             /* 0x000fc80000000022 */
        /*09d0*/                   FFMA R34, R37, R37, R34 ;                                 /* 0x0000002525227223 */
                                                                                             /* 0x000fe20000000022 */
        /*09e0*/                   UIADD3 UR4, UR4, 0x20, URZ ;                              /* 0x0000002004047890 */
                                                                                             /* 0x000fcc000fffe03f */
        /*09f0*/                   ISETP.LE.AND P1, PT, R24, UR4, PT ;                       /* 0x0000000418007c0c */
                                                                                             /* 0x000fe4000bf23270 */
        /*0a00*/                   IADD3 R16, R16, 0x10000, RZ ;                             /* 0x0001000010107810 */
                                                                                             /* 0x000fe20007ffe0ff */
        /*0a10*/                   FADD R7, -R12, R18 ;                                      /* 0x000000120c077221 */
                                                                                             /* 0x004fc80000000100 */
        /*0a20*/                   FFMA R34, R7, R7, R34 ;                                   /* 0x0000000707227223 */
                                                                                             /* 0x000fe20000000022 */
        /*0a30*/                   FADD R7, -R12, R20 ;                                      /* 0x000000140c077221 */
                                                                                             /* 0x010fc80000000100 */
        /*0a40*/                   FFMA R34, R7, R7, R34 ;                                   /* 0x0000000707227223 */
                                                                                             /* 0x000fe20000000022 */
        /*0a50*/                   FADD R7, -R12, R28 ;                                      /* 0x0000001c0c077221 */
                                                                                             /* 0x008fc80000000100 */
        /*0a60*/                   FFMA R34, R7, R7, R34 ;                                   /* 0x0000000707227223 */
                                                                                             /* 0x000fe20000000022 */
        /*0a70*/                   FADD R7, -R12, R26 ;                                      /* 0x0000001a0c077221 */
                                                                                             /* 0x000fc80000000100 */
        /*0a80*/                   FFMA R34, R7, R7, R34 ;                                   /* 0x0000000707227223 */
                                                                                             /* 0x000fe20000000022 */
        /*0a90*/                   FADD R7, -R12, R22 ;                                      /* 0x000000160c077221 */
                                                                                             /* 0x000fc80000000100 */
        /*0aa0*/                   FFMA R34, R7, R7, R34 ;                                   /* 0x0000000707227223 */
                                                                                             /* 0x000fe20000000022 */
        /*0ab0*/                   FADD R7, -R12.reuse, R30 ;                                /* 0x0000001e0c077221 */
                                                                                             /* 0x040fe20000000100 */
        /*0ac0*/                   FADD R33, -R12, R33 ;                                     /* 0x000000210c217221 */
                                                                                             /* 0x000fc60000000100 */
        /*0ad0*/                   FFMA R34, R7, R7, R34 ;                                   /* 0x0000000707227223 */
                                                                                             /* 0x000fe20000000022 */
        /*0ae0*/                   FADD R7, -R12, R32 ;                                      /* 0x000000200c077221 */
                                                                                             /* 0x000fc60000000100 */
        /*0af0*/                   FFMA R34, R33, R33, R34 ;                                 /* 0x0000002121227223 */
                                                                                             /* 0x000fc80000000022 */
        /*0b00*/                   FFMA R34, R7, R7, R34 ;                                   /* 0x0000000707227223 */
                                                                                             /* 0x000fe20000000022 */
        /*0b10*/                   FADD R9, -R12.reuse, R9 ;                                 /* 0x000000090c097221 */
                                                                                             /* 0x040fe20000000100 */
        /*0b20*/                   FADD R5, -R12, R5 ;                                       /* 0x000000050c057221 */
                                                                                             /* 0x000fc60000000100 */
        /*0b30*/                   FFMA R34, R9, R9, R34 ;                                   /* 0x0000000909227223 */
                                                                                             /* 0x000fe20000000022 */
        /*0b40*/                   FADD R15, -R12, R15 ;                                     /* 0x0000000f0c0f7221 */
                                                                                             /* 0x000fc60000000100 */
        /*0b50*/                   FFMA R34, R5, R5, R34 ;                                   /* 0x0000000505227223 */
                                                                                             /* 0x000fe20000000022 */
        /*0b60*/                   FADD R17, -R12, R17 ;                                     /* 0x000000110c117221 */
                                                                                             /* 0x000fc60000000100 */
        /*0b70*/                   FFMA R34, R15, R15, R34 ;                                 /* 0x0000000f0f227223 */
                                                                                             /* 0x000fe20000000022 */
        /*0b80*/                   FADD R25, -R12, R25 ;                                     /* 0x000000190c197221 */
                                                                                             /* 0x000fc60000000100 */
        /*0b90*/                   FFMA R34, R17, R17, R34 ;                                 /* 0x0000001111227223 */
                                                                                             /* 0x000fe20000000022 */
        /*0ba0*/                   FADD R35, -R12, R35 ;                                     /* 0x000000230c237221 */
                                                                                             /* 0x000fc60000000100 */
        /*0bb0*/                   FFMA R34, R25, R25, R34 ;                                 /* 0x0000001919227223 */
                                                                                             /* 0x000fe20000000022 */
        /*0bc0*/                   FADD R27, -R12, R27 ;                                     /* 0x0000001b0c1b7221 */
                                                                                             /* 0x000fc60000000100 */
        /*0bd0*/                   FFMA R34, R35, R35, R34 ;                                 /* 0x0000002323227223 */
                                                                                             /* 0x000fe20000000022 */
        /*0be0*/                   FADD R5, -R12, R4 ;                                       /* 0x000000040c057221 */
                                                                                             /* 0x000fc60000000100 */
        /*0bf0*/                   FFMA R34, R27, R27, R34 ;                                 /* 0x0000001b1b227223 */
                                                                                             /* 0x000fc80000000022 */
        /*0c00*/                   FFMA R18, R5, R5, R34 ;                                   /* 0x0000000505127223 */
                                                                                             /* 0x000fe20000000022 */
        /*0c10*/              @!P1 BRA 0x430 ;                                               /* 0xfffff81000009947 */
                                                                                             /* 0x000fea000383ffff */
        /*0c20*/                   IADD3 R4, R14, -UR4, RZ ;                                 /* 0x800000040e047c10 */
                                                                                             /* 0x000fc8000fffe0ff */
        /*0c30*/                   ISETP.GT.AND P1, PT, R4, 0x8, PT ;                        /* 0x000000080400780c */
                                                                                             /* 0x000fda0003f24270 */
        /*0c40*/              @!P1 BRA 0x1050 ;                                              /* 0x0000040000009947 */
                                                                                             /* 0x000fea0003800000 */
        /*0c50*/                   IADD3 R5, R11.reuse, R16.reuse, RZ ;                      /* 0x000000100b057210 */
                                                                                             /* 0x0c0fe40007ffe0ff */
        /*0c60*/                   IADD3 R7, P0, R11, R16, RZ ;                              /* 0x000000100b077210 */
                                                                                             /* 0x000fc60007f1e0ff */
        /*0c70*/                   IMAD.WIDE R4, R5, R0, c[0x0][0x178] ;                     /* 0x00005e0005047625 */
                                                                                             /* 0x000fe200078e0200 */
        /*0c80*/                   LEA.HI.X.SX32 R8, R16, R10, 0x1, P0 ;                     /* 0x0000000a10087211 */
                                                                                             /* 0x000fe400000f0eff */
        /*0c90*/                   LEA R6, P0, R7.reuse, c[0x0][0x178], 0x2 ;                /* 0x00005e0007067a11 */
                                                                                             /* 0x040fe400078010ff */
        /*0ca0*/                   LDG.E.CONSTANT R22, [R4.64] ;                             /* 0x0000000604167981 */
                                                                                             /* 0x0000a4000c1e9900 */
        /*0cb0*/                   LEA.HI.X R7, R7, c[0x0][0x17c], R8, 0x2, P0 ;             /* 0x00005f0007077a11 */
                                                                                             /* 0x000fca00000f1408 */
        /*0cc0*/                   LDG.E.CONSTANT R31, [R6.64+0x2000] ;                      /* 0x00200006061f7981 */
                                                                                             /* 0x0002e8000c1e9900 */
        /*0cd0*/                   LDG.E.CONSTANT R29, [R6.64+0x4000] ;                      /* 0x00400006061d7981 */
                                                                                             /* 0x000328000c1e9900 */
        /*0ce0*/                   LDG.E.CONSTANT R27, [R6.64+0x6000] ;                      /* 0x00600006061b7981 */
                                                                                             /* 0x000322000c1e9900 */
        /*0cf0*/                   IADD3 R8, R16, 0x4000, RZ ;                               /* 0x0000400010087810 */
                                                                                             /* 0x000fc60007ffe0ff */
        /*0d00*/                   LDG.E.CONSTANT R25, [R6.64+0x8000] ;                      /* 0x0080000606197981 */
                                                                                             /* 0x000322000c1e9900 */
        /*0d10*/                   IADD3 R21, R11, R8, RZ ;                                  /* 0x000000080b157210 */
                                                                                             /* 0x000fc60007ffe0ff */
        /*0d20*/                   LDG.E.CONSTANT R23, [R6.64+0xa000] ;                      /* 0x00a0000606177981 */
                                                                                             /* 0x000322000c1e9900 */
        /*0d30*/                   IADD3 R9, P0, R11, R8, RZ ;                               /* 0x000000080b097210 */
                                                                                             /* 0x000fe20007f1e0ff */
        /*0d40*/                   IMAD.WIDE R20, R21, R0, c[0x0][0x178] ;                   /* 0x00005e0015147625 */
                                                                                             /* 0x000fe400078e0200 */
        /*0d50*/                   LDG.E.CONSTANT R19, [R6.64+0xc000] ;                      /* 0x00c0000606137981 */
                                                                                             /* 0x000322000c1e9900 */
        /*0d60*/                   LEA.HI.X.SX32 R8, R8, R10, 0x1, P0 ;                      /* 0x0000000a08087211 */
                                                                                             /* 0x000fe400000f0eff */
        /*0d70*/                   LEA R4, P0, R9.reuse, c[0x0][0x178], 0x2 ;                /* 0x00005e0009047a11 */
                                                                                             /* 0x041fe200078010ff */
        /*0d80*/                   LDG.E.CONSTANT R35, [R6.64+0xe000] ;                      /* 0x00e0000606237981 */
                                                                                             /* 0x000326000c1e9900 */
        /*0d90*/                   LEA.HI.X R5, R9, c[0x0][0x17c], R8, 0x2, P0 ;             /* 0x00005f0009057a11 */
                                                                                             /* 0x000fe200000f1408 */
        /*0da0*/                   LDG.E.CONSTANT R21, [R20.64] ;                            /* 0x0000000614157981 */
                                                                                             /* 0x000f28000c1e9900 */
        /*0db0*/                   LDG.E.CONSTANT R8, [R4.64+0x2000] ;                       /* 0x0020000604087981 */
                                                                                             /* 0x000f28000c1e9900 */
        /*0dc0*/                   LDG.E.CONSTANT R37, [R4.64+0x4000] ;                      /* 0x0040000604257981 */
                                                                                             /* 0x000f28000c1e9900 */
        /*0dd0*/                   LDG.E.CONSTANT R33, [R4.64+0x6000] ;                      /* 0x0060000604217981 */
                                                                                             /* 0x000128000c1e9900 */
        /*0de0*/                   LDG.E.CONSTANT R17, [R4.64+0x8000] ;                      /* 0x0080000604117981 */
                                                                                             /* 0x000128000c1e9900 */
        /*0df0*/                   LDG.E.CONSTANT R15, [R4.64+0xa000] ;                      /* 0x00a00006040f7981 */
                                                                                             /* 0x000128000c1e9900 */
        /*0e00*/                   LDG.E.CONSTANT R7, [R4.64+0xc000] ;                       /* 0x00c0000604077981 */
                                                                                             /* 0x002128000c1e9900 */
        /*0e10*/                   LDG.E.CONSTANT R9, [R4.64+0xe000] ;                       /* 0x00e0000604097981 */
                                                                                             /* 0x000122000c1e9900 */
        /*0e20*/                   PLOP3.LUT P0, PT, PT, PT, PT, 0x8, 0x0 ;                  /* 0x000000000000781c */
                                                                                             /* 0x000fc40003f0e170 */
        /*0e30*/                   IADD3 R16, R16, 0x8000, RZ ;                              /* 0x0000800010107810 */
                                                                                             /* 0x000fe20007ffe0ff */
        /*0e40*/                   UIADD3 UR4, UR4, 0x10, URZ ;                              /* 0x0000001004047890 */
                                                                                             /* 0x000fe2000fffe03f */
        /*0e50*/                   FADD R22, -R12, R22 ;                                     /* 0x000000160c167221 */
                                                                                             /* 0x024fc80000000100 */
        /*0e60*/                   FFMA R18, R22, R22, R18 ;                                 /* 0x0000001616127223 */
                                                                                             /* 0x000fe20000000012 */
        /*0e70*/                   FADD R31, -R12, R31 ;                                     /* 0x0000001f0c1f7221 */
                                                                                             /* 0x008fc80000000100 */
        /*0e80*/                   FFMA R18, R31, R31, R18 ;                                 /* 0x0000001f1f127223 */
                                                                                             /* 0x000fe20000000012 */
        /*0e90*/                   FADD R29, -R12.reuse, R29 ;                               /* 0x0000001d0c1d7221 */
                                                                                             /* 0x050fe20000000100 */
        /*0ea0*/                   FADD R27, -R12, R27 ;                                     /* 0x0000001b0c1b7221 */
                                                                                             /* 0x000fc60000000100 */
        /*0eb0*/                   FFMA R18, R29, R29, R18 ;                                 /* 0x0000001d1d127223 */
                                                                                             /* 0x000fe20000000012 */
        /*0ec0*/                   FADD R25, -R12, R25 ;                                     /* 0x000000190c197221 */
                                                                                             /* 0x000fc60000000100 */
        /*0ed0*/                   FFMA R18, R27, R27, R18 ;                                 /* 0x0000001b1b127223 */
                                                                                             /* 0x000fe20000000012 */
        /*0ee0*/                   FADD R23, -R12, R23 ;                                     /* 0x000000170c177221 */
                                                                                             /* 0x000fc60000000100 */
        /*0ef0*/                   FFMA R18, R25, R25, R18 ;                                 /* 0x0000001919127223 */
                                                                                             /* 0x000fe20000000012 */
        /*0f00*/                   FADD R19, -R12, R19 ;                                     /* 0x000000130c137221 */
                                                                                             /* 0x000fc60000000100 */
        /*0f10*/                   FFMA R18, R23, R23, R18 ;                                 /* 0x0000001717127223 */
                                                                                             /* 0x000fe20000000012 */
        /*0f20*/                   FADD R35, -R12, R35 ;                                     /* 0x000000230c237221 */
                                                                                             /* 0x000fc60000000100 */
        /*0f30*/                   FFMA R18, R19, R19, R18 ;                                 /* 0x0000001313127223 */
                                                                                             /* 0x000fe20000000012 */
        /*0f40*/                   FADD R21, -R12, R21 ;                                     /* 0x000000150c157221 */
                                                                                             /* 0x000fc60000000100 */
        /*0f50*/                   FFMA R18, R35, R35, R18 ;                                 /* 0x0000002323127223 */
                                                                                             /* 0x000fe20000000012 */
        /*0f60*/                   FADD R8, -R12, R8 ;                                       /* 0x000000080c087221 */
                                                                                             /* 0x000fc60000000100 */
        /*0f70*/                   FFMA R21, R21, R21, R18 ;                                 /* 0x0000001515157223 */
                                                                                             /* 0x000fe20000000012 */
        /*0f80*/                   FADD R4, -R12, R37 ;                                      /* 0x000000250c047221 */
                                                                                             /* 0x001fc60000000100 */
        /*0f90*/                   FFMA R21, R8, R8, R21 ;                                   /* 0x0000000808157223 */
                                                                                             /* 0x000fc80000000015 */
        /*0fa0*/                   FFMA R21, R4, R4, R21 ;                                   /* 0x0000000404157223 */
                                                                                             /* 0x000fe20000000015 */
        /*0fb0*/                   FADD R4, -R12, R33 ;                                      /* 0x000000210c047221 */
                                                                                             /* 0x000fc80000000100 */
        /*0fc0*/                   FFMA R21, R4, R4, R21 ;                                   /* 0x0000000404157223 */
                                                                                             /* 0x000fe20000000015 */
        /*0fd0*/                   FADD R4, -R12, R17 ;                                      /* 0x000000110c047221 */
                                                                                             /* 0x000fc80000000100 */
        /*0fe0*/                   FFMA R21, R4, R4, R21 ;                                   /* 0x0000000404157223 */
                                                                                             /* 0x000fe20000000015 */
        /*0ff0*/                   FADD R4, -R12.reuse, R15 ;                                /* 0x0000000f0c047221 */
                                                                                             /* 0x040fe20000000100 */
        /*1000*/                   FADD R6, -R12, R7 ;                                       /* 0x000000070c067221 */
                                                                                             /* 0x000fc60000000100 */
        /*1010*/                   FFMA R21, R4, R4, R21 ;                                   /* 0x0000000404157223 */
                                                                                             /* 0x000fe20000000015 */
        /*1020*/                   FADD R18, -R12, R9 ;                                      /* 0x000000090c127221 */
                                                                                             /* 0x000fc60000000100 */
        /*1030*/                   FFMA R21, R6, R6, R21 ;                                   /* 0x0000000606157223 */
                                                                                             /* 0x000fc80000000015 */
        /*1040*/                   FFMA R18, R18, R18, R21 ;                                 /* 0x0000001212127223 */
                                                                                             /* 0x000fe20000000015 */
        /*1050*/                   ISETP.NE.U32.OR P0, PT, R14, UR4, P0 ;                    /* 0x000000040e007c0c */
                                                                                             /* 0x000fe40008705470 */
        /*1060*/                   ISETP.NE.U32.AND P1, PT, R13, RZ, PT ;                    /* 0x000000ff0d00720c */
                                                                                             /* 0x000fd60003f25070 */
        /*1070*/              @!P0 BRA 0x12a0 ;                                              /* 0x0000022000008947 */
                                                                                             /* 0x000fea0003800000 */
        /*1080*/                   IADD3 R7, R11.reuse, R16.reuse, RZ ;                      /* 0x000000100b077210 */
                                                                                             /* 0x0c0fe40007ffe0ff */
        /*1090*/                   IADD3 R5, P0, R11, R16, RZ ;                              /* 0x000000100b057210 */
                                                                                             /* 0x000fc60007f1e0ff */
        /*10a0*/                   IMAD.WIDE R6, R7, R0, c[0x0][0x178] ;                     /* 0x00005e0007067625 */
                                                                                             /* 0x000fe200078e0200 */
        /*10b0*/                   LEA.HI.X.SX32 R8, R16, R10, 0x1, P0 ;                     /* 0x0000000a10087211 */
                                                                                             /* 0x000fe400000f0eff */
        /*10c0*/                   LEA R4, P0, R5, c[0x0][0x178], 0x2 ;                      /* 0x00005e0005047a11 */
                                                                                             /* 0x000fc600078010ff */
        /*10d0*/                   LDG.E.CONSTANT R7, [R6.64] ;                              /* 0x0000000606077981 */
                                                                                             /* 0x000ea2000c1e9900 */
        /*10e0*/                   LEA.HI.X R5, R5, c[0x0][0x17c], R8, 0x2, P0 ;             /* 0x00005f0005057a11 */
                                                                                             /* 0x000fca00000f1408 */
        /*10f0*/                   LDG.E.CONSTANT R15, [R4.64+0x2000] ;                      /* 0x00200006040f7981 */
                                                                                             /* 0x000ee8000c1e9900 */
        /*1100*/                   LDG.E.CONSTANT R17, [R4.64+0x4000] ;                      /* 0x0040000604117981 */
                                                                                             /* 0x000f28000c1e9900 */
        /*1110*/                   LDG.E.CONSTANT R19, [R4.64+0x6000] ;                      /* 0x0060000604137981 */
                                                                                             /* 0x000f28000c1e9900 */
        /*1120*/                   LDG.E.CONSTANT R21, [R4.64+0x8000] ;                      /* 0x0080000604157981 */
                                                                                             /* 0x000f28000c1e9900 */
        /*1130*/                   LDG.E.CONSTANT R23, [R4.64+0xa000] ;                      /* 0x00a0000604177981 */
                                                                                             /* 0x000f28000c1e9900 */
        /*1140*/                   LDG.E.CONSTANT R25, [R4.64+0xc000] ;                      /* 0x00c0000604197981 */
                                                                                             /* 0x000128000c1e9900 */
        /*1150*/                   LDG.E.CONSTANT R27, [R4.64+0xe000] ;                      /* 0x00e00006041b7981 */
                                                                                             /* 0x000122000c1e9900 */
        /*1160*/                   UIADD3 UR4, UR4, 0x8, URZ ;                               /* 0x0000000804047890 */
                                                                                             /* 0x000fcc000fffe03f */
        /*1170*/                   ISETP.NE.U32.AND P0, PT, R14, UR4, PT ;                   /* 0x000000040e007c0c */
                                                                                             /* 0x000fe4000bf05070 */
        /*1180*/                   IADD3 R16, R16, 0x4000, RZ ;                              /* 0x0000400010107810 */
                                                                                             /* 0x000fe20007ffe0ff */
        /*1190*/                   FADD R9, -R12, R7 ;                                       /* 0x000000070c097221 */
                                                                                             /* 0x024fc80000000100 */
        /*11a0*/                   FFMA R9, R9, R9, R18 ;                                    /* 0x0000000909097223 */
                                                                                             /* 0x000fe20000000012 */
        /*11b0*/                   FADD R8, -R12, R15 ;                                      /* 0x0000000f0c087221 */
                                                                                             /* 0x008fc80000000100 */
        /*11c0*/                   FFMA R9, R8, R8, R9 ;                                     /* 0x0000000808097223 */
                                                                                             /* 0x000fe20000000009 */
        /*11d0*/                   FADD R6, -R12, R17 ;                                      /* 0x000000110c067221 */
                                                                                             /* 0x010fc80000000100 */
        /*11e0*/                   FFMA R9, R6, R6, R9 ;                                     /* 0x0000000606097223 */
                                                                                             /* 0x000fe20000000009 */
        /*11f0*/                   FADD R6, -R12, R19 ;                                      /* 0x000000130c067221 */
                                                                                             /* 0x000fc80000000100 */
        /*1200*/                   FFMA R9, R6, R6, R9 ;                                     /* 0x0000000606097223 */
                                                                                             /* 0x000fe20000000009 */
        /*1210*/                   FADD R6, -R12.reuse, R21 ;                                /* 0x000000150c067221 */
                                                                                             /* 0x040fe20000000100 */
        /*1220*/                   FADD R4, -R12, R23 ;                                      /* 0x000000170c047221 */
                                                                                             /* 0x001fc60000000100 */
        /*1230*/                   FFMA R9, R6, R6, R9 ;                                     /* 0x0000000606097223 */
                                                                                             /* 0x000fc80000000009 */
        /*1240*/                   FFMA R9, R4, R4, R9 ;                                     /* 0x0000000404097223 */
                                                                                             /* 0x000fe20000000009 */
        /*1250*/                   FADD R4, -R12.reuse, R25 ;                                /* 0x000000190c047221 */
                                                                                             /* 0x040fe20000000100 */
        /*1260*/                   FADD R18, -R12, R27 ;                                     /* 0x0000001b0c127221 */
                                                                                             /* 0x000fc60000000100 */
        /*1270*/                   FFMA R9, R4, R4, R9 ;                                     /* 0x0000000404097223 */
                                                                                             /* 0x000fc80000000009 */
        /*1280*/                   FFMA R18, R18, R18, R9 ;                                  /* 0x0000001212127223 */
                                                                                             /* 0x000fe20000000009 */
        /*1290*/               @P0 BRA 0x1080 ;                                              /* 0xfffffde000000947 */
                                                                                             /* 0x000fea000383ffff */
        /*12a0*/              @!P1 BRA 0x1340 ;                                              /* 0x0000009000009947 */
                                                                                             /* 0x000fea0003800000 */
        /*12b0*/                   LEA R11, R14, R11, 0xb ;                                  /* 0x0000000b0e0b7211 */
                                                                                             /* 0x001fca00078e58ff */
        /*12c0*/                   IMAD.WIDE R4, R11, R0, c[0x0][0x178] ;                    /* 0x00005e000b047625 */
                                                                                             /* 0x000fcc00078e0200 */
        /*12d0*/                   LDG.E.CONSTANT R5, [R4.64] ;                              /* 0x0000000604057981 */
                                                                                             /* 0x000ea2000c1e9900 */
        /*12e0*/                   IADD3 R13, R13, -0x1, RZ ;                                /* 0xffffffff0d0d7810 */
                                                                                             /* 0x000fe40007ffe0ff */
        /*12f0*/                   IADD3 R11, R11, 0x800, RZ ;                               /* 0x000008000b0b7810 */
                                                                                             /* 0x000fe40007ffe0ff */
        /*1300*/                   ISETP.NE.U32.AND P0, PT, R13, RZ, PT ;                    /* 0x000000ff0d00720c */
                                                                                             /* 0x000fe20003f05070 */
        /*1310*/                   FADD R7, -R12, R5 ;                                       /* 0x000000050c077221 */
                                                                                             /* 0x024fc80000000100 */
        /*1320*/                   FFMA R18, R7, R7, R18 ;                                   /* 0x0000000707127223 */
                                                                                             /* 0x000fd00000000012 */
        /*1330*/               @P0 BRA 0x12c0 ;                                              /* 0xffffff8000000947 */
                                                                                             /* 0x000fea000383ffff */
        /*1340*/                   MOV R5, 0x34a707c4 ;                                      /* 0x34a707c400057802 */
                                                                                             /* 0x000fe20000000f00 */
        /*1350*/                   FCHK P0, R18, 3214212 ;                                   /* 0x4a442e1012007902 */
                                                                                             /* 0x000e220000000000 */
        /*1360*/                   MOV R0, 0x4a442e10 ;                                      /* 0x4a442e1000007802 */
                                                                                             /* 0x000fe20000000f00 */
        /*1370*/                   BSSY B1, 0x1430 ;                                         /* 0x000000b000017945 */
                                                                                             /* 0x000fe80003800000 */
        /*1380*/                   FFMA R0, R5, -R0, 1 ;                                     /* 0x3f80000005007423 */
                                                                                             /* 0x000fc80000000800 */
        /*1390*/                   FFMA R0, R0, R5, 3.1111824227991746739e-07 ;              /* 0x34a707c400007423 */
                                                                                             /* 0x000fc80000000005 */
        /*13a0*/                   FFMA R5, R0, R18, RZ ;                                    /* 0x0000001200057223 */
                                                                                             /* 0x000fc800000000ff */
        /*13b0*/                   FFMA R4, R5, -3214212, R18 ;                              /* 0xca442e1005047823 */
                                                                                             /* 0x000fc80000000012 */
        /*13c0*/                   FFMA R0, R0, R4, R5 ;                                     /* 0x0000000400007223 */
                                                                                             /* 0x000fe20000000005 */
        /*13d0*/              @!P0 BRA 0x1420 ;                                              /* 0x0000004000008947 */
                                                                                             /* 0x001fea0003800000 */
        /*13e0*/                   MOV R0, R18 ;                                             /* 0x0000001200007202 */
                                                                                             /* 0x000fe40000000f00 */
        /*13f0*/                   MOV R4, 0x1410 ;                                          /* 0x0000141000047802 */
                                                                                             /* 0x000fe40000000f00 */
        /*1400*/                   CALL.REL.NOINC 0x16b0 ;                                   /* 0x000002a000007944 */
                                                                                             /* 0x020fea0003c00000 */
        /*1410*/                   MOV R0, R8 ;                                              /* 0x0000000800007202 */
                                                                                             /* 0x001fe40000000f00 */
        /*1420*/                   BSYNC B1 ;                                                /* 0x0000000000017941 */
                                                                                             /* 0x000fea0003800000 */
        /*1430*/                   IADD3 R4, R0, -0xd000000, RZ ;                            /* 0xf300000000047810 */
                                                                                             /* 0x000fe20007ffe0ff */
        /*1440*/                   MUFU.RSQ R7, R0 ;                                         /* 0x0000000000077308 */
                                                                                             /* 0x0000620000001400 */
        /*1450*/                   BSSY B0, 0x1500 ;                                         /* 0x000000a000007945 */
                                                                                             /* 0x000fe40003800000 */
        /*1460*/                   ISETP.GT.U32.AND P0, PT, R4, 0x727fffff, PT ;             /* 0x727fffff0400780c */
                                                                                             /* 0x000fda0003f04070 */
        /*1470*/              @!P0 BRA 0x14b0 ;                                              /* 0x0000003000008947 */
                                                                                             /* 0x000fea0003800000 */
        /*1480*/                   MOV R9, 0x14a0 ;                                          /* 0x000014a000097802 */
                                                                                             /* 0x003fe40000000f00 */
        /*1490*/                   CALL.REL.NOINC 0x1540 ;                                   /* 0x000000a000007944 */
                                                                                             /* 0x020fea0003c00000 */
        /*14a0*/                   BRA 0x14f0 ;                                              /* 0x0000004000007947 */
                                                                                             /* 0x000fea0003800000 */
        /*14b0*/                   FMUL.FTZ R5, R7.reuse, R0 ;                               /* 0x0000000007057220 */
                                                                                             /* 0x043fe20000410000 */
        /*14c0*/                   FMUL.FTZ R4, R7, 0.5 ;                                    /* 0x3f00000007047820 */
                                                                                             /* 0x000fc60000410000 */
        /*14d0*/                   FFMA R0, -R5, R5, R0 ;                                    /* 0x0000000505007223 */
                                                                                             /* 0x000fc80000000100 */
        /*14e0*/                   FFMA R0, R0, R4, R5 ;                                     /* 0x0000000400007223 */
                                                                                             /* 0x000fe40000000005 */
        /*14f0*/                   BSYNC B0 ;                                                /* 0x0000000000007941 */
                                                                                             /* 0x000fea0003800000 */
        /*1500*/                   FSETP.GTU.AND P0, PT, R0, 0.0049999998882412910461, PT ;  /* 0x3ba3d70a0000780b */
                                                                                             /* 0x000fc80003f0c000 */
        /*1510*/                   FSEL R5, R0, 1, P0 ;                                      /* 0x3f80000000057808 */
                                                                                             /* 0x000fca0000000000 */
        /*1520*/                   STG.E [R2.64], R5 ;                                       /* 0x0000000502007986 */
                                                                                             /* 0x000fe2000c101906 */
        /*1530*/                   EXIT ;                                                    /* 0x000000000000794d */
                                                                                             /* 0x000fea0003800000 */
        /*1540*/                   LOP3.LUT P0, RZ, R0, 0x7fffffff, RZ, 0xc0, !PT ;          /* 0x7fffffff00ff7812 */
                                                                                             /* 0x000fda000780c0ff */
        /*1550*/              @!P0 MOV R4, R0 ;                                              /* 0x0000000000048202 */
                                                                                             /* 0x000fe20000000f00 */
        /*1560*/              @!P0 BRA 0x1670 ;                                              /* 0x0000010000008947 */
                                                                                             /* 0x000fea0003800000 */
        /*1570*/                   FSETP.GEU.FTZ.AND P0, PT, R0, RZ, PT ;                    /* 0x000000ff0000720b */
                                                                                             /* 0x000fda0003f1e000 */
        /*1580*/              @!P0 MOV R4, 0x7fffffff ;                                      /* 0x7fffffff00048802 */
                                                                                             /* 0x000fe20000000f00 */
        /*1590*/              @!P0 BRA 0x1670 ;                                              /* 0x000000d000008947 */
                                                                                             /* 0x000fea0003800000 */
        /*15a0*/                   FSETP.GTU.FTZ.AND P0, PT, |R0|, +INF , PT ;               /* 0x7f8000000000780b */
                                                                                             /* 0x000fda0003f1c200 */
        /*15b0*/               @P0 FADD.FTZ R4, R0, 1 ;                                      /* 0x3f80000000040421 */
                                                                                             /* 0x000fe20000010000 */
        /*15c0*/               @P0 BRA 0x1670 ;                                              /* 0x000000a000000947 */
                                                                                             /* 0x000fea0003800000 */
        /*15d0*/                   FSETP.NEU.FTZ.AND P0, PT, |R0|, +INF , PT ;               /* 0x7f8000000000780b */
                                                                                             /* 0x000fda0003f1d200 */
        /*15e0*/               @P0 FFMA R5, R0, 1.84467440737095516160e+19, RZ ;             /* 0x5f80000000050823 */
                                                                                             /* 0x000fc800000000ff */
        /*15f0*/               @P0 MUFU.RSQ R4, R5 ;                                         /* 0x0000000500040308 */
                                                                                             /* 0x000e240000001400 */
        /*1600*/               @P0 FMUL.FTZ R6, R5, R4 ;                                     /* 0x0000000405060220 */
                                                                                             /* 0x001fe20000410000 */
        /*1610*/               @P0 FMUL.FTZ R8, R4, 0.5 ;                                    /* 0x3f00000004080820 */
                                                                                             /* 0x000fe20000410000 */
        /*1620*/              @!P0 MOV R4, R0 ;                                              /* 0x0000000000048202 */
                                                                                             /* 0x000fe40000000f00 */
        /*1630*/               @P0 FADD.FTZ R7, -R6, -RZ ;                                   /* 0x800000ff06070221 */
                                                                                             /* 0x000fc80000010100 */
        /*1640*/               @P0 FFMA R7, R6, R7, R5 ;                                     /* 0x0000000706070223 */
                                                                                             /* 0x000fc80000000005 */
        /*1650*/               @P0 FFMA R7, R7, R8, R6 ;                                     /* 0x0000000807070223 */
                                                                                             /* 0x000fc80000000006 */
        /*1660*/               @P0 FMUL.FTZ R4, R7, 2.3283064365386962891e-10 ;              /* 0x2f80000007040820 */
                                                                                             /* 0x000fca0000410000 */
        /*1670*/                   MOV R0, R4 ;                                              /* 0x0000000400007202 */
                                                                                             /* 0x000fe40000000f00 */
        /*1680*/                   MOV R4, R9 ;                                              /* 0x0000000900047202 */
                                                                                             /* 0x000fe40000000f00 */
        /*1690*/                   MOV R5, 0x0 ;                                             /* 0x0000000000057802 */
                                                                                             /* 0x000fc80000000f00 */
        /*16a0*/                   RET.REL.NODEC R4 0x0 ;                                    /* 0xffffe95004007950 */
                                                                                             /* 0x000fea0003c3ffff */
        /*16b0*/                   SHF.R.U32.HI R5, RZ, 0x17, R0 ;                           /* 0x00000017ff057819 */
                                                                                             /* 0x000fe20000011600 */
        /*16c0*/                   BSSY B0, 0x1c80 ;                                         /* 0x000005b000007945 */
                                                                                             /* 0x000fe20003800000 */
        /*16d0*/                   BSSY B2, 0x1870 ;                                         /* 0x0000019000027945 */
                                                                                             /* 0x000fe40003800000 */
        /*16e0*/                   LOP3.LUT R6, R5, 0xff, RZ, 0xc0, !PT ;                    /* 0x000000ff05067812 */
                                                                                             /* 0x000fc800078ec0ff */
        /*16f0*/                   IADD3 R7, R6, -0x1, RZ ;                                  /* 0xffffffff06077810 */
                                                                                             /* 0x000fc80007ffe0ff */
        /*1700*/                   ISETP.GT.U32.OR P0, PT, R7, 0xfd, !PT ;                   /* 0x000000fd0700780c */
                                                                                             /* 0x000fda0007f04470 */
        /*1710*/              @!P0 MOV R5, RZ ;                                              /* 0x000000ff00058202 */
                                                                                             /* 0x000fe20000000f00 */
        /*1720*/              @!P0 BRA 0x1860 ;                                              /* 0x0000013000008947 */
                                                                                             /* 0x000fea0003800000 */
        /*1730*/                   FSETP.GTU.FTZ.AND P0, PT, |R0|, +INF , PT ;               /* 0x7f8000000000780b */
                                                                                             /* 0x000fda0003f1c200 */
        /*1740*/               @P0 BREAK B2 ;                                                /* 0x0000000000020942 */
                                                                                             /* 0x000fe20003800000 */
        /*1750*/               @P0 BRA 0x1c60 ;                                              /* 0x0000050000000947 */
                                                                                             /* 0x000fea0003800000 */
        /*1760*/                   MOV R5, 0x4a442e10 ;                                      /* 0x4a442e1000057802 */
                                                                                             /* 0x000fc80000000f00 */
        /*1770*/                   LOP3.LUT P0, RZ, R5, 0x7fffffff, R0, 0xc8, !PT ;          /* 0x7fffffff05ff7812 */
                                                                                             /* 0x000fda000780c800 */
        /*1780*/              @!P0 BREAK B2 ;                                                /* 0x0000000000028942 */
                                                                                             /* 0x000fe20003800000 */
        /*1790*/              @!P0 BRA 0x1c40 ;                                              /* 0x000004a000008947 */
                                                                                             /* 0x000fea0003800000 */
        /*17a0*/                   LOP3.LUT P0, RZ, R0, 0x7fffffff, RZ, 0xc0, !PT ;          /* 0x7fffffff00ff7812 */
                                                                                             /* 0x000fda000780c0ff */
        /*17b0*/              @!P0 BREAK B2 ;                                                /* 0x0000000000028942 */
                                                                                             /* 0x000fe20003800000 */
        /*17c0*/              @!P0 BRA 0x1c20 ;                                              /* 0x0000045000008947 */
                                                                                             /* 0x000fea0003800000 */
        /*17d0*/                   FSETP.NEU.FTZ.AND P1, PT, |R0|, +INF , PT ;               /* 0x7f8000000000780b */
                                                                                             /* 0x000fe40003f3d200 */
        /*17e0*/                   LOP3.LUT P0, RZ, R5, 0x7fffffff, RZ, 0xc0, !PT ;          /* 0x7fffffff05ff7812 */
                                                                                             /* 0x000fc8000780c0ff */
        /*17f0*/                   PLOP3.LUT P0, PT, P1, P0, PT, 0x2a, 0x0 ;                 /* 0x000000000000781c */
                                                                                             /* 0x000fda0000f00572 */
        /*1800*/               @P0 BREAK B2 ;                                                /* 0x0000000000020942 */
                                                                                             /* 0x000fe20003800000 */
        /*1810*/               @P0 BRA 0x1bf0 ;                                              /* 0x000003d000000947 */
                                                                                             /* 0x000fea0003800000 */
        /*1820*/                   ISETP.GE.AND P0, PT, R7, RZ, PT ;                         /* 0x000000ff0700720c */
                                                                                             /* 0x000fda0003f06270 */
        /*1830*/               @P0 MOV R5, RZ ;                                              /* 0x000000ff00050202 */
                                                                                             /* 0x000fe20000000f00 */
        /*1840*/              @!P0 FFMA R0, R0, 1.84467440737095516160e+19, RZ ;             /* 0x5f80000000008823 */
                                                                                             /* 0x000fe200000000ff */
        /*1850*/              @!P0 MOV R5, 0xffffffc0 ;                                      /* 0xffffffc000058802 */
                                                                                             /* 0x000fe40000000f00 */
        /*1860*/                   BSYNC B2 ;                                                /* 0x0000000000027941 */
                                                                                             /* 0x000fea0003800000 */
        /*1870*/                   UMOV UR4, 0x4a442e10 ;                                    /* 0x4a442e1000047882 */
                                                                                             /* 0x000fe20000000000 */
        /*1880*/                   IADD3 R6, R6, -0x7f, RZ ;                                 /* 0xffffff8106067810 */
                                                                                             /* 0x000fe20007ffe0ff */
        /*1890*/                   UIADD3 UR4, UR4, -0xa800000, URZ ;                        /* 0xf580000004047890 */
                                                                                             /* 0x000fe2000fffe03f */
        /*18a0*/                   BSSY B2, 0x1be0 ;                                         /* 0x0000033000027945 */
                                                                                             /* 0x000fe40003800000 */
        /*18b0*/                   IADD3 R5, R5, -0x15, R6 ;                                 /* 0xffffffeb05057810 */
                                                                                             /* 0x000fe20007ffe006 */
        /*18c0*/                   IMAD R0, R6, -0x800000, R0 ;                              /* 0xff80000006007824 */
                                                                                             /* 0x000fe400078e0200 */
        /*18d0*/                   FADD.FTZ R9, -RZ, -UR4 ;                                  /* 0x80000004ff097e21 */
                                                                                             /* 0x000fc60008010100 */
        /*18e0*/                   MUFU.RCP R7, UR4 ;                                        /* 0x0000000400077d08 */
                                                                                             /* 0x000e240008001000 */
        /*18f0*/                   FFMA R8, R7, R9, 1 ;                                      /* 0x3f80000007087423 */
                                                                                             /* 0x001fc80000000009 */
        /*1900*/                   FFMA R7, R7, R8, R7 ;                                     /* 0x0000000807077223 */
                                                                                             /* 0x000fc80000000007 */
        /*1910*/                   FFMA R8, R0, R7, RZ ;                                     /* 0x0000000700087223 */
                                                                                             /* 0x000fc800000000ff */
        /*1920*/                   FFMA R10, R9, R8, R0 ;                                    /* 0x00000008090a7223 */
                                                                                             /* 0x000fc80000000000 */
        /*1930*/                   FFMA R10, R7, R10, R8 ;                                   /* 0x0000000a070a7223 */
                                                                                             /* 0x000fc80000000008 */
        /*1940*/                   FFMA R9, R9, R10, R0 ;                                    /* 0x0000000a09097223 */
                                                                                             /* 0x000fc80000000000 */
        /*1950*/                   FFMA R8, R7, R9, R10 ;                                    /* 0x0000000907087223 */
                                                                                             /* 0x000fca000000000a */
        /*1960*/                   SHF.R.U32.HI R0, RZ, 0x17, R8 ;                           /* 0x00000017ff007819 */
                                                                                             /* 0x000fc80000011608 */
        /*1970*/                   LOP3.LUT R0, R0, 0xff, RZ, 0xc0, !PT ;                    /* 0x000000ff00007812 */
                                                                                             /* 0x000fc800078ec0ff */
        /*1980*/                   IADD3 R11, R0, R5, RZ ;                                   /* 0x00000005000b7210 */
                                                                                             /* 0x000fc80007ffe0ff */
        /*1990*/                   IADD3 R0, R11, -0x1, RZ ;                                 /* 0xffffffff0b007810 */
                                                                                             /* 0x000fc80007ffe0ff */
        /*19a0*/                   ISETP.GE.U32.AND P0, PT, R0, 0xfe, PT ;                   /* 0x000000fe0000780c */
                                                                                             /* 0x000fda0003f06070 */
        /*19b0*/              @!P0 BRA 0x1bc0 ;                                              /* 0x0000020000008947 */
                                                                                             /* 0x000fea0003800000 */
        /*19c0*/                   ISETP.GT.AND P0, PT, R11, 0xfe, PT ;                      /* 0x000000fe0b00780c */
                                                                                             /* 0x000fda0003f04270 */
        /*19d0*/               @P0 BRA 0x1b90 ;                                              /* 0x000001b000000947 */
                                                                                             /* 0x000fea0003800000 */
        /*19e0*/                   ISETP.GE.AND P0, PT, R11, 0x1, PT ;                       /* 0x000000010b00780c */
                                                                                             /* 0x000fda0003f06270 */
        /*19f0*/               @P0 BRA 0x1bd0 ;                                              /* 0x000001d000000947 */
                                                                                             /* 0x000fea0003800000 */
        /*1a00*/                   ISETP.GE.AND P0, PT, R11, -0x18, PT ;                     /* 0xffffffe80b00780c */
                                                                                             /* 0x000fe40003f06270 */
        /*1a10*/                   LOP3.LUT R8, R8, 0x80000000, RZ, 0xc0, !PT ;              /* 0x8000000008087812 */
                                                                                             /* 0x000fd600078ec0ff */
        /*1a20*/              @!P0 BRA 0x1bd0 ;                                              /* 0x000001a000008947 */
                                                                                             /* 0x000fea0003800000 */
        /*1a30*/                   FFMA.RZ R0, R7, R9.reuse, R10.reuse ;                     /* 0x0000000907007223 */
                                                                                             /* 0x180fe2000000c00a */
        /*1a40*/                   IADD3 R6, R11.reuse, 0x20, RZ ;                           /* 0x000000200b067810 */
                                                                                             /* 0x040fe40007ffe0ff */
        /*1a50*/                   ISETP.NE.AND P2, PT, R11, RZ, PT ;                        /* 0x000000ff0b00720c */
                                                                                             /* 0x000fe40003f45270 */
        /*1a60*/                   LOP3.LUT R5, R0, 0x7fffff, RZ, 0xc0, !PT ;                /* 0x007fffff00057812 */
                                                                                             /* 0x000fe200078ec0ff */
        /*1a70*/                   FFMA.RP R0, R7.reuse, R9.reuse, R10.reuse ;               /* 0x0000000907007223 */
                                                                                             /* 0x1c0fe2000000800a */
        /*1a80*/                   FFMA.RM R7, R7, R9, R10 ;                                 /* 0x0000000907077223 */
                                                                                             /* 0x000fe2000000400a */
        /*1a90*/                   ISETP.NE.AND P1, PT, R11, RZ, PT ;                        /* 0x000000ff0b00720c */
                                                                                             /* 0x000fe40003f25270 */
        /*1aa0*/                   LOP3.LUT R5, R5, 0x800000, RZ, 0xfc, !PT ;                /* 0x0080000005057812 */
                                                                                             /* 0x000fc400078efcff */
        /*1ab0*/                   IADD3 R9, -R11, RZ, RZ ;                                  /* 0x000000ff0b097210 */
                                                                                             /* 0x000fe40007ffe1ff */
        /*1ac0*/                   SHF.L.U32 R6, R5, R6, RZ ;                                /* 0x0000000605067219 */
                                                                                             /* 0x000fe400000006ff */
        /*1ad0*/                   FSETP.NEU.FTZ.AND P0, PT, R0, R7, PT ;                    /* 0x000000070000720b */
                                                                                             /* 0x000fe40003f1d000 */
        /*1ae0*/                   SEL R0, R9, RZ, P2 ;                                      /* 0x000000ff09007207 */
                                                                                             /* 0x000fe40001000000 */
        /*1af0*/                   ISETP.NE.AND P1, PT, R6, RZ, P1 ;                         /* 0x000000ff0600720c */
                                                                                             /* 0x000fe40000f25270 */
        /*1b00*/                   SHF.R.U32.HI R0, RZ, R0, R5 ;                             /* 0x00000000ff007219 */
                                                                                             /* 0x000fc40000011605 */
        /*1b10*/                   PLOP3.LUT P0, PT, P0, P1, PT, 0xa8, 0x0 ;                 /* 0x000000000000781c */
                                                                                             /* 0x000fe40000703570 */
        /*1b20*/                   SHF.R.U32.HI R6, RZ, 0x1, R0 ;                            /* 0x00000001ff067819 */
                                                                                             /* 0x000fe40000011600 */
        /*1b30*/                   SEL R5, RZ, 0x1, !P0 ;                                    /* 0x00000001ff057807 */
                                                                                             /* 0x000fc80004000000 */
        /*1b40*/                   LOP3.LUT R5, R5, 0x1, R6, 0xf8, !PT ;                     /* 0x0000000105057812 */
                                                                                             /* 0x000fc800078ef806 */
        /*1b50*/                   LOP3.LUT R5, R5, R0, RZ, 0xc0, !PT ;                      /* 0x0000000005057212 */
                                                                                             /* 0x000fc800078ec0ff */
        /*1b60*/                   IADD3 R5, R6, R5, RZ ;                                    /* 0x0000000506057210 */
                                                                                             /* 0x000fc80007ffe0ff */
        /*1b70*/                   LOP3.LUT R8, R5, R8, RZ, 0xfc, !PT ;                      /* 0x0000000805087212 */
                                                                                             /* 0x000fe200078efcff */
        /*1b80*/                   BRA 0x1bd0 ;                                              /* 0x0000004000007947 */
                                                                                             /* 0x000fea0003800000 */
        /*1b90*/                   LOP3.LUT R8, R8, 0x80000000, RZ, 0xc0, !PT ;              /* 0x8000000008087812 */
                                                                                             /* 0x000fc800078ec0ff */
        /*1ba0*/                   LOP3.LUT R8, R8, 0x7f800000, RZ, 0xfc, !PT ;              /* 0x7f80000008087812 */
                                                                                             /* 0x000fe200078efcff */
        /*1bb0*/                   BRA 0x1bd0 ;                                              /* 0x0000001000007947 */
                                                                                             /* 0x000fea0003800000 */
        /*1bc0*/                   LEA R8, R5, R8, 0x17 ;                                    /* 0x0000000805087211 */
                                                                                             /* 0x000fe400078eb8ff */
        /*1bd0*/                   BSYNC B2 ;                                                /* 0x0000000000027941 */
                                                                                             /* 0x000fea0003800000 */
        /*1be0*/                   BRA 0x1c70 ;                                              /* 0x0000008000007947 */
                                                                                             /* 0x000fea0003800000 */
        /*1bf0*/                   LOP3.LUT R0, R5, 0x80000000, R0, 0x48, !PT ;              /* 0x8000000005007812 */
                                                                                             /* 0x000fc800078e4800 */
        /*1c00*/                   LOP3.LUT R8, R0, 0x7f800000, RZ, 0xfc, !PT ;              /* 0x7f80000000087812 */
                                                                                             /* 0x000fe200078efcff */
        /*1c10*/                   BRA 0x1c70 ;                                              /* 0x0000005000007947 */
                                                                                             /* 0x000fea0003800000 */
        /*1c20*/                   LOP3.LUT R8, R5, 0x80000000, R0, 0x48, !PT ;              /* 0x8000000005087812 */
                                                                                             /* 0x000fe200078e4800 */
        /*1c30*/                   BRA 0x1c70 ;                                              /* 0x0000003000007947 */
                                                                                             /* 0x000fea0003800000 */
        /*1c40*/                   MUFU.RSQ R8, -QNAN  ;                                     /* 0xffc0000000087908 */
                                                                                             /* 0x000e220000001400 */
        /*1c50*/                   BRA 0x1c70 ;                                              /* 0x0000001000007947 */
                                                                                             /* 0x000fea0003800000 */
        /*1c60*/                   FADD.FTZ R8, R0, 3214212 ;                                /* 0x4a442e1000087421 */
                                                                                             /* 0x000fe40000010000 */
        /*1c70*/                   BSYNC B0 ;                                                /* 0x0000000000007941 */
                                                                                             /* 0x000fea0003800000 */
        /*1c80*/                   MOV R5, 0x0 ;                                             /* 0x0000000000057802 */
                                                                                             /* 0x000fc80000000f00 */
        /*1c90*/                   RET.REL.NODEC R4 0x0 ;                                    /* 0xffffe36004007950 */
                                                                                             /* 0x000fea0003c3ffff */
        /*1ca0*/                   BRA 0x1ca0;                                               /* 0xfffffff000007947 */
                                                                                             /* 0x000fc0000383ffff */
        /*1cb0*/                   NOP;                                                      /* 0x0000000000007918 */
                                                                                             /* 0x000fc00000000000 */
        /*1cc0*/                   NOP;                                                      /* 0x0000000000007918 */
                                                                                             /* 0x000fc00000000000 */
        /*1cd0*/                   NOP;                                                      /* 0x0000000000007918 */
                                                                                             /* 0x000fc00000000000 */
        /*1ce0*/                   NOP;                                                      /* 0x0000000000007918 */
                                                                                             /* 0x000fc00000000000 */
        /*1cf0*/                   NOP;                                                      /* 0x0000000000007918 */
                                                                                             /* 0x000fc00000000000 */
        /*1d00*/                   NOP;                                                      /* 0x0000000000007918 */
                                                                                             /* 0x000fc00000000000 */
        /*1d10*/                   NOP;                                                      /* 0x0000000000007918 */
                                                                                             /* 0x000fc00000000000 */
        /*1d20*/                   NOP;                                                      /* 0x0000000000007918 */
                                                                                             /* 0x000fc00000000000 */
        /*1d30*/                   NOP;                                                      /* 0x0000000000007918 */
                                                                                             /* 0x000fc00000000000 */
        /*1d40*/                   NOP;                                                      /* 0x0000000000007918 */
                                                                                             /* 0x000fc00000000000 */
        /*1d50*/                   NOP;                                                      /* 0x0000000000007918 */
                                                                                             /* 0x000fc00000000000 */
        /*1d60*/                   NOP;                                                      /* 0x0000000000007918 */
                                                                                             /* 0x000fc00000000000 */
        /*1d70*/                   NOP;                                                      /* 0x0000000000007918 */
                                                                                             /* 0x000fc00000000000 */
		..........


		Function : _Z10std_kerneliiPfS_S_
	.headerflags	@"EF_CUDA_TEXMODE_UNIFIED EF_CUDA_64BIT_ADDRESS EF_CUDA_SM86 EF_CUDA_VIRTUAL_SM(EF_CUDA_SM86)"
        /*0000*/                   IMAD.MOV.U32 R1, RZ, RZ, c[0x0][0x28] ;                   /* 0x00000a00ff017624 */
                                                                                             /* 0x000fe400078e00ff */
        /*0010*/                   S2R R7, SR_CTAID.X ;                                      /* 0x0000000000077919 */
                                                                                             /* 0x000e280000002500 */
        /*0020*/                   S2R R0, SR_TID.X ;                                        /* 0x0000000000007919 */
                                                                                             /* 0x000e240000002100 */
        /*0030*/                   IMAD R7, R7, c[0x0][0x0], R0 ;                            /* 0x0000000007077a24 */
                                                                                             /* 0x001fca00078e0200 */
        /*0040*/                   ISETP.GE.AND P0, PT, R7, c[0x0][0x160], PT ;              /* 0x0000580007007a0c */
                                                                                             /* 0x000fda0003f06270 */
        /*0050*/               @P0 EXIT ;                                                    /* 0x000000000000094d */
                                                                                             /* 0x000fea0003800000 */
        /*0060*/                   IMAD.MOV.U32 R0, RZ, RZ, 0x4 ;                            /* 0x00000004ff007424 */
                                                                                             /* 0x000fe200078e00ff */
        /*0070*/                   ULDC.64 UR6, c[0x0][0x118] ;                              /* 0x0000460000067ab9 */
                                                                                             /* 0x000fe20000000a00 */
        /*0080*/                   MOV R11, c[0x0][0x164] ;                                  /* 0x00005900000b7a02 */
                                                                                             /* 0x000fe20000000f00 */
        /*0090*/                   IMAD.MOV.U32 R9, RZ, RZ, RZ ;                             /* 0x000000ffff097224 */
                                                                                             /* 0x000fe400078e00ff */
        /*00a0*/                   IMAD.WIDE R2, R7, R0, c[0x0][0x170] ;                     /* 0x00005c0007027625 */
                                                                                             /* 0x000fe200078e0200 */
        /*00b0*/                   ISETP.GE.AND P0, PT, R11, 0x1, PT ;                       /* 0x000000010b00780c */
                                                                                             /* 0x000fc80003f06270 */
        /*00c0*/                   STG.E [R2.64], RZ ;                                       /* 0x000000ff02007986 */
                                                                                             /* 0x0001f2000c101906 */
        /*00d0*/              @!P0 BRA 0x1150 ;                                              /* 0x0000107000008947 */
                                                                                             /* 0x000fea0003800000 */
        /*00e0*/                   ISETP.GE.U32.AND P0, PT, R11, 0x4, PT ;                   /* 0x000000040b00780c */
                                                                                             /* 0x000fe20003f06070 */
        /*00f0*/                   CS2R R8, SRZ ;                                            /* 0x0000000000087805 */
                                                                                             /* 0x000fe2000001ff00 */
        /*0100*/                   SHF.R.S32.HI R10, RZ, 0x1f, R7 ;                          /* 0x0000001fff0a7819 */
                                                                                             /* 0x000fc40000011407 */
        /*0110*/                   LEA R4, P1, R7, c[0x0][0x168], 0x2 ;                      /* 0x00005a0007047a11 */
                                                                                             /* 0x000fe400078210ff */
        /*0120*/                   LOP3.LUT R6, R11, 0x3, RZ, 0xc0, !PT ;                    /* 0x000000030b067812 */
                                                                                             /* 0x000fe400078ec0ff */
        /*0130*/                   LEA.HI.X R5, R7, c[0x0][0x16c], R10, 0x2, P1 ;            /* 0x00005b0007057a11 */
                                                                                             /* 0x000fca00008f140a */
        /*0140*/              @!P0 BRA 0x10a0 ;                                              /* 0x00000f5000008947 */
                                                                                             /* 0x000fea0003800000 */
        /*0150*/                   LOP3.LUT R8, R11, 0x7ffffffc, RZ, 0xc0, !PT ;             /* 0x7ffffffc0b087812 */
                                                                                             /* 0x000fe200078ec0ff */
        /*0160*/                   UMOV UR4, URZ ;                                           /* 0x0000003f00047c82 */
                                                                                             /* 0x000fe20008000000 */
        /*0170*/                   PLOP3.LUT P0, PT, PT, PT, PT, 0x80, 0x0 ;                 /* 0x000000000000781c */
                                                                                             /* 0x000fe20003f0f070 */
        /*0180*/                   IMAD.MOV.U32 R9, RZ, RZ, RZ ;                             /* 0x000000ffff097224 */
                                                                                             /* 0x000fe200078e00ff */
        /*0190*/                   ISETP.GT.U32.AND P1, PT, R8, RZ, PT ;                     /* 0x000000ff0800720c */
                                                                                             /* 0x000fe40003f24070 */
        /*01a0*/                   MOV R12, RZ ;                                             /* 0x000000ff000c7202 */
                                                                                             /* 0x000fd60000000f00 */
        /*01b0*/               @P1 BRA 0x390 ;                                               /* 0x000001d000001947 */
                                                                                             /* 0x000fea0003800000 */
        /*01c0*/                   IMAD.IADD R17, R7, 0x1, R12 ;                             /* 0x0000000107117824 */
                                                                                             /* 0x000fe200078e020c */
        /*01d0*/                   LDG.E R11, [R4.64] ;                                      /* 0x00000006040b7981 */
                                                                                             /* 0x000ea6000c1e1900 */
        /*01e0*/                   IMAD.WIDE R16, R17, R0, c[0x0][0x178] ;                   /* 0x00005e0011107625 */
                                                                                             /* 0x000fcc00078e0200 */
        /*01f0*/                   LDG.E R16, [R16.64] ;                                     /* 0x0000000610107981 */
                                                                                             /* 0x000ea2000c1e1900 */
        /*0200*/                   IADD3 R13, P0, R7, R12, RZ ;                              /* 0x0000000c070d7210 */
                                                                                             /* 0x000fc80007f1e0ff */
        /*0210*/                   LEA.HI.X.SX32 R18, R12, R10, 0x1, P0 ;                    /* 0x0000000a0c127211 */
                                                                                             /* 0x000fe400000f0eff */
        /*0220*/                   LEA R14, P0, R13, c[0x0][0x178], 0x2 ;                    /* 0x00005e000d0e7a11 */
                                                                                             /* 0x000fc800078010ff */
        /*0230*/                   LEA.HI.X R15, R13, c[0x0][0x17c], R18, 0x2, P0 ;          /* 0x00005f000d0f7a11 */
                                                                                             /* 0x000fe200000f1412 */
        /*0240*/                   FADD R12, R16, -R11 ;                                     /* 0x8000000b100c7221 */
                                                                                             /* 0x004fc80000000000 */
        /*0250*/                   FFMA R9, R12, R12, R9 ;                                   /* 0x0000000c0c097223 */
                                                                                             /* 0x000fca0000000009 */
        /*0260*/                   STG.E [R2.64], R9 ;                                       /* 0x0000000902007986 */
                                                                                             /* 0x0003e8000c101906 */
        /*0270*/                   LDG.E R12, [R4.64] ;                                      /* 0x00000006040c7981 */
                                                                                             /* 0x000ea8000c1e1900 */
        /*0280*/                   LDG.E R11, [R14.64+0x2000] ;                              /* 0x002000060e0b7981 */
                                                                                             /* 0x000ea4000c1e1900 */
        /*0290*/                   FADD R12, R11, -R12 ;                                     /* 0x8000000c0b0c7221 */
                                                                                             /* 0x004fc80000000000 */
        /*02a0*/                   FFMA R11, R12, R12, R9 ;                                  /* 0x0000000c0c0b7223 */
                                                                                             /* 0x000fca0000000009 */
        /*02b0*/                   STG.E [R2.64], R11 ;                                      /* 0x0000000b02007986 */
                                                                                             /* 0x0005e8000c101906 */
        /*02c0*/                   LDG.E R12, [R14.64+0x4000] ;                              /* 0x004000060e0c7981 */
                                                                                             /* 0x000ee8000c1e1900 */
        /*02d0*/                   LDG.E R13, [R4.64] ;                                      /* 0x00000006040d7981 */
                                                                                             /* 0x000ee4000c1e1900 */
        /*02e0*/                   FADD R12, R12, -R13 ;                                     /* 0x8000000d0c0c7221 */
                                                                                             /* 0x008fc80000000000 */
        /*02f0*/                   FFMA R13, R12, R12, R11 ;                                 /* 0x0000000c0c0d7223 */
                                                                                             /* 0x000fca000000000b */
        /*0300*/                   STG.E [R2.64], R13 ;                                      /* 0x0000000d02007986 */
                                                                                             /* 0x0005e8000c101906 */
        /*0310*/                   LDG.E R9, [R14.64+0x6000] ;                               /* 0x006000060e097981 */
                                                                                             /* 0x002ee8000c1e1900 */
        /*0320*/                   LDG.E R12, [R4.64] ;                                      /* 0x00000006040c7981 */
                                                                                             /* 0x000ee2000c1e1900 */
        /*0330*/                   PLOP3.LUT P0, PT, PT, PT, PT, 0x8, 0x0 ;                  /* 0x000000000000781c */
                                                                                             /* 0x000fe20003f0e170 */
        /*0340*/                   UMOV UR4, 0x4 ;                                           /* 0x0000000400047882 */
                                                                                             /* 0x000fe20000000000 */
        /*0350*/                   FADD R12, R9, -R12 ;                                      /* 0x8000000c090c7221 */
                                                                                             /* 0x008fc80000000000 */
        /*0360*/                   FFMA R9, R12, R12, R13 ;                                  /* 0x0000000c0c097223 */
                                                                                             /* 0x000fca000000000d */
        /*0370*/                   STG.E [R2.64], R9 ;                                       /* 0x0000000902007986 */
                                                                                             /* 0x0005e2000c101906 */
        /*0380*/                   IMAD.MOV.U32 R12, RZ, RZ, 0x2000 ;                        /* 0x00002000ff0c7424 */
                                                                                             /* 0x000fc600078e00ff */
        /*0390*/                   IADD3 R11, R8, -UR4, RZ ;                                 /* 0x80000004080b7c10 */
                                                                                             /* 0x004fc8000fffe0ff */
        /*03a0*/                   ISETP.GT.AND P1, PT, R11, 0xc, PT ;                       /* 0x0000000c0b00780c */
                                                                                             /* 0x000fda0003f24270 */
        /*03b0*/              @!P1 BRA 0xad0 ;                                               /* 0x0000071000009947 */
                                                                                             /* 0x000fea0003800000 */
        /*03c0*/                   PLOP3.LUT P0, PT, PT, PT, PT, 0x8, 0x0 ;                  /* 0x000000000000781c */
                                                                                             /* 0x000fe40003f0e170 */
        /*03d0*/                   IADD3 R13, R8, -0xc, RZ ;                                 /* 0xfffffff4080d7810 */
                                                                                             /* 0x000fe40007ffe0ff */
        /*03e0*/                   IADD3 R17, R7, R12, RZ ;                                  /* 0x0000000c07117210 */
                                                                                             /* 0x004fe20007ffe0ff */
        /*03f0*/                   LDG.E R11, [R4.64] ;                                      /* 0x00000006040b7981 */
                                                                                             /* 0x000ea8000c1e1900 */
        /*0400*/                   IMAD.WIDE R16, R17, R0, c[0x0][0x178] ;                   /* 0x00005e0011107625 */
                                                                                             /* 0x000fcc00078e0200 */
        /*0410*/                   LDG.E R16, [R16.64] ;                                     /* 0x0000000610107981 */
                                                                                             /* 0x000ea2000c1e1900 */
        /*0420*/                   IADD3 R15, P1, R7, R12, RZ ;                              /* 0x0000000c070f7210 */
                                                                                             /* 0x000fc80007f3e0ff */
        /*0430*/                   LEA.HI.X.SX32 R20, R12, R10, 0x1, P1 ;                    /* 0x0000000a0c147211 */
                                                                                             /* 0x000fe400008f0eff */
        /*0440*/                   LEA R14, P1, R15, c[0x0][0x178], 0x2 ;                    /* 0x00005e000f0e7a11 */
                                                                                             /* 0x000fc800078210ff */
        /*0450*/                   LEA.HI.X R15, R15, c[0x0][0x17c], R20, 0x2, P1 ;          /* 0x00005f000f0f7a11 */
                                                                                             /* 0x000fe200008f1414 */
        /*0460*/                   FADD R18, R16, -R11 ;                                     /* 0x8000000b10127221 */
                                                                                             /* 0x004fc80000000000 */
        /*0470*/                   FFMA R9, R18, R18, R9 ;                                   /* 0x0000001212097223 */
                                                                                             /* 0x000fca0000000009 */
        /*0480*/                   STG.E [R2.64], R9 ;                                       /* 0x0000000902007986 */
                                                                                             /* 0x0003e8000c101906 */
        /*0490*/                   LDG.E R18, [R4.64] ;                                      /* 0x0000000604127981 */
                                                                                             /* 0x000ea8000c1e1900 */
        /*04a0*/                   LDG.E R11, [R14.64+0x2000] ;                              /* 0x002000060e0b7981 */
                                                                                             /* 0x000ea4000c1e1900 */
        /*04b0*/                   FADD R18, R11, -R18 ;                                     /* 0x800000120b127221 */
                                                                                             /* 0x004fc80000000000 */
        /*04c0*/                   FFMA R11, R18, R18, R9 ;                                  /* 0x00000012120b7223 */
                                                                                             /* 0x000fca0000000009 */
        /*04d0*/                   STG.E [R2.64], R11 ;                                      /* 0x0000000b02007986 */
                                                                                             /* 0x0005e8000c101906 */
        /*04e0*/                   LDG.E R16, [R14.64+0x4000] ;                              /* 0x004000060e107981 */
                                                                                             /* 0x000ee8000c1e1900 */
        /*04f0*/                   LDG.E R17, [R4.64] ;                                      /* 0x0000000604117981 */
                                                                                             /* 0x000ee4000c1e1900 */
        /*0500*/                   FADD R16, R16, -R17 ;                                     /* 0x8000001110107221 */
                                                                                             /* 0x008fc80000000000 */
        /*0510*/                   FFMA R19, R16, R16, R11 ;                                 /* 0x0000001010137223 */
                                                                                             /* 0x000fca000000000b */
        /*0520*/                   STG.E [R2.64], R19 ;                                      /* 0x0000001302007986 */
                                                                                             /* 0x0007e8000c101906 */
        /*0530*/                   LDG.E R9, [R14.64+0x6000] ;                               /* 0x006000060e097981 */
                                                                                             /* 0x002f28000c1e1900 */
        /*0540*/                   LDG.E R16, [R4.64] ;                                      /* 0x0000000604107981 */
                                                                                             /* 0x000f22000c1e1900 */
        /*0550*/                   IADD3 R18, R12, 0x2000, RZ ;                              /* 0x000020000c127810 */
                                                                                             /* 0x000fca0007ffe0ff */
        /*0560*/                   IMAD.IADD R17, R7, 0x1, R18 ;                             /* 0x0000000107117824 */
                                                                                             /* 0x000fe200078e0212 */
        /*0570*/                   FADD R16, R9, -R16 ;                                      /* 0x8000001009107221 */
                                                                                             /* 0x010fc80000000000 */
        /*0580*/                   FFMA R9, R16, R16, R19 ;                                  /* 0x0000001010097223 */
                                                                                             /* 0x000fe20000000013 */
        /*0590*/                   IMAD.WIDE R16, R17, R0, c[0x0][0x178] ;                   /* 0x00005e0011107625 */
                                                                                             /* 0x000fc800078e0200 */
        /*05a0*/                   STG.E [R2.64], R9 ;                                       /* 0x0000000902007986 */
                                                                                             /* 0x0003e8000c101906 */
        /*05b0*/                   LDG.E R16, [R16.64] ;                                     /* 0x0000000610107981 */
                                                                                             /* 0x000f28000c1e1900 */
        /*05c0*/                   LDG.E R11, [R4.64] ;                                      /* 0x00000006040b7981 */
                                                                                             /* 0x004f22000c1e1900 */
        /*05d0*/                   IADD3 R19, P1, R7, R18, RZ ;                              /* 0x0000001207137210 */
                                                                                             /* 0x008fc80007f3e0ff */
        /*05e0*/                   LEA.HI.X.SX32 R20, R18, R10, 0x1, P1 ;                    /* 0x0000000a12147211 */
                                                                                             /* 0x000fe400008f0eff */
        /*05f0*/                   LEA R14, P1, R19, c[0x0][0x178], 0x2 ;                    /* 0x00005e00130e7a11 */
                                                                                             /* 0x000fc800078210ff */
        /*0600*/                   LEA.HI.X R15, R19, c[0x0][0x17c], R20, 0x2, P1 ;          /* 0x00005f00130f7a11 */
                                                                                             /* 0x000fe200008f1414 */
        /*0610*/                   FADD R18, R16, -R11 ;                                     /* 0x8000000b10127221 */
                                                                                             /* 0x010fc80000000000 */
        /*0620*/                   FFMA R11, R18, R18, R9 ;                                  /* 0x00000012120b7223 */
                                                                                             /* 0x000fca0000000009 */
        /*0630*/                   STG.E [R2.64], R11 ;                                      /* 0x0000000b02007986 */
                                                                                             /* 0x0005e8000c101906 */
        /*0640*/                   LDG.E R18, [R4.64] ;                                      /* 0x0000000604127981 */
                                                                                             /* 0x000ee8000c1e1900 */
        /*0650*/                   LDG.E R9, [R14.64+0x2000] ;                               /* 0x002000060e097981 */
                                                                                             /* 0x002ee4000c1e1900 */
        /*0660*/                   FADD R18, R9, -R18 ;                                      /* 0x8000001209127221 */
                                                                                             /* 0x008fc80000000000 */
        /*0670*/                   FFMA R9, R18, R18, R11 ;                                  /* 0x0000001212097223 */
                                                                                             /* 0x000fca000000000b */
        /*0680*/                   STG.E [R2.64], R9 ;                                       /* 0x0000000902007986 */
                                                                                             /* 0x0003e8000c101906 */
        /*0690*/                   LDG.E R16, [R14.64+0x4000] ;                              /* 0x004000060e107981 */
                                                                                             /* 0x000ee8000c1e1900 */
        /*06a0*/                   LDG.E R17, [R4.64] ;                                      /* 0x0000000604117981 */
                                                                                             /* 0x000ee4000c1e1900 */
        /*06b0*/                   FADD R16, R16, -R17 ;                                     /* 0x8000001110107221 */
                                                                                             /* 0x008fc80000000000 */
        /*06c0*/                   FFMA R19, R16, R16, R9 ;                                  /* 0x0000001010137223 */
                                                                                             /* 0x000fca0000000009 */
        /*06d0*/                   STG.E [R2.64], R19 ;                                      /* 0x0000001302007986 */
                                                                                             /* 0x0007e8000c101906 */
        /*06e0*/                   LDG.E R11, [R14.64+0x6000] ;                              /* 0x006000060e0b7981 */
                                                                                             /* 0x004ea8000c1e1900 */
        /*06f0*/                   LDG.E R16, [R4.64] ;                                      /* 0x0000000604107981 */
                                                                                             /* 0x000ea2000c1e1900 */
        /*0700*/                   IADD3 R18, R12, 0x4000, RZ ;                              /* 0x000040000c127810 */
                                                                                             /* 0x000fca0007ffe0ff */
        /*0710*/                   IMAD.IADD R17, R7, 0x1, R18 ;                             /* 0x0000000107117824 */
                                                                                             /* 0x000fe200078e0212 */
        /*0720*/                   FADD R16, R11, -R16 ;                                     /* 0x800000100b107221 */
                                                                                             /* 0x004fc80000000000 */
        /*0730*/                   FFMA R9, R16, R16, R19 ;                                  /* 0x0000001010097223 */
                                                                                             /* 0x002fe20000000013 */
        /*0740*/                   IMAD.WIDE R16, R17, R0, c[0x0][0x178] ;                   /* 0x00005e0011107625 */
                                                                                             /* 0x000fc800078e0200 */
        /*0750*/                   STG.E [R2.64], R9 ;                                       /* 0x0000000902007986 */
                                                                                             /* 0x0003e8000c101906 */
        /*0760*/                   LDG.E R16, [R16.64] ;                                     /* 0x0000000610107981 */
                                                                                             /* 0x000ea8000c1e1900 */
        /*0770*/                   LDG.E R11, [R4.64] ;                                      /* 0x00000006040b7981 */
                                                                                             /* 0x000ea2000c1e1900 */
        /*0780*/                   IADD3 R19, P1, R7, R18, RZ ;                              /* 0x0000001207137210 */
                                                                                             /* 0x008fc80007f3e0ff */
        /*0790*/                   LEA.HI.X.SX32 R20, R18, R10, 0x1, P1 ;                    /* 0x0000000a12147211 */
                                                                                             /* 0x000fe400008f0eff */
        /*07a0*/                   LEA R14, P1, R19, c[0x0][0x178], 0x2 ;                    /* 0x00005e00130e7a11 */
                                                                                             /* 0x000fc800078210ff */
        /*07b0*/                   LEA.HI.X R15, R19, c[0x0][0x17c], R20, 0x2, P1 ;          /* 0x00005f00130f7a11 */
                                                                                             /* 0x000fe200008f1414 */
        /*07c0*/                   FADD R18, R16, -R11 ;                                     /* 0x8000000b10127221 */
                                                                                             /* 0x004fc80000000000 */
        /*07d0*/                   FFMA R11, R18, R18, R9 ;                                  /* 0x00000012120b7223 */
                                                                                             /* 0x000fca0000000009 */
        /*07e0*/                   STG.E [R2.64], R11 ;                                      /* 0x0000000b02007986 */
                                                                                             /* 0x0005e8000c101906 */
        /*07f0*/                   LDG.E R18, [R4.64] ;                                      /* 0x0000000604127981 */
                                                                                             /* 0x000ee8000c1e1900 */
        /*0800*/                   LDG.E R9, [R14.64+0x2000] ;                               /* 0x002000060e097981 */
                                                                                             /* 0x002ee4000c1e1900 */
        /*0810*/                   FADD R18, R9, -R18 ;                                      /* 0x8000001209127221 */
                                                                                             /* 0x008fc80000000000 */
        /*0820*/                   FFMA R9, R18, R18, R11 ;                                  /* 0x0000001212097223 */
                                                                                             /* 0x000fca000000000b */
        /*0830*/                   STG.E [R2.64], R9 ;                                       /* 0x0000000902007986 */
                                                                                             /* 0x0003e8000c101906 */
        /*0840*/                   LDG.E R16, [R14.64+0x4000] ;                              /* 0x004000060e107981 */
                                                                                             /* 0x000ee8000c1e1900 */
        /*0850*/                   LDG.E R17, [R4.64] ;                                      /* 0x0000000604117981 */
                                                                                             /* 0x000ee4000c1e1900 */
        /*0860*/                   FADD R16, R16, -R17 ;                                     /* 0x8000001110107221 */
                                                                                             /* 0x008fc80000000000 */
        /*0870*/                   FFMA R19, R16, R16, R9 ;                                  /* 0x0000001010137223 */
                                                                                             /* 0x000fca0000000009 */
        /*0880*/                   STG.E [R2.64], R19 ;                                      /* 0x0000001302007986 */
                                                                                             /* 0x0007e8000c101906 */
        /*0890*/                   LDG.E R11, [R14.64+0x6000] ;                              /* 0x006000060e0b7981 */
                                                                                             /* 0x004ea8000c1e1900 */
        /*08a0*/                   LDG.E R16, [R4.64] ;                                      /* 0x0000000604107981 */
                                                                                             /* 0x000ea2000c1e1900 */
        /*08b0*/                   IADD3 R18, R12, 0x6000, RZ ;                              /* 0x000060000c127810 */
                                                                                             /* 0x000fc80007ffe0ff */
        /*08c0*/                   IADD3 R17, R7, R18, RZ ;                                  /* 0x0000001207117210 */
                                                                                             /* 0x000fe20007ffe0ff */
        /*08d0*/                   FADD R16, R11, -R16 ;                                     /* 0x800000100b107221 */
                                                                                             /* 0x004fc80000000000 */
        /*08e0*/                   FFMA R9, R16, R16, R19 ;                                  /* 0x0000001010097223 */
                                                                                             /* 0x002fe20000000013 */
        /*08f0*/                   IMAD.WIDE R16, R17, R0, c[0x0][0x178] ;                   /* 0x00005e0011107625 */
                                                                                             /* 0x000fc800078e0200 */
        /*0900*/                   STG.E [R2.64], R9 ;                                       /* 0x0000000902007986 */
                                                                                             /* 0x0003e8000c101906 */
        /*0910*/                   LDG.E R16, [R16.64] ;                                     /* 0x0000000610107981 */
                                                                                             /* 0x000ea8000c1e1900 */
        /*0920*/                   LDG.E R11, [R4.64] ;                                      /* 0x00000006040b7981 */
                                                                                             /* 0x000ea2000c1e1900 */
        /*0930*/                   IADD3 R19, P1, R7, R18, RZ ;                              /* 0x0000001207137210 */
                                                                                             /* 0x008fc80007f3e0ff */
        /*0940*/                   LEA.HI.X.SX32 R20, R18, R10, 0x1, P1 ;                    /* 0x0000000a12147211 */
                                                                                             /* 0x000fe400008f0eff */
        /*0950*/                   LEA R14, P1, R19, c[0x0][0x178], 0x2 ;                    /* 0x00005e00130e7a11 */
                                                                                             /* 0x000fc800078210ff */
        /*0960*/                   LEA.HI.X R15, R19, c[0x0][0x17c], R20, 0x2, P1 ;          /* 0x00005f00130f7a11 */
                                                                                             /* 0x000fe200008f1414 */
        /*0970*/                   FADD R18, R16, -R11 ;                                     /* 0x8000000b10127221 */
                                                                                             /* 0x004fc80000000000 */
        /*0980*/                   FFMA R11, R18, R18, R9 ;                                  /* 0x00000012120b7223 */
                                                                                             /* 0x000fca0000000009 */
        /*0990*/                   STG.E [R2.64], R11 ;                                      /* 0x0000000b02007986 */
                                                                                             /* 0x0005e8000c101906 */
        /*09a0*/                   LDG.E R18, [R4.64] ;                                      /* 0x0000000604127981 */
                                                                                             /* 0x000ee8000c1e1900 */
        /*09b0*/                   LDG.E R9, [R14.64+0x2000] ;                               /* 0x002000060e097981 */
                                                                                             /* 0x002ee4000c1e1900 */
        /*09c0*/                   FADD R18, R9, -R18 ;                                      /* 0x8000001209127221 */
                                                                                             /* 0x008fc80000000000 */
        /*09d0*/                   FFMA R17, R18, R18, R11 ;                                 /* 0x0000001212117223 */
                                                                                             /* 0x000fca000000000b */
        /*09e0*/                   STG.E [R2.64], R17 ;                                      /* 0x0000001102007986 */
                                                                                             /* 0x0005e8000c101906 */
        /*09f0*/                   LDG.E R9, [R14.64+0x4000] ;                               /* 0x004000060e097981 */
                                                                                             /* 0x000ee8000c1e1900 */
        /*0a00*/                   LDG.E R16, [R4.64] ;                                      /* 0x0000000604107981 */
                                                                                             /* 0x000ee4000c1e1900 */
        /*0a10*/                   FADD R16, R9, -R16 ;                                      /* 0x8000001009107221 */
                                                                                             /* 0x008fc80000000000 */
        /*0a20*/                   FFMA R19, R16, R16, R17 ;                                 /* 0x0000001010137223 */
                                                                                             /* 0x000fca0000000011 */
        /*0a30*/                   STG.E [R2.64], R19 ;                                      /* 0x0000001302007986 */
                                                                                             /* 0x0005e8000c101906 */
        /*0a40*/                   LDG.E R9, [R14.64+0x6000] ;                               /* 0x006000060e097981 */
                                                                                             /* 0x000ee8000c1e1900 */
        /*0a50*/                   LDG.E R16, [R4.64] ;                                      /* 0x0000000604107981 */
                                                                                             /* 0x000ee2000c1e1900 */
        /*0a60*/                   UIADD3 UR4, UR4, 0x10, URZ ;                              /* 0x0000001004047890 */
                                                                                             /* 0x000fcc000fffe03f */
        /*0a70*/                   ISETP.LE.AND P1, PT, R13, UR4, PT ;                       /* 0x000000040d007c0c */
                                                                                             /* 0x000fe4000bf23270 */
        /*0a80*/                   IADD3 R12, R12, 0x8000, RZ ;                              /* 0x000080000c0c7810 */
                                                                                             /* 0x000fe20007ffe0ff */
        /*0a90*/                   FADD R16, R9, -R16 ;                                      /* 0x8000001009107221 */
                                                                                             /* 0x008fc80000000000 */
        /*0aa0*/                   FFMA R9, R16, R16, R19 ;                                  /* 0x0000001010097223 */
                                                                                             /* 0x000fca0000000013 */
        /*0ab0*/                   STG.E [R2.64], R9 ;                                       /* 0x0000000902007986 */
                                                                                             /* 0x0005e2000c101906 */
        /*0ac0*/              @!P1 BRA 0x3e0 ;                                               /* 0xfffff91000009947 */
                                                                                             /* 0x000fea000383ffff */
        /*0ad0*/                   IADD3 R11, R8, -UR4, RZ ;                                 /* 0x80000004080b7c10 */
                                                                                             /* 0x004fc8000fffe0ff */
        /*0ae0*/                   ISETP.GT.AND P1, PT, R11, 0x4, PT ;                       /* 0x000000040b00780c */
                                                                                             /* 0x000fda0003f24270 */
        /*0af0*/              @!P1 BRA 0xe80 ;                                               /* 0x0000038000009947 */
                                                                                             /* 0x000fea0003800000 */
        /*0b00*/                   IMAD.IADD R17, R7, 0x1, R12 ;                             /* 0x0000000107117824 */
                                                                                             /* 0x000fe200078e020c */
        /*0b10*/                   LDG.E R11, [R4.64] ;                                      /* 0x00000006040b7981 */
                                                                                             /* 0x000ea6000c1e1900 */
        /*0b20*/                   IMAD.WIDE R16, R17, R0, c[0x0][0x178] ;                   /* 0x00005e0011107625 */
                                                                                             /* 0x000fcc00078e0200 */
        /*0b30*/                   LDG.E R16, [R16.64] ;                                     /* 0x0000000610107981 */
                                                                                             /* 0x000ea2000c1e1900 */
        /*0b40*/                   IADD3 R13, P0, R7, R12, RZ ;                              /* 0x0000000c070d7210 */
                                                                                             /* 0x000fc80007f1e0ff */
        /*0b50*/                   LEA.HI.X.SX32 R20, R12, R10, 0x1, P0 ;                    /* 0x0000000a0c147211 */
                                                                                             /* 0x000fe400000f0eff */
        /*0b60*/                   LEA R14, P0, R13, c[0x0][0x178], 0x2 ;                    /* 0x00005e000d0e7a11 */
                                                                                             /* 0x000fc800078010ff */
        /*0b70*/                   LEA.HI.X R15, R13, c[0x0][0x17c], R20, 0x2, P0 ;          /* 0x00005f000d0f7a11 */
                                                                                             /* 0x000fe200000f1414 */
        /*0b80*/                   FADD R18, R16, -R11 ;                                     /* 0x8000000b10127221 */
                                                                                             /* 0x004fc80000000000 */
        /*0b90*/                   FFMA R9, R18, R18, R9 ;                                   /* 0x0000001212097223 */
                                                                                             /* 0x000fca0000000009 */
        /*0ba0*/                   STG.E [R2.64], R9 ;                                       /* 0x0000000902007986 */
                                                                                             /* 0x0003e8000c101906 */
        /*0bb0*/                   LDG.E R18, [R4.64] ;                                      /* 0x0000000604127981 */
                                                                                             /* 0x000ea8000c1e1900 */
        /*0bc0*/                   LDG.E R11, [R14.64+0x2000] ;                              /* 0x002000060e0b7981 */
                                                                                             /* 0x000ea4000c1e1900 */
        /*0bd0*/                   FADD R18, R11, -R18 ;                                     /* 0x800000120b127221 */
                                                                                             /* 0x004fc80000000000 */
        /*0be0*/                   FFMA R11, R18, R18, R9 ;                                  /* 0x00000012120b7223 */
                                                                                             /* 0x000fca0000000009 */
        /*0bf0*/                   STG.E [R2.64], R11 ;                                      /* 0x0000000b02007986 */
                                                                                             /* 0x0005e8000c101906 */
        /*0c00*/                   LDG.E R13, [R14.64+0x4000] ;                              /* 0x004000060e0d7981 */
                                                                                             /* 0x000ee8000c1e1900 */
        /*0c10*/                   LDG.E R16, [R4.64] ;                                      /* 0x0000000604107981 */
                                                                                             /* 0x000ee4000c1e1900 */
        /*0c20*/                   FADD R16, R13, -R16 ;                                     /* 0x800000100d107221 */
                                                                                             /* 0x008fc80000000000 */
        /*0c30*/                   FFMA R13, R16, R16, R11 ;                                 /* 0x00000010100d7223 */
                                                                                             /* 0x000fca000000000b */
        /*0c40*/                   STG.E [R2.64], R13 ;                                      /* 0x0000000d02007986 */
                                                                                             /* 0x0007e8000c101906 */
        /*0c50*/                   LDG.E R9, [R14.64+0x6000] ;                               /* 0x006000060e097981 */
                                                                                             /* 0x002f28000c1e1900 */
        /*0c60*/                   LDG.E R16, [R4.64] ;                                      /* 0x0000000604107981 */
                                                                                             /* 0x000f22000c1e1900 */
        /*0c70*/                   IADD3 R18, R12, 0x2000, RZ ;                              /* 0x000020000c127810 */
                                                                                             /* 0x000fca0007ffe0ff */
        /*0c80*/                   IMAD.IADD R17, R7, 0x1, R18 ;                             /* 0x0000000107117824 */
                                                                                             /* 0x000fe200078e0212 */
        /*0c90*/                   FADD R16, R9, -R16 ;                                      /* 0x8000001009107221 */
                                                                                             /* 0x010fc80000000000 */
        /*0ca0*/                   FFMA R9, R16, R16, R13 ;                                  /* 0x0000001010097223 */
                                                                                             /* 0x000fe2000000000d */
        /*0cb0*/                   IMAD.WIDE R16, R17, R0, c[0x0][0x178] ;                   /* 0x00005e0011107625 */
                                                                                             /* 0x000fc800078e0200 */
        /*0cc0*/                   STG.E [R2.64], R9 ;                                       /* 0x0000000902007986 */
                                                                                             /* 0x0003e8000c101906 */
        /*0cd0*/                   LDG.E R16, [R16.64] ;                                     /* 0x0000000610107981 */
                                                                                             /* 0x000f28000c1e1900 */
        /*0ce0*/                   LDG.E R11, [R4.64] ;                                      /* 0x00000006040b7981 */
                                                                                             /* 0x004f22000c1e1900 */
        /*0cf0*/                   IADD3 R13, P0, R7, R18, RZ ;                              /* 0x00000012070d7210 */
                                                                                             /* 0x008fc80007f1e0ff */
        /*0d00*/                   LEA.HI.X.SX32 R20, R18, R10, 0x1, P0 ;                    /* 0x0000000a12147211 */
                                                                                             /* 0x000fe400000f0eff */
        /*0d10*/                   LEA R14, P0, R13, c[0x0][0x178], 0x2 ;                    /* 0x00005e000d0e7a11 */
                                                                                             /* 0x000fc800078010ff */
        /*0d20*/                   LEA.HI.X R15, R13, c[0x0][0x17c], R20, 0x2, P0 ;          /* 0x00005f000d0f7a11 */
                                                                                             /* 0x000fe200000f1414 */
        /*0d30*/                   FADD R18, R16, -R11 ;                                     /* 0x8000000b10127221 */
                                                                                             /* 0x010fc80000000000 */
        /*0d40*/                   FFMA R11, R18, R18, R9 ;                                  /* 0x00000012120b7223 */
                                                                                             /* 0x000fca0000000009 */
        /*0d50*/                   STG.E [R2.64], R11 ;                                      /* 0x0000000b02007986 */
                                                                                             /* 0x0005e8000c101906 */
        /*0d60*/                   LDG.E R18, [R4.64] ;                                      /* 0x0000000604127981 */
                                                                                             /* 0x000ee8000c1e1900 */
        /*0d70*/                   LDG.E R9, [R14.64+0x2000] ;                               /* 0x002000060e097981 */
                                                                                             /* 0x002ee4000c1e1900 */
        /*0d80*/                   FADD R18, R9, -R18 ;                                      /* 0x8000001209127221 */
                                                                                             /* 0x008fc80000000000 */
        /*0d90*/                   FFMA R13, R18, R18, R11 ;                                 /* 0x00000012120d7223 */
                                                                                             /* 0x000fca000000000b */
        /*0da0*/                   STG.E [R2.64], R13 ;                                      /* 0x0000000d02007986 */
                                                                                             /* 0x0005e8000c101906 */
        /*0db0*/                   LDG.E R9, [R14.64+0x4000] ;                               /* 0x004000060e097981 */
                                                                                             /* 0x000ee8000c1e1900 */
        /*0dc0*/                   LDG.E R16, [R4.64] ;                                      /* 0x0000000604107981 */
                                                                                             /* 0x000ee4000c1e1900 */
        /*0dd0*/                   FADD R16, R9, -R16 ;                                      /* 0x8000001009107221 */
                                                                                             /* 0x008fc80000000000 */
        /*0de0*/                   FFMA R17, R16, R16, R13 ;                                 /* 0x0000001010117223 */
                                                                                             /* 0x000fca000000000d */
        /*0df0*/                   STG.E [R2.64], R17 ;                                      /* 0x0000001102007986 */
                                                                                             /* 0x0005e8000c101906 */
        /*0e00*/                   LDG.E R9, [R14.64+0x6000] ;                               /* 0x006000060e097981 */
                                                                                             /* 0x000ee8000c1e1900 */
        /*0e10*/                   LDG.E R16, [R4.64] ;                                      /* 0x0000000604107981 */
                                                                                             /* 0x000ee2000c1e1900 */
        /*0e20*/                   PLOP3.LUT P0, PT, PT, PT, PT, 0x8, 0x0 ;                  /* 0x000000000000781c */
                                                                                             /* 0x000fe40003f0e170 */
        /*0e30*/                   IADD3 R12, R12, 0x4000, RZ ;                              /* 0x000040000c0c7810 */
                                                                                             /* 0x000fe20007ffe0ff */
        /*0e40*/                   UIADD3 UR4, UR4, 0x8, URZ ;                               /* 0x0000000804047890 */
                                                                                             /* 0x000fe2000fffe03f */
        /*0e50*/                   FADD R16, R9, -R16 ;                                      /* 0x8000001009107221 */
                                                                                             /* 0x008fc80000000000 */
        /*0e60*/                   FFMA R9, R16, R16, R17 ;                                  /* 0x0000001010097223 */
                                                                                             /* 0x000fca0000000011 */
        /*0e70*/                   STG.E [R2.64], R9 ;                                       /* 0x0000000902007986 */
                                                                                             /* 0x0005e4000c101906 */
        /*0e80*/                   ISETP.NE.U32.OR P0, PT, R8, UR4, P0 ;                     /* 0x0000000408007c0c */
                                                                                             /* 0x000fe40008705470 */
        /*0e90*/                   ISETP.NE.U32.AND P1, PT, R6, RZ, PT ;                     /* 0x000000ff0600720c */
                                                                                             /* 0x000fd60003f25070 */
        /*0ea0*/              @!P0 BRA 0x1090 ;                                              /* 0x000001e000008947 */
                                                                                             /* 0x000fea0003800000 */
        /*0eb0*/                   IADD3 R17, R7, R12, RZ ;                                  /* 0x0000000c07117210 */
                                                                                             /* 0x004fe20007ffe0ff */
        /*0ec0*/                   LDG.E R11, [R4.64] ;                                      /* 0x00000006040b7981 */
                                                                                             /* 0x000ea8000c1e1900 */
        /*0ed0*/                   IMAD.WIDE R16, R17, R0, c[0x0][0x178] ;                   /* 0x00005e0011107625 */
                                                                                             /* 0x000fcc00078e0200 */
        /*0ee0*/                   LDG.E R16, [R16.64] ;                                     /* 0x0000000610107981 */
                                                                                             /* 0x000ea2000c1e1900 */
        /*0ef0*/                   IADD3 R13, P0, R7, R12, RZ ;                              /* 0x0000000c070d7210 */
                                                                                             /* 0x000fc80007f1e0ff */
        /*0f00*/                   LEA.HI.X.SX32 R20, R12, R10, 0x1, P0 ;                    /* 0x0000000a0c147211 */
                                                                                             /* 0x000fe400000f0eff */
        /*0f10*/                   LEA R14, P0, R13, c[0x0][0x178], 0x2 ;                    /* 0x00005e000d0e7a11 */
                                                                                             /* 0x000fc800078010ff */
        /*0f20*/                   LEA.HI.X R15, R13, c[0x0][0x17c], R20, 0x2, P0 ;          /* 0x00005f000d0f7a11 */
                                                                                             /* 0x000fe200000f1414 */
        /*0f30*/                   FADD R18, R16, -R11 ;                                     /* 0x8000000b10127221 */
                                                                                             /* 0x004fc80000000000 */
        /*0f40*/                   FFMA R9, R18, R18, R9 ;                                   /* 0x0000001212097223 */
                                                                                             /* 0x000fca0000000009 */
        /*0f50*/                   STG.E [R2.64], R9 ;                                       /* 0x0000000902007986 */
                                                                                             /* 0x0003e8000c101906 */
        /*0f60*/                   LDG.E R18, [R4.64] ;                                      /* 0x0000000604127981 */
                                                                                             /* 0x000ea8000c1e1900 */
        /*0f70*/                   LDG.E R11, [R14.64+0x2000] ;                              /* 0x002000060e0b7981 */
                                                                                             /* 0x000ea4000c1e1900 */
        /*0f80*/                   FADD R18, R11, -R18 ;                                     /* 0x800000120b127221 */
                                                                                             /* 0x004fc80000000000 */
        /*0f90*/                   FFMA R11, R18, R18, R9 ;                                  /* 0x00000012120b7223 */
                                                                                             /* 0x000fca0000000009 */
        /*0fa0*/                   STG.E [R2.64], R11 ;                                      /* 0x0000000b02007986 */
                                                                                             /* 0x0005e8000c101906 */
        /*0fb0*/                   LDG.E R13, [R14.64+0x4000] ;                              /* 0x004000060e0d7981 */
                                                                                             /* 0x000ee8000c1e1900 */
        /*0fc0*/                   LDG.E R16, [R4.64] ;                                      /* 0x0000000604107981 */
                                                                                             /* 0x000ee4000c1e1900 */
        /*0fd0*/                   FADD R16, R13, -R16 ;                                     /* 0x800000100d107221 */
                                                                                             /* 0x008fc80000000000 */
        /*0fe0*/                   FFMA R13, R16, R16, R11 ;                                 /* 0x00000010100d7223 */
                                                                                             /* 0x000fca000000000b */
        /*0ff0*/                   STG.E [R2.64], R13 ;                                      /* 0x0000000d02007986 */
                                                                                             /* 0x0005e8000c101906 */
        /*1000*/                   LDG.E R9, [R14.64+0x6000] ;                               /* 0x006000060e097981 */
                                                                                             /* 0x002ee8000c1e1900 */
        /*1010*/                   LDG.E R16, [R4.64] ;                                      /* 0x0000000604107981 */
                                                                                             /* 0x000ee2000c1e1900 */
        /*1020*/                   UIADD3 UR4, UR4, 0x4, URZ ;                               /* 0x0000000404047890 */
                                                                                             /* 0x000fcc000fffe03f */
        /*1030*/                   ISETP.NE.U32.AND P0, PT, R8, UR4, PT ;                    /* 0x0000000408007c0c */
                                                                                             /* 0x000fe4000bf05070 */
        /*1040*/                   IADD3 R12, R12, 0x2000, RZ ;                              /* 0x000020000c0c7810 */
                                                                                             /* 0x000fe20007ffe0ff */
        /*1050*/                   FADD R16, R9, -R16 ;                                      /* 0x8000001009107221 */
                                                                                             /* 0x008fc80000000000 */
        /*1060*/                   FFMA R9, R16, R16, R13 ;                                  /* 0x0000001010097223 */
                                                                                             /* 0x000fca000000000d */
        /*1070*/                   STG.E [R2.64], R9 ;                                       /* 0x0000000902007986 */
                                                                                             /* 0x0005e2000c101906 */
        /*1080*/               @P0 BRA 0xeb0 ;                                               /* 0xfffffe2000000947 */
                                                                                             /* 0x000fea000383ffff */
        /*1090*/              @!P1 BRA 0x1150 ;                                              /* 0x000000b000009947 */
                                                                                             /* 0x000fea0003800000 */
        /*10a0*/                   IMAD R7, R8, 0x800, R7 ;                                  /* 0x0000080008077824 */
                                                                                             /* 0x000fc800078e0207 */
        /*10b0*/                   IMAD.WIDE R10, R7.reuse, R0, c[0x0][0x178] ;              /* 0x00005e00070a7625 */
                                                                                             /* 0x044fe200078e0200 */
        /*10c0*/                   LDG.E R13, [R4.64] ;                                      /* 0x00000006040d7981 */
                                                                                             /* 0x000eaa000c1e1900 */
        /*10d0*/                   LDG.E R10, [R10.64] ;                                     /* 0x000000060a0a7981 */
                                                                                             /* 0x000ea2000c1e1900 */
        /*10e0*/                   IADD3 R6, R6, -0x1, RZ ;                                  /* 0xffffffff06067810 */
                                                                                             /* 0x000fe40007ffe0ff */
        /*10f0*/                   IADD3 R7, R7, 0x800, RZ ;                                 /* 0x0000080007077810 */
                                                                                             /* 0x000fc40007ffe0ff */
        /*1100*/                   ISETP.NE.U32.AND P0, PT, R6, RZ, PT ;                     /* 0x000000ff0600720c */
                                                                                             /* 0x000fe20003f05070 */
        /*1110*/                   FADD R8, R10, -R13 ;                                      /* 0x8000000d0a087221 */
                                                                                             /* 0x004fc80000000000 */
        /*1120*/                   FFMA R9, R8, R8, R9 ;                                     /* 0x0000000808097223 */
                                                                                             /* 0x002fca0000000009 */
        /*1130*/                   STG.E [R2.64], R9 ;                                       /* 0x0000000902007986 */
                                                                                             /* 0x0003e6000c101906 */
        /*1140*/               @P0 BRA 0x10b0 ;                                              /* 0xffffff6000000947 */
                                                                                             /* 0x000fea000383ffff */
        /*1150*/                   MOV R5, 0x34a707c4 ;                                      /* 0x34a707c400057802 */
                                                                                             /* 0x000fe20000000f00 */
        /*1160*/                   IMAD.MOV.U32 R0, RZ, RZ, 0x4a442e10 ;                     /* 0x4a442e10ff007424 */
                                                                                             /* 0x000fe200078e00ff */
        /*1170*/                   FCHK P0, R9, 3214212 ;                                    /* 0x4a442e1009007902 */
                                                                                             /* 0x000ee20000000000 */
        /*1180*/                   BSSY B1, 0x1240 ;                                         /* 0x000000b000017945 */
                                                                                             /* 0x000fe40003800000 */
        /*1190*/                   FFMA R0, R5, -R0, 1 ;                                     /* 0x3f80000005007423 */
                                                                                             /* 0x000fc80000000800 */
        /*11a0*/                   FFMA R0, R0, R5, 3.1111824227991746739e-07 ;              /* 0x34a707c400007423 */
                                                                                             /* 0x000fc80000000005 */
        /*11b0*/                   FFMA R4, R0, R9, RZ ;                                     /* 0x0000000900047223 */
                                                                                             /* 0x000fc800000000ff */
        /*11c0*/                   FFMA R5, R4, -3214212, R9 ;                               /* 0xca442e1004057823 */
                                                                                             /* 0x000fc80000000009 */
        /*11d0*/                   FFMA R0, R0, R5, R4 ;                                     /* 0x0000000500007223 */
                                                                                             /* 0x000fe20000000004 */
        /*11e0*/              @!P0 BRA 0x1230 ;                                              /* 0x0000004000008947 */
                                                                                             /* 0x008fea0003800000 */
        /*11f0*/                   MOV R0, R9 ;                                              /* 0x0000000900007202 */
                                                                                             /* 0x000fe40000000f00 */
        /*1200*/                   MOV R4, 0x1220 ;                                          /* 0x0000122000047802 */
                                                                                             /* 0x000fe40000000f00 */
        /*1210*/                   CALL.REL.NOINC 0x14c0 ;                                   /* 0x000002a000007944 */
                                                                                             /* 0x007fea0003c00000 */
        /*1220*/                   IMAD.MOV.U32 R0, RZ, RZ, R8 ;                             /* 0x000000ffff007224 */
                                                                                             /* 0x001fe400078e0008 */
        /*1230*/                   BSYNC B1 ;                                                /* 0x0000000000017941 */
                                                                                             /* 0x000fea0003800000 */
        /*1240*/                   IADD3 R4, R0, -0xd000000, RZ ;                            /* 0xf300000000047810 */
                                                                                             /* 0x000fe20007ffe0ff */
        /*1250*/                   MUFU.RSQ R7, R0 ;                                         /* 0x0000000000077308 */
                                                                                             /* 0x0007220000001400 */
        /*1260*/                   BSSY B0, 0x1310 ;                                         /* 0x000000a000007945 */
                                                                                             /* 0x000fe40003800000 */
        /*1270*/                   ISETP.GT.U32.AND P0, PT, R4, 0x727fffff, PT ;             /* 0x727fffff0400780c */
                                                                                             /* 0x000fda0003f04070 */
        /*1280*/              @!P0 BRA 0x12c0 ;                                              /* 0x0000003000008947 */
                                                                                             /* 0x000fea0003800000 */
        /*1290*/                   MOV R9, 0x12b0 ;                                          /* 0x000012b000097802 */
                                                                                             /* 0x01efe40000000f00 */
        /*12a0*/                   CALL.REL.NOINC 0x1350 ;                                   /* 0x000000a000007944 */
                                                                                             /* 0x001fea0003c00000 */
        /*12b0*/                   BRA 0x1300 ;                                              /* 0x0000004000007947 */
                                                                                             /* 0x000fea0003800000 */
        /*12c0*/                   FMUL.FTZ R5, R7.reuse, R0 ;                               /* 0x0000000007057220 */
                                                                                             /* 0x058fe20000410000 */
        /*12d0*/                   FMUL.FTZ R4, R7, 0.5 ;                                    /* 0x3f00000007047820 */
                                                                                             /* 0x000fc60000410000 */
        /*12e0*/                   FFMA R0, -R5, R5, R0 ;                                    /* 0x0000000505007223 */
                                                                                             /* 0x000fc80000000100 */
        /*12f0*/                   FFMA R0, R0, R4, R5 ;                                     /* 0x0000000400007223 */
                                                                                             /* 0x000fe40000000005 */
        /*1300*/                   BSYNC B0 ;                                                /* 0x0000000000007941 */
                                                                                             /* 0x000fea0003800000 */
        /*1310*/                   FSETP.GTU.AND P0, PT, R0, 0.0049999998882412910461, PT ;  /* 0x3ba3d70a0000780b */
                                                                                             /* 0x000fc80003f0c000 */
        /*1320*/                   FSEL R5, R0, 1, P0 ;                                      /* 0x3f80000000057808 */
                                                                                             /* 0x000fca0000000000 */
        /*1330*/                   STG.E [R2.64], R5 ;                                       /* 0x0000000502007986 */
                                                                                             /* 0x000fe2000c101906 */
        /*1340*/                   EXIT ;                                                    /* 0x000000000000794d */
                                                                                             /* 0x000fea0003800000 */
        /*1350*/                   LOP3.LUT P0, RZ, R0, 0x7fffffff, RZ, 0xc0, !PT ;          /* 0x7fffffff00ff7812 */
                                                                                             /* 0x000fda000780c0ff */
        /*1360*/              @!P0 MOV R4, R0 ;                                              /* 0x0000000000048202 */
                                                                                             /* 0x000fe20000000f00 */
        /*1370*/              @!P0 BRA 0x1480 ;                                              /* 0x0000010000008947 */
                                                                                             /* 0x000fea0003800000 */
        /*1380*/                   FSETP.GEU.FTZ.AND P0, PT, R0, RZ, PT ;                    /* 0x000000ff0000720b */
                                                                                             /* 0x000fda0003f1e000 */
        /*1390*/              @!P0 IMAD.MOV.U32 R4, RZ, RZ, 0x7fffffff ;                     /* 0x7fffffffff048424 */
                                                                                             /* 0x000fe200078e00ff */
        /*13a0*/              @!P0 BRA 0x1480 ;                                              /* 0x000000d000008947 */
                                                                                             /* 0x000fea0003800000 */
        /*13b0*/                   FSETP.GTU.FTZ.AND P0, PT, |R0|, +INF , PT ;               /* 0x7f8000000000780b */
                                                                                             /* 0x000fda0003f1c200 */
        /*13c0*/               @P0 FADD.FTZ R4, R0, 1 ;                                      /* 0x3f80000000040421 */
                                                                                             /* 0x000fe20000010000 */
        /*13d0*/               @P0 BRA 0x1480 ;                                              /* 0x000000a000000947 */
                                                                                             /* 0x000fea0003800000 */
        /*13e0*/                   FSETP.NEU.FTZ.AND P0, PT, |R0|, +INF , PT ;               /* 0x7f8000000000780b */
                                                                                             /* 0x000fda0003f1d200 */
        /*13f0*/               @P0 FFMA R5, R0, 1.84467440737095516160e+19, RZ ;             /* 0x5f80000000050823 */
                                                                                             /* 0x000fc800000000ff */
        /*1400*/               @P0 MUFU.RSQ R4, R5 ;                                         /* 0x0000000500040308 */
                                                                                             /* 0x000e240000001400 */
        /*1410*/               @P0 FMUL.FTZ R6, R5, R4 ;                                     /* 0x0000000405060220 */
                                                                                             /* 0x001fe20000410000 */
        /*1420*/               @P0 FMUL.FTZ R8, R4, 0.5 ;                                    /* 0x3f00000004080820 */
                                                                                             /* 0x000fe20000410000 */
        /*1430*/              @!P0 MOV R4, R0 ;                                              /* 0x0000000000048202 */
                                                                                             /* 0x000fe40000000f00 */
        /*1440*/               @P0 FADD.FTZ R7, -R6, -RZ ;                                   /* 0x800000ff06070221 */
                                                                                             /* 0x000fc80000010100 */
        /*1450*/               @P0 FFMA R7, R6, R7, R5 ;                                     /* 0x0000000706070223 */
                                                                                             /* 0x000fc80000000005 */
        /*1460*/               @P0 FFMA R7, R7, R8, R6 ;                                     /* 0x0000000807070223 */
                                                                                             /* 0x000fc80000000006 */
        /*1470*/               @P0 FMUL.FTZ R4, R7, 2.3283064365386962891e-10 ;              /* 0x2f80000007040820 */
                                                                                             /* 0x000fc80000410000 */
        /*1480*/                   IMAD.MOV.U32 R0, RZ, RZ, R4 ;                             /* 0x000000ffff007224 */
                                                                                             /* 0x000fe200078e0004 */
        /*1490*/                   MOV R4, R9 ;                                              /* 0x0000000900047202 */
                                                                                             /* 0x000fe20000000f00 */
        /*14a0*/                   IMAD.MOV.U32 R5, RZ, RZ, 0x0 ;                            /* 0x00000000ff057424 */
                                                                                             /* 0x000fc800078e00ff */
        /*14b0*/                   RET.REL.NODEC R4 0x0 ;                                    /* 0xffffeb4004007950 */
                                                                                             /* 0x000fea0003c3ffff */
        /*14c0*/                   SHF.R.U32.HI R5, RZ, 0x17, R0 ;                           /* 0x00000017ff057819 */
                                                                                             /* 0x000fe20000011600 */
        /*14d0*/                   BSSY B0, 0x1a90 ;                                         /* 0x000005b000007945 */
                                                                                             /* 0x000fe20003800000 */
        /*14e0*/                   BSSY B2, 0x1680 ;                                         /* 0x0000019000027945 */
                                                                                             /* 0x000fe40003800000 */
        /*14f0*/                   LOP3.LUT R6, R5, 0xff, RZ, 0xc0, !PT ;                    /* 0x000000ff05067812 */
                                                                                             /* 0x000fc800078ec0ff */
        /*1500*/                   IADD3 R7, R6, -0x1, RZ ;                                  /* 0xffffffff06077810 */
                                                                                             /* 0x000fc80007ffe0ff */
        /*1510*/                   ISETP.GT.U32.OR P0, PT, R7, 0xfd, !PT ;                   /* 0x000000fd0700780c */
                                                                                             /* 0x000fda0007f04470 */
        /*1520*/              @!P0 MOV R5, RZ ;                                              /* 0x000000ff00058202 */
                                                                                             /* 0x000fe20000000f00 */
        /*1530*/              @!P0 BRA 0x1670 ;                                              /* 0x0000013000008947 */
                                                                                             /* 0x000fea0003800000 */
        /*1540*/                   FSETP.GTU.FTZ.AND P0, PT, |R0|, +INF , PT ;               /* 0x7f8000000000780b */
                                                                                             /* 0x000fda0003f1c200 */
        /*1550*/               @P0 BREAK B2 ;                                                /* 0x0000000000020942 */
                                                                                             /* 0x000fe20003800000 */
        /*1560*/               @P0 BRA 0x1a70 ;                                              /* 0x0000050000000947 */
                                                                                             /* 0x000fea0003800000 */
        /*1570*/                   IMAD.MOV.U32 R5, RZ, RZ, 0x4a442e10 ;                     /* 0x4a442e10ff057424 */
                                                                                             /* 0x000fca00078e00ff */
        /*1580*/                   LOP3.LUT P0, RZ, R5, 0x7fffffff, R0, 0xc8, !PT ;          /* 0x7fffffff05ff7812 */
                                                                                             /* 0x000fda000780c800 */
        /*1590*/              @!P0 BREAK B2 ;                                                /* 0x0000000000028942 */
                                                                                             /* 0x000fe20003800000 */
        /*15a0*/              @!P0 BRA 0x1a50 ;                                              /* 0x000004a000008947 */
                                                                                             /* 0x000fea0003800000 */
        /*15b0*/                   LOP3.LUT P0, RZ, R0, 0x7fffffff, RZ, 0xc0, !PT ;          /* 0x7fffffff00ff7812 */
                                                                                             /* 0x000fda000780c0ff */
        /*15c0*/              @!P0 BREAK B2 ;                                                /* 0x0000000000028942 */
                                                                                             /* 0x000fe20003800000 */
        /*15d0*/              @!P0 BRA 0x1a30 ;                                              /* 0x0000045000008947 */
                                                                                             /* 0x000fea0003800000 */
        /*15e0*/                   FSETP.NEU.FTZ.AND P1, PT, |R0|, +INF , PT ;               /* 0x7f8000000000780b */
                                                                                             /* 0x000fe40003f3d200 */
        /*15f0*/                   LOP3.LUT P0, RZ, R5, 0x7fffffff, RZ, 0xc0, !PT ;          /* 0x7fffffff05ff7812 */
                                                                                             /* 0x000fc8000780c0ff */
        /*1600*/                   PLOP3.LUT P0, PT, P1, P0, PT, 0x2a, 0x0 ;                 /* 0x000000000000781c */
                                                                                             /* 0x000fda0000f00572 */
        /*1610*/               @P0 BREAK B2 ;                                                /* 0x0000000000020942 */
                                                                                             /* 0x000fe20003800000 */
        /*1620*/               @P0 BRA 0x1a00 ;                                              /* 0x000003d000000947 */
                                                                                             /* 0x000fea0003800000 */
        /*1630*/                   ISETP.GE.AND P0, PT, R7, RZ, PT ;                         /* 0x000000ff0700720c */
                                                                                             /* 0x000fda0003f06270 */
        /*1640*/               @P0 MOV R5, RZ ;                                              /* 0x000000ff00050202 */
                                                                                             /* 0x000fe20000000f00 */
        /*1650*/              @!P0 FFMA R0, R0, 1.84467440737095516160e+19, RZ ;             /* 0x5f80000000008823 */
                                                                                             /* 0x000fe200000000ff */
        /*1660*/              @!P0 IMAD.MOV.U32 R5, RZ, RZ, -0x40 ;                          /* 0xffffffc0ff058424 */
                                                                                             /* 0x000fe400078e00ff */
        /*1670*/                   BSYNC B2 ;                                                /* 0x0000000000027941 */
                                                                                             /* 0x000fea0003800000 */
        /*1680*/                   UMOV UR4, 0x4a442e10 ;                                    /* 0x4a442e1000047882 */
                                                                                             /* 0x000fe20000000000 */
        /*1690*/                   IADD3 R6, R6, -0x7f, RZ ;                                 /* 0xffffff8106067810 */
                                                                                             /* 0x000fe20007ffe0ff */
        /*16a0*/                   UIADD3 UR4, UR4, -0xa800000, URZ ;                        /* 0xf580000004047890 */
                                                                                             /* 0x000fe2000fffe03f */
        /*16b0*/                   BSSY B2, 0x19f0 ;                                         /* 0x0000033000027945 */
                                                                                             /* 0x000fe40003800000 */
        /*16c0*/                   IADD3 R5, R5, -0x15, R6 ;                                 /* 0xffffffeb05057810 */
                                                                                             /* 0x000fe20007ffe006 */
        /*16d0*/                   IMAD R0, R6, -0x800000, R0 ;                              /* 0xff80000006007824 */
                                                                                             /* 0x000fe400078e0200 */
        /*16e0*/                   FADD.FTZ R9, -RZ, -UR4 ;                                  /* 0x80000004ff097e21 */
                                                                                             /* 0x000fc60008010100 */
        /*16f0*/                   MUFU.RCP R7, UR4 ;                                        /* 0x0000000400077d08 */
                                                                                             /* 0x000e240008001000 */
        /*1700*/                   FFMA R8, R7, R9, 1 ;                                      /* 0x3f80000007087423 */
                                                                                             /* 0x001fc80000000009 */
        /*1710*/                   FFMA R7, R7, R8, R7 ;                                     /* 0x0000000807077223 */
                                                                                             /* 0x000fc80000000007 */
        /*1720*/                   FFMA R8, R0, R7, RZ ;                                     /* 0x0000000700087223 */
                                                                                             /* 0x000fc800000000ff */
        /*1730*/                   FFMA R10, R9, R8, R0 ;                                    /* 0x00000008090a7223 */
                                                                                             /* 0x000fc80000000000 */
        /*1740*/                   FFMA R10, R7, R10, R8 ;                                   /* 0x0000000a070a7223 */
                                                                                             /* 0x000fc80000000008 */
        /*1750*/                   FFMA R9, R9, R10, R0 ;                                    /* 0x0000000a09097223 */
                                                                                             /* 0x000fc80000000000 */
        /*1760*/                   FFMA R8, R7, R9, R10 ;                                    /* 0x0000000907087223 */
                                                                                             /* 0x000fca000000000a */
        /*1770*/                   SHF.R.U32.HI R0, RZ, 0x17, R8 ;                           /* 0x00000017ff007819 */
                                                                                             /* 0x000fc80000011608 */
        /*1780*/                   LOP3.LUT R0, R0, 0xff, RZ, 0xc0, !PT ;                    /* 0x000000ff00007812 */
                                                                                             /* 0x000fc800078ec0ff */
        /*1790*/                   IADD3 R11, R0, R5, RZ ;                                   /* 0x00000005000b7210 */
                                                                                             /* 0x000fc80007ffe0ff */
        /*17a0*/                   IADD3 R0, R11, -0x1, RZ ;                                 /* 0xffffffff0b007810 */
                                                                                             /* 0x000fc80007ffe0ff */
        /*17b0*/                   ISETP.GE.U32.AND P0, PT, R0, 0xfe, PT ;                   /* 0x000000fe0000780c */
                                                                                             /* 0x000fda0003f06070 */
        /*17c0*/              @!P0 BRA 0x19d0 ;                                              /* 0x0000020000008947 */
                                                                                             /* 0x000fea0003800000 */
        /*17d0*/                   ISETP.GT.AND P0, PT, R11, 0xfe, PT ;                      /* 0x000000fe0b00780c */
                                                                                             /* 0x000fda0003f04270 */
        /*17e0*/               @P0 BRA 0x19a0 ;                                              /* 0x000001b000000947 */
                                                                                             /* 0x000fea0003800000 */
        /*17f0*/                   ISETP.GE.AND P0, PT, R11, 0x1, PT ;                       /* 0x000000010b00780c */
                                                                                             /* 0x000fda0003f06270 */
        /*1800*/               @P0 BRA 0x19e0 ;                                              /* 0x000001d000000947 */
                                                                                             /* 0x000fea0003800000 */
        /*1810*/                   ISETP.GE.AND P0, PT, R11, -0x18, PT ;                     /* 0xffffffe80b00780c */
                                                                                             /* 0x000fe40003f06270 */
        /*1820*/                   LOP3.LUT R8, R8, 0x80000000, RZ, 0xc0, !PT ;              /* 0x8000000008087812 */
                                                                                             /* 0x000fd600078ec0ff */
        /*1830*/              @!P0 BRA 0x19e0 ;                                              /* 0x000001a000008947 */
                                                                                             /* 0x000fea0003800000 */
        /*1840*/                   FFMA.RZ R0, R7, R9.reuse, R10.reuse ;                     /* 0x0000000907007223 */
                                                                                             /* 0x180fe2000000c00a */
        /*1850*/                   IADD3 R6, R11.reuse, 0x20, RZ ;                           /* 0x000000200b067810 */
                                                                                             /* 0x040fe40007ffe0ff */
        /*1860*/                   ISETP.NE.AND P2, PT, R11, RZ, PT ;                        /* 0x000000ff0b00720c */
                                                                                             /* 0x000fe40003f45270 */
        /*1870*/                   LOP3.LUT R5, R0, 0x7fffff, RZ, 0xc0, !PT ;                /* 0x007fffff00057812 */
                                                                                             /* 0x000fe200078ec0ff */
        /*1880*/                   FFMA.RP R0, R7.reuse, R9.reuse, R10.reuse ;               /* 0x0000000907007223 */
                                                                                             /* 0x1c0fe2000000800a */
        /*1890*/                   FFMA.RM R7, R7, R9, R10 ;                                 /* 0x0000000907077223 */
                                                                                             /* 0x000fe2000000400a */
        /*18a0*/                   IMAD.MOV R9, RZ, RZ, -R11 ;                               /* 0x000000ffff097224 */
                                                                                             /* 0x000fe200078e0a0b */
        /*18b0*/                   LOP3.LUT R5, R5, 0x800000, RZ, 0xfc, !PT ;                /* 0x0080000005057812 */
                                                                                             /* 0x000fe400078efcff */
        /*18c0*/                   ISETP.NE.AND P1, PT, R11, RZ, PT ;                        /* 0x000000ff0b00720c */
                                                                                             /* 0x000fc40003f25270 */
        /*18d0*/                   SHF.L.U32 R6, R5, R6, RZ ;                                /* 0x0000000605067219 */
                                                                                             /* 0x000fe400000006ff */
        /*18e0*/                   FSETP.NEU.FTZ.AND P0, PT, R0, R7, PT ;                    /* 0x000000070000720b */
                                                                                             /* 0x000fe40003f1d000 */
        /*18f0*/                   SEL R0, R9, RZ, P2 ;                                      /* 0x000000ff09007207 */
                                                                                             /* 0x000fe40001000000 */
        /*1900*/                   ISETP.NE.AND P1, PT, R6, RZ, P1 ;                         /* 0x000000ff0600720c */
                                                                                             /* 0x000fe40000f25270 */
        /*1910*/                   SHF.R.U32.HI R0, RZ, R0, R5 ;                             /* 0x00000000ff007219 */
                                                                                             /* 0x000fe40000011605 */
        /*1920*/                   PLOP3.LUT P0, PT, P0, P1, PT, 0xa8, 0x0 ;                 /* 0x000000000000781c */
                                                                                             /* 0x000fc40000703570 */
        /*1930*/                   SHF.R.U32.HI R6, RZ, 0x1, R0 ;                            /* 0x00000001ff067819 */
                                                                                             /* 0x000fe40000011600 */
        /*1940*/                   SEL R5, RZ, 0x1, !P0 ;                                    /* 0x00000001ff057807 */
                                                                                             /* 0x000fc80004000000 */
        /*1950*/                   LOP3.LUT R5, R5, 0x1, R6, 0xf8, !PT ;                     /* 0x0000000105057812 */
                                                                                             /* 0x000fc800078ef806 */
        /*1960*/                   LOP3.LUT R5, R5, R0, RZ, 0xc0, !PT ;                      /* 0x0000000005057212 */
                                                                                             /* 0x000fc800078ec0ff */
        /*1970*/                   IADD3 R5, R6, R5, RZ ;                                    /* 0x0000000506057210 */
                                                                                             /* 0x000fc80007ffe0ff */
        /*1980*/                   LOP3.LUT R8, R5, R8, RZ, 0xfc, !PT ;                      /* 0x0000000805087212 */
                                                                                             /* 0x000fe200078efcff */
        /*1990*/                   BRA 0x19e0 ;                                              /* 0x0000004000007947 */
                                                                                             /* 0x000fea0003800000 */
        /*19a0*/                   LOP3.LUT R8, R8, 0x80000000, RZ, 0xc0, !PT ;              /* 0x8000000008087812 */
                                                                                             /* 0x000fc800078ec0ff */
        /*19b0*/                   LOP3.LUT R8, R8, 0x7f800000, RZ, 0xfc, !PT ;              /* 0x7f80000008087812 */
                                                                                             /* 0x000fe200078efcff */
        /*19c0*/                   BRA 0x19e0 ;                                              /* 0x0000001000007947 */
                                                                                             /* 0x000fea0003800000 */
        /*19d0*/                   IMAD R8, R5, 0x800000, R8 ;                               /* 0x0080000005087824 */
                                                                                             /* 0x000fe400078e0208 */
        /*19e0*/                   BSYNC B2 ;                                                /* 0x0000000000027941 */
                                                                                             /* 0x000fea0003800000 */
        /*19f0*/                   BRA 0x1a80 ;                                              /* 0x0000008000007947 */
                                                                                             /* 0x000fea0003800000 */
        /*1a00*/                   LOP3.LUT R0, R5, 0x80000000, R0, 0x48, !PT ;              /* 0x8000000005007812 */
                                                                                             /* 0x000fc800078e4800 */
        /*1a10*/                   LOP3.LUT R8, R0, 0x7f800000, RZ, 0xfc, !PT ;              /* 0x7f80000000087812 */
                                                                                             /* 0x000fe200078efcff */
        /*1a20*/                   BRA 0x1a80 ;                                              /* 0x0000005000007947 */
                                                                                             /* 0x000fea0003800000 */
        /*1a30*/                   LOP3.LUT R8, R5, 0x80000000, R0, 0x48, !PT ;              /* 0x8000000005087812 */
                                                                                             /* 0x000fe200078e4800 */
        /*1a40*/                   BRA 0x1a80 ;                                              /* 0x0000003000007947 */
                                                                                             /* 0x000fea0003800000 */
        /*1a50*/                   MUFU.RSQ R8, -QNAN  ;                                     /* 0xffc0000000087908 */
                                                                                             /* 0x000e220000001400 */
        /*1a60*/                   BRA 0x1a80 ;                                              /* 0x0000001000007947 */
                                                                                             /* 0x000fea0003800000 */
        /*1a70*/                   FADD.FTZ R8, R0, 3214212 ;                                /* 0x4a442e1000087421 */
                                                                                             /* 0x000fe40000010000 */
        /*1a80*/                   BSYNC B0 ;                                                /* 0x0000000000007941 */
                                                                                             /* 0x000fea0003800000 */
        /*1a90*/                   MOV R5, 0x0 ;                                             /* 0x0000000000057802 */
                                                                                             /* 0x000fc80000000f00 */
        /*1aa0*/                   RET.REL.NODEC R4 0x0 ;                                    /* 0xffffe55004007950 */
                                                                                             /* 0x000fea0003c3ffff */
        /*1ab0*/                   BRA 0x1ab0;                                               /* 0xfffffff000007947 */
                                                                                             /* 0x000fc0000383ffff */
        /*1ac0*/                   NOP;                                                      /* 0x0000000000007918 */
                                                                                             /* 0x000fc00000000000 */
        /*1ad0*/                   NOP;                                                      /* 0x0000000000007918 */
                                                                                             /* 0x000fc00000000000 */
        /*1ae0*/                   NOP;                                                      /* 0x0000000000007918 */
                                                                                             /* 0x000fc00000000000 */
        /*1af0*/                   NOP;                                                      /* 0x0000000000007918 */
                                                                                             /* 0x000fc00000000000 */
        /*1b00*/                   NOP;                                                      /* 0x0000000000007918 */
                                                                                             /* 0x000fc00000000000 */
        /*1b10*/                   NOP;                                                      /* 0x0000000000007918 */
                                                                                             /* 0x000fc00000000000 */
        /*1b20*/                   NOP;                                                      /* 0x0000000000007918 */
                                                                                             /* 0x000fc00000000000 */
        /*1b30*/                   NOP;                                                      /* 0x0000000000007918 */
                                                                                             /* 0x000fc00000000000 */
        /*1b40*/                   NOP;                                                      /* 0x0000000000007918 */
                                                                                             /* 0x000fc00000000000 */
        /*1b50*/                   NOP;                                                      /* 0x0000000000007918 */
                                                                                             /* 0x000fc00000000000 */
        /*1b60*/                   NOP;                                                      /* 0x0000000000007918 */
                                                                                             /* 0x000fc00000000000 */
        /*1b70*/                   NOP;                                                      /* 0x0000000000007918 */
                                                                                             /* 0x000fc00000000000 */
		..........


		Function : _Z11mean_kerneliiPfS___noalias
	.headerflags	@"EF_CUDA_TEXMODE_UNIFIED EF_CUDA_64BIT_ADDRESS EF_CUDA_SM86 EF_CUDA_VIRTUAL_SM(EF_CUDA_SM86)"
        /*0000*/                   IMAD.MOV.U32 R1, RZ, RZ, c[0x0][0x28] ;                   /* 0x00000a00ff017624 */
                                                                                             /* 0x000fe400078e00ff */
        /*0010*/                   S2R R0, SR_CTAID.X ;                                      /* 0x0000000000007919 */
                                                                                             /* 0x000e280000002500 */
        /*0020*/                   S2R R3, SR_TID.X ;                                        /* 0x0000000000037919 */
                                                                                             /* 0x000e240000002100 */
        /*0030*/                   IMAD R0, R0, c[0x0][0x0], R3 ;                            /* 0x0000000000007a24 */
                                                                                             /* 0x001fca00078e0203 */
        /*0040*/                   ISETP.GE.AND P0, PT, R0, c[0x0][0x160], PT ;              /* 0x0000580000007a0c */
                                                                                             /* 0x000fda0003f06270 */
        /*0050*/               @P0 EXIT ;                                                    /* 0x000000000000094d */
                                                                                             /* 0x000fea0003800000 */
        /*0060*/                   IMAD.MOV.U32 R4, RZ, RZ, c[0x0][0x164] ;                  /* 0x00005900ff047624 */
                                                                                             /* 0x000fe200078e00ff */
        /*0070*/                   MOV R11, 0x4 ;                                            /* 0x00000004000b7802 */
                                                                                             /* 0x000fe20000000f00 */
        /*0080*/                   ULDC.64 UR6, c[0x0][0x118] ;                              /* 0x0000460000067ab9 */
                                                                                             /* 0x000fe20000000a00 */
        /*0090*/                   IMAD.MOV.U32 R27, RZ, RZ, RZ ;                            /* 0x000000ffff1b7224 */
                                                                                             /* 0x000fe400078e00ff */
        /*00a0*/                   ISETP.GE.AND P0, PT, R4, 0x1, PT ;                        /* 0x000000010400780c */
                                                                                             /* 0x000fe20003f06270 */
        /*00b0*/                   IMAD.WIDE R2, R0, R11, c[0x0][0x168] ;                    /* 0x00005a0000027625 */
                                                                                             /* 0x000fd800078e020b */
        /*00c0*/              @!P0 BRA 0xf00 ;                                               /* 0x00000e3000008947 */
                                                                                             /* 0x000fea0003800000 */
        /*00d0*/                   ISETP.GE.U32.AND P0, PT, R4.reuse, 0x8, PT ;              /* 0x000000080400780c */
                                                                                             /* 0x040fe20003f06070 */
        /*00e0*/                   IMAD.MOV.U32 R13, RZ, RZ, RZ ;                            /* 0x000000ffff0d7224 */
                                                                                             /* 0x000fe200078e00ff */
        /*00f0*/                   LOP3.LUT R10, R4, 0x7, RZ, 0xc0, !PT ;                    /* 0x00000007040a7812 */
                                                                                             /* 0x000fe400078ec0ff */
        /*0100*/                   MOV R27, RZ ;                                             /* 0x000000ff001b7202 */
                                                                                             /* 0x000fd20000000f00 */
        /*0110*/              @!P0 BRA 0xe80 ;                                               /* 0x00000d6000008947 */
                                                                                             /* 0x000fea0003800000 */
        /*0120*/                   LOP3.LUT R13, R4, 0x7ffffff8, RZ, 0xc0, !PT ;             /* 0x7ffffff8040d7812 */
                                                                                             /* 0x000fe200078ec0ff */
        /*0130*/                   UMOV UR4, URZ ;                                           /* 0x0000003f00047c82 */
                                                                                             /* 0x000fe20008000000 */
        /*0140*/                   PLOP3.LUT P0, PT, PT, PT, PT, 0x80, 0x0 ;                 /* 0x000000000000781c */
                                                                                             /* 0x000fe20003f0f070 */
        /*0150*/                   IMAD.MOV.U32 R27, RZ, RZ, RZ ;                            /* 0x000000ffff1b7224 */
                                                                                             /* 0x000fe200078e00ff */
        /*0160*/                   ISETP.GT.U32.AND P1, PT, R13, RZ, PT ;                    /* 0x000000ff0d00720c */
                                                                                             /* 0x000fe20003f24070 */
        /*0170*/                   IMAD.MOV.U32 R15, RZ, RZ, RZ ;                            /* 0x000000ffff0f7224 */
                                                                                             /* 0x000fe200078e00ff */
        /*0180*/                   SHF.R.S32.HI R12, RZ, 0x1f, R0 ;                          /* 0x0000001fff0c7819 */
                                                                                             /* 0x000fd60000011400 */
        /*0190*/               @P1 BRA 0x330 ;                                               /* 0x0000019000001947 */
                                                                                             /* 0x000fea0003800000 */
        /*01a0*/                   IADD3 R6, R0.reuse, R15.reuse, RZ ;                       /* 0x0000000f00067210 */
                                                                                             /* 0x0c0fe40007ffe0ff */
        /*01b0*/                   IADD3 R5, P0, R0, R15, RZ ;                               /* 0x0000000f00057210 */
                                                                                             /* 0x000fc60007f1e0ff */
        /*01c0*/                   IMAD.WIDE R6, R6, R11, c[0x0][0x170] ;                    /* 0x00005c0006067625 */
                                                                                             /* 0x000fe200078e020b */
        /*01d0*/                   LEA.HI.X.SX32 R8, R15, R12, 0x1, P0 ;                     /* 0x0000000c0f087211 */
                                                                                             /* 0x000fe400000f0eff */
        /*01e0*/                   LEA R4, P0, R5, c[0x0][0x170], 0x2 ;                      /* 0x00005c0005047a11 */
                                                                                             /* 0x000fc600078010ff */
        /*01f0*/                   LDG.E.CONSTANT R6, [R6.64] ;                              /* 0x0000000606067981 */
                                                                                             /* 0x000ea2000c1e9900 */
        /*0200*/                   LEA.HI.X R5, R5, c[0x0][0x174], R8, 0x2, P0 ;             /* 0x00005d0005057a11 */
                                                                                             /* 0x000fca00000f1408 */
        /*0210*/                   LDG.E.CONSTANT R8, [R4.64+0x2000] ;                       /* 0x0020000604087981 */
                                                                                             /* 0x000ee8000c1e9900 */
        /*0220*/                   LDG.E.CONSTANT R9, [R4.64+0x4000] ;                       /* 0x0040000604097981 */
                                                                                             /* 0x000f28000c1e9900 */
        /*0230*/                   LDG.E.CONSTANT R15, [R4.64+0x6000] ;                      /* 0x00600006040f7981 */
                                                                                             /* 0x000f68000c1e9900 */
        /*0240*/                   LDG.E.CONSTANT R17, [R4.64+0x8000] ;                      /* 0x0080000604117981 */
                                                                                             /* 0x000f68000c1e9900 */
        /*0250*/                   LDG.E.CONSTANT R19, [R4.64+0xa000] ;                      /* 0x00a0000604137981 */
                                                                                             /* 0x000f68000c1e9900 */
        /*0260*/                   LDG.E.CONSTANT R21, [R4.64+0xc000] ;                      /* 0x00c0000604157981 */
                                                                                             /* 0x000f68000c1e9900 */
        /*0270*/                   LDG.E.CONSTANT R23, [R4.64+0xe000] ;                      /* 0x00e0000604177981 */
                                                                                             /* 0x000f62000c1e9900 */
        /*0280*/                   PLOP3.LUT P0, PT, PT, PT, PT, 0x8, 0x0 ;                  /* 0x000000000000781c */
                                                                                             /* 0x000fe20003f0e170 */
        /*0290*/                   UMOV UR4, 0x8 ;                                           /* 0x0000000800047882 */
                                                                                             /* 0x000fe20000000000 */
        /*02a0*/                   FADD R27, R27, R6 ;                                       /* 0x000000061b1b7221 */
                                                                                             /* 0x004fc80000000000 */
        /*02b0*/                   FADD R8, R27, R8 ;                                        /* 0x000000081b087221 */
                                                                                             /* 0x008fc80000000000 */
        /*02c0*/                   FADD R8, R8, R9 ;                                         /* 0x0000000908087221 */
                                                                                             /* 0x010fc80000000000 */
        /*02d0*/                   FADD R8, R8, R15 ;                                        /* 0x0000000f08087221 */
                                                                                             /* 0x020fc80000000000 */
        /*02e0*/                   FADD R8, R8, R17 ;                                        /* 0x0000001108087221 */
                                                                                             /* 0x000fc80000000000 */
        /*02f0*/                   FADD R8, R8, R19 ;                                        /* 0x0000001308087221 */
                                                                                             /* 0x000fc80000000000 */
        /*0300*/                   FADD R8, R8, R21 ;                                        /* 0x0000001508087221 */
                                                                                             /* 0x000fe20000000000 */
        /*0310*/                   IMAD.MOV.U32 R15, RZ, RZ, 0x4000 ;                        /* 0x00004000ff0f7424 */
                                                                                             /* 0x000fc600078e00ff */
        /*0320*/                   FADD R27, R8, R23 ;                                       /* 0x00000017081b7221 */
                                                                                             /* 0x000fe20000000000 */
        /*0330*/                   IADD3 R4, R13, -UR4, RZ ;                                 /* 0x800000040d047c10 */
                                                                                             /* 0x000fc8000fffe0ff */
        /*0340*/                   ISETP.GT.AND P1, PT, R4, 0x18, PT ;                       /* 0x000000180400780c */
                                                                                             /* 0x000fda0003f24270 */
        /*0350*/              @!P1 BRA 0x970 ;                                               /* 0x0000061000009947 */
                                                                                             /* 0x000fea0003800000 */
        /*0360*/                   PLOP3.LUT P0, PT, PT, PT, PT, 0x8, 0x0 ;                  /* 0x000000000000781c */
                                                                                             /* 0x000fe40003f0e170 */
        /*0370*/                   IADD3 R33, R13, -0x18, RZ ;                               /* 0xffffffe80d217810 */
                                                                                             /* 0x000fe40007ffe0ff */
        /*0380*/                   IADD3 R5, P1, R0.reuse, R15, RZ ;                         /* 0x0000000f00057210 */
                                                                                             /* 0x040fe20007f3e0ff */
        /*0390*/                   IMAD.IADD R6, R0, 0x1, R15 ;                              /* 0x0000000100067824 */
                                                                                             /* 0x000fc600078e020f */
        /*03a0*/                   LEA.HI.X.SX32 R8, R15, R12, 0x1, P1 ;                     /* 0x0000000c0f087211 */
                                                                                             /* 0x000fe200008f0eff */
        /*03b0*/                   IMAD.WIDE R6, R6, R11, c[0x0][0x170] ;                    /* 0x00005c0006067625 */
                                                                                             /* 0x000fe200078e020b */
        /*03c0*/                   LEA R4, P1, R5, c[0x0][0x170], 0x2 ;                      /* 0x00005c0005047a11 */
                                                                                             /* 0x000fc800078210ff */
        /*03d0*/                   LEA.HI.X R5, R5, c[0x0][0x174], R8, 0x2, P1 ;             /* 0x00005d0005057a11 */
                                                                                             /* 0x000fe200008f1408 */
        /*03e0*/                   LDG.E.CONSTANT R28, [R6.64] ;                             /* 0x00000006061c7981 */
                                                                                             /* 0x0000a8000c1e9900 */
        /*03f0*/                   LDG.E.CONSTANT R31, [R4.64+0x2000] ;                      /* 0x00200006041f7981 */
                                                                                             /* 0x0002e8000c1e9900 */
        /*0400*/                   LDG.E.CONSTANT R29, [R4.64+0x4000] ;                      /* 0x00400006041d7981 */
                                                                                             /* 0x000328000c1e9900 */
        /*0410*/                   LDG.E.CONSTANT R30, [R4.64+0x6000] ;                      /* 0x00600006041e7981 */
                                                                                             /* 0x000368000c1e9900 */
        /*0420*/                   LDG.E.CONSTANT R26, [R4.64+0x8000] ;                      /* 0x00800006041a7981 */
                                                                                             /* 0x000362000c1e9900 */
        /*0430*/                   IADD3 R23, R15, 0x4000, RZ ;                              /* 0x000040000f177810 */
                                                                                             /* 0x000fc60007ffe0ff */
        /*0440*/                   LDG.E.CONSTANT R21, [R4.64+0xa000] ;                      /* 0x00a0000604157981 */
                                                                                             /* 0x000362000c1e9900 */
        /*0450*/                   IADD3 R8, R0, R23, RZ ;                                   /* 0x0000001700087210 */
                                                                                             /* 0x000fc60007ffe0ff */
        /*0460*/                   LDG.E.CONSTANT R20, [R4.64+0xc000] ;                      /* 0x00c0000604147981 */
                                                                                             /* 0x000368000c1e9900 */
        /*0470*/                   LDG.E.CONSTANT R19, [R4.64+0xe000] ;                      /* 0x00e0000604137981 */
                                                                                             /* 0x000362000c1e9900 */
        /*0480*/                   IMAD.WIDE R8, R8, R11, c[0x0][0x170] ;                    /* 0x00005c0008087625 */
                                                                                             /* 0x000fca00078e020b */
        /*0490*/                   LDG.E.CONSTANT R17, [R8.64] ;                             /* 0x0000000608117981 */
                                                                                             /* 0x000362000c1e9900 */
        /*04a0*/                   IADD3 R7, P1, R0, R23, RZ ;                               /* 0x0000001700077210 */
                                                                                             /* 0x001fc80007f3e0ff */
        /*04b0*/                   LEA.HI.X.SX32 R14, R23, R12, 0x1, P1 ;                    /* 0x0000000c170e7211 */
                                                                                             /* 0x000fe400008f0eff */
        /*04c0*/                   LEA R6, P1, R7, c[0x0][0x170], 0x2 ;                      /* 0x00005c0007067a11 */
                                                                                             /* 0x000fc800078210ff */
        /*04d0*/                   LEA.HI.X R7, R7, c[0x0][0x174], R14, 0x2, P1 ;            /* 0x00005d0007077a11 */
                                                                                             /* 0x000fca00008f140e */
        /*04e0*/                   LDG.E.CONSTANT R14, [R6.64+0x2000] ;                      /* 0x00200006060e7981 */
                                                                                             /* 0x000168000c1e9900 */
        /*04f0*/                   LDG.E.CONSTANT R16, [R6.64+0x4000] ;                      /* 0x0040000606107981 */
                                                                                             /* 0x000162000c1e9900 */
        /*0500*/                   IADD3 R23, R15, 0x8000, RZ ;                              /* 0x000080000f177810 */
                                                                                             /* 0x000fc60007ffe0ff */
        /*0510*/                   LDG.E.CONSTANT R18, [R6.64+0x6000] ;                      /* 0x0060000606127981 */
                                                                                             /* 0x000162000c1e9900 */
        /*0520*/                   IADD3 R5, P1, R0, R23, RZ ;                               /* 0x0000001700057210 */
                                                                                             /* 0x002fc60007f3e0ff */
        /*0530*/                   LDG.E.CONSTANT R22, [R6.64+0x8000] ;                      /* 0x0080000606167981 */
                                                                                             /* 0x000162000c1e9900 */
        /*0540*/                   IMAD.IADD R8, R0, 0x1, R23 ;                              /* 0x0000000100087824 */
                                                                                             /* 0x000fc600078e0217 */
        /*0550*/                   LDG.E.CONSTANT R24, [R6.64+0xa000] ;                      /* 0x00a0000606187981 */
                                                                                             /* 0x000162000c1e9900 */
        /*0560*/                   LEA.HI.X.SX32 R32, R23, R12, 0x1, P1 ;                    /* 0x0000000c17207211 */
                                                                                             /* 0x000fc600008f0eff */
        /*0570*/                   LDG.E.CONSTANT R23, [R6.64+0xc000] ;                      /* 0x00c0000606177981 */
                                                                                             /* 0x000162000c1e9900 */
        /*0580*/                   LEA R4, P1, R5.reuse, c[0x0][0x170], 0x2 ;                /* 0x00005c0005047a11 */
                                                                                             /* 0x040fe200078210ff */
        /*0590*/                   IMAD.WIDE R8, R8, R11, c[0x0][0x170] ;                    /* 0x00005c0008087625 */
                                                                                             /* 0x000fe400078e020b */
        /*05a0*/                   LDG.E.CONSTANT R25, [R6.64+0xe000] ;                      /* 0x00e0000606197981 */
                                                                                             /* 0x000162000c1e9900 */
        /*05b0*/                   LEA.HI.X R5, R5, c[0x0][0x174], R32, 0x2, P1 ;            /* 0x00005d0005057a11 */
                                                                                             /* 0x000fca00008f1420 */
        /*05c0*/                   LDG.E.CONSTANT R34, [R4.64+0x6000] ;                      /* 0x0060000604227981 */
                                                                                             /* 0x000362000c1e9900 */
        /*05d0*/                   IADD3 R36, R15, 0xc000, RZ ;                              /* 0x0000c0000f247810 */
                                                                                             /* 0x000fc60007ffe0ff */
        /*05e0*/                   LDG.E.CONSTANT R35, [R4.64+0xe000] ;                      /* 0x00e0000604237981 */
                                                                                             /* 0x000362000c1e9900 */
        /*05f0*/                   IADD3 R7, P1, R0, R36, RZ ;                               /* 0x0000002400077210 */
                                                                                             /* 0x001fe20007f3e0ff */
        /*0600*/                   FADD R32, R28, R27 ;                                      /* 0x0000001b1c207221 */
                                                                                             /* 0x004fe40000000000 */
        /*0610*/                   LDG.E.CONSTANT R28, [R8.64] ;                             /* 0x00000006081c7981 */
                                                                                             /* 0x0000a4000c1e9900 */
        /*0620*/                   FADD R32, R32, R31 ;                                      /* 0x0000001f20207221 */
                                                                                             /* 0x008fe40000000000 */
        /*0630*/                   LDG.E.CONSTANT R27, [R4.64+0x2000] ;                      /* 0x00200006041b7981 */
                                                                                             /* 0x0002e4000c1e9900 */
        /*0640*/                   FADD R31, R32, R29 ;                                      /* 0x0000001d201f7221 */
                                                                                             /* 0x010fc40000000000 */
        /*0650*/                   LDG.E.CONSTANT R29, [R4.64+0x4000] ;                      /* 0x00400006041d7981 */
                                                                                             /* 0x000324000c1e9900 */
        /*0660*/                   FADD R37, R31, R30 ;                                      /* 0x0000001e1f257221 */
                                                                                             /* 0x020fe40000000000 */
        /*0670*/                   LDG.E.CONSTANT R32, [R4.64+0x8000] ;                      /* 0x0080000604207981 */
                                                                                             /* 0x000362000c1e9900 */
        /*0680*/                   IMAD.IADD R8, R0, 0x1, R36 ;                              /* 0x0000000100087824 */
                                                                                             /* 0x001fc600078e0224 */
        /*0690*/                   LDG.E.CONSTANT R31, [R4.64+0xa000] ;                      /* 0x00a00006041f7981 */
                                                                                             /* 0x000362000c1e9900 */
        /*06a0*/                   LEA.HI.X.SX32 R36, R36, R12, 0x1, P1 ;                    /* 0x0000000c24247211 */
                                                                                             /* 0x000fe200008f0eff */
        /*06b0*/                   IMAD.WIDE R8, R8, R11, c[0x0][0x170] ;                    /* 0x00005c0008087625 */
                                                                                             /* 0x000fe400078e020b */
        /*06c0*/                   LDG.E.CONSTANT R30, [R4.64+0xc000] ;                      /* 0x00c00006041e7981 */
                                                                                             /* 0x000362000c1e9900 */
        /*06d0*/                   LEA R6, P1, R7, c[0x0][0x170], 0x2 ;                      /* 0x00005c0007067a11 */
                                                                                             /* 0x000fe200078210ff */
        /*06e0*/                   FADD R26, R37, R26 ;                                      /* 0x0000001a251a7221 */
                                                                                             /* 0x000fe40000000000 */
        /*06f0*/                   LDG.E.CONSTANT R8, [R8.64] ;                              /* 0x0000000608087981 */
                                                                                             /* 0x000162000c1e9900 */
        /*0700*/                   LEA.HI.X R7, R7, c[0x0][0x174], R36, 0x2, P1 ;            /* 0x00005d0007077a11 */
                                                                                             /* 0x000fe200008f1424 */
        /*0710*/                   FADD R37, R26, R21 ;                                      /* 0x000000151a257221 */
                                                                                             /* 0x000fc80000000000 */
        /*0720*/                   LDG.E.CONSTANT R21, [R6.64+0x2000] ;                      /* 0x0020000606157981 */
                                                                                             /* 0x000f62000c1e9900 */
        /*0730*/                   FADD R20, R37, R20 ;                                      /* 0x0000001425147221 */
                                                                                             /* 0x000fc60000000000 */
        /*0740*/                   LDG.E.CONSTANT R4, [R6.64+0x4000] ;                       /* 0x0040000606047981 */
                                                                                             /* 0x002f62000c1e9900 */
        /*0750*/                   FADD R20, R20, R19 ;                                      /* 0x0000001314147221 */
                                                                                             /* 0x000fc60000000000 */
        /*0760*/                   LDG.E.CONSTANT R19, [R6.64+0x6000] ;                      /* 0x0060000606137981 */
                                                                                             /* 0x000f62000c1e9900 */
        /*0770*/                   FADD R37, R20, R17 ;                                      /* 0x0000001114257221 */
                                                                                             /* 0x000fc60000000000 */
        /*0780*/                   LDG.E.CONSTANT R5, [R6.64+0x8000] ;                       /* 0x0080000606057981 */
                                                                                             /* 0x000f68000c1e9900 */
        /*0790*/                   LDG.E.CONSTANT R20, [R6.64+0xa000] ;                      /* 0x00a0000606147981 */
                                                                                             /* 0x000f68000c1e9900 */
        /*07a0*/                   LDG.E.CONSTANT R17, [R6.64+0xc000] ;                      /* 0x00c0000606117981 */
                                                                                             /* 0x000f68000c1e9900 */
        /*07b0*/                   LDG.E.CONSTANT R9, [R6.64+0xe000] ;                       /* 0x00e0000606097981 */
                                                                                             /* 0x001f62000c1e9900 */
        /*07c0*/                   FADD R37, R37, R14 ;                                      /* 0x0000000e25257221 */
                                                                                             /* 0x000fc80000000000 */
        /*07d0*/                   FADD R37, R37, R16 ;                                      /* 0x0000001025257221 */
                                                                                             /* 0x000fc80000000000 */
        /*07e0*/                   FADD R37, R37, R18 ;                                      /* 0x0000001225257221 */
                                                                                             /* 0x000fc80000000000 */
        /*07f0*/                   FADD R37, R37, R22 ;                                      /* 0x0000001625257221 */
                                                                                             /* 0x000fc80000000000 */
        /*0800*/                   FADD R24, R37, R24 ;                                      /* 0x0000001825187221 */
                                                                                             /* 0x000fc80000000000 */
        /*0810*/                   FADD R24, R24, R23 ;                                      /* 0x0000001718187221 */
                                                                                             /* 0x000fc80000000000 */
        /*0820*/                   FADD R25, R24, R25 ;                                      /* 0x0000001918197221 */
                                                                                             /* 0x000fe20000000000 */
        /*0830*/                   UIADD3 UR4, UR4, 0x20, URZ ;                              /* 0x0000002004047890 */
                                                                                             /* 0x000fcc000fffe03f */
        /*0840*/                   ISETP.LE.AND P1, PT, R33, UR4, PT ;                       /* 0x0000000421007c0c */
                                                                                             /* 0x000fe4000bf23270 */
        /*0850*/                   IADD3 R15, R15, 0x10000, RZ ;                             /* 0x000100000f0f7810 */
                                                                                             /* 0x000fe20007ffe0ff */
        /*0860*/                   FADD R28, R25, R28 ;                                      /* 0x0000001c191c7221 */
                                                                                             /* 0x004fc80000000000 */
        /*0870*/                   FADD R28, R28, R27 ;                                      /* 0x0000001b1c1c7221 */
                                                                                             /* 0x008fc80000000000 */
        /*0880*/                   FADD R29, R28, R29 ;                                      /* 0x0000001d1c1d7221 */
                                                                                             /* 0x010fc80000000000 */
        /*0890*/                   FADD R29, R29, R34 ;                                      /* 0x000000221d1d7221 */
                                                                                             /* 0x000fc80000000000 */
        /*08a0*/                   FADD R32, R29, R32 ;                                      /* 0x000000201d207221 */
                                                                                             /* 0x020fc80000000000 */
        /*08b0*/                   FADD R31, R32, R31 ;                                      /* 0x0000001f201f7221 */
                                                                                             /* 0x000fc80000000000 */
        /*08c0*/                   FADD R30, R31, R30 ;                                      /* 0x0000001e1f1e7221 */
                                                                                             /* 0x000fc80000000000 */
        /*08d0*/                   FADD R35, R30, R35 ;                                      /* 0x000000231e237221 */
                                                                                             /* 0x000fc80000000000 */
        /*08e0*/                   FADD R8, R35, R8 ;                                        /* 0x0000000823087221 */
                                                                                             /* 0x000fc80000000000 */
        /*08f0*/                   FADD R21, R8, R21 ;                                       /* 0x0000001508157221 */
                                                                                             /* 0x000fc80000000000 */
        /*0900*/                   FADD R4, R21, R4 ;                                        /* 0x0000000415047221 */
                                                                                             /* 0x000fc80000000000 */
        /*0910*/                   FADD R4, R4, R19 ;                                        /* 0x0000001304047221 */
                                                                                             /* 0x000fc80000000000 */
        /*0920*/                   FADD R5, R4, R5 ;                                         /* 0x0000000504057221 */
                                                                                             /* 0x000fc80000000000 */
        /*0930*/                   FADD R20, R5, R20 ;                                       /* 0x0000001405147221 */
                                                                                             /* 0x000fc80000000000 */
        /*0940*/                   FADD R20, R20, R17 ;                                      /* 0x0000001114147221 */
                                                                                             /* 0x000fc80000000000 */
        /*0950*/                   FADD R27, R20, R9 ;                                       /* 0x00000009141b7221 */
                                                                                             /* 0x000fe20000000000 */
        /*0960*/              @!P1 BRA 0x380 ;                                               /* 0xfffffa1000009947 */
                                                                                             /* 0x000fea000383ffff */
        /*0970*/                   IADD3 R4, R13, -UR4, RZ ;                                 /* 0x800000040d047c10 */
                                                                                             /* 0x000fc8000fffe0ff */
        /*0980*/                   ISETP.GT.AND P1, PT, R4, 0x8, PT ;                        /* 0x000000080400780c */
                                                                                             /* 0x000fda0003f24270 */
        /*0990*/              @!P1 BRA 0xca0 ;                                               /* 0x0000030000009947 */
                                                                                             /* 0x000fea0003800000 */
        /*09a0*/                   IADD3 R7, P0, R0.reuse, R15.reuse, RZ ;                   /* 0x0000000f00077210 */
                                                                                             /* 0x0c0fe40007f1e0ff */
        /*09b0*/                   IADD3 R4, R0, R15, RZ ;                                   /* 0x0000000f00047210 */
                                                                                             /* 0x000fe40007ffe0ff */
        /*09c0*/                   LEA.HI.X.SX32 R8, R15, R12, 0x1, P0 ;                     /* 0x0000000c0f087211 */
                                                                                             /* 0x000fe400000f0eff */
        /*09d0*/                   LEA R6, P0, R7, c[0x0][0x170], 0x2 ;                      /* 0x00005c0007067a11 */
                                                                                             /* 0x000fe200078010ff */
        /*09e0*/                   IMAD.WIDE R4, R4, R11, c[0x0][0x170] ;                    /* 0x00005c0004047625 */
                                                                                             /* 0x000fc600078e020b */
        /*09f0*/                   LEA.HI.X R7, R7, c[0x0][0x174], R8, 0x2, P0 ;             /* 0x00005d0007077a11 */
                                                                                             /* 0x000fe400000f1408 */
        /*0a00*/                   LDG.E.CONSTANT R26, [R4.64] ;                             /* 0x00000006041a7981 */
                                                                                             /* 0x0000a8000c1e9900 */
        /*0a10*/                   LDG.E.CONSTANT R31, [R6.64+0x2000] ;                      /* 0x00200006061f7981 */
                                                                                             /* 0x000ee8000c1e9900 */
        /*0a20*/                   LDG.E.CONSTANT R33, [R6.64+0x4000] ;                      /* 0x0040000606217981 */
                                                                                             /* 0x000f28000c1e9900 */
        /*0a30*/                   LDG.E.CONSTANT R18, [R6.64+0x6000] ;                      /* 0x0060000606127981 */
                                                                                             /* 0x000f62000c1e9900 */
        /*0a40*/                   IADD3 R9, R15, 0x4000, RZ ;                               /* 0x000040000f097810 */
                                                                                             /* 0x000fc60007ffe0ff */
        /*0a50*/                   LDG.E.CONSTANT R17, [R6.64+0x8000] ;                      /* 0x0080000606117981 */
                                                                                             /* 0x000f62000c1e9900 */
        /*0a60*/                   IADD3 R19, P0, R0.reuse, R9, RZ ;                         /* 0x0000000900137210 */
                                                                                             /* 0x040fe20007f1e0ff */
        /*0a70*/                   IMAD.IADD R8, R0, 0x1, R9 ;                               /* 0x0000000100087824 */
                                                                                             /* 0x000fe400078e0209 */
        /*0a80*/                   LDG.E.CONSTANT R16, [R6.64+0xa000] ;                      /* 0x00a0000606107981 */
                                                                                             /* 0x000f62000c1e9900 */
        /*0a90*/                   LEA.HI.X.SX32 R20, R9, R12, 0x1, P0 ;                     /* 0x0000000c09147211 */
                                                                                             /* 0x000fe200000f0eff */
        /*0aa0*/                   IMAD.WIDE R8, R8, R11, c[0x0][0x170] ;                    /* 0x00005c0008087625 */
                                                                                             /* 0x000fe400078e020b */
        /*0ab0*/                   LDG.E.CONSTANT R14, [R6.64+0xc000] ;                      /* 0x00c00006060e7981 */
                                                                                             /* 0x000f62000c1e9900 */
        /*0ac0*/                   LEA R4, P0, R19, c[0x0][0x170], 0x2 ;                     /* 0x00005c0013047a11 */
                                                                                             /* 0x001fc600078010ff */
        /*0ad0*/                   LDG.E.CONSTANT R23, [R6.64+0xe000] ;                      /* 0x00e0000606177981 */
                                                                                             /* 0x000f62000c1e9900 */
        /*0ae0*/                   LEA.HI.X R5, R19, c[0x0][0x174], R20, 0x2, P0 ;           /* 0x00005d0013057a11 */
                                                                                             /* 0x000fc600000f1414 */
        /*0af0*/                   LDG.E.CONSTANT R8, [R8.64] ;                              /* 0x0000000608087981 */
                                                                                             /* 0x000f68000c1e9900 */
        /*0b00*/                   LDG.E.CONSTANT R25, [R4.64+0x2000] ;                      /* 0x0020000604197981 */
                                                                                             /* 0x000f68000c1e9900 */
        /*0b10*/                   LDG.E.CONSTANT R29, [R4.64+0x4000] ;                      /* 0x00400006041d7981 */
                                                                                             /* 0x000f68000c1e9900 */
        /*0b20*/                   LDG.E.CONSTANT R24, [R4.64+0x6000] ;                      /* 0x0060000604187981 */
                                                                                             /* 0x000f68000c1e9900 */
        /*0b30*/                   LDG.E.CONSTANT R22, [R4.64+0x8000] ;                      /* 0x0080000604167981 */
                                                                                             /* 0x000f68000c1e9900 */
        /*0b40*/                   LDG.E.CONSTANT R21, [R4.64+0xa000] ;                      /* 0x00a0000604157981 */
                                                                                             /* 0x000f68000c1e9900 */
        /*0b50*/                   LDG.E.CONSTANT R19, [R4.64+0xc000] ;                      /* 0x00c0000604137981 */
                                                                                             /* 0x000f68000c1e9900 */
        /*0b60*/                   LDG.E.CONSTANT R20, [R4.64+0xe000] ;                      /* 0x00e0000604147981 */
                                                                                             /* 0x000f62000c1e9900 */
        /*0b70*/                   PLOP3.LUT P0, PT, PT, PT, PT, 0x8, 0x0 ;                  /* 0x000000000000781c */
                                                                                             /* 0x000fe20003f0e170 */
        /*0b80*/                   UIADD3 UR4, UR4, 0x10, URZ ;                              /* 0x0000001004047890 */
                                                                                             /* 0x000fe2000fffe03f */
        /*0b90*/                   IADD3 R15, R15, 0x8000, RZ ;                              /* 0x000080000f0f7810 */
                                                                                             /* 0x000fe20007ffe0ff */
        /*0ba0*/                   FADD R26, R27, R26 ;                                      /* 0x0000001a1b1a7221 */
                                                                                             /* 0x004fc80000000000 */
        /*0bb0*/                   FADD R26, R26, R31 ;                                      /* 0x0000001f1a1a7221 */
                                                                                             /* 0x008fc80000000000 */
        /*0bc0*/                   FADD R33, R26, R33 ;                                      /* 0x000000211a217221 */
                                                                                             /* 0x010fc80000000000 */
        /*0bd0*/                   FADD R18, R33, R18 ;                                      /* 0x0000001221127221 */
                                                                                             /* 0x020fc80000000000 */
        /*0be0*/                   FADD R17, R18, R17 ;                                      /* 0x0000001112117221 */
                                                                                             /* 0x000fc80000000000 */
        /*0bf0*/                   FADD R17, R17, R16 ;                                      /* 0x0000001011117221 */
                                                                                             /* 0x000fc80000000000 */
        /*0c00*/                   FADD R14, R17, R14 ;                                      /* 0x0000000e110e7221 */
                                                                                             /* 0x000fc80000000000 */
        /*0c10*/                   FADD R23, R14, R23 ;                                      /* 0x000000170e177221 */
                                                                                             /* 0x000fc80000000000 */
        /*0c20*/                   FADD R8, R8, R23 ;                                        /* 0x0000001708087221 */
                                                                                             /* 0x000fc80000000000 */
        /*0c30*/                   FADD R8, R8, R25 ;                                        /* 0x0000001908087221 */
                                                                                             /* 0x000fc80000000000 */
        /*0c40*/                   FADD R29, R8, R29 ;                                       /* 0x0000001d081d7221 */
                                                                                             /* 0x000fc80000000000 */
        /*0c50*/                   FADD R29, R29, R24 ;                                      /* 0x000000181d1d7221 */
                                                                                             /* 0x000fc80000000000 */
        /*0c60*/                   FADD R22, R29, R22 ;                                      /* 0x000000161d167221 */
                                                                                             /* 0x000fc80000000000 */
        /*0c70*/                   FADD R22, R22, R21 ;                                      /* 0x0000001516167221 */
                                                                                             /* 0x000fc80000000000 */
        /*0c80*/                   FADD R19, R22, R19 ;                                      /* 0x0000001316137221 */
                                                                                             /* 0x000fc80000000000 */
        /*0c90*/                   FADD R27, R19, R20 ;                                      /* 0x00000014131b7221 */
                                                                                             /* 0x000fe20000000000 */
        /*0ca0*/                   ISETP.NE.U32.OR P0, PT, R13, UR4, P0 ;                    /* 0x000000040d007c0c */
                                                                                             /* 0x000fe40008705470 */
        /*0cb0*/                   ISETP.NE.U32.AND P1, PT, R10, RZ, PT ;                    /* 0x000000ff0a00720c */
                                                                                             /* 0x000fd60003f25070 */
        /*0cc0*/              @!P0 BRA 0xe70 ;                                               /* 0x000001a000008947 */
                                                                                             /* 0x000fea0003800000 */
        /*0cd0*/                   IADD3 R5, P0, R0.reuse, R15, RZ ;                         /* 0x0000000f00057210 */
                                                                                             /* 0x040fe20007f1e0ff */
        /*0ce0*/                   IMAD.IADD R6, R0, 0x1, R15 ;                              /* 0x0000000100067824 */
                                                                                             /* 0x000fc600078e020f */
        /*0cf0*/                   LEA.HI.X.SX32 R8, R15, R12, 0x1, P0 ;                     /* 0x0000000c0f087211 */
                                                                                             /* 0x000fe200000f0eff */
        /*0d00*/                   IMAD.WIDE R6, R6, R11, c[0x0][0x170] ;                    /* 0x00005c0006067625 */
                                                                                             /* 0x000fe200078e020b */
        /*0d10*/                   LEA R4, P0, R5, c[0x0][0x170], 0x2 ;                      /* 0x00005c0005047a11 */
                                                                                             /* 0x000fc800078010ff */
        /*0d20*/                   LEA.HI.X R5, R5, c[0x0][0x174], R8, 0x2, P0 ;             /* 0x00005d0005057a11 */
                                                                                             /* 0x000fe200000f1408 */
        /*0d30*/                   LDG.E.CONSTANT R6, [R6.64] ;                              /* 0x0000000606067981 */
                                                                                             /* 0x000ea8000c1e9900 */
        /*0d40*/                   LDG.E.CONSTANT R8, [R4.64+0x2000] ;                       /* 0x0020000604087981 */
                                                                                             /* 0x000ee8000c1e9900 */
        /*0d50*/                   LDG.E.CONSTANT R9, [R4.64+0x4000] ;                       /* 0x0040000604097981 */
                                                                                             /* 0x000f28000c1e9900 */
        /*0d60*/                   LDG.E.CONSTANT R17, [R4.64+0x6000] ;                      /* 0x0060000604117981 */
                                                                                             /* 0x000f68000c1e9900 */
        /*0d70*/                   LDG.E.CONSTANT R19, [R4.64+0x8000] ;                      /* 0x0080000604137981 */
                                                                                             /* 0x000f68000c1e9900 */
        /*0d80*/                   LDG.E.CONSTANT R21, [R4.64+0xa000] ;                      /* 0x00a0000604157981 */
                                                                                             /* 0x000f68000c1e9900 */
        /*0d90*/                   LDG.E.CONSTANT R23, [R4.64+0xc000] ;                      /* 0x00c0000604177981 */
                                                                                             /* 0x000f68000c1e9900 */
        /*0da0*/                   LDG.E.CONSTANT R25, [R4.64+0xe000] ;                      /* 0x00e0000604197981 */
                                                                                             /* 0x000f62000c1e9900 */
        /*0db0*/                   UIADD3 UR4, UR4, 0x8, URZ ;                               /* 0x0000000804047890 */
                                                                                             /* 0x000fe2000fffe03f */
        /*0dc0*/                   IADD3 R15, R15, 0x4000, RZ ;                              /* 0x000040000f0f7810 */
                                                                                             /* 0x000fca0007ffe0ff */
        /*0dd0*/                   ISETP.NE.U32.AND P0, PT, R13, UR4, PT ;                   /* 0x000000040d007c0c */
                                                                                             /* 0x000fe2000bf05070 */
        /*0de0*/                   FADD R27, R6, R27 ;                                       /* 0x0000001b061b7221 */
                                                                                             /* 0x004fc80000000000 */
        /*0df0*/                   FADD R8, R27, R8 ;                                        /* 0x000000081b087221 */
                                                                                             /* 0x008fc80000000000 */
        /*0e00*/                   FADD R8, R8, R9 ;                                         /* 0x0000000908087221 */
                                                                                             /* 0x010fc80000000000 */
        /*0e10*/                   FADD R8, R8, R17 ;                                        /* 0x0000001108087221 */
                                                                                             /* 0x020fc80000000000 */
        /*0e20*/                   FADD R8, R8, R19 ;                                        /* 0x0000001308087221 */
                                                                                             /* 0x000fc80000000000 */
        /*0e30*/                   FADD R8, R8, R21 ;                                        /* 0x0000001508087221 */
                                                                                             /* 0x000fc80000000000 */
        /*0e40*/                   FADD R8, R8, R23 ;                                        /* 0x0000001708087221 */
                                                                                             /* 0x000fc80000000000 */
        /*0e50*/                   FADD R27, R8, R25 ;                                       /* 0x00000019081b7221 */
                                                                                             /* 0x000fe20000000000 */
        /*0e60*/               @P0 BRA 0xcd0 ;                                               /* 0xfffffe6000000947 */
                                                                                             /* 0x000fea000383ffff */
        /*0e70*/              @!P1 BRA 0xf00 ;                                               /* 0x0000008000009947 */
                                                                                             /* 0x000fea0003800000 */
        /*0e80*/                   LEA R0, R13, R0, 0xb ;                                    /* 0x000000000d007211 */
                                                                                             /* 0x000fca00078e58ff */
        /*0e90*/                   IMAD.WIDE R4, R0, R11, c[0x0][0x170] ;                    /* 0x00005c0000047625 */
                                                                                             /* 0x000fcc00078e020b */
        /*0ea0*/                   LDG.E.CONSTANT R4, [R4.64] ;                              /* 0x0000000604047981 */
                                                                                             /* 0x000ea2000c1e9900 */
        /*0eb0*/                   IADD3 R10, R10, -0x1, RZ ;                                /* 0xffffffff0a0a7810 */
                                                                                             /* 0x000fe40007ffe0ff */
        /*0ec0*/                   IADD3 R0, R0, 0x800, RZ ;                                 /* 0x0000080000007810 */
                                                                                             /* 0x000fe40007ffe0ff */
        /*0ed0*/                   ISETP.NE.U32.AND P0, PT, R10, RZ, PT ;                    /* 0x000000ff0a00720c */
                                                                                             /* 0x000fe20003f05070 */
        /*0ee0*/                   FADD R27, R4, R27 ;                                       /* 0x0000001b041b7221 */
                                                                                             /* 0x004fd80000000000 */
        /*0ef0*/               @P0 BRA 0xe90 ;                                               /* 0xffffff9000000947 */
                                                                                             /* 0x000fea000383ffff */
        /*0f00*/                   IMAD.MOV.U32 R5, RZ, RZ, 0x34a707c4 ;                     /* 0x34a707c4ff057424 */
                                                                                             /* 0x000fe200078e00ff */
        /*0f10*/                   FCHK P0, R27, 3214212 ;                                   /* 0x4a442e101b007902 */
                                                                                             /* 0x000e220000000000 */
        /*0f20*/                   IMAD.MOV.U32 R0, RZ, RZ, 0x4a442e10 ;                     /* 0x4a442e10ff007424 */
                                                                                             /* 0x000fe200078e00ff */
        /*0f30*/                   BSSY B1, 0xff0 ;                                          /* 0x000000b000017945 */
                                                                                             /* 0x000fe60003800000 */
        /*0f40*/                   FFMA R0, R5, -R0, 1 ;                                     /* 0x3f80000005007423 */
                                                                                             /* 0x000fc80000000800 */
        /*0f50*/                   FFMA R0, R0, R5, 3.1111824227991746739e-07 ;              /* 0x34a707c400007423 */
                                                                                             /* 0x000fc80000000005 */
        /*0f60*/                   FFMA R4, R0, R27, RZ ;                                    /* 0x0000001b00047223 */
                                                                                             /* 0x000fc800000000ff */
        /*0f70*/                   FFMA R5, R4, -3214212, R27 ;                              /* 0xca442e1004057823 */
                                                                                             /* 0x000fc8000000001b */
        /*0f80*/                   FFMA R5, R0, R5, R4 ;                                     /* 0x0000000500057223 */
                                                                                             /* 0x000fe20000000004 */
        /*0f90*/              @!P0 BRA 0xfe0 ;                                               /* 0x0000004000008947 */
                                                                                             /* 0x001fea0003800000 */
        /*0fa0*/                   MOV R0, R27 ;                                             /* 0x0000001b00007202 */
                                                                                             /* 0x000fe40000000f00 */
        /*0fb0*/                   MOV R4, 0xfd0 ;                                           /* 0x00000fd000047802 */
                                                                                             /* 0x000fe40000000f00 */
        /*0fc0*/                   CALL.REL.NOINC 0x1010 ;                                   /* 0x0000004000007944 */
                                                                                             /* 0x000fea0003c00000 */
        /*0fd0*/                   IMAD.MOV.U32 R5, RZ, RZ, R8 ;                             /* 0x000000ffff057224 */
                                                                                             /* 0x001fe400078e0008 */
        /*0fe0*/                   BSYNC B1 ;                                                /* 0x0000000000017941 */
                                                                                             /* 0x000fea0003800000 */
        /*0ff0*/                   STG.E [R2.64], R5 ;                                       /* 0x0000000502007986 */
                                                                                             /* 0x000fe2000c101906 */
        /*1000*/                   EXIT ;                                                    /* 0x000000000000794d */
                                                                                             /* 0x000fea0003800000 */
        /*1010*/                   SHF.R.U32.HI R5, RZ, 0x17, R0 ;                           /* 0x00000017ff057819 */
                                                                                             /* 0x000fe20000011600 */
        /*1020*/                   BSSY B0, 0x15e0 ;                                         /* 0x000005b000007945 */
                                                                                             /* 0x000fe20003800000 */
        /*1030*/                   BSSY B2, 0x11d0 ;                                         /* 0x0000019000027945 */
                                                                                             /* 0x000fe40003800000 */
        /*1040*/                   LOP3.LUT R6, R5, 0xff, RZ, 0xc0, !PT ;                    /* 0x000000ff05067812 */
                                                                                             /* 0x000fc800078ec0ff */
        /*1050*/                   IADD3 R7, R6, -0x1, RZ ;                                  /* 0xffffffff06077810 */
                                                                                             /* 0x000fc80007ffe0ff */
        /*1060*/                   ISETP.GT.U32.OR P0, PT, R7, 0xfd, !PT ;                   /* 0x000000fd0700780c */
                                                                                             /* 0x000fda0007f04470 */
        /*1070*/              @!P0 MOV R5, RZ ;                                              /* 0x000000ff00058202 */
                                                                                             /* 0x000fe20000000f00 */
        /*1080*/              @!P0 BRA 0x11c0 ;                                              /* 0x0000013000008947 */
                                                                                             /* 0x000fea0003800000 */
        /*1090*/                   FSETP.GTU.FTZ.AND P0, PT, |R0|, +INF , PT ;               /* 0x7f8000000000780b */
                                                                                             /* 0x000fda0003f1c200 */
        /*10a0*/               @P0 BREAK B2 ;                                                /* 0x0000000000020942 */
                                                                                             /* 0x000fe20003800000 */
        /*10b0*/               @P0 BRA 0x15c0 ;                                              /* 0x0000050000000947 */
                                                                                             /* 0x000fea0003800000 */
        /*10c0*/                   IMAD.MOV.U32 R5, RZ, RZ, 0x4a442e10 ;                     /* 0x4a442e10ff057424 */
                                                                                             /* 0x000fca00078e00ff */
        /*10d0*/                   LOP3.LUT P0, RZ, R5, 0x7fffffff, R0, 0xc8, !PT ;          /* 0x7fffffff05ff7812 */
                                                                                             /* 0x000fda000780c800 */
        /*10e0*/              @!P0 BREAK B2 ;                                                /* 0x0000000000028942 */
                                                                                             /* 0x000fe20003800000 */
        /*10f0*/              @!P0 BRA 0x15a0 ;                                              /* 0x000004a000008947 */
                                                                                             /* 0x000fea0003800000 */
        /*1100*/                   LOP3.LUT P0, RZ, R0, 0x7fffffff, RZ, 0xc0, !PT ;          /* 0x7fffffff00ff7812 */
                                                                                             /* 0x000fda000780c0ff */
        /*1110*/              @!P0 BREAK B2 ;                                                /* 0x0000000000028942 */
                                                                                             /* 0x000fe20003800000 */
        /*1120*/              @!P0 BRA 0x1580 ;                                              /* 0x0000045000008947 */
                                                                                             /* 0x000fea0003800000 */
        /*1130*/                   FSETP.NEU.FTZ.AND P1, PT, |R0|, +INF , PT ;               /* 0x7f8000000000780b */
                                                                                             /* 0x000fe40003f3d200 */
        /*1140*/                   LOP3.LUT P0, RZ, R5, 0x7fffffff, RZ, 0xc0, !PT ;          /* 0x7fffffff05ff7812 */
                                                                                             /* 0x000fc8000780c0ff */
        /*1150*/                   PLOP3.LUT P0, PT, P1, P0, PT, 0x2a, 0x0 ;                 /* 0x000000000000781c */
                                                                                             /* 0x000fda0000f00572 */
        /*1160*/               @P0 BREAK B2 ;                                                /* 0x0000000000020942 */
                                                                                             /* 0x000fe20003800000 */
        /*1170*/               @P0 BRA 0x1550 ;                                              /* 0x000003d000000947 */
                                                                                             /* 0x000fea0003800000 */
        /*1180*/                   ISETP.GE.AND P0, PT, R7, RZ, PT ;                         /* 0x000000ff0700720c */
                                                                                             /* 0x000fda0003f06270 */
        /*1190*/               @P0 MOV R5, RZ ;                                              /* 0x000000ff00050202 */
                                                                                             /* 0x000fe20000000f00 */
        /*11a0*/              @!P0 FFMA R0, R0, 1.84467440737095516160e+19, RZ ;             /* 0x5f80000000008823 */
                                                                                             /* 0x000fe200000000ff */
        /*11b0*/              @!P0 IMAD.MOV.U32 R5, RZ, RZ, -0x40 ;                          /* 0xffffffc0ff058424 */
                                                                                             /* 0x000fe400078e00ff */
        /*11c0*/                   BSYNC B2 ;                                                /* 0x0000000000027941 */
                                                                                             /* 0x000fea0003800000 */
        /*11d0*/                   UMOV UR4, 0x4a442e10 ;                                    /* 0x4a442e1000047882 */
                                                                                             /* 0x000fe20000000000 */
        /*11e0*/                   IADD3 R6, R6, -0x7f, RZ ;                                 /* 0xffffff8106067810 */
                                                                                             /* 0x000fe20007ffe0ff */
        /*11f0*/                   UIADD3 UR4, UR4, -0xa800000, URZ ;                        /* 0xf580000004047890 */
                                                                                             /* 0x000fe2000fffe03f */
        /*1200*/                   BSSY B2, 0x1540 ;                                         /* 0x0000033000027945 */
                                                                                             /* 0x000fe40003800000 */
        /*1210*/                   IADD3 R5, R5, -0x15, R6 ;                                 /* 0xffffffeb05057810 */
                                                                                             /* 0x000fe20007ffe006 */
        /*1220*/                   IMAD R0, R6, -0x800000, R0 ;                              /* 0xff80000006007824 */
                                                                                             /* 0x000fe400078e0200 */
        /*1230*/                   FADD.FTZ R9, -RZ, -UR4 ;                                  /* 0x80000004ff097e21 */
                                                                                             /* 0x000fc60008010100 */
        /*1240*/                   MUFU.RCP R7, UR4 ;                                        /* 0x0000000400077d08 */
                                                                                             /* 0x000e240008001000 */
        /*1250*/                   FFMA R8, R7, R9, 1 ;                                      /* 0x3f80000007087423 */
                                                                                             /* 0x001fc80000000009 */
        /*1260*/                   FFMA R7, R7, R8, R7 ;                                     /* 0x0000000807077223 */
                                                                                             /* 0x000fc80000000007 */
        /*1270*/                   FFMA R8, R0, R7, RZ ;                                     /* 0x0000000700087223 */
                                                                                             /* 0x000fc800000000ff */
        /*1280*/                   FFMA R10, R9, R8, R0 ;                                    /* 0x00000008090a7223 */
                                                                                             /* 0x000fc80000000000 */
        /*1290*/                   FFMA R10, R7, R10, R8 ;                                   /* 0x0000000a070a7223 */
                                                                                             /* 0x000fc80000000008 */
        /*12a0*/                   FFMA R9, R9, R10, R0 ;                                    /* 0x0000000a09097223 */
                                                                                             /* 0x000fc80000000000 */
        /*12b0*/                   FFMA R8, R7, R9, R10 ;                                    /* 0x0000000907087223 */
                                                                                             /* 0x000fca000000000a */
        /*12c0*/                   SHF.R.U32.HI R0, RZ, 0x17, R8 ;                           /* 0x00000017ff007819 */
                                                                                             /* 0x000fc80000011608 */
        /*12d0*/                   LOP3.LUT R0, R0, 0xff, RZ, 0xc0, !PT ;                    /* 0x000000ff00007812 */
                                                                                             /* 0x000fc800078ec0ff */
        /*12e0*/                   IADD3 R11, R0, R5, RZ ;                                   /* 0x00000005000b7210 */
                                                                                             /* 0x000fc80007ffe0ff */
        /*12f0*/                   IADD3 R0, R11, -0x1, RZ ;                                 /* 0xffffffff0b007810 */
                                                                                             /* 0x000fc80007ffe0ff */
        /*1300*/                   ISETP.GE.U32.AND P0, PT, R0, 0xfe, PT ;                   /* 0x000000fe0000780c */
                                                                                             /* 0x000fda0003f06070 */
        /*1310*/              @!P0 BRA 0x1520 ;                                              /* 0x0000020000008947 */
                                                                                             /* 0x000fea0003800000 */
        /*1320*/                   ISETP.GT.AND P0, PT, R11, 0xfe, PT ;                      /* 0x000000fe0b00780c */
                                                                                             /* 0x000fda0003f04270 */
        /*1330*/               @P0 BRA 0x14f0 ;                                              /* 0x000001b000000947 */
                                                                                             /* 0x000fea0003800000 */
        /*1340*/                   ISETP.GE.AND P0, PT, R11, 0x1, PT ;                       /* 0x000000010b00780c */
                                                                                             /* 0x000fda0003f06270 */
        /*1350*/               @P0 BRA 0x1530 ;                                              /* 0x000001d000000947 */
                                                                                             /* 0x000fea0003800000 */
        /*1360*/                   ISETP.GE.AND P0, PT, R11, -0x18, PT ;                     /* 0xffffffe80b00780c */
                                                                                             /* 0x000fe40003f06270 */
        /*1370*/                   LOP3.LUT R8, R8, 0x80000000, RZ, 0xc0, !PT ;              /* 0x8000000008087812 */
                                                                                             /* 0x000fd600078ec0ff */
        /*1380*/              @!P0 BRA 0x1530 ;                                              /* 0x000001a000008947 */
                                                                                             /* 0x000fea0003800000 */
        /*1390*/                   FFMA.RZ R0, R7, R9.reuse, R10.reuse ;                     /* 0x0000000907007223 */
                                                                                             /* 0x180fe2000000c00a */
        /*13a0*/                   IADD3 R6, R11.reuse, 0x20, RZ ;                           /* 0x000000200b067810 */
                                                                                             /* 0x040fe40007ffe0ff */
        /*13b0*/                   ISETP.NE.AND P2, PT, R11, RZ, PT ;                        /* 0x000000ff0b00720c */
                                                                                             /* 0x000fe40003f45270 */
        /*13c0*/                   LOP3.LUT R5, R0, 0x7fffff, RZ, 0xc0, !PT ;                /* 0x007fffff00057812 */
                                                                                             /* 0x000fe200078ec0ff */
        /*13d0*/                   FFMA.RP R0, R7.reuse, R9.reuse, R10.reuse ;               /* 0x0000000907007223 */
                                                                                             /* 0x1c0fe2000000800a */
        /*13e0*/                   FFMA.RM R7, R7, R9, R10 ;                                 /* 0x0000000907077223 */
                                                                                             /* 0x000fe2000000400a */
        /*13f0*/                   IMAD.MOV R9, RZ, RZ, -R11 ;                               /* 0x000000ffff097224 */
                                                                                             /* 0x000fe200078e0a0b */
        /*1400*/                   LOP3.LUT R5, R5, 0x800000, RZ, 0xfc, !PT ;                /* 0x0080000005057812 */
                                                                                             /* 0x000fe400078efcff */
        /*1410*/                   ISETP.NE.AND P1, PT, R11, RZ, PT ;                        /* 0x000000ff0b00720c */
                                                                                             /* 0x000fc40003f25270 */
        /*1420*/                   SHF.L.U32 R6, R5, R6, RZ ;                                /* 0x0000000605067219 */
                                                                                             /* 0x000fe400000006ff */
        /*1430*/                   FSETP.NEU.FTZ.AND P0, PT, R0, R7, PT ;                    /* 0x000000070000720b */
                                                                                             /* 0x000fe40003f1d000 */
        /*1440*/                   SEL R0, R9, RZ, P2 ;                                      /* 0x000000ff09007207 */
                                                                                             /* 0x000fe40001000000 */
        /*1450*/                   ISETP.NE.AND P1, PT, R6, RZ, P1 ;                         /* 0x000000ff0600720c */
                                                                                             /* 0x000fe40000f25270 */
        /*1460*/                   SHF.R.U32.HI R0, RZ, R0, R5 ;                             /* 0x00000000ff007219 */
                                                                                             /* 0x000fe40000011605 */
        /*1470*/                   PLOP3.LUT P0, PT, P0, P1, PT, 0xa8, 0x0 ;                 /* 0x000000000000781c */
                                                                                             /* 0x000fc40000703570 */
        /*1480*/                   SHF.R.U32.HI R6, RZ, 0x1, R0 ;                            /* 0x00000001ff067819 */
                                                                                             /* 0x000fe40000011600 */
        /*1490*/                   SEL R5, RZ, 0x1, !P0 ;                                    /* 0x00000001ff057807 */
                                                                                             /* 0x000fc80004000000 */
        /*14a0*/                   LOP3.LUT R5, R5, 0x1, R6, 0xf8, !PT ;                     /* 0x0000000105057812 */
                                                                                             /* 0x000fc800078ef806 */
        /*14b0*/                   LOP3.LUT R5, R5, R0, RZ, 0xc0, !PT ;                      /* 0x0000000005057212 */
                                                                                             /* 0x000fc800078ec0ff */
        /*14c0*/                   IADD3 R5, R6, R5, RZ ;                                    /* 0x0000000506057210 */
                                                                                             /* 0x000fc80007ffe0ff */
        /*14d0*/                   LOP3.LUT R8, R5, R8, RZ, 0xfc, !PT ;                      /* 0x0000000805087212 */
                                                                                             /* 0x000fe200078efcff */
        /*14e0*/                   BRA 0x1530 ;                                              /* 0x0000004000007947 */
                                                                                             /* 0x000fea0003800000 */
        /*14f0*/                   LOP3.LUT R8, R8, 0x80000000, RZ, 0xc0, !PT ;              /* 0x8000000008087812 */
                                                                                             /* 0x000fc800078ec0ff */
        /*1500*/                   LOP3.LUT R8, R8, 0x7f800000, RZ, 0xfc, !PT ;              /* 0x7f80000008087812 */
                                                                                             /* 0x000fe200078efcff */
        /*1510*/                   BRA 0x1530 ;                                              /* 0x0000001000007947 */
                                                                                             /* 0x000fea0003800000 */
        /*1520*/                   IMAD R8, R5, 0x800000, R8 ;                               /* 0x0080000005087824 */
                                                                                             /* 0x000fe400078e0208 */
        /*1530*/                   BSYNC B2 ;                                                /* 0x0000000000027941 */
                                                                                             /* 0x000fea0003800000 */
        /*1540*/                   BRA 0x15d0 ;                                              /* 0x0000008000007947 */
                                                                                             /* 0x000fea0003800000 */
        /*1550*/                   LOP3.LUT R0, R5, 0x80000000, R0, 0x48, !PT ;              /* 0x8000000005007812 */
                                                                                             /* 0x000fc800078e4800 */
        /*1560*/                   LOP3.LUT R8, R0, 0x7f800000, RZ, 0xfc, !PT ;              /* 0x7f80000000087812 */
                                                                                             /* 0x000fe200078efcff */
        /*1570*/                   BRA 0x15d0 ;                                              /* 0x0000005000007947 */
                                                                                             /* 0x000fea0003800000 */
        /*1580*/                   LOP3.LUT R8, R5, 0x80000000, R0, 0x48, !PT ;              /* 0x8000000005087812 */
                                                                                             /* 0x000fe200078e4800 */
        /*1590*/                   BRA 0x15d0 ;                                              /* 0x0000003000007947 */
                                                                                             /* 0x000fea0003800000 */
        /*15a0*/                   MUFU.RSQ R8, -QNAN  ;                                     /* 0xffc0000000087908 */
                                                                                             /* 0x000e220000001400 */
        /*15b0*/                   BRA 0x15d0 ;                                              /* 0x0000001000007947 */
                                                                                             /* 0x000fea0003800000 */
        /*15c0*/                   FADD.FTZ R8, R0, 3214212 ;                                /* 0x4a442e1000087421 */
                                                                                             /* 0x000fe40000010000 */
        /*15d0*/                   BSYNC B0 ;                                                /* 0x0000000000007941 */
                                                                                             /* 0x000fea0003800000 */
        /*15e0*/                   MOV R5, 0x0 ;                                             /* 0x0000000000057802 */
                                                                                             /* 0x000fc80000000f00 */
        /*15f0*/                   RET.REL.NODEC R4 0x0 ;                                    /* 0xffffea0004007950 */
                                                                                             /* 0x000fea0003c3ffff */
        /*1600*/                   BRA 0x1600;                                               /* 0xfffffff000007947 */
                                                                                             /* 0x000fc0000383ffff */
        /*1610*/                   NOP;                                                      /* 0x0000000000007918 */
                                                                                             /* 0x000fc00000000000 */
        /*1620*/                   NOP;                                                      /* 0x0000000000007918 */
                                                                                             /* 0x000fc00000000000 */
        /*1630*/                   NOP;                                                      /* 0x0000000000007918 */
                                                                                             /* 0x000fc00000000000 */
        /*1640*/                   NOP;                                                      /* 0x0000000000007918 */
                                                                                             /* 0x000fc00000000000 */
        /*1650*/                   NOP;                                                      /* 0x0000000000007918 */
                                                                                             /* 0x000fc00000000000 */
        /*1660*/                   NOP;                                                      /* 0x0000000000007918 */
                                                                                             /* 0x000fc00000000000 */
        /*1670*/                   NOP;                                                      /* 0x0000000000007918 */
                                                                                             /* 0x000fc00000000000 */
        /*1680*/                   NOP;                                                      /* 0x0000000000007918 */
                                                                                             /* 0x000fc00000000000 */
        /*1690*/                   NOP;                                                      /* 0x0000000000007918 */
                                                                                             /* 0x000fc00000000000 */
        /*16a0*/                   NOP;                                                      /* 0x0000000000007918 */
                                                                                             /* 0x000fc00000000000 */
        /*16b0*/                   NOP;                                                      /* 0x0000000000007918 */
                                                                                             /* 0x000fc00000000000 */
        /*16c0*/                   NOP;                                                      /* 0x0000000000007918 */
                                                                                             /* 0x000fc00000000000 */
        /*16d0*/                   NOP;                                                      /* 0x0000000000007918 */
                                                                                             /* 0x000fc00000000000 */
        /*16e0*/                   NOP;                                                      /* 0x0000000000007918 */
                                                                                             /* 0x000fc00000000000 */
        /*16f0*/                   NOP;                                                      /* 0x0000000000007918 */
                                                                                             /* 0x000fc00000000000 */
		..........


		Function : _Z11mean_kerneliiPfS_
	.headerflags	@"EF_CUDA_TEXMODE_UNIFIED EF_CUDA_64BIT_ADDRESS EF_CUDA_SM86 EF_CUDA_VIRTUAL_SM(EF_CUDA_SM86)"
        /*0000*/                   IMAD.MOV.U32 R1, RZ, RZ, c[0x0][0x28] ;                   /* 0x00000a00ff017624 */
                                                                                             /* 0x000fe400078e00ff */
        /*0010*/                   S2R R5, SR_CTAID.X ;                                      /* 0x0000000000057919 */
                                                                                             /* 0x000e280000002500 */
        /*0020*/                   S2R R0, SR_TID.X ;                                        /* 0x0000000000007919 */
                                                                                             /* 0x000e240000002100 */
        /*0030*/                   IMAD R5, R5, c[0x0][0x0], R0 ;                            /* 0x0000000005057a24 */
                                                                                             /* 0x001fca00078e0200 */
        /*0040*/                   ISETP.GE.AND P0, PT, R5, c[0x0][0x160], PT ;              /* 0x0000580005007a0c */
                                                                                             /* 0x000fda0003f06270 */
        /*0050*/               @P0 EXIT ;                                                    /* 0x000000000000094d */
                                                                                             /* 0x000fea0003800000 */
        /*0060*/                   IMAD.MOV.U32 R0, RZ, RZ, 0x4 ;                            /* 0x00000004ff007424 */
                                                                                             /* 0x000fe200078e00ff */
        /*0070*/                   ULDC.64 UR6, c[0x0][0x118] ;                              /* 0x0000460000067ab9 */
                                                                                             /* 0x000fe20000000a00 */
        /*0080*/                   MOV R7, c[0x0][0x164] ;                                   /* 0x0000590000077a02 */
                                                                                             /* 0x000fe20000000f00 */
        /*0090*/                   IMAD.MOV.U32 R9, RZ, RZ, RZ ;                             /* 0x000000ffff097224 */
                                                                                             /* 0x000fe400078e00ff */
        /*00a0*/                   IMAD.WIDE R2, R5, R0, c[0x0][0x168] ;                     /* 0x00005a0005027625 */
                                                                                             /* 0x000fe200078e0200 */
        /*00b0*/                   ISETP.GE.AND P0, PT, R7, 0x1, PT ;                        /* 0x000000010700780c */
                                                                                             /* 0x000fc80003f06270 */
        /*00c0*/                   STG.E [R2.64], RZ ;                                       /* 0x000000ff02007986 */
                                                                                             /* 0x0001f2000c101906 */
        /*00d0*/              @!P0 BRA 0x1310 ;                                              /* 0x0000123000008947 */
                                                                                             /* 0x000fea0003800000 */
        /*00e0*/                   ISETP.GE.U32.AND P0, PT, R7.reuse, 0x8, PT ;              /* 0x000000080700780c */
                                                                                             /* 0x040fe20003f06070 */
        /*00f0*/                   IMAD.MOV.U32 R6, RZ, RZ, RZ ;                             /* 0x000000ffff067224 */
                                                                                             /* 0x000fe200078e00ff */
        /*0100*/                   LOP3.LUT R4, R7, 0x7, RZ, 0xc0, !PT ;                     /* 0x0000000707047812 */
                                                                                             /* 0x000fc400078ec0ff */
        /*0110*/                   MOV R9, RZ ;                                              /* 0x000000ff00097202 */
                                                                                             /* 0x000fd20000000f00 */
        /*0120*/              @!P0 BRA 0x1280 ;                                              /* 0x0000115000008947 */
                                                                                             /* 0x000fea0003800000 */
        /*0130*/                   LOP3.LUT R6, R7, 0x7ffffff8, RZ, 0xc0, !PT ;              /* 0x7ffffff807067812 */
                                                                                             /* 0x000fe200078ec0ff */
        /*0140*/                   UMOV UR4, URZ ;                                           /* 0x0000003f00047c82 */
                                                                                             /* 0x000fe20008000000 */
        /*0150*/                   PLOP3.LUT P0, PT, PT, PT, PT, 0x80, 0x0 ;                 /* 0x000000000000781c */
                                                                                             /* 0x000fe20003f0f070 */
        /*0160*/                   CS2R R8, SRZ ;                                            /* 0x0000000000087805 */
                                                                                             /* 0x000fe2000001ff00 */
        /*0170*/                   ISETP.GT.U32.AND P1, PT, R6, RZ, PT ;                     /* 0x000000ff0600720c */
                                                                                             /* 0x000fe40003f24070 */
        /*0180*/                   SHF.R.S32.HI R7, RZ, 0x1f, R5 ;                           /* 0x0000001fff077819 */
                                                                                             /* 0x000fd60000011405 */
        /*0190*/               @P1 BRA 0x3b0 ;                                               /* 0x0000021000001947 */
                                                                                             /* 0x000fea0003800000 */
        /*01a0*/                   IMAD.IADD R13, R5, 0x1, R8 ;                              /* 0x00000001050d7824 */
                                                                                             /* 0x000fc800078e0208 */
        /*01b0*/                   IMAD.WIDE R12, R13, R0, c[0x0][0x170] ;                   /* 0x00005c000d0c7625 */
                                                                                             /* 0x000fcc00078e0200 */
        /*01c0*/                   LDG.E R12, [R12.64] ;                                     /* 0x000000060c0c7981 */
                                                                                             /* 0x000ea2000c1e1900 */
        /*01d0*/                   IADD3 R11, P0, R5, R8, RZ ;                               /* 0x00000008050b7210 */
                                                                                             /* 0x000fc80007f1e0ff */
        /*01e0*/                   LEA.HI.X.SX32 R8, R8, R7, 0x1, P0 ;                       /* 0x0000000708087211 */
                                                                                             /* 0x000fe400000f0eff */
        /*01f0*/                   LEA R10, P0, R11, c[0x0][0x170], 0x2 ;                    /* 0x00005c000b0a7a11 */
                                                                                             /* 0x000fc800078010ff */
        /*0200*/                   LEA.HI.X R11, R11, c[0x0][0x174], R8, 0x2, P0 ;           /* 0x00005d000b0b7a11 */
                                                                                             /* 0x000fe200000f1408 */
        /*0210*/                   FADD R9, R9, R12 ;                                        /* 0x0000000c09097221 */
                                                                                             /* 0x004fca0000000000 */
        /*0220*/                   STG.E [R2.64], R9 ;                                       /* 0x0000000902007986 */
                                                                                             /* 0x000fe8000c101906 */
        /*0230*/                   LDG.E R8, [R10.64+0x2000] ;                               /* 0x002000060a087981 */
                                                                                             /* 0x000ea4000c1e1900 */
        /*0240*/                   FADD R15, R9, R8 ;                                        /* 0x00000008090f7221 */
                                                                                             /* 0x004fca0000000000 */
        /*0250*/                   STG.E [R2.64], R15 ;                                      /* 0x0000000f02007986 */
                                                                                             /* 0x0003e8000c101906 */
        /*0260*/                   LDG.E R8, [R10.64+0x4000] ;                               /* 0x004000060a087981 */
                                                                                             /* 0x000ea4000c1e1900 */
        /*0270*/                   FADD R13, R15, R8 ;                                       /* 0x000000080f0d7221 */
                                                                                             /* 0x004fca0000000000 */
        /*0280*/                   STG.E [R2.64], R13 ;                                      /* 0x0000000d02007986 */
                                                                                             /* 0x0005e8000c101906 */
        /*0290*/                   LDG.E R8, [R10.64+0x6000] ;                               /* 0x006000060a087981 */
                                                                                             /* 0x000ee4000c1e1900 */
        /*02a0*/                   FADD R17, R13, R8 ;                                       /* 0x000000080d117221 */
                                                                                             /* 0x008fca0000000000 */
        /*02b0*/                   STG.E [R2.64], R17 ;                                      /* 0x0000001102007986 */
                                                                                             /* 0x0007e8000c101906 */
        /*02c0*/                   LDG.E R8, [R10.64+0x8000] ;                               /* 0x008000060a087981 */
                                                                                             /* 0x000f24000c1e1900 */
        /*02d0*/                   FADD R19, R17, R8 ;                                       /* 0x0000000811137221 */
                                                                                             /* 0x010fca0000000000 */
        /*02e0*/                   STG.E [R2.64], R19 ;                                      /* 0x0000001302007986 */
                                                                                             /* 0x0007e8000c101906 */
        /*02f0*/                   LDG.E R8, [R10.64+0xa000] ;                               /* 0x00a000060a087981 */
                                                                                             /* 0x000e64000c1e1900 */
        /*0300*/                   FADD R15, R19, R8 ;                                       /* 0x00000008130f7221 */
                                                                                             /* 0x002fca0000000000 */
        /*0310*/                   STG.E [R2.64], R15 ;                                      /* 0x0000000f02007986 */
                                                                                             /* 0x0007e8000c101906 */
        /*0320*/                   LDG.E R8, [R10.64+0xc000] ;                               /* 0x00c000060a087981 */
                                                                                             /* 0x000ea4000c1e1900 */
        /*0330*/                   FADD R13, R15, R8 ;                                       /* 0x000000080f0d7221 */
                                                                                             /* 0x004fca0000000000 */
        /*0340*/                   STG.E [R2.64], R13 ;                                      /* 0x0000000d02007986 */
                                                                                             /* 0x0007e8000c101906 */
        /*0350*/                   LDG.E R8, [R10.64+0xe000] ;                               /* 0x00e000060a087981 */
                                                                                             /* 0x000ea2000c1e1900 */
        /*0360*/                   PLOP3.LUT P0, PT, PT, PT, PT, 0x8, 0x0 ;                  /* 0x000000000000781c */
                                                                                             /* 0x000fe20003f0e170 */
        /*0370*/                   UMOV UR4, 0x8 ;                                           /* 0x0000000800047882 */
                                                                                             /* 0x000fe20000000000 */
        /*0380*/                   FADD R9, R13, R8 ;                                        /* 0x000000080d097221 */
                                                                                             /* 0x004fe20000000000 */
        /*0390*/                   IMAD.MOV.U32 R8, RZ, RZ, 0x4000 ;                         /* 0x00004000ff087424 */
                                                                                             /* 0x000fc800078e00ff */
        /*03a0*/                   STG.E [R2.64], R9 ;                                       /* 0x0000000902007986 */
                                                                                             /* 0x0007e8000c101906 */
        /*03b0*/                   IADD3 R10, R6, -UR4, RZ ;                                 /* 0x80000004060a7c10 */
                                                                                             /* 0x000fc8000fffe0ff */
        /*03c0*/                   ISETP.GT.AND P1, PT, R10, 0x18, PT ;                      /* 0x000000180a00780c */
                                                                                             /* 0x000fda0003f24270 */
        /*03d0*/              @!P1 BRA 0xbf0 ;                                               /* 0x0000081000009947 */
                                                                                             /* 0x000fea0003800000 */
        /*03e0*/                   PLOP3.LUT P0, PT, PT, PT, PT, 0x8, 0x0 ;                  /* 0x000000000000781c */
                                                                                             /* 0x000fe40003f0e170 */
        /*03f0*/                   IADD3 R16, R6, -0x18, RZ ;                                /* 0xffffffe806107810 */
                                                                                             /* 0x000fe40007ffe0ff */
        /*0400*/                   IADD3 R13, R5, R8, RZ ;                                   /* 0x00000008050d7210 */
                                                                                             /* 0x008fca0007ffe0ff */
        /*0410*/                   IMAD.WIDE R12, R13, R0, c[0x0][0x170] ;                   /* 0x00005c000d0c7625 */
                                                                                             /* 0x000fcc00078e0200 */
        /*0420*/                   LDG.E R12, [R12.64] ;                                     /* 0x000000060c0c7981 */
                                                                                             /* 0x004ea2000c1e1900 */
        /*0430*/                   IADD3 R11, P1, R5, R8, RZ ;                               /* 0x00000008050b7210 */
                                                                                             /* 0x000fc80007f3e0ff */
        /*0440*/                   LEA.HI.X.SX32 R14, R8, R7, 0x1, P1 ;                      /* 0x00000007080e7211 */
                                                                                             /* 0x000fe400008f0eff */
        /*0450*/                   LEA R10, P1, R11, c[0x0][0x170], 0x2 ;                    /* 0x00005c000b0a7a11 */
                                                                                             /* 0x000fc800078210ff */
        /*0460*/                   LEA.HI.X R11, R11, c[0x0][0x174], R14, 0x2, P1 ;          /* 0x00005d000b0b7a11 */
                                                                                             /* 0x000fe200008f140e */
        /*0470*/                   FADD R9, R12, R9 ;                                        /* 0x000000090c097221 */
                                                                                             /* 0x004fca0000000000 */
        /*0480*/                   STG.E [R2.64], R9 ;                                       /* 0x0000000902007986 */
                                                                                             /* 0x0003e8000c101906 */
        /*0490*/                   LDG.E R14, [R10.64+0x2000] ;                              /* 0x002000060a0e7981 */
                                                                                             /* 0x000ea4000c1e1900 */
        /*04a0*/                   FADD R15, R9, R14 ;                                       /* 0x0000000e090f7221 */
                                                                                             /* 0x004fca0000000000 */
        /*04b0*/                   STG.E [R2.64], R15 ;                                      /* 0x0000000f02007986 */
                                                                                             /* 0x0005e8000c101906 */
        /*04c0*/                   LDG.E R14, [R10.64+0x4000] ;                              /* 0x004000060a0e7981 */
                                                                                             /* 0x000ee4000c1e1900 */
        /*04d0*/                   FADD R13, R15, R14 ;                                      /* 0x0000000e0f0d7221 */
                                                                                             /* 0x008fca0000000000 */
        /*04e0*/                   STG.E [R2.64], R13 ;                                      /* 0x0000000d02007986 */
                                                                                             /* 0x000fe8000c101906 */
        /*04f0*/                   LDG.E R12, [R10.64+0x6000] ;                              /* 0x006000060a0c7981 */
                                                                                             /* 0x000ee4000c1e1900 */
        /*0500*/                   FADD R17, R13, R12 ;                                      /* 0x0000000c0d117221 */
                                                                                             /* 0x008fca0000000000 */
        /*0510*/                   STG.E [R2.64], R17 ;                                      /* 0x0000001102007986 */
                                                                                             /* 0x0007e8000c101906 */
        /*0520*/                   LDG.E R12, [R10.64+0x8000] ;                              /* 0x008000060a0c7981 */
                                                                                             /* 0x000e64000c1e1900 */
        /*0530*/                   FADD R9, R17, R12 ;                                       /* 0x0000000c11097221 */
                                                                                             /* 0x002fca0000000000 */
        /*0540*/                   STG.E [R2.64], R9 ;                                       /* 0x0000000902007986 */
                                                                                             /* 0x0003e8000c101906 */
        /*0550*/                   LDG.E R12, [R10.64+0xa000] ;                              /* 0x00a000060a0c7981 */
                                                                                             /* 0x000f24000c1e1900 */
        /*0560*/                   FADD R19, R9, R12 ;                                       /* 0x0000000c09137221 */
                                                                                             /* 0x010fca0000000000 */
        /*0570*/                   STG.E [R2.64], R19 ;                                      /* 0x0000001302007986 */
                                                                                             /* 0x000fe8000c101906 */
        /*0580*/                   LDG.E R12, [R10.64+0xc000] ;                              /* 0x00c000060a0c7981 */
                                                                                             /* 0x000f22000c1e1900 */
        /*0590*/                   IADD3 R18, R8, 0x4000, RZ ;                               /* 0x0000400008127810 */
                                                                                             /* 0x000fe20007ffe0ff */
        /*05a0*/                   FADD R21, R19, R12 ;                                      /* 0x0000000c13157221 */
                                                                                             /* 0x010fca0000000000 */
        /*05b0*/                   STG.E [R2.64], R21 ;                                      /* 0x0000001502007986 */
                                                                                             /* 0x000fe8000c101906 */
        /*05c0*/                   LDG.E R12, [R10.64+0xe000] ;                              /* 0x00e000060a0c7981 */
                                                                                             /* 0x000ee2000c1e1900 */
        /*05d0*/                   IMAD.IADD R15, R5, 0x1, R18 ;                             /* 0x00000001050f7824 */
                                                                                             /* 0x004fc800078e0212 */
        /*05e0*/                   IMAD.WIDE R14, R15, R0, c[0x0][0x170] ;                   /* 0x00005c000f0e7625 */
                                                                                             /* 0x000fe200078e0200 */
        /*05f0*/                   FADD R17, R21, R12 ;                                      /* 0x0000000c15117221 */
                                                                                             /* 0x008fca0000000000 */
        /*0600*/                   STG.E [R2.64], R17 ;                                      /* 0x0000001102007986 */
                                                                                             /* 0x0005e8000c101906 */
        /*0610*/                   LDG.E R14, [R14.64] ;                                     /* 0x000000060e0e7981 */
                                                                                             /* 0x000ee2000c1e1900 */
        /*0620*/                   IADD3 R9, P1, R5, R18, RZ ;                               /* 0x0000001205097210 */
                                                                                             /* 0x002fc80007f3e0ff */
        /*0630*/                   LEA.HI.X.SX32 R18, R18, R7, 0x1, P1 ;                     /* 0x0000000712127211 */
                                                                                             /* 0x000fe400008f0eff */
        /*0640*/                   LEA R12, P1, R9, c[0x0][0x170], 0x2 ;                     /* 0x00005c00090c7a11 */
                                                                                             /* 0x000fc800078210ff */
        /*0650*/                   LEA.HI.X R13, R9, c[0x0][0x174], R18, 0x2, P1 ;           /* 0x00005d00090d7a11 */
                                                                                             /* 0x000fe200008f1412 */
        /*0660*/                   FADD R9, R17, R14 ;                                       /* 0x0000000e11097221 */
                                                                                             /* 0x008fca0000000000 */
        /*0670*/                   STG.E [R2.64], R9 ;                                       /* 0x0000000902007986 */
                                                                                             /* 0x0003e8000c101906 */
        /*0680*/                   LDG.E R10, [R12.64+0x2000] ;                              /* 0x002000060c0a7981 */
                                                                                             /* 0x000ee4000c1e1900 */
        /*0690*/                   FADD R11, R9, R10 ;                                       /* 0x0000000a090b7221 */
                                                                                             /* 0x008fca0000000000 */
        /*06a0*/                   STG.E [R2.64], R11 ;                                      /* 0x0000000b02007986 */
                                                                                             /* 0x0007e8000c101906 */
        /*06b0*/                   LDG.E R10, [R12.64+0x4000] ;                              /* 0x004000060c0a7981 */
                                                                                             /* 0x000f24000c1e1900 */
        /*06c0*/                   FADD R15, R11, R10 ;                                      /* 0x0000000a0b0f7221 */
                                                                                             /* 0x010fca0000000000 */
        /*06d0*/                   STG.E [R2.64], R15 ;                                      /* 0x0000000f02007986 */
                                                                                             /* 0x0009e8000c101906 */
        /*06e0*/                   LDG.E R10, [R12.64+0x6000] ;                              /* 0x006000060c0a7981 */
                                                                                             /* 0x000ea4000c1e1900 */
        /*06f0*/                   FADD R17, R15, R10 ;                                      /* 0x0000000a0f117221 */
                                                                                             /* 0x004fca0000000000 */
        /*0700*/                   STG.E [R2.64], R17 ;                                      /* 0x0000001102007986 */
                                                                                             /* 0x0005e8000c101906 */
        /*0710*/                   LDG.E R10, [R12.64+0x8000] ;                              /* 0x008000060c0a7981 */
                                                                                             /* 0x000e64000c1e1900 */
        /*0720*/                   FADD R9, R17, R10 ;                                       /* 0x0000000a11097221 */
                                                                                             /* 0x002fca0000000000 */
        /*0730*/                   STG.E [R2.64], R9 ;                                       /* 0x0000000902007986 */
                                                                                             /* 0x0003e8000c101906 */
        /*0740*/                   LDG.E R10, [R12.64+0xa000] ;                              /* 0x00a000060c0a7981 */
                                                                                             /* 0x000ee4000c1e1900 */
        /*0750*/                   FADD R11, R9, R10 ;                                       /* 0x0000000a090b7221 */
                                                                                             /* 0x008fca0000000000 */
        /*0760*/                   STG.E [R2.64], R11 ;                                      /* 0x0000000b02007986 */
                                                                                             /* 0x0007e8000c101906 */
        /*0770*/                   LDG.E R10, [R12.64+0xc000] ;                              /* 0x00c000060c0a7981 */
                                                                                             /* 0x000f62000c1e1900 */
        /*0780*/                   IADD3 R18, R8, 0x8000, RZ ;                               /* 0x0000800008127810 */
                                                                                             /* 0x000fe20007ffe0ff */
        /*0790*/                   FADD R19, R11, R10 ;                                      /* 0x0000000a0b137221 */
                                                                                             /* 0x020fca0000000000 */
        /*07a0*/                   STG.E [R2.64], R19 ;                                      /* 0x0000001302007986 */
                                                                                             /* 0x000fe8000c101906 */
        /*07b0*/                   LDG.E R10, [R12.64+0xe000] ;                              /* 0x00e000060c0a7981 */
                                                                                             /* 0x000ea2000c1e1900 */
        /*07c0*/                   IMAD.IADD R15, R5, 0x1, R18 ;                             /* 0x00000001050f7824 */
                                                                                             /* 0x010fc800078e0212 */
        /*07d0*/                   IMAD.WIDE R14, R15, R0, c[0x0][0x170] ;                   /* 0x00005c000f0e7625 */
                                                                                             /* 0x000fe200078e0200 */
        /*07e0*/                   FADD R17, R19, R10 ;                                      /* 0x0000000a13117221 */
                                                                                             /* 0x004fca0000000000 */
        /*07f0*/                   STG.E [R2.64], R17 ;                                      /* 0x0000001102007986 */
                                                                                             /* 0x0005e8000c101906 */
        /*0800*/                   LDG.E R14, [R14.64] ;                                     /* 0x000000060e0e7981 */
                                                                                             /* 0x000f22000c1e1900 */
        /*0810*/                   IADD3 R9, P1, R5, R18, RZ ;                               /* 0x0000001205097210 */
                                                                                             /* 0x002fc80007f3e0ff */
        /*0820*/                   LEA.HI.X.SX32 R18, R18, R7, 0x1, P1 ;                     /* 0x0000000712127211 */
                                                                                             /* 0x000fe400008f0eff */
        /*0830*/                   LEA R10, P1, R9, c[0x0][0x170], 0x2 ;                     /* 0x00005c00090a7a11 */
                                                                                             /* 0x000fc800078210ff */
        /*0840*/                   LEA.HI.X R11, R9, c[0x0][0x174], R18, 0x2, P1 ;           /* 0x00005d00090b7a11 */
                                                                                             /* 0x008fe200008f1412 */
        /*0850*/                   FADD R9, R17, R14 ;                                       /* 0x0000000e11097221 */
                                                                                             /* 0x010fca0000000000 */
        /*0860*/                   STG.E [R2.64], R9 ;                                       /* 0x0000000902007986 */
                                                                                             /* 0x0003e8000c101906 */
        /*0870*/                   LDG.E R12, [R10.64+0x2000] ;                              /* 0x002000060a0c7981 */
                                                                                             /* 0x000ee4000c1e1900 */
        /*0880*/                   FADD R13, R9, R12 ;                                       /* 0x0000000c090d7221 */
                                                                                             /* 0x008fca0000000000 */
        /*0890*/                   STG.E [R2.64], R13 ;                                      /* 0x0000000d02007986 */
                                                                                             /* 0x0007e8000c101906 */
        /*08a0*/                   LDG.E R12, [R10.64+0x4000] ;                              /* 0x004000060a0c7981 */
                                                                                             /* 0x000f24000c1e1900 */
        /*08b0*/                   FADD R15, R13, R12 ;                                      /* 0x0000000c0d0f7221 */
                                                                                             /* 0x010fca0000000000 */
        /*08c0*/                   STG.E [R2.64], R15 ;                                      /* 0x0000000f02007986 */
                                                                                             /* 0x0009e8000c101906 */
        /*08d0*/                   LDG.E R12, [R10.64+0x6000] ;                              /* 0x006000060a0c7981 */
                                                                                             /* 0x000ea4000c1e1900 */
        /*08e0*/                   FADD R17, R15, R12 ;                                      /* 0x0000000c0f117221 */
                                                                                             /* 0x004fca0000000000 */
        /*08f0*/                   STG.E [R2.64], R17 ;                                      /* 0x0000001102007986 */
                                                                                             /* 0x0005e8000c101906 */
        /*0900*/                   LDG.E R12, [R10.64+0x8000] ;                              /* 0x008000060a0c7981 */
                                                                                             /* 0x000e64000c1e1900 */
        /*0910*/                   FADD R9, R17, R12 ;                                       /* 0x0000000c11097221 */
                                                                                             /* 0x002fca0000000000 */
        /*0920*/                   STG.E [R2.64], R9 ;                                       /* 0x0000000902007986 */
                                                                                             /* 0x0003e8000c101906 */
        /*0930*/                   LDG.E R12, [R10.64+0xa000] ;                              /* 0x00a000060a0c7981 */
                                                                                             /* 0x000ee4000c1e1900 */
        /*0940*/                   FADD R13, R9, R12 ;                                       /* 0x0000000c090d7221 */
                                                                                             /* 0x008fca0000000000 */
        /*0950*/                   STG.E [R2.64], R13 ;                                      /* 0x0000000d02007986 */
                                                                                             /* 0x0007e8000c101906 */
        /*0960*/                   LDG.E R12, [R10.64+0xc000] ;                              /* 0x00c000060a0c7981 */
                                                                                             /* 0x000f62000c1e1900 */
        /*0970*/                   IADD3 R18, R8, 0xc000, RZ ;                               /* 0x0000c00008127810 */
                                                                                             /* 0x000fe20007ffe0ff */
        /*0980*/                   FADD R19, R13, R12 ;                                      /* 0x0000000c0d137221 */
                                                                                             /* 0x020fca0000000000 */
        /*0990*/                   STG.E [R2.64], R19 ;                                      /* 0x0000001302007986 */
                                                                                             /* 0x000fe8000c101906 */
        /*09a0*/                   LDG.E R12, [R10.64+0xe000] ;                              /* 0x00e000060a0c7981 */
                                                                                             /* 0x000ea2000c1e1900 */
        /*09b0*/                   IADD3 R15, R5, R18, RZ ;                                  /* 0x00000012050f7210 */
                                                                                             /* 0x010fca0007ffe0ff */
        /*09c0*/                   IMAD.WIDE R14, R15, R0, c[0x0][0x170] ;                   /* 0x00005c000f0e7625 */
                                                                                             /* 0x000fe200078e0200 */
        /*09d0*/                   FADD R17, R19, R12 ;                                      /* 0x0000000c13117221 */
                                                                                             /* 0x004fca0000000000 */
        /*09e0*/                   STG.E [R2.64], R17 ;                                      /* 0x0000001102007986 */
                                                                                             /* 0x0005e8000c101906 */
        /*09f0*/                   LDG.E R14, [R14.64] ;                                     /* 0x000000060e0e7981 */
                                                                                             /* 0x000f22000c1e1900 */
        /*0a00*/                   IADD3 R9, P1, R5, R18, RZ ;                               /* 0x0000001205097210 */
                                                                                             /* 0x002fc80007f3e0ff */
        /*0a10*/                   LEA.HI.X.SX32 R18, R18, R7, 0x1, P1 ;                     /* 0x0000000712127211 */
                                                                                             /* 0x000fe400008f0eff */
        /*0a20*/                   LEA R12, P1, R9, c[0x0][0x170], 0x2 ;                     /* 0x00005c00090c7a11 */
                                                                                             /* 0x000fc800078210ff */
        /*0a30*/                   LEA.HI.X R13, R9, c[0x0][0x174], R18, 0x2, P1 ;           /* 0x00005d00090d7a11 */
                                                                                             /* 0x008fe200008f1412 */
        /*0a40*/                   FADD R9, R17, R14 ;                                       /* 0x0000000e11097221 */
                                                                                             /* 0x010fca0000000000 */
        /*0a50*/                   STG.E [R2.64], R9 ;                                       /* 0x0000000902007986 */
                                                                                             /* 0x000fe8000c101906 */
        /*0a60*/                   LDG.E R10, [R12.64+0x2000] ;                              /* 0x002000060c0a7981 */
                                                                                             /* 0x000ee4000c1e1900 */
        /*0a70*/                   FADD R11, R9, R10 ;                                       /* 0x0000000a090b7221 */
                                                                                             /* 0x008fca0000000000 */
        /*0a80*/                   STG.E [R2.64], R11 ;                                      /* 0x0000000b02007986 */
                                                                                             /* 0x0003e8000c101906 */
        /*0a90*/                   LDG.E R10, [R12.64+0x4000] ;                              /* 0x004000060c0a7981 */
                                                                                             /* 0x000ee4000c1e1900 */
        /*0aa0*/                   FADD R15, R11, R10 ;                                      /* 0x0000000a0b0f7221 */
                                                                                             /* 0x008fca0000000000 */
        /*0ab0*/                   STG.E [R2.64], R15 ;                                      /* 0x0000000f02007986 */
                                                                                             /* 0x0007e8000c101906 */
        /*0ac0*/                   LDG.E R10, [R12.64+0x6000] ;                              /* 0x006000060c0a7981 */
                                                                                             /* 0x000ea4000c1e1900 */
        /*0ad0*/                   FADD R17, R15, R10 ;                                      /* 0x0000000a0f117221 */
                                                                                             /* 0x004fca0000000000 */
        /*0ae0*/                   STG.E [R2.64], R17 ;                                      /* 0x0000001102007986 */
                                                                                             /* 0x0005e8000c101906 */
        /*0af0*/                   LDG.E R10, [R12.64+0x8000] ;                              /* 0x008000060c0a7981 */
                                                                                             /* 0x000f24000c1e1900 */
        /*0b00*/                   FADD R19, R17, R10 ;                                      /* 0x0000000a11137221 */
                                                                                             /* 0x010fca0000000000 */
        /*0b10*/                   STG.E [R2.64], R19 ;                                      /* 0x0000001302007986 */
                                                                                             /* 0x0005e8000c101906 */
        /*0b20*/                   LDG.E R10, [R12.64+0xa000] ;                              /* 0x00a000060c0a7981 */
                                                                                             /* 0x000e64000c1e1900 */
        /*0b30*/                   FADD R11, R19, R10 ;                                      /* 0x0000000a130b7221 */
                                                                                             /* 0x002fca0000000000 */
        /*0b40*/                   STG.E [R2.64], R11 ;                                      /* 0x0000000b02007986 */
                                                                                             /* 0x0005e8000c101906 */
        /*0b50*/                   LDG.E R10, [R12.64+0xc000] ;                              /* 0x00c000060c0a7981 */
                                                                                             /* 0x000ee4000c1e1900 */
        /*0b60*/                   FADD R15, R11, R10 ;                                      /* 0x0000000a0b0f7221 */
                                                                                             /* 0x008fca0000000000 */
        /*0b70*/                   STG.E [R2.64], R15 ;                                      /* 0x0000000f02007986 */
                                                                                             /* 0x0005e8000c101906 */
        /*0b80*/                   LDG.E R10, [R12.64+0xe000] ;                              /* 0x00e000060c0a7981 */
                                                                                             /* 0x000ee2000c1e1900 */
        /*0b90*/                   UIADD3 UR4, UR4, 0x20, URZ ;                              /* 0x0000002004047890 */
                                                                                             /* 0x000fe2000fffe03f */
        /*0ba0*/                   IADD3 R8, R8, 0x10000, RZ ;                               /* 0x0001000008087810 */
                                                                                             /* 0x000fca0007ffe0ff */
        /*0bb0*/                   ISETP.LE.AND P1, PT, R16, UR4, PT ;                       /* 0x0000000410007c0c */
                                                                                             /* 0x000fe2000bf23270 */
        /*0bc0*/                   FADD R9, R15, R10 ;                                       /* 0x0000000a0f097221 */
                                                                                             /* 0x008fca0000000000 */
        /*0bd0*/                   STG.E [R2.64], R9 ;                                       /* 0x0000000902007986 */
                                                                                             /* 0x0005ee000c101906 */
        /*0be0*/              @!P1 BRA 0x400 ;                                               /* 0xfffff81000009947 */
                                                                                             /* 0x000fea000383ffff */
        /*0bf0*/                   IADD3 R10, R6, -UR4, RZ ;                                 /* 0x80000004060a7c10 */
                                                                                             /* 0x000fc8000fffe0ff */
        /*0c00*/                   ISETP.GT.AND P1, PT, R10, 0x8, PT ;                       /* 0x000000080a00780c */
                                                                                             /* 0x000fda0003f24270 */
        /*0c10*/              @!P1 BRA 0x1020 ;                                              /* 0x0000040000009947 */
                                                                                             /* 0x000fea0003800000 */
        /*0c20*/                   IMAD.IADD R13, R5, 0x1, R8 ;                              /* 0x00000001050d7824 */
                                                                                             /* 0x008fc800078e0208 */
        /*0c30*/                   IMAD.WIDE R12, R13, R0, c[0x0][0x170] ;                   /* 0x00005c000d0c7625 */
                                                                                             /* 0x000fcc00078e0200 */
        /*0c40*/                   LDG.E R12, [R12.64] ;                                     /* 0x000000060c0c7981 */
                                                                                             /* 0x000ee2000c1e1900 */
        /*0c50*/                   IADD3 R11, P0, R5, R8, RZ ;                               /* 0x00000008050b7210 */
                                                                                             /* 0x004fc80007f1e0ff */
        /*0c60*/                   LEA.HI.X.SX32 R14, R8, R7, 0x1, P0 ;                      /* 0x00000007080e7211 */
                                                                                             /* 0x000fe400000f0eff */
        /*0c70*/                   LEA R10, P0, R11, c[0x0][0x170], 0x2 ;                    /* 0x00005c000b0a7a11 */
                                                                                             /* 0x000fc800078010ff */
        /*0c80*/                   LEA.HI.X R11, R11, c[0x0][0x174], R14, 0x2, P0 ;          /* 0x00005d000b0b7a11 */
                                                                                             /* 0x000fe200000f140e */
        /*0c90*/                   FADD R9, R9, R12 ;                                        /* 0x0000000c09097221 */
                                                                                             /* 0x008fca0000000000 */
        /*0ca0*/                   STG.E [R2.64], R9 ;                                       /* 0x0000000902007986 */
                                                                                             /* 0x0003e8000c101906 */
        /*0cb0*/                   LDG.E R14, [R10.64+0x2000] ;                              /* 0x002000060a0e7981 */
                                                                                             /* 0x000ea4000c1e1900 */
        /*0cc0*/                   FADD R15, R9, R14 ;                                       /* 0x0000000e090f7221 */
                                                                                             /* 0x004fca0000000000 */
        /*0cd0*/                   STG.E [R2.64], R15 ;                                      /* 0x0000000f02007986 */
                                                                                             /* 0x0005e8000c101906 */
        /*0ce0*/                   LDG.E R14, [R10.64+0x4000] ;                              /* 0x004000060a0e7981 */
                                                                                             /* 0x000ee4000c1e1900 */
        /*0cf0*/                   FADD R13, R15, R14 ;                                      /* 0x0000000e0f0d7221 */
                                                                                             /* 0x008fca0000000000 */
        /*0d00*/                   STG.E [R2.64], R13 ;                                      /* 0x0000000d02007986 */
                                                                                             /* 0x000fe8000c101906 */
        /*0d10*/                   LDG.E R12, [R10.64+0x6000] ;                              /* 0x006000060a0c7981 */
                                                                                             /* 0x000ee4000c1e1900 */
        /*0d20*/                   FADD R17, R13, R12 ;                                      /* 0x0000000c0d117221 */
                                                                                             /* 0x008fca0000000000 */
        /*0d30*/                   STG.E [R2.64], R17 ;                                      /* 0x0000001102007986 */
                                                                                             /* 0x0007e8000c101906 */
        /*0d40*/                   LDG.E R12, [R10.64+0x8000] ;                              /* 0x008000060a0c7981 */
                                                                                             /* 0x000e64000c1e1900 */
        /*0d50*/                   FADD R9, R17, R12 ;                                       /* 0x0000000c11097221 */
                                                                                             /* 0x002fca0000000000 */
        /*0d60*/                   STG.E [R2.64], R9 ;                                       /* 0x0000000902007986 */
                                                                                             /* 0x0003e8000c101906 */
        /*0d70*/                   LDG.E R12, [R10.64+0xa000] ;                              /* 0x00a000060a0c7981 */
                                                                                             /* 0x000f24000c1e1900 */
        /*0d80*/                   FADD R19, R9, R12 ;                                       /* 0x0000000c09137221 */
                                                                                             /* 0x010fca0000000000 */
        /*0d90*/                   STG.E [R2.64], R19 ;                                      /* 0x0000001302007986 */
                                                                                             /* 0x000fe8000c101906 */
        /*0da0*/                   LDG.E R12, [R10.64+0xc000] ;                              /* 0x00c000060a0c7981 */
                                                                                             /* 0x000f22000c1e1900 */
        /*0db0*/                   IADD3 R16, R8, 0x4000, RZ ;                               /* 0x0000400008107810 */
                                                                                             /* 0x000fe20007ffe0ff */
        /*0dc0*/                   FADD R21, R19, R12 ;                                      /* 0x0000000c13157221 */
                                                                                             /* 0x010fca0000000000 */
        /*0dd0*/                   STG.E [R2.64], R21 ;                                      /* 0x0000001502007986 */
                                                                                             /* 0x000fe8000c101906 */
        /*0de0*/                   LDG.E R12, [R10.64+0xe000] ;                              /* 0x00e000060a0c7981 */
                                                                                             /* 0x000ee2000c1e1900 */
        /*0df0*/                   IMAD.IADD R15, R5, 0x1, R16 ;                             /* 0x00000001050f7824 */
                                                                                             /* 0x004fc800078e0210 */
        /*0e00*/                   IMAD.WIDE R14, R15, R0, c[0x0][0x170] ;                   /* 0x00005c000f0e7625 */
                                                                                             /* 0x000fe200078e0200 */
        /*0e10*/                   FADD R17, R21, R12 ;                                      /* 0x0000000c15117221 */
                                                                                             /* 0x008fca0000000000 */
        /*0e20*/                   STG.E [R2.64], R17 ;                                      /* 0x0000001102007986 */
                                                                                             /* 0x0005e8000c101906 */
        /*0e30*/                   LDG.E R14, [R14.64] ;                                     /* 0x000000060e0e7981 */
                                                                                             /* 0x000ee2000c1e1900 */
        /*0e40*/                   IADD3 R9, P0, R5, R16, RZ ;                               /* 0x0000001005097210 */
                                                                                             /* 0x002fc80007f1e0ff */
        /*0e50*/                   LEA.HI.X.SX32 R16, R16, R7, 0x1, P0 ;                     /* 0x0000000710107211 */
                                                                                             /* 0x000fe400000f0eff */
        /*0e60*/                   LEA R12, P0, R9, c[0x0][0x170], 0x2 ;                     /* 0x00005c00090c7a11 */
                                                                                             /* 0x000fc800078010ff */
        /*0e70*/                   LEA.HI.X R13, R9, c[0x0][0x174], R16, 0x2, P0 ;           /* 0x00005d00090d7a11 */
                                                                                             /* 0x000fe200000f1410 */
        /*0e80*/                   FADD R9, R17, R14 ;                                       /* 0x0000000e11097221 */
                                                                                             /* 0x008fca0000000000 */
        /*0e90*/                   STG.E [R2.64], R9 ;                                       /* 0x0000000902007986 */
                                                                                             /* 0x000fe8000c101906 */
        /*0ea0*/                   LDG.E R10, [R12.64+0x2000] ;                              /* 0x002000060c0a7981 */
                                                                                             /* 0x000ee4000c1e1900 */
        /*0eb0*/                   FADD R11, R9, R10 ;                                       /* 0x0000000a090b7221 */
                                                                                             /* 0x008fca0000000000 */
        /*0ec0*/                   STG.E [R2.64], R11 ;                                      /* 0x0000000b02007986 */
                                                                                             /* 0x0003e8000c101906 */
        /*0ed0*/                   LDG.E R10, [R12.64+0x4000] ;                              /* 0x004000060c0a7981 */
                                                                                             /* 0x000ee4000c1e1900 */
        /*0ee0*/                   FADD R15, R11, R10 ;                                      /* 0x0000000a0b0f7221 */
                                                                                             /* 0x008fca0000000000 */
        /*0ef0*/                   STG.E [R2.64], R15 ;                                      /* 0x0000000f02007986 */
                                                                                             /* 0x0007e8000c101906 */
        /*0f00*/                   LDG.E R10, [R12.64+0x6000] ;                              /* 0x006000060c0a7981 */
                                                                                             /* 0x000ea4000c1e1900 */
        /*0f10*/                   FADD R17, R15, R10 ;                                      /* 0x0000000a0f117221 */
                                                                                             /* 0x004fca0000000000 */
        /*0f20*/                   STG.E [R2.64], R17 ;                                      /* 0x0000001102007986 */
                                                                                             /* 0x0005e8000c101906 */
        /*0f30*/                   LDG.E R10, [R12.64+0x8000] ;                              /* 0x008000060c0a7981 */
                                                                                             /* 0x000f24000c1e1900 */
        /*0f40*/                   FADD R19, R17, R10 ;                                      /* 0x0000000a11137221 */
                                                                                             /* 0x010fca0000000000 */
        /*0f50*/                   STG.E [R2.64], R19 ;                                      /* 0x0000001302007986 */
                                                                                             /* 0x0005e8000c101906 */
        /*0f60*/                   LDG.E R10, [R12.64+0xa000] ;                              /* 0x00a000060c0a7981 */
                                                                                             /* 0x000e64000c1e1900 */
        /*0f70*/                   FADD R11, R19, R10 ;                                      /* 0x0000000a130b7221 */
                                                                                             /* 0x002fca0000000000 */
        /*0f80*/                   STG.E [R2.64], R11 ;                                      /* 0x0000000b02007986 */
                                                                                             /* 0x0005e8000c101906 */
        /*0f90*/                   LDG.E R10, [R12.64+0xc000] ;                              /* 0x00c000060c0a7981 */
                                                                                             /* 0x000ee4000c1e1900 */
        /*0fa0*/                   FADD R15, R11, R10 ;                                      /* 0x0000000a0b0f7221 */
                                                                                             /* 0x008fca0000000000 */
        /*0fb0*/                   STG.E [R2.64], R15 ;                                      /* 0x0000000f02007986 */
                                                                                             /* 0x0005e8000c101906 */
        /*0fc0*/                   LDG.E R10, [R12.64+0xe000] ;                              /* 0x00e000060c0a7981 */
                                                                                             /* 0x000ee2000c1e1900 */
        /*0fd0*/                   PLOP3.LUT P0, PT, PT, PT, PT, 0x8, 0x0 ;                  /* 0x000000000000781c */
                                                                                             /* 0x000fe20003f0e170 */
        /*0fe0*/                   UIADD3 UR4, UR4, 0x10, URZ ;                              /* 0x0000001004047890 */
                                                                                             /* 0x000fe2000fffe03f */
        /*0ff0*/                   IADD3 R8, R8, 0x8000, RZ ;                                /* 0x0000800008087810 */
                                                                                             /* 0x000fe20007ffe0ff */
        /*1000*/                   FADD R9, R15, R10 ;                                       /* 0x0000000a0f097221 */
                                                                                             /* 0x008fca0000000000 */
        /*1010*/                   STG.E [R2.64], R9 ;                                       /* 0x0000000902007986 */
                                                                                             /* 0x0005e8000c101906 */
        /*1020*/                   ISETP.NE.U32.OR P0, PT, R6, UR4, P0 ;                     /* 0x0000000406007c0c */
                                                                                             /* 0x000fe40008705470 */
        /*1030*/                   ISETP.NE.U32.AND P1, PT, R4, RZ, PT ;                     /* 0x000000ff0400720c */
                                                                                             /* 0x000fd60003f25070 */
        /*1040*/              @!P0 BRA 0x1270 ;                                              /* 0x0000022000008947 */
                                                                                             /* 0x000fea0003800000 */
        /*1050*/                   IADD3 R13, R5, R8, RZ ;                                   /* 0x00000008050d7210 */
                                                                                             /* 0x008fca0007ffe0ff */
        /*1060*/                   IMAD.WIDE R12, R13, R0, c[0x0][0x170] ;                   /* 0x00005c000d0c7625 */
                                                                                             /* 0x000fcc00078e0200 */
        /*1070*/                   LDG.E R12, [R12.64] ;                                     /* 0x000000060c0c7981 */
                                                                                             /* 0x000ee2000c1e1900 */
        /*1080*/                   IADD3 R11, P0, R5, R8, RZ ;                               /* 0x00000008050b7210 */
                                                                                             /* 0x004fc80007f1e0ff */
        /*1090*/                   LEA.HI.X.SX32 R14, R8, R7, 0x1, P0 ;                      /* 0x00000007080e7211 */
                                                                                             /* 0x000fe400000f0eff */
        /*10a0*/                   LEA R10, P0, R11, c[0x0][0x170], 0x2 ;                    /* 0x00005c000b0a7a11 */
                                                                                             /* 0x000fc800078010ff */
        /*10b0*/                   LEA.HI.X R11, R11, c[0x0][0x174], R14, 0x2, P0 ;          /* 0x00005d000b0b7a11 */
                                                                                             /* 0x000fe200000f140e */
        /*10c0*/                   FADD R9, R12, R9 ;                                        /* 0x000000090c097221 */
                                                                                             /* 0x008fca0000000000 */
        /*10d0*/                   STG.E [R2.64], R9 ;                                       /* 0x0000000902007986 */
                                                                                             /* 0x000fe8000c101906 */
        /*10e0*/                   LDG.E R14, [R10.64+0x2000] ;                              /* 0x002000060a0e7981 */
                                                                                             /* 0x000ea4000c1e1900 */
        /*10f0*/                   FADD R15, R9, R14 ;                                       /* 0x0000000e090f7221 */
                                                                                             /* 0x004fca0000000000 */
        /*1100*/                   STG.E [R2.64], R15 ;                                      /* 0x0000000f02007986 */
                                                                                             /* 0x0003e8000c101906 */
        /*1110*/                   LDG.E R14, [R10.64+0x4000] ;                              /* 0x004000060a0e7981 */
                                                                                             /* 0x000ea4000c1e1900 */
        /*1120*/                   FADD R13, R15, R14 ;                                      /* 0x0000000e0f0d7221 */
                                                                                             /* 0x004fca0000000000 */
        /*1130*/                   STG.E [R2.64], R13 ;                                      /* 0x0000000d02007986 */
                                                                                             /* 0x0005e8000c101906 */
        /*1140*/                   LDG.E R12, [R10.64+0x6000] ;                              /* 0x006000060a0c7981 */
                                                                                             /* 0x000ee4000c1e1900 */
        /*1150*/                   FADD R17, R13, R12 ;                                      /* 0x0000000c0d117221 */
                                                                                             /* 0x008fca0000000000 */
        /*1160*/                   STG.E [R2.64], R17 ;                                      /* 0x0000001102007986 */
                                                                                             /* 0x0007e8000c101906 */
        /*1170*/                   LDG.E R12, [R10.64+0x8000] ;                              /* 0x008000060a0c7981 */
                                                                                             /* 0x000f24000c1e1900 */
        /*1180*/                   FADD R19, R17, R12 ;                                      /* 0x0000000c11137221 */
                                                                                             /* 0x010fca0000000000 */
        /*1190*/                   STG.E [R2.64], R19 ;                                      /* 0x0000001302007986 */
                                                                                             /* 0x0007e8000c101906 */
        /*11a0*/                   LDG.E R12, [R10.64+0xa000] ;                              /* 0x00a000060a0c7981 */
                                                                                             /* 0x000e64000c1e1900 */
        /*11b0*/                   FADD R15, R19, R12 ;                                      /* 0x0000000c130f7221 */
                                                                                             /* 0x002fca0000000000 */
        /*11c0*/                   STG.E [R2.64], R15 ;                                      /* 0x0000000f02007986 */
                                                                                             /* 0x0007e8000c101906 */
        /*11d0*/                   LDG.E R12, [R10.64+0xc000] ;                              /* 0x00c000060a0c7981 */
                                                                                             /* 0x000ea4000c1e1900 */
        /*11e0*/                   FADD R13, R15, R12 ;                                      /* 0x0000000c0f0d7221 */
                                                                                             /* 0x004fca0000000000 */
        /*11f0*/                   STG.E [R2.64], R13 ;                                      /* 0x0000000d02007986 */
                                                                                             /* 0x0007e8000c101906 */
        /*1200*/                   LDG.E R12, [R10.64+0xe000] ;                              /* 0x00e000060a0c7981 */
                                                                                             /* 0x000ea2000c1e1900 */
        /*1210*/                   UIADD3 UR4, UR4, 0x8, URZ ;                               /* 0x0000000804047890 */
                                                                                             /* 0x000fe2000fffe03f */
        /*1220*/                   IADD3 R8, R8, 0x4000, RZ ;                                /* 0x0000400008087810 */
                                                                                             /* 0x000fca0007ffe0ff */
        /*1230*/                   ISETP.NE.U32.AND P0, PT, R6, UR4, PT ;                    /* 0x0000000406007c0c */
                                                                                             /* 0x000fe2000bf05070 */
        /*1240*/                   FADD R9, R13, R12 ;                                       /* 0x0000000c0d097221 */
                                                                                             /* 0x004fca0000000000 */
        /*1250*/                   STG.E [R2.64], R9 ;                                       /* 0x0000000902007986 */
                                                                                             /* 0x0007ee000c101906 */
        /*1260*/               @P0 BRA 0x1050 ;                                              /* 0xfffffde000000947 */
                                                                                             /* 0x000fea000383ffff */
        /*1270*/              @!P1 BRA 0x1310 ;                                              /* 0x0000009000009947 */
                                                                                             /* 0x000fea0003800000 */
        /*1280*/                   IMAD R5, R6, 0x800, R5 ;                                  /* 0x0000080006057824 */
                                                                                             /* 0x000fc800078e0205 */
        /*1290*/                   IMAD.WIDE R6, R5, R0, c[0x0][0x170] ;                     /* 0x00005c0005067625 */
                                                                                             /* 0x000fcc00078e0200 */
        /*12a0*/                   LDG.E R6, [R6.64] ;                                       /* 0x0000000606067981 */
                                                                                             /* 0x000f22000c1e1900 */
        /*12b0*/                   IADD3 R4, R4, -0x1, RZ ;                                  /* 0xffffffff04047810 */
                                                                                             /* 0x000fe40007ffe0ff */
        /*12c0*/                   IADD3 R5, R5, 0x800, RZ ;                                 /* 0x0000080005057810 */
                                                                                             /* 0x000fe40007ffe0ff */
        /*12d0*/                   ISETP.NE.U32.AND P0, PT, R4, RZ, PT ;                     /* 0x000000ff0400720c */
                                                                                             /* 0x000fe20003f05070 */
        /*12e0*/                   FADD R9, R6, R9 ;                                         /* 0x0000000906097221 */
                                                                                             /* 0x01efca0000000000 */
        /*12f0*/                   STG.E [R2.64], R9 ;                                       /* 0x0000000902007986 */
                                                                                             /* 0x0003ee000c101906 */
        /*1300*/               @P0 BRA 0x1290 ;                                              /* 0xffffff8000000947 */
                                                                                             /* 0x000fea000383ffff */
        /*1310*/                   MOV R0, 0x4a442e10 ;                                      /* 0x4a442e1000007802 */
                                                                                             /* 0x000fe20000000f00 */
        /*1320*/                   IMAD.MOV.U32 R5, RZ, RZ, 0x34a707c4 ;                     /* 0x34a707c4ff057424 */
                                                                                             /* 0x000fe200078e00ff */
        /*1330*/                   FCHK P0, R9, 3214212 ;                                    /* 0x4a442e1009007902 */
                                                                                             /* 0x000f220000000000 */
        /*1340*/                   BSSY B1, 0x1400 ;                                         /* 0x000000b000017945 */
                                                                                             /* 0x000fe40003800000 */
        /*1350*/                   FFMA R0, R5, -R0, 1 ;                                     /* 0x3f80000005007423 */
                                                                                             /* 0x000fc80000000800 */
        /*1360*/                   FFMA R0, R0, R5, 3.1111824227991746739e-07 ;              /* 0x34a707c400007423 */
                                                                                             /* 0x000fc80000000005 */
        /*1370*/                   FFMA R4, R0, R9, RZ ;                                     /* 0x0000000900047223 */
                                                                                             /* 0x000fc800000000ff */
        /*1380*/                   FFMA R5, R4, -3214212, R9 ;                               /* 0xca442e1004057823 */
                                                                                             /* 0x000fc80000000009 */
        /*1390*/                   FFMA R5, R0, R5, R4 ;                                     /* 0x0000000500057223 */
                                                                                             /* 0x000fe20000000004 */
        /*13a0*/              @!P0 BRA 0x13f0 ;                                              /* 0x0000004000008947 */
                                                                                             /* 0x010fea0003800000 */
        /*13b0*/                   IMAD.MOV.U32 R0, RZ, RZ, R9 ;                             /* 0x000000ffff007224 */
                                                                                             /* 0x000fe200078e0009 */
        /*13c0*/                   MOV R4, 0x13e0 ;                                          /* 0x000013e000047802 */
                                                                                             /* 0x000fe40000000f00 */
        /*13d0*/                   CALL.REL.NOINC 0x1420 ;                                   /* 0x0000004000007944 */
                                                                                             /* 0x00ffea0003c00000 */
        /*13e0*/                   IMAD.MOV.U32 R5, RZ, RZ, R8 ;                             /* 0x000000ffff057224 */
                                                                                             /* 0x001fe400078e0008 */
        /*13f0*/                   BSYNC B1 ;                                                /* 0x0000000000017941 */
                                                                                             /* 0x000fea0003800000 */
        /*1400*/                   STG.E [R2.64], R5 ;                                       /* 0x0000000502007986 */
                                                                                             /* 0x000fe2000c101906 */
        /*1410*/                   EXIT ;                                                    /* 0x000000000000794d */
                                                                                             /* 0x000fea0003800000 */
        /*1420*/                   SHF.R.U32.HI R5, RZ, 0x17, R0 ;                           /* 0x00000017ff057819 */
                                                                                             /* 0x000fe20000011600 */
        /*1430*/                   BSSY B0, 0x19f0 ;                                         /* 0x000005b000007945 */
                                                                                             /* 0x000fe20003800000 */
        /*1440*/                   BSSY B2, 0x15e0 ;                                         /* 0x0000019000027945 */
                                                                                             /* 0x000fe40003800000 */
        /*1450*/                   LOP3.LUT R6, R5, 0xff, RZ, 0xc0, !PT ;                    /* 0x000000ff05067812 */
                                                                                             /* 0x000fc800078ec0ff */
        /*1460*/                   IADD3 R7, R6, -0x1, RZ ;                                  /* 0xffffffff06077810 */
                                                                                             /* 0x000fc80007ffe0ff */
        /*1470*/                   ISETP.GT.U32.OR P0, PT, R7, 0xfd, !PT ;                   /* 0x000000fd0700780c */
                                                                                             /* 0x000fda0007f04470 */
        /*1480*/              @!P0 MOV R5, RZ ;                                              /* 0x000000ff00058202 */
                                                                                             /* 0x000fe20000000f00 */
        /*1490*/              @!P0 BRA 0x15d0 ;                                              /* 0x0000013000008947 */
                                                                                             /* 0x000fea0003800000 */
        /*14a0*/                   FSETP.GTU.FTZ.AND P0, PT, |R0|, +INF , PT ;               /* 0x7f8000000000780b */
                                                                                             /* 0x000fda0003f1c200 */
        /*14b0*/               @P0 BREAK B2 ;                                                /* 0x0000000000020942 */
                                                                                             /* 0x000fe20003800000 */
        /*14c0*/               @P0 BRA 0x19d0 ;                                              /* 0x0000050000000947 */
                                                                                             /* 0x000fea0003800000 */
        /*14d0*/                   IMAD.MOV.U32 R5, RZ, RZ, 0x4a442e10 ;                     /* 0x4a442e10ff057424 */
                                                                                             /* 0x000fca00078e00ff */
        /*14e0*/                   LOP3.LUT P0, RZ, R5, 0x7fffffff, R0, 0xc8, !PT ;          /* 0x7fffffff05ff7812 */
                                                                                             /* 0x000fda000780c800 */
        /*14f0*/              @!P0 BREAK B2 ;                                                /* 0x0000000000028942 */
                                                                                             /* 0x000fe20003800000 */
        /*1500*/              @!P0 BRA 0x19b0 ;                                              /* 0x000004a000008947 */
                                                                                             /* 0x000fea0003800000 */
        /*1510*/                   LOP3.LUT P0, RZ, R0, 0x7fffffff, RZ, 0xc0, !PT ;          /* 0x7fffffff00ff7812 */
                                                                                             /* 0x000fda000780c0ff */
        /*1520*/              @!P0 BREAK B2 ;                                                /* 0x0000000000028942 */
                                                                                             /* 0x000fe20003800000 */
        /*1530*/              @!P0 BRA 0x1990 ;                                              /* 0x0000045000008947 */
                                                                                             /* 0x000fea0003800000 */
        /*1540*/                   FSETP.NEU.FTZ.AND P1, PT, |R0|, +INF , PT ;               /* 0x7f8000000000780b */
                                                                                             /* 0x000fe40003f3d200 */
        /*1550*/                   LOP3.LUT P0, RZ, R5, 0x7fffffff, RZ, 0xc0, !PT ;          /* 0x7fffffff05ff7812 */
                                                                                             /* 0x000fc8000780c0ff */
        /*1560*/                   PLOP3.LUT P0, PT, P1, P0, PT, 0x2a, 0x0 ;                 /* 0x000000000000781c */
                                                                                             /* 0x000fda0000f00572 */
        /*1570*/               @P0 BREAK B2 ;                                                /* 0x0000000000020942 */
                                                                                             /* 0x000fe20003800000 */
        /*1580*/               @P0 BRA 0x1960 ;                                              /* 0x000003d000000947 */
                                                                                             /* 0x000fea0003800000 */
        /*1590*/                   ISETP.GE.AND P0, PT, R7, RZ, PT ;                         /* 0x000000ff0700720c */
                                                                                             /* 0x000fda0003f06270 */
        /*15a0*/               @P0 MOV R5, RZ ;                                              /* 0x000000ff00050202 */
                                                                                             /* 0x000fe20000000f00 */
        /*15b0*/              @!P0 FFMA R0, R0, 1.84467440737095516160e+19, RZ ;             /* 0x5f80000000008823 */
                                                                                             /* 0x000fe200000000ff */
        /*15c0*/              @!P0 IMAD.MOV.U32 R5, RZ, RZ, -0x40 ;                          /* 0xffffffc0ff058424 */
                                                                                             /* 0x000fe400078e00ff */
        /*15d0*/                   BSYNC B2 ;                                                /* 0x0000000000027941 */
                                                                                             /* 0x000fea0003800000 */
        /*15e0*/                   UMOV UR4, 0x4a442e10 ;                                    /* 0x4a442e1000047882 */
                                                                                             /* 0x000fe20000000000 */
        /*15f0*/                   IADD3 R6, R6, -0x7f, RZ ;                                 /* 0xffffff8106067810 */
                                                                                             /* 0x000fe20007ffe0ff */
        /*1600*/                   UIADD3 UR4, UR4, -0xa800000, URZ ;                        /* 0xf580000004047890 */
                                                                                             /* 0x000fe2000fffe03f */
        /*1610*/                   BSSY B2, 0x1950 ;                                         /* 0x0000033000027945 */
                                                                                             /* 0x000fe40003800000 */
        /*1620*/                   IADD3 R5, R5, -0x15, R6 ;                                 /* 0xffffffeb05057810 */
                                                                                             /* 0x000fe20007ffe006 */
        /*1630*/                   IMAD R0, R6, -0x800000, R0 ;                              /* 0xff80000006007824 */
                                                                                             /* 0x000fe400078e0200 */
        /*1640*/                   FADD.FTZ R9, -RZ, -UR4 ;                                  /* 0x80000004ff097e21 */
                                                                                             /* 0x000fc60008010100 */
        /*1650*/                   MUFU.RCP R7, UR4 ;                                        /* 0x0000000400077d08 */
                                                                                             /* 0x000e240008001000 */
        /*1660*/                   FFMA R8, R7, R9, 1 ;                                      /* 0x3f80000007087423 */
                                                                                             /* 0x001fc80000000009 */
        /*1670*/                   FFMA R7, R7, R8, R7 ;                                     /* 0x0000000807077223 */
                                                                                             /* 0x000fc80000000007 */
        /*1680*/                   FFMA R8, R0, R7, RZ ;                                     /* 0x0000000700087223 */
                                                                                             /* 0x000fc800000000ff */
        /*1690*/                   FFMA R10, R9, R8, R0 ;                                    /* 0x00000008090a7223 */
                                                                                             /* 0x000fc80000000000 */
        /*16a0*/                   FFMA R10, R7, R10, R8 ;                                   /* 0x0000000a070a7223 */
                                                                                             /* 0x000fc80000000008 */
        /*16b0*/                   FFMA R9, R9, R10, R0 ;                                    /* 0x0000000a09097223 */
                                                                                             /* 0x000fc80000000000 */
        /*16c0*/                   FFMA R8, R7, R9, R10 ;                                    /* 0x0000000907087223 */
                                                                                             /* 0x000fca000000000a */
        /*16d0*/                   SHF.R.U32.HI R0, RZ, 0x17, R8 ;                           /* 0x00000017ff007819 */
                                                                                             /* 0x000fc80000011608 */
        /*16e0*/                   LOP3.LUT R0, R0, 0xff, RZ, 0xc0, !PT ;                    /* 0x000000ff00007812 */
                                                                                             /* 0x000fc800078ec0ff */
        /*16f0*/                   IADD3 R11, R0, R5, RZ ;                                   /* 0x00000005000b7210 */
                                                                                             /* 0x000fc80007ffe0ff */
        /*1700*/                   IADD3 R0, R11, -0x1, RZ ;                                 /* 0xffffffff0b007810 */
                                                                                             /* 0x000fc80007ffe0ff */
        /*1710*/                   ISETP.GE.U32.AND P0, PT, R0, 0xfe, PT ;                   /* 0x000000fe0000780c */
                                                                                             /* 0x000fda0003f06070 */
        /*1720*/              @!P0 BRA 0x1930 ;                                              /* 0x0000020000008947 */
                                                                                             /* 0x000fea0003800000 */
        /*1730*/                   ISETP.GT.AND P0, PT, R11, 0xfe, PT ;                      /* 0x000000fe0b00780c */
                                                                                             /* 0x000fda0003f04270 */
        /*1740*/               @P0 BRA 0x1900 ;                                              /* 0x000001b000000947 */
                                                                                             /* 0x000fea0003800000 */
        /*1750*/                   ISETP.GE.AND P0, PT, R11, 0x1, PT ;                       /* 0x000000010b00780c */
                                                                                             /* 0x000fda0003f06270 */
        /*1760*/               @P0 BRA 0x1940 ;                                              /* 0x000001d000000947 */
                                                                                             /* 0x000fea0003800000 */
        /*1770*/                   ISETP.GE.AND P0, PT, R11, -0x18, PT ;                     /* 0xffffffe80b00780c */
                                                                                             /* 0x000fe40003f06270 */
        /*1780*/                   LOP3.LUT R8, R8, 0x80000000, RZ, 0xc0, !PT ;              /* 0x8000000008087812 */
                                                                                             /* 0x000fd600078ec0ff */
        /*1790*/              @!P0 BRA 0x1940 ;                                              /* 0x000001a000008947 */
                                                                                             /* 0x000fea0003800000 */
        /*17a0*/                   FFMA.RZ R0, R7, R9.reuse, R10.reuse ;                     /* 0x0000000907007223 */
                                                                                             /* 0x180fe2000000c00a */
        /*17b0*/                   IADD3 R6, R11.reuse, 0x20, RZ ;                           /* 0x000000200b067810 */
                                                                                             /* 0x040fe40007ffe0ff */
        /*17c0*/                   ISETP.NE.AND P2, PT, R11, RZ, PT ;                        /* 0x000000ff0b00720c */
                                                                                             /* 0x000fe40003f45270 */
        /*17d0*/                   LOP3.LUT R5, R0, 0x7fffff, RZ, 0xc0, !PT ;                /* 0x007fffff00057812 */
                                                                                             /* 0x000fe200078ec0ff */
        /*17e0*/                   FFMA.RP R0, R7.reuse, R9.reuse, R10.reuse ;               /* 0x0000000907007223 */
                                                                                             /* 0x1c0fe2000000800a */
        /*17f0*/                   FFMA.RM R7, R7, R9, R10 ;                                 /* 0x0000000907077223 */
                                                                                             /* 0x000fe2000000400a */
        /*1800*/                   IMAD.MOV R9, RZ, RZ, -R11 ;                               /* 0x000000ffff097224 */
                                                                                             /* 0x000fe200078e0a0b */
        /*1810*/                   LOP3.LUT R5, R5, 0x800000, RZ, 0xfc, !PT ;                /* 0x0080000005057812 */
                                                                                             /* 0x000fe400078efcff */
        /*1820*/                   ISETP.NE.AND P1, PT, R11, RZ, PT ;                        /* 0x000000ff0b00720c */
                                                                                             /* 0x000fc40003f25270 */
        /*1830*/                   SHF.L.U32 R6, R5, R6, RZ ;                                /* 0x0000000605067219 */
                                                                                             /* 0x000fe400000006ff */
        /*1840*/                   FSETP.NEU.FTZ.AND P0, PT, R0, R7, PT ;                    /* 0x000000070000720b */
                                                                                             /* 0x000fe40003f1d000 */
        /*1850*/                   SEL R0, R9, RZ, P2 ;                                      /* 0x000000ff09007207 */
                                                                                             /* 0x000fe40001000000 */
        /*1860*/                   ISETP.NE.AND P1, PT, R6, RZ, P1 ;                         /* 0x000000ff0600720c */
                                                                                             /* 0x000fe40000f25270 */
        /*1870*/                   SHF.R.U32.HI R0, RZ, R0, R5 ;                             /* 0x00000000ff007219 */
                                                                                             /* 0x000fe40000011605 */
        /*1880*/                   PLOP3.LUT P0, PT, P0, P1, PT, 0xa8, 0x0 ;                 /* 0x000000000000781c */
                                                                                             /* 0x000fc40000703570 */
        /*1890*/                   SHF.R.U32.HI R6, RZ, 0x1, R0 ;                            /* 0x00000001ff067819 */
                                                                                             /* 0x000fe40000011600 */
        /*18a0*/                   SEL R5, RZ, 0x1, !P0 ;                                    /* 0x00000001ff057807 */
                                                                                             /* 0x000fc80004000000 */
        /*18b0*/                   LOP3.LUT R5, R5, 0x1, R6, 0xf8, !PT ;                     /* 0x0000000105057812 */
                                                                                             /* 0x000fc800078ef806 */
        /*18c0*/                   LOP3.LUT R5, R5, R0, RZ, 0xc0, !PT ;                      /* 0x0000000005057212 */
                                                                                             /* 0x000fc800078ec0ff */
        /*18d0*/                   IADD3 R5, R6, R5, RZ ;                                    /* 0x0000000506057210 */
                                                                                             /* 0x000fc80007ffe0ff */
        /*18e0*/                   LOP3.LUT R8, R5, R8, RZ, 0xfc, !PT ;                      /* 0x0000000805087212 */
                                                                                             /* 0x000fe200078efcff */
        /*18f0*/                   BRA 0x1940 ;                                              /* 0x0000004000007947 */
                                                                                             /* 0x000fea0003800000 */
        /*1900*/                   LOP3.LUT R8, R8, 0x80000000, RZ, 0xc0, !PT ;              /* 0x8000000008087812 */
                                                                                             /* 0x000fc800078ec0ff */
        /*1910*/                   LOP3.LUT R8, R8, 0x7f800000, RZ, 0xfc, !PT ;              /* 0x7f80000008087812 */
                                                                                             /* 0x000fe200078efcff */
        /*1920*/                   BRA 0x1940 ;                                              /* 0x0000001000007947 */
                                                                                             /* 0x000fea0003800000 */
        /*1930*/                   IMAD R8, R5, 0x800000, R8 ;                               /* 0x0080000005087824 */
                                                                                             /* 0x000fe400078e0208 */
        /*1940*/                   BSYNC B2 ;                                                /* 0x0000000000027941 */
                                                                                             /* 0x000fea0003800000 */
        /*1950*/                   BRA 0x19e0 ;                                              /* 0x0000008000007947 */
                                                                                             /* 0x000fea0003800000 */
        /*1960*/                   LOP3.LUT R0, R5, 0x80000000, R0, 0x48, !PT ;              /* 0x8000000005007812 */
                                                                                             /* 0x000fc800078e4800 */
        /*1970*/                   LOP3.LUT R8, R0, 0x7f800000, RZ, 0xfc, !PT ;              /* 0x7f80000000087812 */
                                                                                             /* 0x000fe200078efcff */
        /*1980*/                   BRA 0x19e0 ;                                              /* 0x0000005000007947 */
                                                                                             /* 0x000fea0003800000 */
        /*1990*/                   LOP3.LUT R8, R5, 0x80000000, R0, 0x48, !PT ;              /* 0x8000000005087812 */
                                                                                             /* 0x000fe200078e4800 */
        /*19a0*/                   BRA 0x19e0 ;                                              /* 0x0000003000007947 */
                                                                                             /* 0x000fea0003800000 */
        /*19b0*/                   MUFU.RSQ R8, -QNAN  ;                                     /* 0xffc0000000087908 */
                                                                                             /* 0x000e220000001400 */
        /*19c0*/                   BRA 0x19e0 ;                                              /* 0x0000001000007947 */
                                                                                             /* 0x000fea0003800000 */
        /*19d0*/                   FADD.FTZ R8, R0, 3214212 ;                                /* 0x4a442e1000087421 */
                                                                                             /* 0x000fe40000010000 */
        /*19e0*/                   BSYNC B0 ;                                                /* 0x0000000000007941 */
                                                                                             /* 0x000fea0003800000 */
        /*19f0*/                   MOV R5, 0x0 ;                                             /* 0x0000000000057802 */
                                                                                             /* 0x000fc80000000f00 */
        /*1a00*/                   RET.REL.NODEC R4 0x0 ;                                    /* 0xffffe5f004007950 */
                                                                                             /* 0x000fea0003c3ffff */
        /*1a10*/                   BRA 0x1a10;                                               /* 0xfffffff000007947 */
                                                                                             /* 0x000fc0000383ffff */
        /*1a20*/                   NOP;                                                      /* 0x0000000000007918 */
                                                                                             /* 0x000fc00000000000 */
        /*1a30*/                   NOP;                                                      /* 0x0000000000007918 */
                                                                                             /* 0x000fc00000000000 */
        /*1a40*/                   NOP;                                                      /* 0x0000000000007918 */
                                                                                             /* 0x000fc00000000000 */
        /*1a50*/                   NOP;                                                      /* 0x0000000000007918 */
                                                                                             /* 0x000fc00000000000 */
        /*1a60*/                   NOP;                                                      /* 0x0000000000007918 */
                                                                                             /* 0x000fc00000000000 */
        /*1a70*/                   NOP;                                                      /* 0x0000000000007918 */
                                                                                             /* 0x000fc00000000000 */
        /*1a80*/                   NOP;                                                      /* 0x0000000000007918 */
                                                                                             /* 0x000fc00000000000 */
        /*1a90*/                   NOP;                                                      /* 0x0000000000007918 */
                                                                                             /* 0x000fc00000000000 */
        /*1aa0*/                   NOP;                                                      /* 0x0000000000007918 */
                                                                                             /* 0x000fc00000000000 */
        /*1ab0*/                   NOP;                                                      /* 0x0000000000007918 */
                                                                                             /* 0x000fc00000000000 */
        /*1ac0*/                   NOP;                                                      /* 0x0000000000007918 */
                                                                                             /* 0x000fc00000000000 */
        /*1ad0*/                   NOP;                                                      /* 0x0000000000007918 */
                                                                                             /* 0x000fc00000000000 */
        /*1ae0*/                   NOP;                                                      /* 0x0000000000007918 */
                                                                                             /* 0x000fc00000000000 */
        /*1af0*/                   NOP;                                                      /* 0x0000000000007918 */
                                                                                             /* 0x000fc00000000000 */
		..........


