
	code for sm_86
		Function : _Z12atax_kernel2iiPfS_S___noalias
	.headerflags	@"EF_CUDA_TEXMODE_UNIFIED EF_CUDA_64BIT_ADDRESS EF_CUDA_SM86 EF_CUDA_VIRTUAL_SM(EF_CUDA_SM86)"
        /*0000*/                   MOV R1, c[0x0][0x28] ;                             /* 0x00000a0000017a02 */
                                                                                      /* 0x000fe40000000f00 */
        /*0010*/                   S2R R0, SR_CTAID.X ;                               /* 0x0000000000007919 */
                                                                                      /* 0x000e280000002500 */
        /*0020*/                   S2R R3, SR_TID.X ;                                 /* 0x0000000000037919 */
                                                                                      /* 0x000e240000002100 */
        /*0030*/                   IMAD R0, R0, c[0x0][0x0], R3 ;                     /* 0x0000000000007a24 */
                                                                                      /* 0x001fca00078e0203 */
        /*0040*/                   ISETP.GE.AND P0, PT, R0, c[0x0][0x164], PT ;       /* 0x0000590000007a0c */
                                                                                      /* 0x000fda0003f06270 */
        /*0050*/               @P0 EXIT ;                                             /* 0x000000000000094d */
                                                                                      /* 0x000fea0003800000 */
        /*0060*/                   IMAD.MOV.U32 R4, RZ, RZ, c[0x0][0x160] ;           /* 0x00005800ff047624 */
                                                                                      /* 0x000fe200078e00ff */
        /*0070*/                   MOV R11, 0x4 ;                                     /* 0x00000004000b7802 */
                                                                                      /* 0x000fe20000000f00 */
        /*0080*/                   ULDC.64 UR6, c[0x0][0x118] ;                       /* 0x0000460000067ab9 */
                                                                                      /* 0x000fc60000000a00 */
        /*0090*/                   ISETP.GE.AND P0, PT, R4, 0x1, PT ;                 /* 0x000000010400780c */
                                                                                      /* 0x000fe20003f06270 */
        /*00a0*/                   IMAD.WIDE R2, R0, R11, c[0x0][0x170] ;             /* 0x00005c0000027625 */
                                                                                      /* 0x000fca00078e020b */
        /*00b0*/                   STG.E [R2.64], RZ ;                                /* 0x000000ff02007986 */
                                                                                      /* 0x0001ee000c101906 */
        /*00c0*/              @!P0 EXIT ;                                             /* 0x000000000000894d */
                                                                                      /* 0x000fea0003800000 */
        /*00d0*/                   ISETP.GE.U32.AND P0, PT, R4.reuse, 0x4, PT ;       /* 0x000000040400780c */
                                                                                      /* 0x040fe40003f06070 */
        /*00e0*/                   LOP3.LUT R10, R4, 0x3, RZ, 0xc0, !PT ;             /* 0x00000003040a7812 */
                                                                                      /* 0x000fe400078ec0ff */
        /*00f0*/                   MOV R12, RZ ;                                      /* 0x000000ff000c7202 */
                                                                                      /* 0x000fc40000000f00 */
        /*0100*/                   MOV R25, RZ ;                                      /* 0x000000ff00197202 */
                                                                                      /* 0x000fce0000000f00 */
        /*0110*/              @!P0 BRA 0xad0 ;                                        /* 0x000009b000008947 */
                                                                                      /* 0x000fea0003800000 */
        /*0120*/                   LOP3.LUT R12, R4, 0x7ffffffc, RZ, 0xc0, !PT ;      /* 0x7ffffffc040c7812 */
                                                                                      /* 0x000fe200078ec0ff */
        /*0130*/                   ULDC.64 UR4, c[0x0][0x178] ;                       /* 0x00005e0000047ab9 */
                                                                                      /* 0x000fe20000000a00 */
        /*0140*/                   IMAD.MOV.U32 R14, RZ, RZ, R0 ;                     /* 0x000000ffff0e7224 */
                                                                                      /* 0x000fe200078e0000 */
        /*0150*/                   UIADD3 UR4, UP0, UR4, 0x8, URZ ;                   /* 0x0000000804047890 */
                                                                                      /* 0x000fe2000ff1e03f */
        /*0160*/                   ISETP.GT.U32.AND P0, PT, R12, RZ, PT ;             /* 0x000000ff0c00720c */
                                                                                      /* 0x000fc60003f04070 */
        /*0170*/                   UIADD3.X UR5, URZ, UR5, URZ, UP0, !UPT ;           /* 0x000000053f057290 */
                                                                                      /* 0x000fe400087fe43f */
        /*0180*/                   MOV R4, UR4 ;                                      /* 0x0000000400047c02 */
                                                                                      /* 0x000fc80008000f00 */
        /*0190*/                   MOV R5, UR5 ;                                      /* 0x0000000500057c02 */
                                                                                      /* 0x000fc80008000f00 */
        /*01a0*/              @!P0 IMAD.WIDE R6, R14, R11, c[0x0][0x168] ;            /* 0x00005a000e068625 */
                                                                                      /* 0x000fe200078e020b */
        /*01b0*/              @!P0 LDG.E.CONSTANT R9, [R4.64+-0x8] ;                  /* 0xfffff80604098981 */
                                                                                      /* 0x0002a8000c1e9900 */
        /*01c0*/              @!P0 LDG.E.CONSTANT R8, [R6.64] ;                       /* 0x0000000606088981 */
                                                                                      /* 0x000ea8000c1e9900 */
        /*01d0*/              @!P0 LDG.E.CONSTANT R16, [R6.64+0x4000] ;               /* 0x0040000606108981 */
                                                                                      /* 0x000ee8000c1e9900 */
        /*01e0*/              @!P0 LDG.E.CONSTANT R13, [R4.64+-0x4] ;                 /* 0xfffffc06040d8981 */
                                                                                      /* 0x0002e8000c1e9900 */
        /*01f0*/              @!P0 LDG.E.CONSTANT R18, [R6.64+0x8000] ;               /* 0x0080000606128981 */
                                                                                      /* 0x000f28000c1e9900 */
        /*0200*/              @!P0 LDG.E.CONSTANT R17, [R4.64] ;                      /* 0x0000000604118981 */
                                                                                      /* 0x000328000c1e9900 */
        /*0210*/              @!P0 LDG.E.CONSTANT R20, [R6.64+0xc000] ;               /* 0x00c0000606148981 */
                                                                                      /* 0x000f68000c1e9900 */
        /*0220*/              @!P0 LDG.E.CONSTANT R19, [R4.64+0x4] ;                  /* 0x0000040604138981 */
                                                                                      /* 0x000362000c1e9900 */
        /*0230*/                   IMAD.MOV.U32 R15, RZ, RZ, RZ ;                     /* 0x000000ffff0f7224 */
                                                                                      /* 0x000fe200078e00ff */
        /*0240*/                   MOV R25, RZ ;                                      /* 0x000000ff00197202 */
                                                                                      /* 0x000fc40000000f00 */
        /*0250*/              @!P0 MOV R15, 0x4 ;                                     /* 0x00000004000f8802 */
                                                                                      /* 0x000fe40000000f00 */
        /*0260*/              @!P0 IADD3 R21, P2, R4, 0x10, RZ ;                      /* 0x0000001004158810 */
                                                                                      /* 0x000fe40007f5e0ff */
        /*0270*/              @!P0 IADD3 R14, R14, 0x4000, RZ ;                       /* 0x000040000e0e8810 */
                                                                                      /* 0x000fe40007ffe0ff */
        /*0280*/              @!P0 MOV R4, R21 ;                                      /* 0x0000001500048202 */
                                                                                      /* 0x002fe20000000f00 */
        /*0290*/              @!P0 FFMA R9, R8, R9, R25 ;                             /* 0x0000000908098223 */
                                                                                      /* 0x004fe20000000019 */
        /*02a0*/                   IMAD.IADD R8, R12, 0x1, -R15 ;                     /* 0x000000010c087824 */
                                                                                      /* 0x000fca00078e0a0f */
        /*02b0*/                   ISETP.GT.AND P1, PT, R8, 0xc, PT ;                 /* 0x0000000c0800780c */
                                                                                      /* 0x000fe20003f24270 */
        /*02c0*/              @!P0 FFMA R9, R16, R13, R9 ;                            /* 0x0000000d10098223 */
                                                                                      /* 0x008fe20000000009 */
        /*02d0*/              @!P0 IADD3.X R8, RZ, R5, RZ, P2, !PT ;                  /* 0x00000005ff088210 */
                                                                                      /* 0x000fc600017fe4ff */
        /*02e0*/              @!P0 FFMA R9, R18, R17, R9 ;                            /* 0x0000001112098223 */
                                                                                      /* 0x010fe40000000009 */
        /*02f0*/              @!P0 IMAD.MOV.U32 R5, RZ, RZ, R8 ;                      /* 0x000000ffff058224 */
                                                                                      /* 0x000fe400078e0008 */
        /*0300*/              @!P0 FFMA R25, R20, R19, R9 ;                           /* 0x0000001314198223 */
                                                                                      /* 0x020fc80000000009 */
        /*0310*/              @!P1 BRA 0x710 ;                                        /* 0x000003f000009947 */
                                                                                      /* 0x000fea0003800000 */
        /*0320*/                   PLOP3.LUT P0, PT, PT, PT, PT, 0x8, 0x0 ;           /* 0x000000000000781c */
                                                                                      /* 0x000fe40003f0e170 */
        /*0330*/                   IADD3 R13, R12, -0xc, RZ ;                         /* 0xfffffff40c0d7810 */
                                                                                      /* 0x000fe40007ffe0ff */
        /*0340*/                   IMAD.WIDE R6, R14.reuse, R11, c[0x0][0x168] ;      /* 0x00005a000e067625 */
                                                                                      /* 0x040fe200078e020b */
        /*0350*/                   LDG.E.CONSTANT R30, [R4.64+-0x8] ;                 /* 0xfffff806041e7981 */
                                                                                      /* 0x000ea8000c1e9900 */
        /*0360*/                   LDG.E.CONSTANT R24, [R6.64] ;                      /* 0x0000000606187981 */
                                                                                      /* 0x0002a2000c1e9900 */
        /*0370*/                   IADD3 R8, R14, 0x4000, RZ ;                        /* 0x000040000e087810 */
                                                                                      /* 0x000fc60007ffe0ff */
        /*0380*/                   LDG.E.CONSTANT R26, [R4.64+-0x4] ;                 /* 0xfffffc06041a7981 */
                                                                                      /* 0x000ee8000c1e9900 */
        /*0390*/                   LDG.E.CONSTANT R27, [R6.64+0x4000] ;               /* 0x00400006061b7981 */
                                                                                      /* 0x0002e8000c1e9900 */
        /*03a0*/                   LDG.E.CONSTANT R28, [R4.64] ;                      /* 0x00000006041c7981 */
                                                                                      /* 0x000f28000c1e9900 */
        /*03b0*/                   LDG.E.CONSTANT R29, [R6.64+0x8000] ;               /* 0x00800006061d7981 */
                                                                                      /* 0x000322000c1e9900 */
        /*03c0*/                   IMAD.WIDE R8, R8, R11, c[0x0][0x168] ;             /* 0x00005a0008087625 */
                                                                                      /* 0x000fc600078e020b */
        /*03d0*/                   LDG.E.CONSTANT R31, [R6.64+0xc000] ;               /* 0x00c00006061f7981 */
                                                                                      /* 0x000368000c1e9900 */
        /*03e0*/                   LDG.E.CONSTANT R32, [R4.64+0x4] ;                  /* 0x0000040604207981 */
                                                                                      /* 0x000f68000c1e9900 */
        /*03f0*/                   LDG.E.CONSTANT R21, [R4.64+0x8] ;                  /* 0x0000080604157981 */
                                                                                      /* 0x000f68000c1e9900 */
        /*0400*/                   LDG.E.CONSTANT R20, [R8.64] ;                      /* 0x0000000608147981 */
                                                                                      /* 0x000162000c1e9900 */
        /*0410*/                   IADD3 R34, R14, 0x8000, RZ ;                       /* 0x000080000e227810 */
                                                                                      /* 0x000fc60007ffe0ff */
        /*0420*/                   LDG.E.CONSTANT R16, [R4.64+0xc] ;                  /* 0x00000c0604107981 */
                                                                                      /* 0x000f68000c1e9900 */
        /*0430*/                   LDG.E.CONSTANT R19, [R8.64+0x4000] ;               /* 0x0040000608137981 */
                                                                                      /* 0x000162000c1e9900 */
        /*0440*/                   IMAD.WIDE R6, R34, R11, c[0x0][0x168] ;            /* 0x00005a0022067625 */
                                                                                      /* 0x002fc600078e020b */
        /*0450*/                   LDG.E.CONSTANT R17, [R4.64+0x10] ;                 /* 0x0000100604117981 */
                                                                                      /* 0x000f68000c1e9900 */
        /*0460*/                   LDG.E.CONSTANT R18, [R8.64+0x8000] ;               /* 0x0080000608127981 */
                                                                                      /* 0x000168000c1e9900 */
        /*0470*/                   LDG.E.CONSTANT R22, [R8.64+0xc000] ;               /* 0x00c0000608167981 */
                                                                                      /* 0x000168000c1e9900 */
        /*0480*/                   LDG.E.CONSTANT R23, [R4.64+0x14] ;                 /* 0x0000140604177981 */
                                                                                      /* 0x000f62000c1e9900 */
        /*0490*/                   IADD3 R36, R14, 0xc000, RZ ;                       /* 0x0000c0000e247810 */
                                                                                      /* 0x000fc60007ffe0ff */
        /*04a0*/                   LDG.E.CONSTANT R35, [R4.64+0x34] ;                 /* 0x0000340604237981 */
                                                                                      /* 0x000364000c1e9900 */
        /*04b0*/                   IMAD.WIDE R8, R36, R11, c[0x0][0x168] ;            /* 0x00005a0024087625 */
                                                                                      /* 0x001fe400078e020b */
        /*04c0*/                   LDG.E.CONSTANT R36, [R4.64+0x2c] ;                 /* 0x00002c0604247981 */
                                                                                      /* 0x000362000c1e9900 */
        /*04d0*/                   FFMA R30, R24, R30, R25 ;                          /* 0x0000001e181e7223 */
                                                                                      /* 0x004fc60000000019 */
        /*04e0*/                   LDG.E.CONSTANT R25, [R4.64+0x18] ;                 /* 0x0000180604197981 */
                                                                                      /* 0x0002a8000c1e9900 */
        /*04f0*/                   LDG.E.CONSTANT R24, [R6.64] ;                      /* 0x0000000606187981 */
                                                                                      /* 0x0000a2000c1e9900 */
        /*0500*/                   FFMA R30, R27, R26, R30 ;                          /* 0x0000001a1b1e7223 */
                                                                                      /* 0x008fc6000000001e */
        /*0510*/                   LDG.E.CONSTANT R27, [R4.64+0x1c] ;                 /* 0x00001c06041b7981 */
                                                                                      /* 0x0002e8000c1e9900 */
        /*0520*/                   LDG.E.CONSTANT R26, [R6.64+0x4000] ;               /* 0x00400006061a7981 */
                                                                                      /* 0x0000e2000c1e9900 */
        /*0530*/                   FFMA R34, R29, R28, R30 ;                          /* 0x0000001c1d227223 */
                                                                                      /* 0x010fc6000000001e */
        /*0540*/                   LDG.E.CONSTANT R29, [R4.64+0x20] ;                 /* 0x00002006041d7981 */
                                                                                      /* 0x000328000c1e9900 */
        /*0550*/                   LDG.E.CONSTANT R28, [R6.64+0x8000] ;               /* 0x00800006061c7981 */
                                                                                      /* 0x000122000c1e9900 */
        /*0560*/                   FFMA R33, R31, R32, R34 ;                          /* 0x000000201f217223 */
                                                                                      /* 0x020fc60000000022 */
        /*0570*/                   LDG.E.CONSTANT R30, [R6.64+0xc000] ;               /* 0x00c00006061e7981 */
                                                                                      /* 0x000168000c1e9900 */
        /*0580*/                   LDG.E.CONSTANT R31, [R4.64+0x24] ;                 /* 0x00002406041f7981 */
                                                                                      /* 0x000362000c1e9900 */
        /*0590*/                   FFMA R37, R20, R21, R33 ;                          /* 0x0000001514257223 */
                                                                                      /* 0x000fc60000000021 */
        /*05a0*/                   LDG.E.CONSTANT R33, [R4.64+0x28] ;                 /* 0x0000280604217981 */
                                                                                      /* 0x000368000c1e9900 */
        /*05b0*/                   LDG.E.CONSTANT R32, [R8.64] ;                      /* 0x0000000608207981 */
                                                                                      /* 0x000f68000c1e9900 */
        /*05c0*/                   LDG.E.CONSTANT R21, [R8.64+0x4000] ;               /* 0x0040000608157981 */
                                                                                      /* 0x000f68000c1e9900 */
        /*05d0*/                   LDG.E.CONSTANT R20, [R8.64+0x8000] ;               /* 0x0080000608147981 */
                                                                                      /* 0x000f68000c1e9900 */
        /*05e0*/                   LDG.E.CONSTANT R7, [R4.64+0x30] ;                  /* 0x0000300604077981 */
                                                                                      /* 0x001368000c1e9900 */
        /*05f0*/                   LDG.E.CONSTANT R34, [R8.64+0xc000] ;               /* 0x00c0000608227981 */
                                                                                      /* 0x000f62000c1e9900 */
        /*0600*/                   FFMA R19, R19, R16, R37 ;                          /* 0x0000001013137223 */
                                                                                      /* 0x000fc80000000025 */
        /*0610*/                   FFMA R17, R18, R17, R19 ;                          /* 0x0000001112117223 */
                                                                                      /* 0x000fc80000000013 */
        /*0620*/                   FFMA R17, R22, R23, R17 ;                          /* 0x0000001716117223 */
                                                                                      /* 0x000fe20000000011 */
        /*0630*/                   IADD3 R15, R15, 0x10, RZ ;                         /* 0x000000100f0f7810 */
                                                                                      /* 0x000fc80007ffe0ff */
        /*0640*/                   ISETP.GE.AND P1, PT, R15, R13, PT ;                /* 0x0000000d0f00720c */
                                                                                      /* 0x000fe40003f26270 */
        /*0650*/                   IADD3 R4, P2, R4, 0x40, RZ ;                       /* 0x0000004004047810 */
                                                                                      /* 0x002fe40007f5e0ff */
        /*0660*/                   IADD3 R14, R14, 0x10000, RZ ;                      /* 0x000100000e0e7810 */
                                                                                      /* 0x000fe40007ffe0ff */
        /*0670*/                   IADD3.X R5, RZ, R5, RZ, P2, !PT ;                  /* 0x00000005ff057210 */
                                                                                      /* 0x000fe200017fe4ff */
        /*0680*/                   FFMA R17, R24, R25, R17 ;                          /* 0x0000001918117223 */
                                                                                      /* 0x004fc80000000011 */
        /*0690*/                   FFMA R17, R26, R27, R17 ;                          /* 0x0000001b1a117223 */
                                                                                      /* 0x008fc80000000011 */
        /*06a0*/                   FFMA R17, R28, R29, R17 ;                          /* 0x0000001d1c117223 */
                                                                                      /* 0x010fc80000000011 */
        /*06b0*/                   FFMA R17, R30, R31, R17 ;                          /* 0x0000001f1e117223 */
                                                                                      /* 0x020fc80000000011 */
        /*06c0*/                   FFMA R32, R32, R33, R17 ;                          /* 0x0000002120207223 */
                                                                                      /* 0x000fc80000000011 */
        /*06d0*/                   FFMA R21, R21, R36, R32 ;                          /* 0x0000002415157223 */
                                                                                      /* 0x000fc80000000020 */
        /*06e0*/                   FFMA R7, R20, R7, R21 ;                            /* 0x0000000714077223 */
                                                                                      /* 0x000fc80000000015 */
        /*06f0*/                   FFMA R25, R34, R35, R7 ;                           /* 0x0000002322197223 */
                                                                                      /* 0x000fe20000000007 */
        /*0700*/              @!P1 BRA 0x340 ;                                        /* 0xfffffc3000009947 */
                                                                                      /* 0x000fea000383ffff */
        /*0710*/                   IADD3 R6, R12, -R15, RZ ;                          /* 0x8000000f0c067210 */
                                                                                      /* 0x000fc80007ffe0ff */
        /*0720*/                   ISETP.GT.AND P1, PT, R6, 0x4, PT ;                 /* 0x000000040600780c */
                                                                                      /* 0x000fda0003f24270 */
        /*0730*/              @!P1 BRA 0x940 ;                                        /* 0x0000020000009947 */
                                                                                      /* 0x000fea0003800000 */
        /*0740*/                   IMAD.WIDE R8, R14.reuse, R11, c[0x0][0x168] ;      /* 0x00005a000e087625 */
                                                                                      /* 0x040fe200078e020b */
        /*0750*/                   LDG.E.CONSTANT R23, [R4.64+-0x8] ;                 /* 0xfffff80604177981 */
                                                                                      /* 0x0002a8000c1e9900 */
        /*0760*/                   LDG.E.CONSTANT R24, [R8.64] ;                      /* 0x0000000608187981 */
                                                                                      /* 0x000ea2000c1e9900 */
        /*0770*/                   IADD3 R6, R14, 0x4000, RZ ;                        /* 0x000040000e067810 */
                                                                                      /* 0x000fc60007ffe0ff */
        /*0780*/                   LDG.E.CONSTANT R27, [R4.64+-0x4] ;                 /* 0xfffffc06041b7981 */
                                                                                      /* 0x0002e8000c1e9900 */
        /*0790*/                   LDG.E.CONSTANT R26, [R8.64+0x4000] ;               /* 0x00400006081a7981 */
                                                                                      /* 0x000ee2000c1e9900 */
        /*07a0*/                   IMAD.WIDE R6, R6, R11, c[0x0][0x168] ;             /* 0x00005a0006067625 */
                                                                                      /* 0x000fc600078e020b */
        /*07b0*/                   LDG.E.CONSTANT R29, [R4.64] ;                      /* 0x00000006041d7981 */
                                                                                      /* 0x000328000c1e9900 */
        /*07c0*/                   LDG.E.CONSTANT R28, [R8.64+0x8000] ;               /* 0x00800006081c7981 */
                                                                                      /* 0x000f28000c1e9900 */
        /*07d0*/                   LDG.E.CONSTANT R30, [R8.64+0xc000] ;               /* 0x00c00006081e7981 */
                                                                                      /* 0x000f68000c1e9900 */
        /*07e0*/                   LDG.E.CONSTANT R31, [R4.64+0x4] ;                  /* 0x00000406041f7981 */
                                                                                      /* 0x000368000c1e9900 */
        /*07f0*/                   LDG.E.CONSTANT R16, [R4.64+0x8] ;                  /* 0x0000080604107981 */
                                                                                      /* 0x000368000c1e9900 */
        /*0800*/                   LDG.E.CONSTANT R13, [R6.64] ;                      /* 0x00000006060d7981 */
                                                                                      /* 0x000f68000c1e9900 */
        /*0810*/                   LDG.E.CONSTANT R17, [R4.64+0xc] ;                  /* 0x00000c0604117981 */
                                                                                      /* 0x000368000c1e9900 */
        /*0820*/                   LDG.E.CONSTANT R18, [R6.64+0x4000] ;               /* 0x0040000606127981 */
                                                                                      /* 0x000f68000c1e9900 */
        /*0830*/                   LDG.E.CONSTANT R19, [R4.64+0x10] ;                 /* 0x0000100604137981 */
                                                                                      /* 0x000368000c1e9900 */
        /*0840*/                   LDG.E.CONSTANT R20, [R6.64+0x8000] ;               /* 0x0080000606147981 */
                                                                                      /* 0x000f68000c1e9900 */
        /*0850*/                   LDG.E.CONSTANT R22, [R6.64+0xc000] ;               /* 0x00c0000606167981 */
                                                                                      /* 0x000f68000c1e9900 */
        /*0860*/                   LDG.E.CONSTANT R21, [R4.64+0x14] ;                 /* 0x0000140604157981 */
                                                                                      /* 0x000362000c1e9900 */
        /*0870*/                   PLOP3.LUT P0, PT, PT, PT, PT, 0x8, 0x0 ;           /* 0x000000000000781c */
                                                                                      /* 0x000fc40003f0e170 */
        /*0880*/                   IADD3 R15, R15, 0x8, RZ ;                          /* 0x000000080f0f7810 */
                                                                                      /* 0x000fe40007ffe0ff */
        /*0890*/                   IADD3 R14, R14, 0x8000, RZ ;                       /* 0x000080000e0e7810 */
                                                                                      /* 0x000fe40007ffe0ff */
        /*08a0*/                   IADD3 R4, P1, R4, 0x20, RZ ;                       /* 0x0000002004047810 */
                                                                                      /* 0x002fca0007f3e0ff */
        /*08b0*/                   IMAD.X R5, RZ, RZ, R5, P1 ;                        /* 0x000000ffff057224 */
                                                                                      /* 0x000fe200008e0605 */
        /*08c0*/                   FFMA R23, R24, R23, R25 ;                          /* 0x0000001718177223 */
                                                                                      /* 0x004fc80000000019 */
        /*08d0*/                   FFMA R23, R26, R27, R23 ;                          /* 0x0000001b1a177223 */
                                                                                      /* 0x008fc80000000017 */
        /*08e0*/                   FFMA R23, R28, R29, R23 ;                          /* 0x0000001d1c177223 */
                                                                                      /* 0x010fc80000000017 */
        /*08f0*/                   FFMA R30, R30, R31, R23 ;                          /* 0x0000001f1e1e7223 */
                                                                                      /* 0x020fc80000000017 */
        /*0900*/                   FFMA R13, R13, R16, R30 ;                          /* 0x000000100d0d7223 */
                                                                                      /* 0x000fc8000000001e */
        /*0910*/                   FFMA R13, R18, R17, R13 ;                          /* 0x00000011120d7223 */
                                                                                      /* 0x000fc8000000000d */
        /*0920*/                   FFMA R13, R20, R19, R13 ;                          /* 0x00000013140d7223 */
                                                                                      /* 0x000fc8000000000d */
        /*0930*/                   FFMA R25, R22, R21, R13 ;                          /* 0x0000001516197223 */
                                                                                      /* 0x000fe2000000000d */
        /*0940*/                   ISETP.NE.U32.OR P0, PT, R15, R12, P0 ;             /* 0x0000000c0f00720c */
                                                                                      /* 0x000fe40000705470 */
        /*0950*/                   ISETP.NE.U32.AND P1, PT, R10, RZ, PT ;             /* 0x000000ff0a00720c */
                                                                                      /* 0x000fd60003f25070 */
        /*0960*/              @!P0 BRA 0xac0 ;                                        /* 0x0000015000008947 */
                                                                                      /* 0x000fea0003800000 */
        /*0970*/                   IMAD.WIDE R6, R14, R11, c[0x0][0x168] ;            /* 0x00005a000e067625 */
                                                                                      /* 0x000fe200078e020b */
        /*0980*/                   LDG.E.CONSTANT R9, [R4.64+-0x8] ;                  /* 0xfffff80604097981 */
                                                                                      /* 0x000ea8000c1e9900 */
        /*0990*/                   LDG.E.CONSTANT R8, [R6.64] ;                       /* 0x0000000606087981 */
                                                                                      /* 0x000ea8000c1e9900 */
        /*09a0*/                   LDG.E.CONSTANT R16, [R4.64+-0x4] ;                 /* 0xfffffc0604107981 */
                                                                                      /* 0x000ee8000c1e9900 */
        /*09b0*/                   LDG.E.CONSTANT R13, [R6.64+0x4000] ;               /* 0x00400006060d7981 */
                                                                                      /* 0x000ee8000c1e9900 */
        /*09c0*/                   LDG.E.CONSTANT R17, [R4.64] ;                      /* 0x0000000604117981 */
                                                                                      /* 0x000328000c1e9900 */
        /*09d0*/                   LDG.E.CONSTANT R18, [R6.64+0x8000] ;               /* 0x0080000606127981 */
                                                                                      /* 0x000f28000c1e9900 */
        /*09e0*/                   LDG.E.CONSTANT R20, [R6.64+0xc000] ;               /* 0x00c0000606147981 */
                                                                                      /* 0x000f68000c1e9900 */
        /*09f0*/                   LDG.E.CONSTANT R19, [R4.64+0x4] ;                  /* 0x0000040604137981 */
                                                                                      /* 0x000362000c1e9900 */
        /*0a00*/                   IADD3 R15, R15, 0x4, RZ ;                          /* 0x000000040f0f7810 */
                                                                                      /* 0x000fc40007ffe0ff */
        /*0a10*/                   IADD3 R14, R14, 0x4000, RZ ;                       /* 0x000040000e0e7810 */
                                                                                      /* 0x000fe40007ffe0ff */
        /*0a20*/                   ISETP.NE.U32.AND P0, PT, R12, R15, PT ;            /* 0x0000000f0c00720c */
                                                                                      /* 0x000fe20003f05070 */
        /*0a30*/                   FFMA R8, R8, R9, R25 ;                             /* 0x0000000908087223 */
                                                                                      /* 0x004fc80000000019 */
        /*0a40*/                   FFMA R13, R13, R16, R8 ;                           /* 0x000000100d0d7223 */
                                                                                      /* 0x008fe20000000008 */
        /*0a50*/                   IADD3 R8, P2, R4, 0x10, RZ ;                       /* 0x0000001004087810 */
                                                                                      /* 0x000fc80007f5e0ff */
        /*0a60*/                   IADD3.X R9, RZ, R5, RZ, P2, !PT ;                  /* 0x00000005ff097210 */
                                                                                      /* 0x000fe400017fe4ff */
        /*0a70*/                   MOV R4, R8 ;                                       /* 0x0000000800047202 */
                                                                                      /* 0x002fe20000000f00 */
        /*0a80*/                   FFMA R13, R18, R17, R13 ;                          /* 0x00000011120d7223 */
                                                                                      /* 0x010fe4000000000d */
        /*0a90*/                   IMAD.MOV.U32 R5, RZ, RZ, R9 ;                      /* 0x000000ffff057224 */
                                                                                      /* 0x000fe400078e0009 */
        /*0aa0*/                   FFMA R25, R20, R19, R13 ;                          /* 0x0000001314197223 */
                                                                                      /* 0x020fe2000000000d */
        /*0ab0*/               @P0 BRA 0x970 ;                                        /* 0xfffffeb000000947 */
                                                                                      /* 0x000fea000383ffff */
        /*0ac0*/              @!P1 BRA 0xbd0 ;                                        /* 0x0000010000009947 */
                                                                                      /* 0x000fea0003800000 */
        /*0ad0*/                   IMAD.WIDE.U32 R4, R12.reuse, R11, c[0x0][0x178] ;  /* 0x00005e000c047625 */
                                                                                      /* 0x040fe200078e000b */
        /*0ae0*/                   LEA R0, R12, R0, 0xc ;                             /* 0x000000000c007211 */
                                                                                      /* 0x000fc600078e60ff */
        /*0af0*/                   IMAD.MOV.U32 R9, RZ, RZ, R5 ;                      /* 0x000000ffff097224 */
                                                                                      /* 0x000fe200078e0005 */
        /*0b00*/                   MOV R8, R4 ;                                       /* 0x0000000400087202 */
                                                                                      /* 0x000fc60000000f00 */
        /*0b10*/                   IMAD.WIDE R4, R0, R11, c[0x0][0x168] ;             /* 0x00005a0000047625 */
                                                                                      /* 0x000fe200078e020b */
        /*0b20*/                   MOV R6, R8 ;                                       /* 0x0000000800067202 */
                                                                                      /* 0x000fe40000000f00 */
        /*0b30*/                   MOV R7, R9 ;                                       /* 0x0000000900077202 */
                                                                                      /* 0x000fc60000000f00 */
        /*0b40*/                   LDG.E.CONSTANT R4, [R4.64] ;                       /* 0x0000000604047981 */
                                                                                      /* 0x000ea8000c1e9900 */
        /*0b50*/                   LDG.E.CONSTANT R6, [R6.64] ;                       /* 0x0000000606067981 */
                                                                                      /* 0x000ea2000c1e9900 */
        /*0b60*/                   IADD3 R10, R10, -0x1, RZ ;                         /* 0xffffffff0a0a7810 */
                                                                                      /* 0x000fe40007ffe0ff */
        /*0b70*/                   IADD3 R8, P1, R8, 0x4, RZ ;                        /* 0x0000000408087810 */
                                                                                      /* 0x000fe40007f3e0ff */
        /*0b80*/                   ISETP.NE.U32.AND P0, PT, R10, RZ, PT ;             /* 0x000000ff0a00720c */
                                                                                      /* 0x000fe40003f05070 */
        /*0b90*/                   IADD3 R0, R0, 0x1000, RZ ;                         /* 0x0000100000007810 */
                                                                                      /* 0x000fc40007ffe0ff */
        /*0ba0*/                   IADD3.X R9, RZ, R9, RZ, P1, !PT ;                  /* 0x00000009ff097210 */
                                                                                      /* 0x000fe20000ffe4ff */
        /*0bb0*/                   FFMA R25, R4, R6, R25 ;                            /* 0x0000000604197223 */
                                                                                      /* 0x004fd00000000019 */
        /*0bc0*/               @P0 BRA 0xb10 ;                                        /* 0xffffff4000000947 */
                                                                                      /* 0x000fea000383ffff */
        /*0bd0*/                   STG.E [R2.64], R25 ;                               /* 0x0000001902007986 */
                                                                                      /* 0x000fe2000c101906 */
        /*0be0*/                   EXIT ;                                             /* 0x000000000000794d */
                                                                                      /* 0x000fea0003800000 */
        /*0bf0*/                   BRA 0xbf0;                                         /* 0xfffffff000007947 */
                                                                                      /* 0x000fc0000383ffff */
        /*0c00*/                   NOP;                                               /* 0x0000000000007918 */
                                                                                      /* 0x000fc00000000000 */
        /*0c10*/                   NOP;                                               /* 0x0000000000007918 */
                                                                                      /* 0x000fc00000000000 */
        /*0c20*/                   NOP;                                               /* 0x0000000000007918 */
                                                                                      /* 0x000fc00000000000 */
        /*0c30*/                   NOP;                                               /* 0x0000000000007918 */
                                                                                      /* 0x000fc00000000000 */
        /*0c40*/                   NOP;                                               /* 0x0000000000007918 */
                                                                                      /* 0x000fc00000000000 */
        /*0c50*/                   NOP;                                               /* 0x0000000000007918 */
                                                                                      /* 0x000fc00000000000 */
        /*0c60*/                   NOP;                                               /* 0x0000000000007918 */
                                                                                      /* 0x000fc00000000000 */
        /*0c70*/                   NOP;                                               /* 0x0000000000007918 */
                                                                                      /* 0x000fc00000000000 */
		..........


		Function : _Z12atax_kernel2iiPfS_S_
	.headerflags	@"EF_CUDA_TEXMODE_UNIFIED EF_CUDA_64BIT_ADDRESS EF_CUDA_SM86 EF_CUDA_VIRTUAL_SM(EF_CUDA_SM86)"
        /*0000*/                   MOV R1, c[0x0][0x28] ;                             /* 0x00000a0000017a02 */
                                                                                      /* 0x000fe40000000f00 */
        /*0010*/                   S2R R7, SR_CTAID.X ;                               /* 0x0000000000077919 */
                                                                                      /* 0x000e280000002500 */
        /*0020*/                   S2R R0, SR_TID.X ;                                 /* 0x0000000000007919 */
                                                                                      /* 0x000e240000002100 */
        /*0030*/                   IMAD R7, R7, c[0x0][0x0], R0 ;                     /* 0x0000000007077a24 */
                                                                                      /* 0x001fca00078e0200 */
        /*0040*/                   ISETP.GE.AND P0, PT, R7, c[0x0][0x164], PT ;       /* 0x0000590007007a0c */
                                                                                      /* 0x000fda0003f06270 */
        /*0050*/               @P0 EXIT ;                                             /* 0x000000000000094d */
                                                                                      /* 0x000fea0003800000 */
        /*0060*/                   IMAD.MOV.U32 R4, RZ, RZ, c[0x0][0x160] ;           /* 0x00005800ff047624 */
                                                                                      /* 0x000fe200078e00ff */
        /*0070*/                   MOV R0, 0x4 ;                                      /* 0x0000000400007802 */
                                                                                      /* 0x000fe20000000f00 */
        /*0080*/                   ULDC.64 UR8, c[0x0][0x118] ;                       /* 0x0000460000087ab9 */
                                                                                      /* 0x000fc60000000a00 */
        /*0090*/                   ISETP.GE.AND P0, PT, R4, 0x1, PT ;                 /* 0x000000010400780c */
                                                                                      /* 0x000fe20003f06270 */
        /*00a0*/                   IMAD.WIDE R2, R7, R0, c[0x0][0x170] ;              /* 0x00005c0007027625 */
                                                                                      /* 0x000fca00078e0200 */
        /*00b0*/                   STG.E [R2.64], RZ ;                                /* 0x000000ff02007986 */
                                                                                      /* 0x0001ee000c101908 */
        /*00c0*/              @!P0 EXIT ;                                             /* 0x000000000000894d */
                                                                                      /* 0x000fea0003800000 */
        /*00d0*/                   ISETP.GE.U32.AND P0, PT, R4.reuse, 0x4, PT ;       /* 0x000000040400780c */
                                                                                      /* 0x040fe40003f06070 */
        /*00e0*/                   LOP3.LUT R6, R4, 0x3, RZ, 0xc0, !PT ;              /* 0x0000000304067812 */
                                                                                      /* 0x000fe400078ec0ff */
        /*00f0*/                   MOV R8, RZ ;                                       /* 0x000000ff00087202 */
                                                                                      /* 0x000fc40000000f00 */
        /*0100*/                   MOV R15, RZ ;                                      /* 0x000000ff000f7202 */
                                                                                      /* 0x000fce0000000f00 */
        /*0110*/              @!P0 BRA 0xd40 ;                                        /* 0x00000c2000008947 */
                                                                                      /* 0x000fea0003800000 */
        /*0120*/                   LOP3.LUT R8, R4, 0x7ffffffc, RZ, 0xc0, !PT ;       /* 0x7ffffffc04087812 */
                                                                                      /* 0x000fe200078ec0ff */
        /*0130*/                   ULDC.64 UR6, c[0x0][0x178] ;                       /* 0x00005e0000067ab9 */
                                                                                      /* 0x000fe20000000a00 */
        /*0140*/                   PLOP3.LUT P0, PT, PT, PT, PT, 0x80, 0x0 ;          /* 0x000000000000781c */
                                                                                      /* 0x000fe20003f0f070 */
        /*0150*/                   UIADD3 UR6, UP0, UR6, 0x8, URZ ;                   /* 0x0000000806067890 */
                                                                                      /* 0x000fe2000ff1e03f */
        /*0160*/                   ISETP.GT.U32.AND P1, PT, R8, RZ, PT ;              /* 0x000000ff0800720c */
                                                                                      /* 0x000fe20003f24070 */
        /*0170*/                   UMOV UR4, URZ ;                                    /* 0x0000003f00047c82 */
                                                                                      /* 0x000fe20008000000 */
        /*0180*/                   IMAD.MOV.U32 R15, RZ, RZ, RZ ;                     /* 0x000000ffff0f7224 */
                                                                                      /* 0x000fe200078e00ff */
        /*0190*/                   UIADD3.X UR7, URZ, UR7, URZ, UP0, !UPT ;           /* 0x000000073f077290 */
                                                                                      /* 0x000fe200087fe43f */
        /*01a0*/                   MOV R9, R7 ;                                       /* 0x0000000700097202 */
                                                                                      /* 0x000fe40000000f00 */
        /*01b0*/                   MOV R4, UR6 ;                                      /* 0x0000000600047c02 */
                                                                                      /* 0x000fc60008000f00 */
        /*01c0*/                   IMAD.U32 R5, RZ, RZ, UR7 ;                         /* 0x00000007ff057e24 */
                                                                                      /* 0x000fc8000f8e00ff */
        /*01d0*/               @P1 BRA 0x360 ;                                        /* 0x0000018000001947 */
                                                                                      /* 0x000fea0003800000 */
        /*01e0*/                   IMAD.WIDE R10, R9, R0, c[0x0][0x168] ;             /* 0x00005a00090a7625 */
                                                                                      /* 0x000fe200078e0200 */
        /*01f0*/                   LDG.E R13, [R4.64+-0x8] ;                          /* 0xfffff808040d7981 */
                                                                                      /* 0x000ea8000c1e1900 */
        /*0200*/                   LDG.E R12, [R10.64] ;                              /* 0x000000080a0c7981 */
                                                                                      /* 0x000ea4000c1e1900 */
        /*0210*/                   FFMA R13, R12, R13, R15 ;                          /* 0x0000000d0c0d7223 */
                                                                                      /* 0x004fca000000000f */
        /*0220*/                   STG.E [R2.64], R13 ;                               /* 0x0000000d02007986 */
                                                                                      /* 0x0003e8000c101908 */
        /*0230*/                   LDG.E R12, [R10.64+0x4000] ;                       /* 0x004000080a0c7981 */
                                                                                      /* 0x000ea8000c1e1900 */
        /*0240*/                   LDG.E R14, [R4.64+-0x4] ;                          /* 0xfffffc08040e7981 */
                                                                                      /* 0x000ea4000c1e1900 */
        /*0250*/                   FFMA R17, R12, R14, R13 ;                          /* 0x0000000e0c117223 */
                                                                                      /* 0x004fca000000000d */
        /*0260*/                   STG.E [R2.64], R17 ;                               /* 0x0000001102007986 */
                                                                                      /* 0x0005e8000c101908 */
        /*0270*/                   LDG.E R12, [R10.64+0x8000] ;                       /* 0x008000080a0c7981 */
                                                                                      /* 0x000ee8000c1e1900 */
        /*0280*/                   LDG.E R14, [R4.64] ;                               /* 0x00000008040e7981 */
                                                                                      /* 0x000ee4000c1e1900 */
        /*0290*/                   FFMA R19, R12, R14, R17 ;                          /* 0x0000000e0c137223 */
                                                                                      /* 0x008fca0000000011 */
        /*02a0*/                   STG.E [R2.64], R19 ;                               /* 0x0000001302007986 */
                                                                                      /* 0x0005e8000c101908 */
        /*02b0*/                   LDG.E R12, [R10.64+0xc000] ;                       /* 0x00c000080a0c7981 */
                                                                                      /* 0x000ee8000c1e1900 */
        /*02c0*/                   LDG.E R15, [R4.64+0x4] ;                           /* 0x00000408040f7981 */
                                                                                      /* 0x000ee2000c1e1900 */
        /*02d0*/                   PLOP3.LUT P0, PT, PT, PT, PT, 0x8, 0x0 ;           /* 0x000000000000781c */
                                                                                      /* 0x000fe20003f0e170 */
        /*02e0*/                   UMOV UR4, 0x4 ;                                    /* 0x0000000400047882 */
                                                                                      /* 0x000fe20000000000 */
        /*02f0*/                   IADD3 R9, R9, 0x4000, RZ ;                         /* 0x0000400009097810 */
                                                                                      /* 0x000fe20007ffe0ff */
        /*0300*/                   FFMA R15, R12, R15, R19 ;                          /* 0x0000000f0c0f7223 */
                                                                                      /* 0x008fe20000000013 */
        /*0310*/                   IADD3 R12, P1, R4, 0x10, RZ ;                      /* 0x00000010040c7810 */
                                                                                      /* 0x000fc80007f3e0ff */
        /*0320*/                   STG.E [R2.64], R15 ;                               /* 0x0000000f02007986 */
                                                                                      /* 0x0005e2000c101908 */
        /*0330*/                   IADD3.X R13, RZ, R5, RZ, P1, !PT ;                 /* 0x00000005ff0d7210 */
                                                                                      /* 0x002fe40000ffe4ff */
        /*0340*/                   MOV R4, R12 ;                                      /* 0x0000000c00047202 */
                                                                                      /* 0x000fc60000000f00 */
        /*0350*/                   IMAD.MOV.U32 R5, RZ, RZ, R13 ;                     /* 0x000000ffff057224 */
                                                                                      /* 0x000fe400078e000d */
        /*0360*/                   IADD3 R10, R8, -UR4, RZ ;                          /* 0x80000004080a7c10 */
                                                                                      /* 0x000fc8000fffe0ff */
        /*0370*/                   ISETP.GT.AND P1, PT, R10, 0xc, PT ;                /* 0x0000000c0a00780c */
                                                                                      /* 0x000fda0003f24270 */
        /*0380*/              @!P1 BRA 0x8a0 ;                                        /* 0x0000051000009947 */
                                                                                      /* 0x000fea0003800000 */
        /*0390*/                   PLOP3.LUT P0, PT, PT, PT, PT, 0x8, 0x0 ;           /* 0x000000000000781c */
                                                                                      /* 0x000fe40003f0e170 */
        /*03a0*/                   IADD3 R16, R8, -0xc, RZ ;                          /* 0xfffffff408107810 */
                                                                                      /* 0x000fe40007ffe0ff */
        /*03b0*/                   IMAD.WIDE R10, R9, R0, c[0x0][0x168] ;             /* 0x00005a00090a7625 */
                                                                                      /* 0x000fe200078e0200 */
        /*03c0*/                   LDG.E R13, [R4.64+-0x8] ;                          /* 0xfffff808040d7981 */
                                                                                      /* 0x000ee8000c1e1900 */
        /*03d0*/                   LDG.E R12, [R10.64] ;                              /* 0x000000080a0c7981 */
                                                                                      /* 0x000ee4000c1e1900 */
        /*03e0*/                   FFMA R13, R12, R13, R15 ;                          /* 0x0000000d0c0d7223 */
                                                                                      /* 0x008fca000000000f */
        /*03f0*/                   STG.E [R2.64], R13 ;                               /* 0x0000000d02007986 */
                                                                                      /* 0x0003e8000c101908 */
        /*0400*/                   LDG.E R12, [R10.64+0x4000] ;                       /* 0x004000080a0c7981 */
                                                                                      /* 0x000ee8000c1e1900 */
        /*0410*/                   LDG.E R14, [R4.64+-0x4] ;                          /* 0xfffffc08040e7981 */
                                                                                      /* 0x000ee4000c1e1900 */
        /*0420*/                   FFMA R15, R12, R14, R13 ;                          /* 0x0000000e0c0f7223 */
                                                                                      /* 0x00cfca000000000d */
        /*0430*/                   STG.E [R2.64], R15 ;                               /* 0x0000000f02007986 */
                                                                                      /* 0x0005e8000c101908 */
        /*0440*/                   LDG.E R12, [R10.64+0x8000] ;                       /* 0x008000080a0c7981 */
                                                                                      /* 0x000ee8000c1e1900 */
        /*0450*/                   LDG.E R14, [R4.64] ;                               /* 0x00000008040e7981 */
                                                                                      /* 0x000ee4000c1e1900 */
        /*0460*/                   FFMA R17, R12, R14, R15 ;                          /* 0x0000000e0c117223 */
                                                                                      /* 0x008fca000000000f */
        /*0470*/                   STG.E [R2.64], R17 ;                               /* 0x0000001102007986 */
                                                                                      /* 0x0007e8000c101908 */
        /*0480*/                   LDG.E R12, [R10.64+0xc000] ;                       /* 0x00c000080a0c7981 */
                                                                                      /* 0x000f28000c1e1900 */
        /*0490*/                   LDG.E R14, [R4.64+0x4] ;                           /* 0x00000408040e7981 */
                                                                                      /* 0x000f22000c1e1900 */
        /*04a0*/                   IADD3 R13, R9, 0x4000, RZ ;                        /* 0x00004000090d7810 */
                                                                                      /* 0x002fe20007ffe0ff */
        /*04b0*/                   FFMA R19, R12, R14, R17 ;                          /* 0x0000000e0c137223 */
                                                                                      /* 0x010fc80000000011 */
        /*04c0*/                   IMAD.WIDE R12, R13, R0, c[0x0][0x168] ;            /* 0x00005a000d0c7625 */
                                                                                      /* 0x000fe200078e0200 */
        /*04d0*/                   STG.E [R2.64], R19 ;                               /* 0x0000001302007986 */
                                                                                      /* 0x0003e8000c101908 */
        /*04e0*/                   LDG.E R15, [R4.64+0x8] ;                           /* 0x00000808040f7981 */
                                                                                      /* 0x004ea8000c1e1900 */
        /*04f0*/                   LDG.E R14, [R12.64] ;                              /* 0x000000080c0e7981 */
                                                                                      /* 0x000ea4000c1e1900 */
        /*0500*/                   FFMA R15, R14, R15, R19 ;                          /* 0x0000000f0e0f7223 */
                                                                                      /* 0x004fca0000000013 */
        /*0510*/                   STG.E [R2.64], R15 ;                               /* 0x0000000f02007986 */
                                                                                      /* 0x0005e8000c101908 */
        /*0520*/                   LDG.E R14, [R12.64+0x4000] ;                       /* 0x004000080c0e7981 */
                                                                                      /* 0x000ee8000c1e1900 */
        /*0530*/                   LDG.E R10, [R4.64+0xc] ;                           /* 0x00000c08040a7981 */
                                                                                      /* 0x000ee4000c1e1900 */
        /*0540*/                   FFMA R17, R14, R10, R15 ;                          /* 0x0000000a0e117223 */
                                                                                      /* 0x008fca000000000f */
        /*0550*/                   STG.E [R2.64], R17 ;                               /* 0x0000001102007986 */
                                                                                      /* 0x0007e8000c101908 */
        /*0560*/                   LDG.E R10, [R12.64+0x8000] ;                       /* 0x008000080c0a7981 */
                                                                                      /* 0x000e68000c1e1900 */
        /*0570*/                   LDG.E R11, [R4.64+0x10] ;                          /* 0x00001008040b7981 */
                                                                                      /* 0x000e64000c1e1900 */
        /*0580*/                   FFMA R19, R10, R11, R17 ;                          /* 0x0000000b0a137223 */
                                                                                      /* 0x002fca0000000011 */
        /*0590*/                   STG.E [R2.64], R19 ;                               /* 0x0000001302007986 */
                                                                                      /* 0x0003e8000c101908 */
        /*05a0*/                   LDG.E R10, [R12.64+0xc000] ;                       /* 0x00c000080c0a7981 */
                                                                                      /* 0x000ea8000c1e1900 */
        /*05b0*/                   LDG.E R11, [R4.64+0x14] ;                          /* 0x00001408040b7981 */
                                                                                      /* 0x000ea2000c1e1900 */
        /*05c0*/                   IADD3 R21, R9, 0x8000, RZ ;                        /* 0x0000800009157810 */
                                                                                      /* 0x000fe20007ffe0ff */
        /*05d0*/                   FFMA R15, R10, R11, R19 ;                          /* 0x0000000b0a0f7223 */
                                                                                      /* 0x004fc80000000013 */
        /*05e0*/                   IMAD.WIDE R10, R21, R0, c[0x0][0x168] ;            /* 0x00005a00150a7625 */
                                                                                      /* 0x000fe200078e0200 */
        /*05f0*/                   STG.E [R2.64], R15 ;                               /* 0x0000000f02007986 */
                                                                                      /* 0x0005e8000c101908 */
        /*0600*/                   LDG.E R17, [R4.64+0x18] ;                          /* 0x0000180804117981 */
                                                                                      /* 0x008ee8000c1e1900 */
        /*0610*/                   LDG.E R14, [R10.64] ;                              /* 0x000000080a0e7981 */
                                                                                      /* 0x000ee4000c1e1900 */
        /*0620*/                   FFMA R17, R14, R17, R15 ;                          /* 0x000000110e117223 */
                                                                                      /* 0x008fca000000000f */
        /*0630*/                   STG.E [R2.64], R17 ;                               /* 0x0000001102007986 */
                                                                                      /* 0x0007e8000c101908 */
        /*0640*/                   LDG.E R14, [R10.64+0x4000] ;                       /* 0x004000080a0e7981 */
                                                                                      /* 0x000e68000c1e1900 */
        /*0650*/                   LDG.E R12, [R4.64+0x1c] ;                          /* 0x00001c08040c7981 */
                                                                                      /* 0x000e64000c1e1900 */
        /*0660*/                   FFMA R19, R14, R12, R17 ;                          /* 0x0000000c0e137223 */
                                                                                      /* 0x002fca0000000011 */
        /*0670*/                   STG.E [R2.64], R19 ;                               /* 0x0000001302007986 */
                                                                                      /* 0x0003e8000c101908 */
        /*0680*/                   LDG.E R12, [R10.64+0x8000] ;                       /* 0x008000080a0c7981 */
                                                                                      /* 0x000ea8000c1e1900 */
        /*0690*/                   LDG.E R13, [R4.64+0x20] ;                          /* 0x00002008040d7981 */
                                                                                      /* 0x000ea4000c1e1900 */
        /*06a0*/                   FFMA R15, R12, R13, R19 ;                          /* 0x0000000d0c0f7223 */
                                                                                      /* 0x004fca0000000013 */
        /*06b0*/                   STG.E [R2.64], R15 ;                               /* 0x0000000f02007986 */
                                                                                      /* 0x000fe8000c101908 */
        /*06c0*/                   LDG.E R12, [R10.64+0xc000] ;                       /* 0x00c000080a0c7981 */
                                                                                      /* 0x000ee8000c1e1900 */
        /*06d0*/                   LDG.E R13, [R4.64+0x24] ;                          /* 0x00002408040d7981 */
                                                                                      /* 0x000ee2000c1e1900 */
        /*06e0*/                   IADD3 R21, R9, 0xc000, RZ ;                        /* 0x0000c00009157810 */
                                                                                      /* 0x000fe20007ffe0ff */
        /*06f0*/                   FFMA R17, R12, R13, R15 ;                          /* 0x0000000d0c117223 */
                                                                                      /* 0x008fc8000000000f */
        /*0700*/                   IMAD.WIDE R12, R21, R0, c[0x0][0x168] ;            /* 0x00005a00150c7625 */
                                                                                      /* 0x000fe200078e0200 */
        /*0710*/                   STG.E [R2.64], R17 ;                               /* 0x0000001102007986 */
                                                                                      /* 0x0005e8000c101908 */
        /*0720*/                   LDG.E R18, [R4.64+0x28] ;                          /* 0x0000280804127981 */
                                                                                      /* 0x000e68000c1e1900 */
        /*0730*/                   LDG.E R14, [R12.64] ;                              /* 0x000000080c0e7981 */
                                                                                      /* 0x000e64000c1e1900 */
        /*0740*/                   FFMA R19, R14, R18, R17 ;                          /* 0x000000120e137223 */
                                                                                      /* 0x002fca0000000011 */
        /*0750*/                   STG.E [R2.64], R19 ;                               /* 0x0000001302007986 */
                                                                                      /* 0x000fe8000c101908 */
        /*0760*/                   LDG.E R14, [R12.64+0x4000] ;                       /* 0x004000080c0e7981 */
                                                                                      /* 0x000ee8000c1e1900 */
        /*0770*/                   LDG.E R10, [R4.64+0x2c] ;                          /* 0x00002c08040a7981 */
                                                                                      /* 0x000ee4000c1e1900 */
        /*0780*/                   FFMA R11, R14, R10, R19 ;                          /* 0x0000000a0e0b7223 */
                                                                                      /* 0x008fca0000000013 */
        /*0790*/                   STG.E [R2.64], R11 ;                               /* 0x0000000b02007986 */
                                                                                      /* 0x0003e8000c101908 */
        /*07a0*/                   LDG.E R10, [R12.64+0x8000] ;                       /* 0x008000080c0a7981 */
                                                                                      /* 0x000ea8000c1e1900 */
        /*07b0*/                   LDG.E R14, [R4.64+0x30] ;                          /* 0x00003008040e7981 */
                                                                                      /* 0x000ea2000c1e1900 */
        /*07c0*/                   UIADD3 UR4, UR4, 0x10, URZ ;                       /* 0x0000001004047890 */
                                                                                      /* 0x000fe2000fffe03f */
        /*07d0*/                   FFMA R17, R10, R14, R11 ;                          /* 0x0000000e0a117223 */
                                                                                      /* 0x004fca000000000b */
        /*07e0*/                   STG.E [R2.64], R17 ;                               /* 0x0000001102007986 */
                                                                                      /* 0x0005e8000c101908 */
        /*07f0*/                   LDG.E R10, [R12.64+0xc000] ;                       /* 0x00c000080c0a7981 */
                                                                                      /* 0x000ee8000c1e1900 */
        /*0800*/                   LDG.E R15, [R4.64+0x34] ;                          /* 0x00003408040f7981 */
                                                                                      /* 0x000ee2000c1e1900 */
        /*0810*/                   ISETP.LE.AND P1, PT, R16, UR4, PT ;                /* 0x0000000410007c0c */
                                                                                      /* 0x000fe4000bf23270 */
        /*0820*/                   IADD3 R9, R9, 0x10000, RZ ;                        /* 0x0001000009097810 */
                                                                                      /* 0x000fe20007ffe0ff */
        /*0830*/                   FFMA R15, R10, R15, R17 ;                          /* 0x0000000f0a0f7223 */
                                                                                      /* 0x008fe20000000011 */
        /*0840*/                   IADD3 R10, P2, R4, 0x40, RZ ;                      /* 0x00000040040a7810 */
                                                                                      /* 0x000fc80007f5e0ff */
        /*0850*/                   IADD3.X R11, RZ, R5, RZ, P2, !PT ;                 /* 0x00000005ff0b7210 */
                                                                                      /* 0x002fe200017fe4ff */
        /*0860*/                   STG.E [R2.64], R15 ;                               /* 0x0000000f02007986 */
                                                                                      /* 0x0005e2000c101908 */
        /*0870*/                   MOV R4, R10 ;                                      /* 0x0000000a00047202 */
                                                                                      /* 0x000fc60000000f00 */
        /*0880*/                   IMAD.MOV.U32 R5, RZ, RZ, R11 ;                     /* 0x000000ffff057224 */
                                                                                      /* 0x000fe200078e000b */
        /*0890*/              @!P1 BRA 0x3b0 ;                                        /* 0xfffffb1000009947 */
                                                                                      /* 0x000fea000383ffff */
        /*08a0*/                   IADD3 R10, R8, -UR4, RZ ;                          /* 0x80000004080a7c10 */
                                                                                      /* 0x000fc8000fffe0ff */
        /*08b0*/                   ISETP.GT.AND P1, PT, R10, 0x4, PT ;                /* 0x000000040a00780c */
                                                                                      /* 0x000fda0003f24270 */
        /*08c0*/              @!P1 BRA 0xb70 ;                                        /* 0x000002a000009947 */
                                                                                      /* 0x000fea0003800000 */
        /*08d0*/                   IMAD.WIDE R12, R9, R0, c[0x0][0x168] ;             /* 0x00005a00090c7625 */
                                                                                      /* 0x000fe200078e0200 */
        /*08e0*/                   LDG.E R11, [R4.64+-0x8] ;                          /* 0xfffff808040b7981 */
                                                                                      /* 0x000ee8000c1e1900 */
        /*08f0*/                   LDG.E R10, [R12.64] ;                              /* 0x000000080c0a7981 */
                                                                                      /* 0x000ee4000c1e1900 */
        /*0900*/                   FFMA R11, R10, R11, R15 ;                          /* 0x0000000b0a0b7223 */
                                                                                      /* 0x008fca000000000f */
        /*0910*/                   STG.E [R2.64], R11 ;                               /* 0x0000000b02007986 */
                                                                                      /* 0x0003e8000c101908 */
        /*0920*/                   LDG.E R10, [R12.64+0x4000] ;                       /* 0x004000080c0a7981 */
                                                                                      /* 0x000ee8000c1e1900 */
        /*0930*/                   LDG.E R14, [R4.64+-0x4] ;                          /* 0xfffffc08040e7981 */
                                                                                      /* 0x000ee4000c1e1900 */
        /*0940*/                   FFMA R15, R10, R14, R11 ;                          /* 0x0000000e0a0f7223 */
                                                                                      /* 0x00cfca000000000b */
        /*0950*/                   STG.E [R2.64], R15 ;                               /* 0x0000000f02007986 */
                                                                                      /* 0x0005e8000c101908 */
        /*0960*/                   LDG.E R10, [R12.64+0x8000] ;                       /* 0x008000080c0a7981 */
                                                                                      /* 0x000ee8000c1e1900 */
        /*0970*/                   LDG.E R14, [R4.64] ;                               /* 0x00000008040e7981 */
                                                                                      /* 0x000ee4000c1e1900 */
        /*0980*/                   FFMA R17, R10, R14, R15 ;                          /* 0x0000000e0a117223 */
                                                                                      /* 0x008fca000000000f */
        /*0990*/                   STG.E [R2.64], R17 ;                               /* 0x0000001102007986 */
                                                                                      /* 0x0007e8000c101908 */
        /*09a0*/                   LDG.E R10, [R12.64+0xc000] ;                       /* 0x00c000080c0a7981 */
                                                                                      /* 0x000f28000c1e1900 */
        /*09b0*/                   LDG.E R14, [R4.64+0x4] ;                           /* 0x00000408040e7981 */
                                                                                      /* 0x000f22000c1e1900 */
        /*09c0*/                   IADD3 R11, R9, 0x4000, RZ ;                        /* 0x00004000090b7810 */
                                                                                      /* 0x002fe20007ffe0ff */
        /*09d0*/                   FFMA R19, R10, R14, R17 ;                          /* 0x0000000e0a137223 */
                                                                                      /* 0x010fc80000000011 */
        /*09e0*/                   IMAD.WIDE R10, R11, R0, c[0x0][0x168] ;            /* 0x00005a000b0a7625 */
                                                                                      /* 0x000fe200078e0200 */
        /*09f0*/                   STG.E [R2.64], R19 ;                               /* 0x0000001302007986 */
                                                                                      /* 0x000fe8000c101908 */
        /*0a00*/                   LDG.E R15, [R4.64+0x8] ;                           /* 0x00000808040f7981 */
                                                                                      /* 0x004ea8000c1e1900 */
        /*0a10*/                   LDG.E R14, [R10.64] ;                              /* 0x000000080a0e7981 */
                                                                                      /* 0x000ea4000c1e1900 */
        /*0a20*/                   FFMA R15, R14, R15, R19 ;                          /* 0x0000000f0e0f7223 */
                                                                                      /* 0x004fca0000000013 */
        /*0a30*/                   STG.E [R2.64], R15 ;                               /* 0x0000000f02007986 */
                                                                                      /* 0x0003e8000c101908 */
        /*0a40*/                   LDG.E R14, [R10.64+0x4000] ;                       /* 0x004000080a0e7981 */
                                                                                      /* 0x000ea8000c1e1900 */
        /*0a50*/                   LDG.E R12, [R4.64+0xc] ;                           /* 0x00000c08040c7981 */
                                                                                      /* 0x000ea4000c1e1900 */
        /*0a60*/                   FFMA R13, R14, R12, R15 ;                          /* 0x0000000c0e0d7223 */
                                                                                      /* 0x004fca000000000f */
        /*0a70*/                   STG.E [R2.64], R13 ;                               /* 0x0000000d02007986 */
                                                                                      /* 0x0005e8000c101908 */
        /*0a80*/                   LDG.E R12, [R10.64+0x8000] ;                       /* 0x008000080a0c7981 */
                                                                                      /* 0x000ee8000c1e1900 */
        /*0a90*/                   LDG.E R14, [R4.64+0x10] ;                          /* 0x00001008040e7981 */
                                                                                      /* 0x000ee4000c1e1900 */
        /*0aa0*/                   FFMA R17, R12, R14, R13 ;                          /* 0x0000000e0c117223 */
                                                                                      /* 0x008fca000000000d */
        /*0ab0*/                   STG.E [R2.64], R17 ;                               /* 0x0000001102007986 */
                                                                                      /* 0x0007e8000c101908 */
        /*0ac0*/                   LDG.E R12, [R10.64+0xc000] ;                       /* 0x00c000080a0c7981 */
                                                                                      /* 0x000e68000c1e1900 */
        /*0ad0*/                   LDG.E R14, [R4.64+0x14] ;                          /* 0x00001408040e7981 */
                                                                                      /* 0x000e62000c1e1900 */
        /*0ae0*/                   PLOP3.LUT P0, PT, PT, PT, PT, 0x8, 0x0 ;           /* 0x000000000000781c */
                                                                                      /* 0x000fe20003f0e170 */
        /*0af0*/                   UIADD3 UR4, UR4, 0x8, URZ ;                        /* 0x0000000804047890 */
                                                                                      /* 0x000fe2000fffe03f */
        /*0b00*/                   IADD3 R9, R9, 0x8000, RZ ;                         /* 0x0000800009097810 */
                                                                                      /* 0x000fe20007ffe0ff */
        /*0b10*/                   FFMA R15, R12, R14, R17 ;                          /* 0x0000000e0c0f7223 */
                                                                                      /* 0x002fe20000000011 */
        /*0b20*/                   IADD3 R12, P1, R4, 0x20, RZ ;                      /* 0x00000020040c7810 */
                                                                                      /* 0x000fc80007f3e0ff */
        /*0b30*/                   STG.E [R2.64], R15 ;                               /* 0x0000000f02007986 */
                                                                                      /* 0x0007e2000c101908 */
        /*0b40*/                   IADD3.X R13, RZ, R5, RZ, P1, !PT ;                 /* 0x00000005ff0d7210 */
                                                                                      /* 0x004fe40000ffe4ff */
        /*0b50*/                   MOV R4, R12 ;                                      /* 0x0000000c00047202 */
                                                                                      /* 0x000fc60000000f00 */
        /*0b60*/                   IMAD.MOV.U32 R5, RZ, RZ, R13 ;                     /* 0x000000ffff057224 */
                                                                                      /* 0x000fe400078e000d */
        /*0b70*/                   ISETP.NE.U32.OR P0, PT, R8, UR4, P0 ;              /* 0x0000000408007c0c */
                                                                                      /* 0x000fe40008705470 */
        /*0b80*/                   ISETP.NE.U32.AND P1, PT, R6, RZ, PT ;              /* 0x000000ff0600720c */
                                                                                      /* 0x000fd60003f25070 */
        /*0b90*/              @!P0 BRA 0xd30 ;                                        /* 0x0000019000008947 */
                                                                                      /* 0x000fea0003800000 */
        /*0ba0*/                   IMAD.WIDE R10, R9, R0, c[0x0][0x168] ;             /* 0x00005a00090a7625 */
                                                                                      /* 0x000fe200078e0200 */
        /*0bb0*/                   LDG.E R13, [R4.64+-0x8] ;                          /* 0xfffff808040d7981 */
                                                                                      /* 0x000f28000c1e1900 */
        /*0bc0*/                   LDG.E R12, [R10.64] ;                              /* 0x000000080a0c7981 */
                                                                                      /* 0x000f24000c1e1900 */
        /*0bd0*/                   FFMA R13, R12, R13, R15 ;                          /* 0x0000000d0c0d7223 */
                                                                                      /* 0x010fca000000000f */
        /*0be0*/                   STG.E [R2.64], R13 ;                               /* 0x0000000d02007986 */
                                                                                      /* 0x0003e8000c101908 */
        /*0bf0*/                   LDG.E R12, [R10.64+0x4000] ;                       /* 0x004000080a0c7981 */
                                                                                      /* 0x000f28000c1e1900 */
        /*0c00*/                   LDG.E R14, [R4.64+-0x4] ;                          /* 0xfffffc08040e7981 */
                                                                                      /* 0x000f24000c1e1900 */
        /*0c10*/                   FFMA R17, R12, R14, R13 ;                          /* 0x0000000e0c117223 */
                                                                                      /* 0x01cfca000000000d */
        /*0c20*/                   STG.E [R2.64], R17 ;                               /* 0x0000001102007986 */
                                                                                      /* 0x0005e8000c101908 */
        /*0c30*/                   LDG.E R12, [R10.64+0x8000] ;                       /* 0x008000080a0c7981 */
                                                                                      /* 0x000ee8000c1e1900 */
        /*0c40*/                   LDG.E R14, [R4.64] ;                               /* 0x00000008040e7981 */
                                                                                      /* 0x000ee2000c1e1900 */
        /*0c50*/                   UIADD3 UR4, UR4, 0x4, URZ ;                        /* 0x0000000404047890 */
                                                                                      /* 0x000fe2000fffe03f */
        /*0c60*/                   FFMA R19, R12, R14, R17 ;                          /* 0x0000000e0c137223 */
                                                                                      /* 0x008fca0000000011 */
        /*0c70*/                   STG.E [R2.64], R19 ;                               /* 0x0000001302007986 */
                                                                                      /* 0x0005e8000c101908 */
        /*0c80*/                   LDG.E R12, [R10.64+0xc000] ;                       /* 0x00c000080a0c7981 */
                                                                                      /* 0x000ee8000c1e1900 */
        /*0c90*/                   LDG.E R15, [R4.64+0x4] ;                           /* 0x00000408040f7981 */
                                                                                      /* 0x000ee2000c1e1900 */
        /*0ca0*/                   ISETP.NE.U32.AND P0, PT, R8, UR4, PT ;             /* 0x0000000408007c0c */
                                                                                      /* 0x000fe4000bf05070 */
        /*0cb0*/                   IADD3 R9, R9, 0x4000, RZ ;                         /* 0x0000400009097810 */
                                                                                      /* 0x000fe20007ffe0ff */
        /*0cc0*/                   FFMA R15, R12, R15, R19 ;                          /* 0x0000000f0c0f7223 */
                                                                                      /* 0x008fe20000000013 */
        /*0cd0*/                   IADD3 R12, P2, R4, 0x10, RZ ;                      /* 0x00000010040c7810 */
                                                                                      /* 0x000fc80007f5e0ff */
        /*0ce0*/                   IADD3.X R13, RZ, R5, RZ, P2, !PT ;                 /* 0x00000005ff0d7210 */
                                                                                      /* 0x002fe200017fe4ff */
        /*0cf0*/                   STG.E [R2.64], R15 ;                               /* 0x0000000f02007986 */
                                                                                      /* 0x0005e2000c101908 */
        /*0d00*/                   MOV R4, R12 ;                                      /* 0x0000000c00047202 */
                                                                                      /* 0x000fc60000000f00 */
        /*0d10*/                   IMAD.MOV.U32 R5, RZ, RZ, R13 ;                     /* 0x000000ffff057224 */
                                                                                      /* 0x000fe200078e000d */
        /*0d20*/               @P0 BRA 0xba0 ;                                        /* 0xfffffe7000000947 */
                                                                                      /* 0x000fea000383ffff */
        /*0d30*/              @!P1 EXIT ;                                             /* 0x000000000000994d */
                                                                                      /* 0x000fea0003800000 */
        /*0d40*/                   IMAD.WIDE.U32 R4, R8.reuse, R0, c[0x0][0x178] ;    /* 0x00005e0008047625 */
                                                                                      /* 0x040fe200078e0000 */
        /*0d50*/                   LEA R7, R8, R7, 0xc ;                              /* 0x0000000708077211 */
                                                                                      /* 0x000fc600078e60ff */
        /*0d60*/                   IMAD.MOV.U32 R11, RZ, RZ, R5 ;                     /* 0x000000ffff0b7224 */
                                                                                      /* 0x000fe200078e0005 */
        /*0d70*/                   MOV R10, R4 ;                                      /* 0x00000004000a7202 */
                                                                                      /* 0x000fc60000000f00 */
        /*0d80*/                   IMAD.WIDE R4, R7, R0, c[0x0][0x168] ;              /* 0x00005a0007047625 */
                                                                                      /* 0x000fe200078e0200 */
        /*0d90*/                   MOV R8, R10 ;                                      /* 0x0000000a00087202 */
                                                                                      /* 0x000fe40000000f00 */
        /*0da0*/                   MOV R9, R11 ;                                      /* 0x0000000b00097202 */
                                                                                      /* 0x000fc60000000f00 */
        /*0db0*/                   LDG.E R4, [R4.64] ;                                /* 0x0000000804047981 */
                                                                                      /* 0x000f28000c1e1900 */
        /*0dc0*/                   LDG.E R8, [R8.64] ;                                /* 0x0000000808087981 */
                                                                                      /* 0x000f22000c1e1900 */
        /*0dd0*/                   IADD3 R6, R6, -0x1, RZ ;                           /* 0xffffffff06067810 */
                                                                                      /* 0x000fe40007ffe0ff */
        /*0de0*/                   IADD3 R10, P1, R10, 0x4, RZ ;                      /* 0x000000040a0a7810 */
                                                                                      /* 0x000fe40007f3e0ff */
        /*0df0*/                   ISETP.NE.U32.AND P0, PT, R6, RZ, PT ;              /* 0x000000ff0600720c */
                                                                                      /* 0x000fe40003f05070 */
        /*0e00*/                   IADD3 R7, R7, 0x1000, RZ ;                         /* 0x0000100007077810 */
                                                                                      /* 0x000fc40007ffe0ff */
        /*0e10*/                   IADD3.X R11, RZ, R11, RZ, P1, !PT ;                /* 0x0000000bff0b7210 */
                                                                                      /* 0x000fe20000ffe4ff */
        /*0e20*/                   FFMA R15, R4, R8, R15 ;                            /* 0x00000008040f7223 */
                                                                                      /* 0x01efca000000000f */
        /*0e30*/                   STG.E [R2.64], R15 ;                               /* 0x0000000f02007986 */
                                                                                      /* 0x0003e6000c101908 */
        /*0e40*/               @P0 BRA 0xd80 ;                                        /* 0xffffff3000000947 */
                                                                                      /* 0x000fea000383ffff */
        /*0e50*/                   EXIT ;                                             /* 0x000000000000794d */
                                                                                      /* 0x000fea0003800000 */
        /*0e60*/                   BRA 0xe60;                                         /* 0xfffffff000007947 */
                                                                                      /* 0x000fc0000383ffff */
        /*0e70*/                   NOP;                                               /* 0x0000000000007918 */
                                                                                      /* 0x000fc00000000000 */
        /*0e80*/                   NOP;                                               /* 0x0000000000007918 */
                                                                                      /* 0x000fc00000000000 */
        /*0e90*/                   NOP;                                               /* 0x0000000000007918 */
                                                                                      /* 0x000fc00000000000 */
        /*0ea0*/                   NOP;                                               /* 0x0000000000007918 */
                                                                                      /* 0x000fc00000000000 */
        /*0eb0*/                   NOP;                                               /* 0x0000000000007918 */
                                                                                      /* 0x000fc00000000000 */
        /*0ec0*/                   NOP;                                               /* 0x0000000000007918 */
                                                                                      /* 0x000fc00000000000 */
        /*0ed0*/                   NOP;                                               /* 0x0000000000007918 */
                                                                                      /* 0x000fc00000000000 */
        /*0ee0*/                   NOP;                                               /* 0x0000000000007918 */
                                                                                      /* 0x000fc00000000000 */
        /*0ef0*/                   NOP;                                               /* 0x0000000000007918 */
                                                                                      /* 0x000fc00000000000 */
		..........


		Function : _Z12atax_kernel1iiPfS_S___noalias
	.headerflags	@"EF_CUDA_TEXMODE_UNIFIED EF_CUDA_64BIT_ADDRESS EF_CUDA_SM86 EF_CUDA_VIRTUAL_SM(EF_CUDA_SM86)"
        /*0000*/                   MOV R1, c[0x0][0x28] ;                             /* 0x00000a0000017a02 */
                                                                                      /* 0x000fe40000000f00 */
        /*0010*/                   S2R R9, SR_CTAID.X ;                               /* 0x0000000000097919 */
                                                                                      /* 0x000e280000002500 */
        /*0020*/                   S2R R0, SR_TID.X ;                                 /* 0x0000000000007919 */
                                                                                      /* 0x000e240000002100 */
        /*0030*/                   IMAD R9, R9, c[0x0][0x0], R0 ;                     /* 0x0000000009097a24 */
                                                                                      /* 0x001fca00078e0200 */
        /*0040*/                   ISETP.GE.AND P0, PT, R9, c[0x0][0x160], PT ;       /* 0x0000580009007a0c */
                                                                                      /* 0x000fda0003f06270 */
        /*0050*/               @P0 EXIT ;                                             /* 0x000000000000094d */
                                                                                      /* 0x000fea0003800000 */
        /*0060*/                   MOV R0, c[0x0][0x164] ;                            /* 0x0000590000007a02 */
                                                                                      /* 0x000fe20000000f00 */
        /*0070*/                   IMAD.MOV.U32 R8, RZ, RZ, 0x4 ;                     /* 0x00000004ff087424 */
                                                                                      /* 0x000fe200078e00ff */
        /*0080*/                   ULDC.64 UR6, c[0x0][0x118] ;                       /* 0x0000460000067ab9 */
                                                                                      /* 0x000fe40000000a00 */
        /*0090*/                   ISETP.GE.AND P0, PT, R0, 0x1, PT ;                 /* 0x000000010000780c */
                                                                                      /* 0x000fe20003f06270 */
        /*00a0*/                   IMAD.WIDE R2, R9, R8, c[0x0][0x178] ;              /* 0x00005e0009027625 */
                                                                                      /* 0x000fca00078e0208 */
        /*00b0*/                   STG.E [R2.64], RZ ;                                /* 0x000000ff02007986 */
                                                                                      /* 0x0001ee000c101906 */
        /*00c0*/              @!P0 EXIT ;                                             /* 0x000000000000894d */
                                                                                      /* 0x000fea0003800000 */
        /*00d0*/                   ISETP.GE.U32.AND P0, PT, R0.reuse, 0x4, PT ;       /* 0x000000040000780c */
                                                                                      /* 0x040fe20003f06070 */
        /*00e0*/                   IMAD.SHL.U32 R9, R9, 0x1000, RZ ;                  /* 0x0000100009097824 */
                                                                                      /* 0x000fe200078e00ff */
        /*00f0*/                   LOP3.LUT R10, R0, 0x3, RZ, 0xc0, !PT ;             /* 0x00000003000a7812 */
                                                                                      /* 0x000fe200078ec0ff */
        /*0100*/                   IMAD.MOV.U32 R21, RZ, RZ, RZ ;                     /* 0x000000ffff157224 */
                                                                                      /* 0x000fe200078e00ff */
        /*0110*/                   MOV R11, RZ ;                                      /* 0x000000ff000b7202 */
                                                                                      /* 0x000fd20000000f00 */
        /*0120*/              @!P0 BRA 0xac0 ;                                        /* 0x0000099000008947 */
                                                                                      /* 0x000fea0003800000 */
        /*0130*/                   LOP3.LUT R11, R0, 0x7ffffffc, RZ, 0xc0, !PT ;      /* 0x7ffffffc000b7812 */
                                                                                      /* 0x000fe200078ec0ff */
        /*0140*/                   ULDC.64 UR4, c[0x0][0x170] ;                       /* 0x00005c0000047ab9 */
                                                                                      /* 0x000fe20000000a00 */
        /*0150*/                   IMAD.WIDE R4, R9, R8, c[0x0][0x168] ;              /* 0x00005a0009047625 */
                                                                                      /* 0x000fe200078e0208 */
        /*0160*/                   UIADD3 UR4, UP0, UR4, 0x8, URZ ;                   /* 0x0000000804047890 */
                                                                                      /* 0x000fe2000ff1e03f */
        /*0170*/                   ISETP.GT.U32.AND P0, PT, R11, RZ, PT ;             /* 0x000000ff0b00720c */
                                                                                      /* 0x000fc60003f04070 */
        /*0180*/                   UIADD3.X UR5, URZ, UR5, URZ, UP0, !UPT ;           /* 0x000000053f057290 */
                                                                                      /* 0x000fe200087fe43f */
        /*0190*/                   IADD3 R6, P1, R4, 0x8, RZ ;                        /* 0x0000000804067810 */
                                                                                      /* 0x000fe20007f3e0ff */
        /*01a0*/                   IMAD.U32 R4, RZ, RZ, UR4 ;                         /* 0x00000004ff047e24 */
                                                                                      /* 0x000fc6000f8e00ff */
        /*01b0*/                   IADD3.X R7, RZ, R5, RZ, P1, !PT ;                  /* 0x00000005ff077210 */
                                                                                      /* 0x000fe40000ffe4ff */
        /*01c0*/                   MOV R5, UR5 ;                                      /* 0x0000000500057c02 */
                                                                                      /* 0x000fc60008000f00 */
        /*01d0*/              @!P0 LDG.E.CONSTANT R14, [R6.64+-0x8] ;                 /* 0xfffff806060e8981 */
                                                                                      /* 0x0002a8000c1e9900 */
        /*01e0*/              @!P0 LDG.E.CONSTANT R13, [R4.64+-0x8] ;                 /* 0xfffff806040d8981 */
                                                                                      /* 0x000ea8000c1e9900 */
        /*01f0*/              @!P0 LDG.E.CONSTANT R16, [R6.64+-0x4] ;                 /* 0xfffffc0606108981 */
                                                                                      /* 0x0002e8000c1e9900 */
        /*0200*/              @!P0 LDG.E.CONSTANT R15, [R4.64+-0x4] ;                 /* 0xfffffc06040f8981 */
                                                                                      /* 0x0008e8000c1e9900 */
        /*0210*/              @!P0 LDG.E.CONSTANT R18, [R6.64] ;                      /* 0x0000000606128981 */
                                                                                      /* 0x000368000c1e9900 */
        /*0220*/              @!P0 LDG.E.CONSTANT R17, [R4.64] ;                      /* 0x0000000604118981 */
                                                                                      /* 0x000968000c1e9900 */
        /*0230*/              @!P0 LDG.E.CONSTANT R20, [R6.64+0x4] ;                  /* 0x0000040606148981 */
                                                                                      /* 0x000368000c1e9900 */
        /*0240*/              @!P0 LDG.E.CONSTANT R19, [R4.64+0x4] ;                  /* 0x0000040604138981 */
                                                                                      /* 0x000962000c1e9900 */
        /*0250*/                   IMAD.MOV.U32 R0, RZ, RZ, RZ ;                      /* 0x000000ffff007224 */
                                                                                      /* 0x000fe200078e00ff */
        /*0260*/                   MOV R21, RZ ;                                      /* 0x000000ff00157202 */
                                                                                      /* 0x000fe20000000f00 */
        /*0270*/              @!P0 IMAD.MOV.U32 R0, RZ, RZ, 0x4 ;                     /* 0x00000004ff008424 */
                                                                                      /* 0x000fe200078e00ff */
        /*0280*/              @!P0 IADD3 R22, P2, R6, 0x10, RZ ;                      /* 0x0000001006168810 */
                                                                                      /* 0x000fc80007f5e0ff */
        /*0290*/                   IADD3 R12, R11, -R0, RZ ;                          /* 0x800000000b0c7210 */
                                                                                      /* 0x000fe20007ffe0ff */
        /*02a0*/              @!P0 IMAD.X R23, RZ, RZ, R7, P2 ;                       /* 0x000000ffff178224 */
                                                                                      /* 0x000fe400010e0607 */
        /*02b0*/              @!P0 IMAD.MOV.U32 R6, RZ, RZ, R22 ;                     /* 0x000000ffff068224 */
                                                                                      /* 0x002fe200078e0016 */
        /*02c0*/                   ISETP.GT.AND P1, PT, R12, 0xc, PT ;                /* 0x0000000c0c00780c */
                                                                                      /* 0x000fe40003f24270 */
        /*02d0*/              @!P0 MOV R7, R23 ;                                      /* 0x0000001700078202 */
                                                                                      /* 0x000fe20000000f00 */
        /*02e0*/              @!P0 FFMA R13, R14, R13, R21 ;                          /* 0x0000000d0e0d8223 */
                                                                                      /* 0x004fe20000000015 */
        /*02f0*/              @!P0 IADD3 R14, P3, R4, 0x10, RZ ;                      /* 0x00000010040e8810 */
                                                                                      /* 0x000fca0007f7e0ff */
        /*0300*/              @!P0 IMAD.MOV.U32 R4, RZ, RZ, R14 ;                     /* 0x000000ffff048224 */
                                                                                      /* 0x010fe200078e000e */
        /*0310*/              @!P0 FFMA R13, R16, R15, R13 ;                          /* 0x0000000f100d8223 */
                                                                                      /* 0x008fe2000000000d */
        /*0320*/              @!P0 IADD3.X R15, RZ, R5, RZ, P3, !PT ;                 /* 0x00000005ff0f8210 */
                                                                                      /* 0x000fc80001ffe4ff */
        /*0330*/              @!P0 MOV R5, R15 ;                                      /* 0x0000000f00058202 */
                                                                                      /* 0x000fe20000000f00 */
        /*0340*/              @!P0 FFMA R13, R18, R17, R13 ;                          /* 0x00000011120d8223 */
                                                                                      /* 0x020fc8000000000d */
        /*0350*/              @!P0 FFMA R21, R20, R19, R13 ;                          /* 0x0000001314158223 */
                                                                                      /* 0x000fe2000000000d */
        /*0360*/              @!P1 BRA 0x700 ;                                        /* 0x0000039000009947 */
                                                                                      /* 0x000fea0003800000 */
        /*0370*/                   PLOP3.LUT P0, PT, PT, PT, PT, 0x8, 0x0 ;           /* 0x000000000000781c */
                                                                                      /* 0x000fe40003f0e170 */
        /*0380*/                   IADD3 R13, R11, -0xc, RZ ;                         /* 0xfffffff40b0d7810 */
                                                                                      /* 0x000fe40007ffe0ff */
        /*0390*/                   LDG.E.CONSTANT R18, [R6.64+-0x8] ;                 /* 0xfffff80606127981 */
                                                                                      /* 0x000ea8000c1e9900 */
        /*03a0*/                   LDG.E.CONSTANT R20, [R4.64+-0x8] ;                 /* 0xfffff80604147981 */
                                                                                      /* 0x000ea8000c1e9900 */
        /*03b0*/                   LDG.E.CONSTANT R23, [R6.64+-0x4] ;                 /* 0xfffffc0606177981 */
                                                                                      /* 0x000ee8000c1e9900 */
        /*03c0*/                   LDG.E.CONSTANT R30, [R4.64+-0x4] ;                 /* 0xfffffc06041e7981 */
                                                                                      /* 0x000ee8000c1e9900 */
        /*03d0*/                   LDG.E.CONSTANT R33, [R6.64] ;                      /* 0x0000000606217981 */
                                                                                      /* 0x000f28000c1e9900 */
        /*03e0*/                   LDG.E.CONSTANT R32, [R4.64] ;                      /* 0x0000000604207981 */
                                                                                      /* 0x000f28000c1e9900 */
        /*03f0*/                   LDG.E.CONSTANT R28, [R6.64+0x4] ;                  /* 0x00000406061c7981 */
                                                                                      /* 0x000f68000c1e9900 */
        /*0400*/                   LDG.E.CONSTANT R31, [R4.64+0x4] ;                  /* 0x00000406041f7981 */
                                                                                      /* 0x000f68000c1e9900 */
        /*0410*/                   LDG.E.CONSTANT R26, [R6.64+0x8] ;                  /* 0x00000806061a7981 */
                                                                                      /* 0x000f68000c1e9900 */
        /*0420*/                   LDG.E.CONSTANT R29, [R4.64+0x8] ;                  /* 0x00000806041d7981 */
                                                                                      /* 0x000f68000c1e9900 */
        /*0430*/                   LDG.E.CONSTANT R24, [R6.64+0xc] ;                  /* 0x00000c0606187981 */
                                                                                      /* 0x000f68000c1e9900 */
        /*0440*/                   LDG.E.CONSTANT R27, [R4.64+0xc] ;                  /* 0x00000c06041b7981 */
                                                                                      /* 0x000f68000c1e9900 */
        /*0450*/                   LDG.E.CONSTANT R16, [R6.64+0x10] ;                 /* 0x0000100606107981 */
                                                                                      /* 0x000f68000c1e9900 */
        /*0460*/                   LDG.E.CONSTANT R19, [R4.64+0x10] ;                 /* 0x0000100604137981 */
                                                                                      /* 0x000f68000c1e9900 */
        /*0470*/                   LDG.E.CONSTANT R14, [R6.64+0x14] ;                 /* 0x00001406060e7981 */
                                                                                      /* 0x000f68000c1e9900 */
        /*0480*/                   LDG.E.CONSTANT R17, [R4.64+0x14] ;                 /* 0x0000140604117981 */
                                                                                      /* 0x000f68000c1e9900 */
        /*0490*/                   LDG.E.CONSTANT R12, [R6.64+0x18] ;                 /* 0x00001806060c7981 */
                                                                                      /* 0x000f68000c1e9900 */
        /*04a0*/                   LDG.E.CONSTANT R15, [R4.64+0x18] ;                 /* 0x00001806040f7981 */
                                                                                      /* 0x000f68000c1e9900 */
        /*04b0*/                   LDG.E.CONSTANT R22, [R6.64+0x1c] ;                 /* 0x00001c0606167981 */
                                                                                      /* 0x000f68000c1e9900 */
        /*04c0*/                   LDG.E.CONSTANT R25, [R4.64+0x1c] ;                 /* 0x00001c0604197981 */
                                                                                      /* 0x000f62000c1e9900 */
        /*04d0*/                   FFMA R18, R18, R20, R21 ;                          /* 0x0000001412127223 */
                                                                                      /* 0x004fc60000000015 */
        /*04e0*/                   LDG.E.CONSTANT R20, [R6.64+0x20] ;                 /* 0x0000200606147981 */
                                                                                      /* 0x0002a8000c1e9900 */
        /*04f0*/                   LDG.E.CONSTANT R21, [R4.64+0x24] ;                 /* 0x0000240604157981 */
                                                                                      /* 0x0000a2000c1e9900 */
        /*0500*/                   FFMA R18, R23, R30, R18 ;                          /* 0x0000001e17127223 */
                                                                                      /* 0x008fc60000000012 */
        /*0510*/                   LDG.E.CONSTANT R23, [R4.64+0x20] ;                 /* 0x0000200604177981 */
                                                                                      /* 0x0000a8000c1e9900 */
        /*0520*/                   LDG.E.CONSTANT R30, [R4.64+0x34] ;                 /* 0x00003406041e7981 */
                                                                                      /* 0x0000e2000c1e9900 */
        /*0530*/                   FFMA R33, R33, R32, R18 ;                          /* 0x0000002021217223 */
                                                                                      /* 0x010fc60000000012 */
        /*0540*/                   LDG.E.CONSTANT R18, [R6.64+0x24] ;                 /* 0x0000240606127981 */
                                                                                      /* 0x000322000c1e9900 */
        /*0550*/                   FFMA R33, R28, R31, R33 ;                          /* 0x0000001f1c217223 */
                                                                                      /* 0x020fc60000000021 */
        /*0560*/                   LDG.E.CONSTANT R28, [R6.64+0x28] ;                 /* 0x00002806061c7981 */
                                                                                      /* 0x000368000c1e9900 */
        /*0570*/                   LDG.E.CONSTANT R31, [R4.64+0x28] ;                 /* 0x00002806041f7981 */
                                                                                      /* 0x000162000c1e9900 */
        /*0580*/                   FFMA R33, R26, R29, R33 ;                          /* 0x0000001d1a217223 */
                                                                                      /* 0x000fc60000000021 */
        /*0590*/                   LDG.E.CONSTANT R29, [R6.64+0x2c] ;                 /* 0x00002c06061d7981 */
                                                                                      /* 0x0002e8000c1e9900 */
        /*05a0*/                   LDG.E.CONSTANT R26, [R4.64+0x2c] ;                 /* 0x00002c06041a7981 */
                                                                                      /* 0x0000e2000c1e9900 */
        /*05b0*/                   FFMA R35, R24, R27, R33 ;                          /* 0x0000001b18237223 */
                                                                                      /* 0x000fc60000000021 */
        /*05c0*/                   LDG.E.CONSTANT R33, [R6.64+0x30] ;                 /* 0x0000300606217981 */
                                                                                      /* 0x0002e8000c1e9900 */
        /*05d0*/                   LDG.E.CONSTANT R24, [R4.64+0x30] ;                 /* 0x0000300604187981 */
                                                                                      /* 0x0000e8000c1e9900 */
        /*05e0*/                   LDG.E.CONSTANT R27, [R6.64+0x34] ;                 /* 0x00003406061b7981 */
                                                                                      /* 0x0002e2000c1e9900 */
        /*05f0*/                   FFMA R19, R16, R19, R35 ;                          /* 0x0000001310137223 */
                                                                                      /* 0x000fc80000000023 */
        /*0600*/                   FFMA R17, R14, R17, R19 ;                          /* 0x000000110e117223 */
                                                                                      /* 0x000fc80000000013 */
        /*0610*/                   FFMA R15, R12, R15, R17 ;                          /* 0x0000000f0c0f7223 */
                                                                                      /* 0x000fe20000000011 */
        /*0620*/                   IADD3 R0, R0, 0x10, RZ ;                           /* 0x0000001000007810 */
                                                                                      /* 0x000fc60007ffe0ff */
        /*0630*/                   FFMA R15, R22, R25, R15 ;                          /* 0x00000019160f7223 */
                                                                                      /* 0x000fe2000000000f */
        /*0640*/                   ISETP.GE.AND P1, PT, R0, R13, PT ;                 /* 0x0000000d0000720c */
                                                                                      /* 0x000fe40003f26270 */
        /*0650*/                   IADD3 R6, P2, R6, 0x40, RZ ;                       /* 0x0000004006067810 */
                                                                                      /* 0x002fe40007f5e0ff */
        /*0660*/                   IADD3 R4, P3, R4, 0x40, RZ ;                       /* 0x0000004004047810 */
                                                                                      /* 0x001fc60007f7e0ff */
        /*0670*/                   IMAD.X R7, RZ, RZ, R7, P2 ;                        /* 0x000000ffff077224 */
                                                                                      /* 0x000fe200010e0607 */
        /*0680*/                   IADD3.X R5, RZ, R5, RZ, P3, !PT ;                  /* 0x00000005ff057210 */
                                                                                      /* 0x000fe20001ffe4ff */
        /*0690*/                   FFMA R15, R20, R23, R15 ;                          /* 0x00000017140f7223 */
                                                                                      /* 0x004fc8000000000f */
        /*06a0*/                   FFMA R15, R18, R21, R15 ;                          /* 0x00000015120f7223 */
                                                                                      /* 0x010fc8000000000f */
        /*06b0*/                   FFMA R28, R28, R31, R15 ;                          /* 0x0000001f1c1c7223 */
                                                                                      /* 0x020fc8000000000f */
        /*06c0*/                   FFMA R26, R29, R26, R28 ;                          /* 0x0000001a1d1a7223 */
                                                                                      /* 0x008fc8000000001c */
        /*06d0*/                   FFMA R24, R33, R24, R26 ;                          /* 0x0000001821187223 */
                                                                                      /* 0x000fc8000000001a */
        /*06e0*/                   FFMA R21, R27, R30, R24 ;                          /* 0x0000001e1b157223 */
                                                                                      /* 0x000fe20000000018 */
        /*06f0*/              @!P1 BRA 0x390 ;                                        /* 0xfffffc9000009947 */
                                                                                      /* 0x000fea000383ffff */
        /*0700*/                   IMAD.IADD R12, R11, 0x1, -R0 ;                     /* 0x000000010b0c7824 */
                                                                                      /* 0x000fca00078e0a00 */
        /*0710*/                   ISETP.GT.AND P1, PT, R12, 0x4, PT ;                /* 0x000000040c00780c */
                                                                                      /* 0x000fda0003f24270 */
        /*0720*/              @!P1 BRA 0x910 ;                                        /* 0x000001e000009947 */
                                                                                      /* 0x000fea0003800000 */
        /*0730*/                   LDG.E.CONSTANT R20, [R6.64+-0x8] ;                 /* 0xfffff80606147981 */
                                                                                      /* 0x0002a8000c1e9900 */
        /*0740*/                   LDG.E.CONSTANT R22, [R4.64+-0x8] ;                 /* 0xfffff80604167981 */
                                                                                      /* 0x0006a8000c1e9900 */
        /*0750*/                   LDG.E.CONSTANT R23, [R6.64+-0x4] ;                 /* 0xfffffc0606177981 */
                                                                                      /* 0x000328000c1e9900 */
        /*0760*/                   LDG.E.CONSTANT R24, [R4.64+-0x4] ;                 /* 0xfffffc0604187981 */
                                                                                      /* 0x000728000c1e9900 */
        /*0770*/                   LDG.E.CONSTANT R25, [R6.64] ;                      /* 0x0000000606197981 */
                                                                                      /* 0x000368000c1e9900 */
        /*0780*/                   LDG.E.CONSTANT R26, [R4.64] ;                      /* 0x00000006041a7981 */
                                                                                      /* 0x000768000c1e9900 */
        /*0790*/                   LDG.E.CONSTANT R27, [R6.64+0x4] ;                  /* 0x00000406061b7981 */
                                                                                      /* 0x000368000c1e9900 */
        /*07a0*/                   LDG.E.CONSTANT R28, [R4.64+0x4] ;                  /* 0x00000406041c7981 */
                                                                                      /* 0x000768000c1e9900 */
        /*07b0*/                   LDG.E.CONSTANT R14, [R6.64+0x8] ;                  /* 0x00000806060e7981 */
                                                                                      /* 0x000368000c1e9900 */
        /*07c0*/                   LDG.E.CONSTANT R15, [R4.64+0x8] ;                  /* 0x00000806040f7981 */
                                                                                      /* 0x000768000c1e9900 */
        /*07d0*/                   LDG.E.CONSTANT R17, [R6.64+0xc] ;                  /* 0x00000c0606117981 */
                                                                                      /* 0x000368000c1e9900 */
        /*07e0*/                   LDG.E.CONSTANT R16, [R4.64+0xc] ;                  /* 0x00000c0604107981 */
                                                                                      /* 0x000768000c1e9900 */
        /*07f0*/                   LDG.E.CONSTANT R19, [R6.64+0x10] ;                 /* 0x0000100606137981 */
                                                                                      /* 0x000368000c1e9900 */
        /*0800*/                   LDG.E.CONSTANT R18, [R4.64+0x10] ;                 /* 0x0000100604127981 */
                                                                                      /* 0x000768000c1e9900 */
        /*0810*/                   LDG.E.CONSTANT R12, [R6.64+0x14] ;                 /* 0x00001406060c7981 */
                                                                                      /* 0x000368000c1e9900 */
        /*0820*/                   LDG.E.CONSTANT R13, [R4.64+0x14] ;                 /* 0x00001406040d7981 */
                                                                                      /* 0x000762000c1e9900 */
        /*0830*/                   PLOP3.LUT P0, PT, PT, PT, PT, 0x8, 0x0 ;           /* 0x000000000000781c */
                                                                                      /* 0x000fc40003f0e170 */
        /*0840*/                   IADD3 R0, R0, 0x8, RZ ;                            /* 0x0000000800007810 */
                                                                                      /* 0x000fe40007ffe0ff */
        /*0850*/                   IADD3 R6, P1, R6, 0x20, RZ ;                       /* 0x0000002006067810 */
                                                                                      /* 0x002fe40007f3e0ff */
        /*0860*/                   IADD3 R4, P2, R4, 0x20, RZ ;                       /* 0x0000002004047810 */
                                                                                      /* 0x008fe40007f5e0ff */
        /*0870*/                   IADD3.X R7, RZ, R7, RZ, P1, !PT ;                  /* 0x00000007ff077210 */
                                                                                      /* 0x000fc60000ffe4ff */
        /*0880*/                   IMAD.X R5, RZ, RZ, R5, P2 ;                        /* 0x000000ffff057224 */
                                                                                      /* 0x000fe200010e0605 */
        /*0890*/                   FFMA R20, R20, R22, R21 ;                          /* 0x0000001614147223 */
                                                                                      /* 0x004fc80000000015 */
        /*08a0*/                   FFMA R20, R23, R24, R20 ;                          /* 0x0000001817147223 */
                                                                                      /* 0x010fc80000000014 */
        /*08b0*/                   FFMA R20, R25, R26, R20 ;                          /* 0x0000001a19147223 */
                                                                                      /* 0x020fc80000000014 */
        /*08c0*/                   FFMA R27, R27, R28, R20 ;                          /* 0x0000001c1b1b7223 */
                                                                                      /* 0x000fc80000000014 */
        /*08d0*/                   FFMA R14, R14, R15, R27 ;                          /* 0x0000000f0e0e7223 */
                                                                                      /* 0x000fc8000000001b */
        /*08e0*/                   FFMA R14, R17, R16, R14 ;                          /* 0x00000010110e7223 */
                                                                                      /* 0x000fc8000000000e */
        /*08f0*/                   FFMA R19, R19, R18, R14 ;                          /* 0x0000001213137223 */
                                                                                      /* 0x000fc8000000000e */
        /*0900*/                   FFMA R21, R12, R13, R19 ;                          /* 0x0000000d0c157223 */
                                                                                      /* 0x000fe20000000013 */
        /*0910*/                   ISETP.NE.U32.OR P0, PT, R0, R11, P0 ;              /* 0x0000000b0000720c */
                                                                                      /* 0x000fe40000705470 */
        /*0920*/                   ISETP.NE.U32.AND P1, PT, R10, RZ, PT ;             /* 0x000000ff0a00720c */
                                                                                      /* 0x000fd60003f25070 */
        /*0930*/              @!P0 BRA 0xab0 ;                                        /* 0x0000017000008947 */
                                                                                      /* 0x000fea0003800000 */
        /*0940*/                   LDG.E.CONSTANT R12, [R6.64+-0x8] ;                 /* 0xfffff806060c7981 */
                                                                                      /* 0x0002a8000c1e9900 */
        /*0950*/                   LDG.E.CONSTANT R13, [R4.64+-0x8] ;                 /* 0xfffff806040d7981 */
                                                                                      /* 0x000ea8000c1e9900 */
        /*0960*/                   LDG.E.CONSTANT R15, [R6.64+-0x4] ;                 /* 0xfffffc06060f7981 */
                                                                                      /* 0x0002e8000c1e9900 */
        /*0970*/                   LDG.E.CONSTANT R16, [R4.64+-0x4] ;                 /* 0xfffffc0604107981 */
                                                                                      /* 0x000ee8000c1e9900 */
        /*0980*/                   LDG.E.CONSTANT R17, [R6.64] ;                      /* 0x0000000606117981 */
                                                                                      /* 0x000328000c1e9900 */
        /*0990*/                   LDG.E.CONSTANT R18, [R4.64] ;                      /* 0x0000000604127981 */
                                                                                      /* 0x000b28000c1e9900 */
        /*09a0*/                   LDG.E.CONSTANT R19, [R6.64+0x4] ;                  /* 0x0000040606137981 */
                                                                                      /* 0x000328000c1e9900 */
        /*09b0*/                   LDG.E.CONSTANT R20, [R4.64+0x4] ;                  /* 0x0000040604147981 */
                                                                                      /* 0x000b22000c1e9900 */
        /*09c0*/                   IADD3 R0, R0, 0x4, RZ ;                            /* 0x0000000400007810 */
                                                                                      /* 0x000fc40007ffe0ff */
        /*09d0*/                   IADD3 R14, P2, R6, 0x10, RZ ;                      /* 0x00000010060e7810 */
                                                                                      /* 0x000fe40007f5e0ff */
        /*09e0*/                   ISETP.NE.U32.AND P0, PT, R11, R0, PT ;             /* 0x000000000b00720c */
                                                                                      /* 0x000fe40003f05070 */
        /*09f0*/                   MOV R6, R14 ;                                      /* 0x0000000e00067202 */
                                                                                      /* 0x002fe20000000f00 */
        /*0a00*/                   FFMA R12, R12, R13, R21 ;                          /* 0x0000000d0c0c7223 */
                                                                                      /* 0x004fc80000000015 */
        /*0a10*/                   FFMA R16, R15, R16, R12 ;                          /* 0x000000100f107223 */
                                                                                      /* 0x008fe2000000000c */
        /*0a20*/                   IADD3 R12, P3, R4, 0x10, RZ ;                      /* 0x00000010040c7810 */
                                                                                      /* 0x000fe40007f7e0ff */
        /*0a30*/                   IADD3.X R15, RZ, R7, RZ, P2, !PT ;                 /* 0x00000007ff0f7210 */
                                                                                      /* 0x000fe400017fe4ff */
        /*0a40*/                   MOV R4, R12 ;                                      /* 0x0000000c00047202 */
                                                                                      /* 0x020fe20000000f00 */
        /*0a50*/                   IMAD.X R13, RZ, RZ, R5, P3 ;                       /* 0x000000ffff0d7224 */
                                                                                      /* 0x000fe200018e0605 */
        /*0a60*/                   FFMA R16, R17, R18, R16 ;                          /* 0x0000001211107223 */
                                                                                      /* 0x010fe20000000010 */
        /*0a70*/                   IMAD.MOV.U32 R7, RZ, RZ, R15 ;                     /* 0x000000ffff077224 */
                                                                                      /* 0x000fe400078e000f */
        /*0a80*/                   IMAD.MOV.U32 R5, RZ, RZ, R13 ;                     /* 0x000000ffff057224 */
                                                                                      /* 0x000fe200078e000d */
        /*0a90*/                   FFMA R21, R19, R20, R16 ;                          /* 0x0000001413157223 */
                                                                                      /* 0x000fe20000000010 */
        /*0aa0*/               @P0 BRA 0x940 ;                                        /* 0xfffffe9000000947 */
                                                                                      /* 0x000fea000383ffff */
        /*0ab0*/              @!P1 BRA 0xc10 ;                                        /* 0x0000015000009947 */
                                                                                      /* 0x000fea0003800000 */
        /*0ac0*/                   IADD3 R0, P0, R9, R11, RZ ;                        /* 0x0000000b09007210 */
                                                                                      /* 0x000fe20007f1e0ff */
        /*0ad0*/                   IMAD.WIDE.U32 R4, R11, R8, c[0x0][0x170] ;         /* 0x00005c000b047625 */
                                                                                      /* 0x000fc600078e0008 */
        /*0ae0*/                   LEA R8, P1, R0.reuse, c[0x0][0x168], 0x2 ;         /* 0x00005a0000087a11 */
                                                                                      /* 0x040fe200078210ff */
        /*0af0*/                   IMAD.MOV.U32 R12, RZ, RZ, R5 ;                     /* 0x000000ffff0c7224 */
                                                                                      /* 0x000fe200078e0005 */
        /*0b00*/                   LEA.HI.X.SX32 R9, R9, RZ, 0x1, P0 ;                /* 0x000000ff09097211 */
                                                                                      /* 0x000fe400000f0eff */
        /*0b10*/                   MOV R11, R4 ;                                      /* 0x00000004000b7202 */
                                                                                      /* 0x000fe40000000f00 */
        /*0b20*/                   LEA.HI.X R9, R0, c[0x0][0x16c], R9, 0x2, P1 ;      /* 0x00005b0000097a11 */
                                                                                      /* 0x000fc800008f1409 */
        /*0b30*/                   MOV R6, R11 ;                                      /* 0x0000000b00067202 */
                                                                                      /* 0x000fe20000000f00 */
        /*0b40*/                   IMAD.MOV.U32 R5, RZ, RZ, R9 ;                      /* 0x000000ffff057224 */
                                                                                      /* 0x000fe200078e0009 */
        /*0b50*/                   MOV R4, R8 ;                                       /* 0x0000000800047202 */
                                                                                      /* 0x000fe20000000f00 */
        /*0b60*/                   IMAD.MOV.U32 R7, RZ, RZ, R12 ;                     /* 0x000000ffff077224 */
                                                                                      /* 0x000fc800078e000c */
        /*0b70*/                   LDG.E.CONSTANT R0, [R4.64] ;                       /* 0x0000000604007981 */
                                                                                      /* 0x000ea8000c1e9900 */
        /*0b80*/                   LDG.E.CONSTANT R6, [R6.64] ;                       /* 0x0000000606067981 */
                                                                                      /* 0x000ea2000c1e9900 */
        /*0b90*/                   IADD3 R10, R10, -0x1, RZ ;                         /* 0xffffffff0a0a7810 */
                                                                                      /* 0x000fe40007ffe0ff */
        /*0ba0*/                   IADD3 R11, P1, R11, 0x4, RZ ;                      /* 0x000000040b0b7810 */
                                                                                      /* 0x000fe40007f3e0ff */
        /*0bb0*/                   ISETP.NE.U32.AND P0, PT, R10, RZ, PT ;             /* 0x000000ff0a00720c */
                                                                                      /* 0x000fe40003f05070 */
        /*0bc0*/                   IADD3 R8, P2, R8, 0x4, RZ ;                        /* 0x0000000408087810 */
                                                                                      /* 0x000fc40007f5e0ff */
        /*0bd0*/                   IADD3.X R12, RZ, R12, RZ, P1, !PT ;                /* 0x0000000cff0c7210 */
                                                                                      /* 0x000fe40000ffe4ff */
        /*0be0*/                   IADD3.X R9, RZ, R9, RZ, P2, !PT ;                  /* 0x00000009ff097210 */
                                                                                      /* 0x000fe200017fe4ff */
        /*0bf0*/                   FFMA R21, R0, R6, R21 ;                            /* 0x0000000600157223 */
                                                                                      /* 0x004fcc0000000015 */
        /*0c00*/               @P0 BRA 0xb30 ;                                        /* 0xffffff2000000947 */
                                                                                      /* 0x000fea000383ffff */
        /*0c10*/                   STG.E [R2.64], R21 ;                               /* 0x0000001502007986 */
                                                                                      /* 0x000fe2000c101906 */
        /*0c20*/                   EXIT ;                                             /* 0x000000000000794d */
                                                                                      /* 0x000fea0003800000 */
        /*0c30*/                   BRA 0xc30;                                         /* 0xfffffff000007947 */
                                                                                      /* 0x000fc0000383ffff */
        /*0c40*/                   NOP;                                               /* 0x0000000000007918 */
                                                                                      /* 0x000fc00000000000 */
        /*0c50*/                   NOP;                                               /* 0x0000000000007918 */
                                                                                      /* 0x000fc00000000000 */
        /*0c60*/                   NOP;                                               /* 0x0000000000007918 */
                                                                                      /* 0x000fc00000000000 */
        /*0c70*/                   NOP;                                               /* 0x0000000000007918 */
                                                                                      /* 0x000fc00000000000 */
        /*0c80*/                   NOP;                                               /* 0x0000000000007918 */
                                                                                      /* 0x000fc00000000000 */
        /*0c90*/                   NOP;                                               /* 0x0000000000007918 */
                                                                                      /* 0x000fc00000000000 */
        /*0ca0*/                   NOP;                                               /* 0x0000000000007918 */
                                                                                      /* 0x000fc00000000000 */
        /*0cb0*/                   NOP;                                               /* 0x0000000000007918 */
                                                                                      /* 0x000fc00000000000 */
        /*0cc0*/                   NOP;                                               /* 0x0000000000007918 */
                                                                                      /* 0x000fc00000000000 */
        /*0cd0*/                   NOP;                                               /* 0x0000000000007918 */
                                                                                      /* 0x000fc00000000000 */
        /*0ce0*/                   NOP;                                               /* 0x0000000000007918 */
                                                                                      /* 0x000fc00000000000 */
        /*0cf0*/                   NOP;                                               /* 0x0000000000007918 */
                                                                                      /* 0x000fc00000000000 */
		..........


		Function : _Z12atax_kernel1iiPfS_S_
	.headerflags	@"EF_CUDA_TEXMODE_UNIFIED EF_CUDA_64BIT_ADDRESS EF_CUDA_SM86 EF_CUDA_VIRTUAL_SM(EF_CUDA_SM86)"
        /*0000*/                   MOV R1, c[0x0][0x28] ;                             /* 0x00000a0000017a02 */
                                                                                      /* 0x000fe40000000f00 */
        /*0010*/                   S2R R8, SR_CTAID.X ;                               /* 0x0000000000087919 */
                                                                                      /* 0x000e280000002500 */
        /*0020*/                   S2R R3, SR_TID.X ;                                 /* 0x0000000000037919 */
                                                                                      /* 0x000e240000002100 */
        /*0030*/                   IMAD R8, R8, c[0x0][0x0], R3 ;                     /* 0x0000000008087a24 */
                                                                                      /* 0x001fca00078e0203 */
        /*0040*/                   ISETP.GE.AND P0, PT, R8, c[0x0][0x160], PT ;       /* 0x0000580008007a0c */
                                                                                      /* 0x000fda0003f06270 */
        /*0050*/               @P0 EXIT ;                                             /* 0x000000000000094d */
                                                                                      /* 0x000fea0003800000 */
        /*0060*/                   IMAD.MOV.U32 R4, RZ, RZ, c[0x0][0x164] ;           /* 0x00005900ff047624 */
                                                                                      /* 0x000fe200078e00ff */
        /*0070*/                   MOV R9, 0x4 ;                                      /* 0x0000000400097802 */
                                                                                      /* 0x000fe20000000f00 */
        /*0080*/                   ULDC.64 UR8, c[0x0][0x118] ;                       /* 0x0000460000087ab9 */
                                                                                      /* 0x000fc60000000a00 */
        /*0090*/                   ISETP.GE.AND P0, PT, R4, 0x1, PT ;                 /* 0x000000010400780c */
                                                                                      /* 0x000fe20003f06270 */
        /*00a0*/                   IMAD.WIDE R2, R8, R9, c[0x0][0x178] ;              /* 0x00005e0008027625 */
                                                                                      /* 0x000fca00078e0209 */
        /*00b0*/                   STG.E [R2.64], RZ ;                                /* 0x000000ff02007986 */
                                                                                      /* 0x0001ee000c101908 */
        /*00c0*/              @!P0 EXIT ;                                             /* 0x000000000000894d */
                                                                                      /* 0x000fea0003800000 */
        /*00d0*/                   ISETP.GE.U32.AND P0, PT, R4, 0x4, PT ;             /* 0x000000040400780c */
                                                                                      /* 0x000fe20003f06070 */
        /*00e0*/                   CS2R R10, SRZ ;                                    /* 0x00000000000a7805 */
                                                                                      /* 0x000fe2000001ff00 */
        /*00f0*/                   SHF.L.U32 R8, R8, 0xc, RZ ;                        /* 0x0000000c08087819 */
                                                                                      /* 0x000fe400000006ff */
        /*0100*/                   LOP3.LUT R0, R4, 0x3, RZ, 0xc0, !PT ;              /* 0x0000000304007812 */
                                                                                      /* 0x000fd200078ec0ff */
        /*0110*/              @!P0 BRA 0xd40 ;                                        /* 0x00000c2000008947 */
                                                                                      /* 0x000fea0003800000 */
        /*0120*/                   LOP3.LUT R10, R4, 0x7ffffffc, RZ, 0xc0, !PT ;      /* 0x7ffffffc040a7812 */
                                                                                      /* 0x000fe200078ec0ff */
        /*0130*/                   ULDC.64 UR6, c[0x0][0x170] ;                       /* 0x00005c0000067ab9 */
                                                                                      /* 0x000fe20000000a00 */
        /*0140*/                   IMAD.WIDE R6, R8, R9, c[0x0][0x168] ;              /* 0x00005a0008067625 */
                                                                                      /* 0x000fe200078e0209 */
        /*0150*/                   UIADD3 UR6, UP0, UR6, 0x8, URZ ;                   /* 0x0000000806067890 */
                                                                                      /* 0x000fe2000ff1e03f */
        /*0160*/                   ISETP.GT.U32.AND P1, PT, R10, RZ, PT ;             /* 0x000000ff0a00720c */
                                                                                      /* 0x000fe20003f24070 */
        /*0170*/                   UMOV UR4, URZ ;                                    /* 0x0000003f00047c82 */
                                                                                      /* 0x000fe20008000000 */
        /*0180*/                   MOV R11, RZ ;                                      /* 0x000000ff000b7202 */
                                                                                      /* 0x000fe20000000f00 */
        /*0190*/                   UIADD3.X UR7, URZ, UR7, URZ, UP0, !UPT ;           /* 0x000000073f077290 */
                                                                                      /* 0x000fe200087fe43f */
        /*01a0*/                   IADD3 R4, P0, R6, 0x8, RZ ;                        /* 0x0000000806047810 */
                                                                                      /* 0x000fe20007f1e0ff */
        /*01b0*/                   IMAD.U32 R6, RZ, RZ, UR6 ;                         /* 0x00000006ff067e24 */
                                                                                      /* 0x000fc8000f8e00ff */
        /*01c0*/                   IMAD.X R5, RZ, RZ, R7, P0 ;                        /* 0x000000ffff057224 */
                                                                                      /* 0x000fe200000e0607 */
        /*01d0*/                   MOV R7, UR7 ;                                      /* 0x0000000700077c02 */
                                                                                      /* 0x000fe40008000f00 */
        /*01e0*/                   PLOP3.LUT P0, PT, PT, PT, PT, 0x80, 0x0 ;          /* 0x000000000000781c */
                                                                                      /* 0x000fe20003f0f070 */
        /*01f0*/               @P1 BRA 0x3a0 ;                                        /* 0x000001a000001947 */
                                                                                      /* 0x000fea0003800000 */
        /*0200*/                   LDG.E R12, [R4.64+-0x8] ;                          /* 0xfffff808040c7981 */
                                                                                      /* 0x000ea8000c1e1900 */
        /*0210*/                   LDG.E R13, [R6.64+-0x8] ;                          /* 0xfffff808060d7981 */
                                                                                      /* 0x000ea4000c1e1900 */
        /*0220*/                   FFMA R13, R12, R13, R11 ;                          /* 0x0000000d0c0d7223 */
                                                                                      /* 0x004fca000000000b */
        /*0230*/                   STG.E [R2.64], R13 ;                               /* 0x0000000d02007986 */
                                                                                      /* 0x000fe8000c101908 */
        /*0240*/                   LDG.E R12, [R4.64+-0x4] ;                          /* 0xfffffc08040c7981 */
                                                                                      /* 0x000ea8000c1e1900 */
        /*0250*/                   LDG.E R11, [R6.64+-0x4] ;                          /* 0xfffffc08060b7981 */
                                                                                      /* 0x000ea4000c1e1900 */
        /*0260*/                   FFMA R15, R12, R11, R13 ;                          /* 0x0000000b0c0f7223 */
                                                                                      /* 0x004fca000000000d */
        /*0270*/                   STG.E [R2.64], R15 ;                               /* 0x0000000f02007986 */
                                                                                      /* 0x0003e8000c101908 */
        /*0280*/                   LDG.E R12, [R4.64] ;                               /* 0x00000008040c7981 */
                                                                                      /* 0x000ea8000c1e1900 */
        /*0290*/                   LDG.E R11, [R6.64] ;                               /* 0x00000008060b7981 */
                                                                                      /* 0x000ea4000c1e1900 */
        /*02a0*/                   FFMA R17, R12, R11, R15 ;                          /* 0x0000000b0c117223 */
                                                                                      /* 0x004fca000000000f */
        /*02b0*/                   STG.E [R2.64], R17 ;                               /* 0x0000001102007986 */
                                                                                      /* 0x0005e8000c101908 */
        /*02c0*/                   LDG.E R12, [R4.64+0x4] ;                           /* 0x00000408040c7981 */
                                                                                      /* 0x000728000c1e1900 */
        /*02d0*/                   LDG.E R11, [R6.64+0x4] ;                           /* 0x00000408060b7981 */
                                                                                      /* 0x000f22000c1e1900 */
        /*02e0*/                   IADD3 R14, P1, R4, 0x10, RZ ;                      /* 0x00000010040e7810 */
                                                                                      /* 0x000fe20007f3e0ff */
        /*02f0*/                   UMOV UR4, 0x4 ;                                    /* 0x0000000400047882 */
                                                                                      /* 0x000fe20000000000 */
        /*0300*/                   PLOP3.LUT P0, PT, PT, PT, PT, 0x8, 0x0 ;           /* 0x000000000000781c */
                                                                                      /* 0x000fc60003f0e170 */
        /*0310*/                   IMAD.X R15, RZ, RZ, R5, P1 ;                       /* 0x000000ffff0f7224 */
                                                                                      /* 0x002fe400008e0605 */
        /*0320*/                   IMAD.MOV.U32 R4, RZ, RZ, R14 ;                     /* 0x000000ffff047224 */
                                                                                      /* 0x008fc600078e000e */
        /*0330*/                   MOV R5, R15 ;                                      /* 0x0000000f00057202 */
                                                                                      /* 0x000fe20000000f00 */
        /*0340*/                   FFMA R11, R12, R11, R17 ;                          /* 0x0000000b0c0b7223 */
                                                                                      /* 0x010fe20000000011 */
        /*0350*/                   IADD3 R12, P2, R6, 0x10, RZ ;                      /* 0x00000010060c7810 */
                                                                                      /* 0x000fc80007f5e0ff */
        /*0360*/                   STG.E [R2.64], R11 ;                               /* 0x0000000b02007986 */
                                                                                      /* 0x0005e2000c101908 */
        /*0370*/                   IADD3.X R13, RZ, R7, RZ, P2, !PT ;                 /* 0x00000007ff0d7210 */
                                                                                      /* 0x000fe200017fe4ff */
        /*0380*/                   IMAD.MOV.U32 R6, RZ, RZ, R12 ;                     /* 0x000000ffff067224 */
                                                                                      /* 0x000fc600078e000c */
        /*0390*/                   MOV R7, R13 ;                                      /* 0x0000000d00077202 */
                                                                                      /* 0x000fe40000000f00 */
        /*03a0*/                   IADD3 R12, R10, -UR4, RZ ;                         /* 0x800000040a0c7c10 */
                                                                                      /* 0x000fc8000fffe0ff */
        /*03b0*/                   ISETP.GT.AND P1, PT, R12, 0xc, PT ;                /* 0x0000000c0c00780c */
                                                                                      /* 0x000fda0003f24270 */
        /*03c0*/              @!P1 BRA 0x890 ;                                        /* 0x000004c000009947 */
                                                                                      /* 0x000fea0003800000 */
        /*03d0*/                   PLOP3.LUT P0, PT, PT, PT, PT, 0x8, 0x0 ;           /* 0x000000000000781c */
                                                                                      /* 0x000fe40003f0e170 */
        /*03e0*/                   IADD3 R16, R10, -0xc, RZ ;                         /* 0xfffffff40a107810 */
                                                                                      /* 0x000fe40007ffe0ff */
        /*03f0*/                   LDG.E R12, [R4.64+-0x8] ;                          /* 0xfffff808040c7981 */
                                                                                      /* 0x000ee8000c1e1900 */
        /*0400*/                   LDG.E R13, [R6.64+-0x8] ;                          /* 0xfffff808060d7981 */
                                                                                      /* 0x000ee4000c1e1900 */
        /*0410*/                   FFMA R13, R12, R13, R11 ;                          /* 0x0000000d0c0d7223 */
                                                                                      /* 0x008fca000000000b */
        /*0420*/                   STG.E [R2.64], R13 ;                               /* 0x0000000d02007986 */
                                                                                      /* 0x0003e8000c101908 */
        /*0430*/                   LDG.E R12, [R4.64+-0x4] ;                          /* 0xfffffc08040c7981 */
                                                                                      /* 0x000ee8000c1e1900 */
        /*0440*/                   LDG.E R11, [R6.64+-0x4] ;                          /* 0xfffffc08060b7981 */
                                                                                      /* 0x014ee4000c1e1900 */
        /*0450*/                   FFMA R11, R12, R11, R13 ;                          /* 0x0000000b0c0b7223 */
                                                                                      /* 0x008fca000000000d */
        /*0460*/                   STG.E [R2.64], R11 ;                               /* 0x0000000b02007986 */
                                                                                      /* 0x0005e8000c101908 */
        /*0470*/                   LDG.E R12, [R4.64] ;                               /* 0x00000008040c7981 */
                                                                                      /* 0x000ee8000c1e1900 */
        /*0480*/                   LDG.E R14, [R6.64] ;                               /* 0x00000008060e7981 */
                                                                                      /* 0x000ee4000c1e1900 */
        /*0490*/                   FFMA R15, R12, R14, R11 ;                          /* 0x0000000e0c0f7223 */
                                                                                      /* 0x008fca000000000b */
        /*04a0*/                   STG.E [R2.64], R15 ;                               /* 0x0000000f02007986 */
                                                                                      /* 0x0007e8000c101908 */
        /*04b0*/                   LDG.E R12, [R4.64+0x4] ;                           /* 0x00000408040c7981 */
                                                                                      /* 0x000e68000c1e1900 */
        /*04c0*/                   LDG.E R14, [R6.64+0x4] ;                           /* 0x00000408060e7981 */
                                                                                      /* 0x000e64000c1e1900 */
        /*04d0*/                   FFMA R13, R12, R14, R15 ;                          /* 0x0000000e0c0d7223 */
                                                                                      /* 0x002fca000000000f */
        /*04e0*/                   STG.E [R2.64], R13 ;                               /* 0x0000000d02007986 */
                                                                                      /* 0x0003e8000c101908 */
        /*04f0*/                   LDG.E R12, [R4.64+0x8] ;                           /* 0x00000808040c7981 */
                                                                                      /* 0x000ea8000c1e1900 */
        /*0500*/                   LDG.E R14, [R6.64+0x8] ;                           /* 0x00000808060e7981 */
                                                                                      /* 0x000ea4000c1e1900 */
        /*0510*/                   FFMA R11, R12, R14, R13 ;                          /* 0x0000000e0c0b7223 */
                                                                                      /* 0x004fca000000000d */
        /*0520*/                   STG.E [R2.64], R11 ;                               /* 0x0000000b02007986 */
                                                                                      /* 0x0005e8000c101908 */
        /*0530*/                   LDG.E R12, [R4.64+0xc] ;                           /* 0x00000c08040c7981 */
                                                                                      /* 0x000ee8000c1e1900 */
        /*0540*/                   LDG.E R14, [R6.64+0xc] ;                           /* 0x00000c08060e7981 */
                                                                                      /* 0x000ee4000c1e1900 */
        /*0550*/                   FFMA R15, R12, R14, R11 ;                          /* 0x0000000e0c0f7223 */
                                                                                      /* 0x008fca000000000b */
        /*0560*/                   STG.E [R2.64], R15 ;                               /* 0x0000000f02007986 */
                                                                                      /* 0x0007e8000c101908 */
        /*0570*/                   LDG.E R12, [R4.64+0x10] ;                          /* 0x00001008040c7981 */
                                                                                      /* 0x000e68000c1e1900 */
        /*0580*/                   LDG.E R14, [R6.64+0x10] ;                          /* 0x00001008060e7981 */
                                                                                      /* 0x000e64000c1e1900 */
        /*0590*/                   FFMA R13, R12, R14, R15 ;                          /* 0x0000000e0c0d7223 */
                                                                                      /* 0x002fca000000000f */
        /*05a0*/                   STG.E [R2.64], R13 ;                               /* 0x0000000d02007986 */
                                                                                      /* 0x0003e8000c101908 */
        /*05b0*/                   LDG.E R12, [R4.64+0x14] ;                          /* 0x00001408040c7981 */
                                                                                      /* 0x000ea8000c1e1900 */
        /*05c0*/                   LDG.E R14, [R6.64+0x14] ;                          /* 0x00001408060e7981 */
                                                                                      /* 0x000ea4000c1e1900 */
        /*05d0*/                   FFMA R11, R12, R14, R13 ;                          /* 0x0000000e0c0b7223 */
                                                                                      /* 0x004fca000000000d */
        /*05e0*/                   STG.E [R2.64], R11 ;                               /* 0x0000000b02007986 */
                                                                                      /* 0x0005e8000c101908 */
        /*05f0*/                   LDG.E R12, [R4.64+0x18] ;                          /* 0x00001808040c7981 */
                                                                                      /* 0x000ee8000c1e1900 */
        /*0600*/                   LDG.E R14, [R6.64+0x18] ;                          /* 0x00001808060e7981 */
                                                                                      /* 0x000ee4000c1e1900 */
        /*0610*/                   FFMA R15, R12, R14, R11 ;                          /* 0x0000000e0c0f7223 */
                                                                                      /* 0x008fca000000000b */
        /*0620*/                   STG.E [R2.64], R15 ;                               /* 0x0000000f02007986 */
                                                                                      /* 0x0007e8000c101908 */
        /*0630*/                   LDG.E R12, [R4.64+0x1c] ;                          /* 0x00001c08040c7981 */
                                                                                      /* 0x000e68000c1e1900 */
        /*0640*/                   LDG.E R14, [R6.64+0x1c] ;                          /* 0x00001c08060e7981 */
                                                                                      /* 0x000e64000c1e1900 */
        /*0650*/                   FFMA R13, R12, R14, R15 ;                          /* 0x0000000e0c0d7223 */
                                                                                      /* 0x002fca000000000f */
        /*0660*/                   STG.E [R2.64], R13 ;                               /* 0x0000000d02007986 */
                                                                                      /* 0x0003e8000c101908 */
        /*0670*/                   LDG.E R12, [R4.64+0x20] ;                          /* 0x00002008040c7981 */
                                                                                      /* 0x000ea8000c1e1900 */
        /*0680*/                   LDG.E R14, [R6.64+0x20] ;                          /* 0x00002008060e7981 */
                                                                                      /* 0x000ea4000c1e1900 */
        /*0690*/                   FFMA R11, R12, R14, R13 ;                          /* 0x0000000e0c0b7223 */
                                                                                      /* 0x004fca000000000d */
        /*06a0*/                   STG.E [R2.64], R11 ;                               /* 0x0000000b02007986 */
                                                                                      /* 0x0005e8000c101908 */
        /*06b0*/                   LDG.E R12, [R4.64+0x24] ;                          /* 0x00002408040c7981 */
                                                                                      /* 0x000ee8000c1e1900 */
        /*06c0*/                   LDG.E R14, [R6.64+0x24] ;                          /* 0x00002408060e7981 */
                                                                                      /* 0x000ee4000c1e1900 */
        /*06d0*/                   FFMA R15, R12, R14, R11 ;                          /* 0x0000000e0c0f7223 */
                                                                                      /* 0x008fca000000000b */
        /*06e0*/                   STG.E [R2.64], R15 ;                               /* 0x0000000f02007986 */
                                                                                      /* 0x0007e8000c101908 */
        /*06f0*/                   LDG.E R12, [R4.64+0x28] ;                          /* 0x00002808040c7981 */
                                                                                      /* 0x000e68000c1e1900 */
        /*0700*/                   LDG.E R14, [R6.64+0x28] ;                          /* 0x00002808060e7981 */
                                                                                      /* 0x000e64000c1e1900 */
        /*0710*/                   FFMA R13, R12, R14, R15 ;                          /* 0x0000000e0c0d7223 */
                                                                                      /* 0x002fca000000000f */
        /*0720*/                   STG.E [R2.64], R13 ;                               /* 0x0000000d02007986 */
                                                                                      /* 0x0003e8000c101908 */
        /*0730*/                   LDG.E R12, [R4.64+0x2c] ;                          /* 0x00002c08040c7981 */
                                                                                      /* 0x000f28000c1e1900 */
        /*0740*/                   LDG.E R14, [R6.64+0x2c] ;                          /* 0x00002c08060e7981 */
                                                                                      /* 0x000f24000c1e1900 */
        /*0750*/                   FFMA R17, R12, R14, R13 ;                          /* 0x0000000e0c117223 */
                                                                                      /* 0x010fca000000000d */
        /*0760*/                   STG.E [R2.64], R17 ;                               /* 0x0000001102007986 */
                                                                                      /* 0x0009e8000c101908 */
        /*0770*/                   LDG.E R12, [R4.64+0x30] ;                          /* 0x00003008040c7981 */
                                                                                      /* 0x000ee8000c1e1900 */
        /*0780*/                   LDG.E R11, [R6.64+0x30] ;                          /* 0x00003008060b7981 */
                                                                                      /* 0x004ee2000c1e1900 */
        /*0790*/                   UIADD3 UR4, UR4, 0x10, URZ ;                       /* 0x0000001004047890 */
                                                                                      /* 0x000fe2000fffe03f */
        /*07a0*/                   FFMA R15, R12, R11, R17 ;                          /* 0x0000000b0c0f7223 */
                                                                                      /* 0x008fca0000000011 */
        /*07b0*/                   STG.E [R2.64], R15 ;                               /* 0x0000000f02007986 */
                                                                                      /* 0x0009e8000c101908 */
        /*07c0*/                   LDG.E R12, [R4.64+0x34] ;                          /* 0x00003408040c7981 */
                                                                                      /* 0x0004e8000c1e1900 */
        /*07d0*/                   LDG.E R11, [R6.64+0x34] ;                          /* 0x00003408060b7981 */
                                                                                      /* 0x000ee2000c1e1900 */
        /*07e0*/                   ISETP.LE.AND P1, PT, R16, UR4, PT ;                /* 0x0000000410007c0c */
                                                                                      /* 0x000fe4000bf23270 */
        /*07f0*/                   IADD3 R14, P2, R4, 0x40, RZ ;                      /* 0x00000040040e7810 */
                                                                                      /* 0x000fca0007f5e0ff */
        /*0800*/                   IMAD.X R5, RZ, RZ, R5, P2 ;                        /* 0x000000ffff057224 */
                                                                                      /* 0x004fe400010e0605 */
        /*0810*/                   IMAD.MOV.U32 R4, RZ, RZ, R14 ;                     /* 0x000000ffff047224 */
                                                                                      /* 0x000fe200078e000e */
        /*0820*/                   FFMA R11, R12, R11, R15 ;                          /* 0x0000000b0c0b7223 */
                                                                                      /* 0x008fe2000000000f */
        /*0830*/                   IADD3 R12, P3, R6, 0x40, RZ ;                      /* 0x00000040060c7810 */
                                                                                      /* 0x000fc80007f7e0ff */
        /*0840*/                   IADD3.X R13, RZ, R7, RZ, P3, !PT ;                 /* 0x00000007ff0d7210 */
                                                                                      /* 0x002fe20001ffe4ff */
        /*0850*/                   STG.E [R2.64], R11 ;                               /* 0x0000000b02007986 */
                                                                                      /* 0x0009e2000c101908 */
        /*0860*/                   MOV R6, R12 ;                                      /* 0x0000000c00067202 */
                                                                                      /* 0x000fc60000000f00 */
        /*0870*/                   IMAD.MOV.U32 R7, RZ, RZ, R13 ;                     /* 0x000000ffff077224 */
                                                                                      /* 0x000fe200078e000d */
        /*0880*/              @!P1 BRA 0x3f0 ;                                        /* 0xfffffb6000009947 */
                                                                                      /* 0x000fea000383ffff */
        /*0890*/                   IADD3 R12, R10, -UR4, RZ ;                         /* 0x800000040a0c7c10 */
                                                                                      /* 0x000fc8000fffe0ff */
        /*08a0*/                   ISETP.GT.AND P1, PT, R12, 0x4, PT ;                /* 0x000000040c00780c */
                                                                                      /* 0x000fda0003f24270 */
        /*08b0*/              @!P1 BRA 0xb50 ;                                        /* 0x0000029000009947 */
                                                                                      /* 0x000fea0003800000 */
        /*08c0*/                   LDG.E R12, [R4.64+-0x8] ;                          /* 0xfffff808040c7981 */
                                                                                      /* 0x000ee8000c1e1900 */
        /*08d0*/                   LDG.E R13, [R6.64+-0x8] ;                          /* 0xfffff808060d7981 */
                                                                                      /* 0x000ee4000c1e1900 */
        /*08e0*/                   FFMA R13, R12, R13, R11 ;                          /* 0x0000000d0c0d7223 */
                                                                                      /* 0x008fca000000000b */
        /*08f0*/                   STG.E [R2.64], R13 ;                               /* 0x0000000d02007986 */
                                                                                      /* 0x0003e8000c101908 */
        /*0900*/                   LDG.E R12, [R4.64+-0x4] ;                          /* 0xfffffc08040c7981 */
                                                                                      /* 0x000ee8000c1e1900 */
        /*0910*/                   LDG.E R11, [R6.64+-0x4] ;                          /* 0xfffffc08060b7981 */
                                                                                      /* 0x014ee4000c1e1900 */
        /*0920*/                   FFMA R11, R12, R11, R13 ;                          /* 0x0000000b0c0b7223 */
                                                                                      /* 0x008fca000000000d */
        /*0930*/                   STG.E [R2.64], R11 ;                               /* 0x0000000b02007986 */
                                                                                      /* 0x0005e8000c101908 */
        /*0940*/                   LDG.E R12, [R4.64] ;                               /* 0x00000008040c7981 */
                                                                                      /* 0x000ee8000c1e1900 */
        /*0950*/                   LDG.E R14, [R6.64] ;                               /* 0x00000008060e7981 */
                                                                                      /* 0x000ee4000c1e1900 */
        /*0960*/                   FFMA R15, R12, R14, R11 ;                          /* 0x0000000e0c0f7223 */
                                                                                      /* 0x008fca000000000b */
        /*0970*/                   STG.E [R2.64], R15 ;                               /* 0x0000000f02007986 */
                                                                                      /* 0x0007e8000c101908 */
        /*0980*/                   LDG.E R12, [R4.64+0x4] ;                           /* 0x00000408040c7981 */
                                                                                      /* 0x000e68000c1e1900 */
        /*0990*/                   LDG.E R14, [R6.64+0x4] ;                           /* 0x00000408060e7981 */
                                                                                      /* 0x000e64000c1e1900 */
        /*09a0*/                   FFMA R13, R12, R14, R15 ;                          /* 0x0000000e0c0d7223 */
                                                                                      /* 0x002fca000000000f */
        /*09b0*/                   STG.E [R2.64], R13 ;                               /* 0x0000000d02007986 */
                                                                                      /* 0x0003e8000c101908 */
        /*09c0*/                   LDG.E R12, [R4.64+0x8] ;                           /* 0x00000808040c7981 */
                                                                                      /* 0x000ea8000c1e1900 */
        /*09d0*/                   LDG.E R14, [R6.64+0x8] ;                           /* 0x00000808060e7981 */
                                                                                      /* 0x000ea4000c1e1900 */
        /*09e0*/                   FFMA R11, R12, R14, R13 ;                          /* 0x0000000e0c0b7223 */
                                                                                      /* 0x004fca000000000d */
        /*09f0*/                   STG.E [R2.64], R11 ;                               /* 0x0000000b02007986 */
                                                                                      /* 0x0005e8000c101908 */
        /*0a00*/                   LDG.E R12, [R4.64+0xc] ;                           /* 0x00000c08040c7981 */
                                                                                      /* 0x000ee8000c1e1900 */
        /*0a10*/                   LDG.E R14, [R6.64+0xc] ;                           /* 0x00000c08060e7981 */
                                                                                      /* 0x000ee4000c1e1900 */
        /*0a20*/                   FFMA R15, R12, R14, R11 ;                          /* 0x0000000e0c0f7223 */
                                                                                      /* 0x008fca000000000b */
        /*0a30*/                   STG.E [R2.64], R15 ;                               /* 0x0000000f02007986 */
                                                                                      /* 0x0007e8000c101908 */
        /*0a40*/                   LDG.E R12, [R4.64+0x10] ;                          /* 0x00001008040c7981 */
                                                                                      /* 0x000e68000c1e1900 */
        /*0a50*/                   LDG.E R14, [R6.64+0x10] ;                          /* 0x00001008060e7981 */
                                                                                      /* 0x000e64000c1e1900 */
        /*0a60*/                   FFMA R13, R12, R14, R15 ;                          /* 0x0000000e0c0d7223 */
                                                                                      /* 0x002fca000000000f */
        /*0a70*/                   STG.E [R2.64], R13 ;                               /* 0x0000000d02007986 */
                                                                                      /* 0x0003e8000c101908 */
        /*0a80*/                   LDG.E R12, [R4.64+0x14] ;                          /* 0x00001408040c7981 */
                                                                                      /* 0x000ea8000c1e1900 */
        /*0a90*/                   LDG.E R14, [R6.64+0x14] ;                          /* 0x00001408060e7981 */
                                                                                      /* 0x000ea2000c1e1900 */
        /*0aa0*/                   PLOP3.LUT P0, PT, PT, PT, PT, 0x8, 0x0 ;           /* 0x000000000000781c */
                                                                                      /* 0x000fe20003f0e170 */
        /*0ab0*/                   UIADD3 UR4, UR4, 0x8, URZ ;                        /* 0x0000000804047890 */
                                                                                      /* 0x000fe2000fffe03f */
        /*0ac0*/                   FFMA R11, R12, R14, R13 ;                          /* 0x0000000e0c0b7223 */
                                                                                      /* 0x004fe2000000000d */
        /*0ad0*/                   IADD3 R14, P1, R4, 0x20, RZ ;                      /* 0x00000020040e7810 */
                                                                                      /* 0x000fc40007f3e0ff */
        /*0ae0*/                   IADD3 R12, P2, R6, 0x20, RZ ;                      /* 0x00000020060c7810 */
                                                                                      /* 0x000fe40007f5e0ff */
        /*0af0*/                   STG.E [R2.64], R11 ;                               /* 0x0000000b02007986 */
                                                                                      /* 0x0003e2000c101908 */
        /*0b00*/                   IADD3.X R15, RZ, R5, RZ, P1, !PT ;                 /* 0x00000005ff0f7210 */
                                                                                      /* 0x008fe40000ffe4ff */
        /*0b10*/                   IMAD.X R7, RZ, RZ, R7, P2 ;                        /* 0x000000ffff077224 */
                                                                                      /* 0x000fe200010e0607 */
        /*0b20*/                   MOV R4, R14 ;                                      /* 0x0000000e00047202 */
                                                                                      /* 0x000fe40000000f00 */
        /*0b30*/                   IMAD.MOV.U32 R5, RZ, RZ, R15 ;                     /* 0x000000ffff057224 */
                                                                                      /* 0x000fe200078e000f */
        /*0b40*/                   MOV R6, R12 ;                                      /* 0x0000000c00067202 */
                                                                                      /* 0x000fe40000000f00 */
        /*0b50*/                   ISETP.NE.U32.OR P0, PT, R10, UR4, P0 ;             /* 0x000000040a007c0c */
                                                                                      /* 0x000fe40008705470 */
        /*0b60*/                   ISETP.NE.U32.AND P1, PT, R0, RZ, PT ;              /* 0x000000ff0000720c */
                                                                                      /* 0x000fd60003f25070 */
        /*0b70*/              @!P0 BRA 0xd30 ;                                        /* 0x000001b000008947 */
                                                                                      /* 0x000fea0003800000 */
        /*0b80*/                   LDG.E R12, [R4.64+-0x8] ;                          /* 0xfffff808040c7981 */
                                                                                      /* 0x000ee8000c1e1900 */
        /*0b90*/                   LDG.E R13, [R6.64+-0x8] ;                          /* 0xfffff808060d7981 */
                                                                                      /* 0x002ee4000c1e1900 */
        /*0ba0*/                   FFMA R13, R12, R13, R11 ;                          /* 0x0000000d0c0d7223 */
                                                                                      /* 0x008fca000000000b */
        /*0bb0*/                   STG.E [R2.64], R13 ;                               /* 0x0000000d02007986 */
                                                                                      /* 0x000fe8000c101908 */
        /*0bc0*/                   LDG.E R12, [R4.64+-0x4] ;                          /* 0xfffffc08040c7981 */
                                                                                      /* 0x000ee8000c1e1900 */
        /*0bd0*/                   LDG.E R11, [R6.64+-0x4] ;                          /* 0xfffffc08060b7981 */
                                                                                      /* 0x014ee4000c1e1900 */
        /*0be0*/                   FFMA R15, R12, R11, R13 ;                          /* 0x0000000b0c0f7223 */
                                                                                      /* 0x008fca000000000d */
        /*0bf0*/                   STG.E [R2.64], R15 ;                               /* 0x0000000f02007986 */
                                                                                      /* 0x0003e8000c101908 */
        /*0c00*/                   LDG.E R12, [R4.64] ;                               /* 0x00000008040c7981 */
                                                                                      /* 0x000ea8000c1e1900 */
        /*0c10*/                   LDG.E R11, [R6.64] ;                               /* 0x00000008060b7981 */
                                                                                      /* 0x000ea2000c1e1900 */
        /*0c20*/                   UIADD3 UR4, UR4, 0x4, URZ ;                        /* 0x0000000404047890 */
                                                                                      /* 0x000fe2000fffe03f */
        /*0c30*/                   FFMA R17, R12, R11, R15 ;                          /* 0x0000000b0c117223 */
                                                                                      /* 0x004fca000000000f */
        /*0c40*/                   STG.E [R2.64], R17 ;                               /* 0x0000001102007986 */
                                                                                      /* 0x0005e8000c101908 */
        /*0c50*/                   LDG.E R12, [R4.64+0x4] ;                           /* 0x00000408040c7981 */
                                                                                      /* 0x000728000c1e1900 */
        /*0c60*/                   LDG.E R11, [R6.64+0x4] ;                           /* 0x00000408060b7981 */
                                                                                      /* 0x000f22000c1e1900 */
        /*0c70*/                   ISETP.NE.U32.AND P0, PT, R10, UR4, PT ;            /* 0x000000040a007c0c */
                                                                                      /* 0x000fe4000bf05070 */
        /*0c80*/                   IADD3 R14, P2, R4, 0x10, RZ ;                      /* 0x00000010040e7810 */
                                                                                      /* 0x000fca0007f5e0ff */
        /*0c90*/                   IMAD.X R15, RZ, RZ, R5, P2 ;                       /* 0x000000ffff0f7224 */
                                                                                      /* 0x002fe400010e0605 */
        /*0ca0*/                   IMAD.MOV.U32 R4, RZ, RZ, R14 ;                     /* 0x000000ffff047224 */
                                                                                      /* 0x008fc600078e000e */
        /*0cb0*/                   MOV R5, R15 ;                                      /* 0x0000000f00057202 */
                                                                                      /* 0x000fe20000000f00 */
        /*0cc0*/                   FFMA R11, R12, R11, R17 ;                          /* 0x0000000b0c0b7223 */
                                                                                      /* 0x010fe20000000011 */
        /*0cd0*/                   IADD3 R12, P3, R6, 0x10, RZ ;                      /* 0x00000010060c7810 */
                                                                                      /* 0x000fc80007f7e0ff */
        /*0ce0*/                   IADD3.X R13, RZ, R7, RZ, P3, !PT ;                 /* 0x00000007ff0d7210 */
                                                                                      /* 0x000fe20001ffe4ff */
        /*0cf0*/                   STG.E [R2.64], R11 ;                               /* 0x0000000b02007986 */
                                                                                      /* 0x0005e2000c101908 */
        /*0d00*/                   IMAD.MOV.U32 R6, RZ, RZ, R12 ;                     /* 0x000000ffff067224 */
                                                                                      /* 0x000fe400078e000c */
        /*0d10*/                   MOV R7, R13 ;                                      /* 0x0000000d00077202 */
                                                                                      /* 0x000fe20000000f00 */
        /*0d20*/               @P0 BRA 0xb80 ;                                        /* 0xfffffe5000000947 */
                                                                                      /* 0x000fea000383ffff */
        /*0d30*/              @!P1 EXIT ;                                             /* 0x000000000000994d */
                                                                                      /* 0x000fea0003800000 */
        /*0d40*/                   IADD3 R6, P0, R8, R10, RZ ;                        /* 0x0000000a08067210 */
                                                                                      /* 0x000fe20007f1e0ff */
        /*0d50*/                   IMAD.WIDE.U32 R4, R10, R9, c[0x0][0x170] ;         /* 0x00005c000a047625 */
                                                                                      /* 0x000fc600078e0009 */
        /*0d60*/                   LEA R9, P1, R6, c[0x0][0x168], 0x2 ;               /* 0x00005a0006097a11 */
                                                                                      /* 0x000fe200078210ff */
        /*0d70*/                   IMAD.MOV.U32 R10, RZ, RZ, R4 ;                     /* 0x000000ffff0a7224 */
                                                                                      /* 0x000fe200078e0004 */
        /*0d80*/                   LEA.HI.X.SX32 R13, R8, RZ, 0x1, P0 ;               /* 0x000000ff080d7211 */
                                                                                      /* 0x002fe400000f0eff */
        /*0d90*/                   MOV R7, R5 ;                                       /* 0x0000000500077202 */
                                                                                      /* 0x000fe40000000f00 */
        /*0da0*/                   LEA.HI.X R8, R6, c[0x0][0x16c], R13, 0x2, P1 ;     /* 0x00005b0006087a11 */
                                                                                      /* 0x000fc600008f140d */
        /*0db0*/                   IMAD.MOV.U32 R4, RZ, RZ, R9 ;                      /* 0x000000ffff047224 */
                                                                                      /* 0x000fe200078e0009 */
        /*0dc0*/                   MOV R5, R8 ;                                       /* 0x0000000800057202 */
                                                                                      /* 0x000fe20000000f00 */
        /*0dd0*/                   IMAD.MOV.U32 R6, RZ, RZ, R10 ;                     /* 0x000000ffff067224 */
                                                                                      /* 0x000fc800078e000a */
        /*0de0*/                   LDG.E R4, [R4.64] ;                                /* 0x0000000804047981 */
                                                                                      /* 0x000ee8000c1e1900 */
        /*0df0*/                   LDG.E R6, [R6.64] ;                                /* 0x0000000806067981 */
                                                                                      /* 0x0022e2000c1e1900 */
        /*0e00*/                   IADD3 R0, R0, -0x1, RZ ;                           /* 0xffffffff00007810 */
                                                                                      /* 0x000fe40007ffe0ff */
        /*0e10*/                   IADD3 R9, P2, R9, 0x4, RZ ;                        /* 0x0000000409097810 */
                                                                                      /* 0x000fe40007f5e0ff */
        /*0e20*/                   ISETP.NE.U32.AND P0, PT, R0, RZ, PT ;              /* 0x000000ff0000720c */
                                                                                      /* 0x000fe40003f05070 */
        /*0e30*/                   IADD3 R10, P1, R10, 0x4, RZ ;                      /* 0x000000040a0a7810 */
                                                                                      /* 0x000fe20007f3e0ff */
        /*0e40*/                   IMAD.X R8, RZ, RZ, R8, P2 ;                        /* 0x000000ffff087224 */
                                                                                      /* 0x000fc600010e0608 */
        /*0e50*/                   IADD3.X R7, RZ, R7, RZ, P1, !PT ;                  /* 0x00000007ff077210 */
                                                                                      /* 0x002fe20000ffe4ff */
        /*0e60*/                   FFMA R11, R4, R6, R11 ;                            /* 0x00000006040b7223 */
                                                                                      /* 0x01cfca000000000b */
        /*0e70*/                   STG.E [R2.64], R11 ;                               /* 0x0000000b02007986 */
                                                                                      /* 0x0003e2000c101908 */
        /*0e80*/               @P0 BRA 0xdb0 ;                                        /* 0xffffff2000000947 */
                                                                                      /* 0x000fea000383ffff */
        /*0e90*/                   EXIT ;                                             /* 0x000000000000794d */
                                                                                      /* 0x000fea0003800000 */
        /*0ea0*/                   BRA 0xea0;                                         /* 0xfffffff000007947 */
                                                                                      /* 0x000fc0000383ffff */
        /*0eb0*/                   NOP;                                               /* 0x0000000000007918 */
                                                                                      /* 0x000fc00000000000 */
        /*0ec0*/                   NOP;                                               /* 0x0000000000007918 */
                                                                                      /* 0x000fc00000000000 */
        /*0ed0*/                   NOP;                                               /* 0x0000000000007918 */
                                                                                      /* 0x000fc00000000000 */
        /*0ee0*/                   NOP;                                               /* 0x0000000000007918 */
                                                                                      /* 0x000fc00000000000 */
        /*0ef0*/                   NOP;                                               /* 0x0000000000007918 */
                                                                                      /* 0x000fc00000000000 */
        /*0f00*/                   NOP;                                               /* 0x0000000000007918 */
                                                                                      /* 0x000fc00000000000 */
        /*0f10*/                   NOP;                                               /* 0x0000000000007918 */
                                                                                      /* 0x000fc00000000000 */
        /*0f20*/                   NOP;                                               /* 0x0000000000007918 */
                                                                                      /* 0x000fc00000000000 */
        /*0f30*/                   NOP;                                               /* 0x0000000000007918 */
                                                                                      /* 0x000fc00000000000 */
        /*0f40*/                   NOP;                                               /* 0x0000000000007918 */
                                                                                      /* 0x000fc00000000000 */
        /*0f50*/                   NOP;                                               /* 0x0000000000007918 */
                                                                                      /* 0x000fc00000000000 */
        /*0f60*/                   NOP;                                               /* 0x0000000000007918 */
                                                                                      /* 0x000fc00000000000 */
        /*0f70*/                   NOP;                                               /* 0x0000000000007918 */
                                                                                      /* 0x000fc00000000000 */
		..........


