
	code for sm_86
		Function : _Z11syrk_kerneliiffPfS___noalias
	.headerflags	@"EF_CUDA_TEXMODE_UNIFIED EF_CUDA_64BIT_ADDRESS EF_CUDA_SM86 EF_CUDA_VIRTUAL_SM(EF_CUDA_SM86)"
        /*0000*/                   MOV R1, c[0x0][0x28] ;                            /* 0x00000a0000017a02 */
                                                                                     /* 0x000fe40000000f00 */
        /*0010*/                   S2R R5, SR_CTAID.X ;                              /* 0x0000000000057919 */
                                                                                     /* 0x000e280000002500 */
        /*0020*/                   S2R R0, SR_TID.X ;                                /* 0x0000000000007919 */
                                                                                     /* 0x000e280000002100 */
        /*0030*/                   S2R R2, SR_CTAID.Y ;                              /* 0x0000000000027919 */
                                                                                     /* 0x000e680000002600 */
        /*0040*/                   S2R R3, SR_TID.Y ;                                /* 0x0000000000037919 */
                                                                                     /* 0x000e620000002200 */
        /*0050*/                   IMAD R5, R5, c[0x0][0x0], R0 ;                    /* 0x0000000005057a24 */
                                                                                     /* 0x001fc400078e0200 */
        /*0060*/                   IMAD R0, R2, c[0x0][0x4], R3 ;                    /* 0x0000010002007a24 */
                                                                                     /* 0x002fca00078e0203 */
        /*0070*/                   IMNMX R2, R5, R0, !PT ;                           /* 0x0000000005027217 */
                                                                                     /* 0x000fc80007800200 */
        /*0080*/                   ISETP.GE.AND P0, PT, R2, c[0x0][0x160], PT ;      /* 0x0000580002007a0c */
                                                                                     /* 0x000fda0003f06270 */
        /*0090*/               @P0 EXIT ;                                            /* 0x000000000000094d */
                                                                                     /* 0x000fea0003800000 */
        /*00a0*/                   SHF.L.U32 R0, R0, 0xa, RZ ;                       /* 0x0000000a00007819 */
                                                                                     /* 0x000fe200000006ff */
        /*00b0*/                   ULDC.64 UR6, c[0x0][0x118] ;                      /* 0x0000460000067ab9 */
                                                                                     /* 0x000fe20000000a00 */
        /*00c0*/                   MOV R7, 0x4 ;                                     /* 0x0000000400077802 */
                                                                                     /* 0x000fe40000000f00 */
        /*00d0*/                   IADD3 R2, R5, R0, RZ ;                            /* 0x0000000005027210 */
                                                                                     /* 0x000fca0007ffe0ff */
        /*00e0*/                   IMAD.WIDE R2, R2, R7, c[0x0][0x178] ;             /* 0x00005e0002027625 */
                                                                                     /* 0x000fca00078e0207 */
        /*00f0*/                   LDG.E R4, [R2.64] ;                               /* 0x0000000602047981 */
                                                                                     /* 0x000ea2000c1e1900 */
        /*0100*/                   MOV R6, c[0x0][0x164] ;                           /* 0x0000590000067a02 */
                                                                                     /* 0x000fc80000000f00 */
        /*0110*/                   ISETP.GE.AND P0, PT, R6, 0x1, PT ;                /* 0x000000010600780c */
                                                                                     /* 0x000fe20003f06270 */
        /*0120*/                   FMUL R21, R4, c[0x0][0x16c] ;                     /* 0x00005b0004157a20 */
                                                                                     /* 0x004fca0000400000 */
        /*0130*/                   STG.E [R2.64], R21 ;                              /* 0x0000001502007986 */
                                                                                     /* 0x0001ee000c101906 */
        /*0140*/              @!P0 EXIT ;                                            /* 0x000000000000894d */
                                                                                     /* 0x000fea0003800000 */
        /*0150*/                   ISETP.GE.U32.AND P0, PT, R6.reuse, 0x4, PT ;      /* 0x000000040600780c */
                                                                                     /* 0x040fe40003f06070 */
        /*0160*/                   SHF.L.U32 R8, R5, 0xa, RZ ;                       /* 0x0000000a05087819 */
                                                                                     /* 0x000fe400000006ff */
        /*0170*/                   LOP3.LUT R9, R6, 0x3, RZ, 0xc0, !PT ;             /* 0x0000000306097812 */
                                                                                     /* 0x000fc400078ec0ff */
        /*0180*/                   MOV R11, RZ ;                                     /* 0x000000ff000b7202 */
                                                                                     /* 0x000fce0000000f00 */
        /*0190*/              @!P0 BRA 0xcf0 ;                                       /* 0x00000b5000008947 */
                                                                                     /* 0x000fea0003800000 */
        /*01a0*/                   LOP3.LUT R11, R6, 0x7ffffffc, RZ, 0xc0, !PT ;     /* 0x7ffffffc060b7812 */
                                                                                     /* 0x000fe200078ec0ff */
        /*01b0*/                   IMAD.WIDE.U32 R12, R0, R7.reuse, c[0x0][0x170] ;  /* 0x00005c00000c7625 */
                                                                                     /* 0x080fe200078e0007 */
        /*01c0*/                   UMOV UR4, URZ ;                                   /* 0x0000003f00047c82 */
                                                                                     /* 0x000fe40008000000 */
        /*01d0*/                   ISETP.GT.U32.AND P1, PT, R11, RZ, PT ;            /* 0x000000ff0b00720c */
                                                                                     /* 0x000fe20003f24070 */
        /*01e0*/                   IMAD.WIDE R4, R8, R7, c[0x0][0x170] ;             /* 0x00005c0008047625 */
                                                                                     /* 0x000fe200078e0207 */
        /*01f0*/                   IADD3 R6, P0, R12, 0x8, RZ ;                      /* 0x000000080c067810 */
                                                                                     /* 0x000fc80007f1e0ff */
        /*0200*/                   IADD3 R4, P2, R4, 0x8, RZ ;                       /* 0x0000000804047810 */
                                                                                     /* 0x000fe40007f5e0ff */
        /*0210*/                   IADD3.X R7, RZ, R13, RZ, P0, !PT ;                /* 0x0000000dff077210 */
                                                                                     /* 0x000fe400007fe4ff */
        /*0220*/                   IADD3.X R5, RZ, R5, RZ, P2, !PT ;                 /* 0x00000005ff057210 */
                                                                                     /* 0x000fe400017fe4ff */
        /*0230*/                   PLOP3.LUT P0, PT, PT, PT, PT, 0x80, 0x0 ;         /* 0x000000000000781c */
                                                                                     /* 0x000fe20003f0f070 */
        /*0240*/               @P1 BRA 0x3d0 ;                                       /* 0x0000018000001947 */
                                                                                     /* 0x000fea0003800000 */
        /*0250*/                   LDG.E.CONSTANT R10, [R6.64+-0x8] ;                /* 0xfffff806060a7981 */
                                                                                     /* 0x000ea8000c1e9900 */
        /*0260*/                   LDG.E.CONSTANT R12, [R4.64+-0x8] ;                /* 0xfffff806040c7981 */
                                                                                     /* 0x000ee8000c1e9900 */
        /*0270*/                   LDG.E.CONSTANT R13, [R6.64+-0x4] ;                /* 0xfffffc06060d7981 */
                                                                                     /* 0x000f28000c1e9900 */
        /*0280*/                   LDG.E.CONSTANT R14, [R4.64+-0x4] ;                /* 0xfffffc06040e7981 */
                                                                                     /* 0x000368000c1e9900 */
        /*0290*/                   LDG.E.CONSTANT R15, [R6.64] ;                     /* 0x00000006060f7981 */
                                                                                     /* 0x000f68000c1e9900 */
        /*02a0*/                   LDG.E.CONSTANT R16, [R4.64] ;                     /* 0x0000000604107981 */
                                                                                     /* 0x000368000c1e9900 */
        /*02b0*/                   LDG.E.CONSTANT R17, [R6.64+0x4] ;                 /* 0x0000040606117981 */
                                                                                     /* 0x000168000c1e9900 */
        /*02c0*/                   LDG.E.CONSTANT R18, [R4.64+0x4] ;                 /* 0x0000040604127981 */
                                                                                     /* 0x000362000c1e9900 */
        /*02d0*/                   PLOP3.LUT P0, PT, PT, PT, PT, 0x8, 0x0 ;          /* 0x000000000000781c */
                                                                                     /* 0x000fe20003f0e170 */
        /*02e0*/                   UMOV UR4, 0x4 ;                                   /* 0x0000000400047882 */
                                                                                     /* 0x000fe20000000000 */
        /*02f0*/                   FMUL R10, R10, c[0x0][0x168] ;                    /* 0x00005a000a0a7a20 */
                                                                                     /* 0x004fc80000400000 */
        /*0300*/                   FFMA R10, R10, R12, R21 ;                         /* 0x0000000c0a0a7223 */
                                                                                     /* 0x008fe20000000015 */
        /*0310*/                   IADD3 R12, P2, R4, 0x10, RZ ;                     /* 0x00000010040c7810 */
                                                                                     /* 0x000fe20007f5e0ff */
        /*0320*/                   FMUL R13, R13, c[0x0][0x168] ;                    /* 0x00005a000d0d7a20 */
                                                                                     /* 0x010fc60000400000 */
        /*0330*/                   IADD3.X R5, RZ, R5, RZ, P2, !PT ;                 /* 0x00000005ff057210 */
                                                                                     /* 0x002fe400017fe4ff */
        /*0340*/                   MOV R4, R12 ;                                     /* 0x0000000c00047202 */
                                                                                     /* 0x000fe20000000f00 */
        /*0350*/                   FFMA R10, R13, R14, R10 ;                         /* 0x0000000e0d0a7223 */
                                                                                     /* 0x020fe2000000000a */
        /*0360*/                   IADD3 R13, P1, R6, 0x10, RZ ;                     /* 0x00000010060d7810 */
                                                                                     /* 0x000fe20007f3e0ff */
        /*0370*/                   FMUL R15, R15, c[0x0][0x168] ;                    /* 0x00005a000f0f7a20 */
                                                                                     /* 0x000fc60000400000 */
        /*0380*/                   IADD3.X R7, RZ, R7, RZ, P1, !PT ;                 /* 0x00000007ff077210 */
                                                                                     /* 0x001fe40000ffe4ff */
        /*0390*/                   MOV R6, R13 ;                                     /* 0x0000000d00067202 */
                                                                                     /* 0x000fe20000000f00 */
        /*03a0*/                   FFMA R10, R15, R16, R10 ;                         /* 0x000000100f0a7223 */
                                                                                     /* 0x000fe2000000000a */
        /*03b0*/                   FMUL R17, R17, c[0x0][0x168] ;                    /* 0x00005a0011117a20 */
                                                                                     /* 0x000fc80000400000 */
        /*03c0*/                   FFMA R21, R17, R18, R10 ;                         /* 0x0000001211157223 */
                                                                                     /* 0x000fe2000000000a */
        /*03d0*/                   IADD3 R10, R11, -UR4, RZ ;                        /* 0x800000040b0a7c10 */
                                                                                     /* 0x000fc8000fffe0ff */
        /*03e0*/                   ISETP.GT.AND P1, PT, R10, 0xc, PT ;               /* 0x0000000c0a00780c */
                                                                                     /* 0x000fda0003f24270 */
        /*03f0*/              @!P1 BRA 0x8a0 ;                                       /* 0x000004a000009947 */
                                                                                     /* 0x000fea0003800000 */
        /*0400*/                   PLOP3.LUT P0, PT, PT, PT, PT, 0x8, 0x0 ;          /* 0x000000000000781c */
                                                                                     /* 0x000fe40003f0e170 */
        /*0410*/                   IADD3 R31, R11, -0xc, RZ ;                        /* 0xfffffff40b1f7810 */
                                                                                     /* 0x000fe40007ffe0ff */
        /*0420*/                   LDG.E.CONSTANT R10, [R6.64+-0x8] ;                /* 0xfffff806060a7981 */
                                                                                     /* 0x000ea8000c1e9900 */
        /*0430*/                   LDG.E.CONSTANT R22, [R4.64+-0x8] ;                /* 0xfffff80604167981 */
                                                                                     /* 0x000ee8000c1e9900 */
        /*0440*/                   LDG.E.CONSTANT R23, [R6.64+-0x4] ;                /* 0xfffffc0606177981 */
                                                                                     /* 0x000f28000c1e9900 */
        /*0450*/                   LDG.E.CONSTANT R30, [R4.64+-0x4] ;                /* 0xfffffc06041e7981 */
                                                                                     /* 0x000f68000c1e9900 */
        /*0460*/                   LDG.E.CONSTANT R32, [R6.64] ;                     /* 0x0000000606207981 */
                                                                                     /* 0x000f68000c1e9900 */
        /*0470*/                   LDG.E.CONSTANT R28, [R4.64] ;                     /* 0x00000006041c7981 */
                                                                                     /* 0x000f68000c1e9900 */
        /*0480*/                   LDG.E.CONSTANT R27, [R6.64+0x4] ;                 /* 0x00000406061b7981 */
                                                                                     /* 0x000f68000c1e9900 */
        /*0490*/                   LDG.E.CONSTANT R26, [R4.64+0x4] ;                 /* 0x00000406041a7981 */
                                                                                     /* 0x000f68000c1e9900 */
        /*04a0*/                   LDG.E.CONSTANT R25, [R6.64+0x8] ;                 /* 0x0000080606197981 */
                                                                                     /* 0x000f68000c1e9900 */
        /*04b0*/                   LDG.E.CONSTANT R24, [R4.64+0x8] ;                 /* 0x0000080604187981 */
                                                                                     /* 0x000f68000c1e9900 */
        /*04c0*/                   LDG.E.CONSTANT R19, [R6.64+0xc] ;                 /* 0x00000c0606137981 */
                                                                                     /* 0x000f68000c1e9900 */
        /*04d0*/                   LDG.E.CONSTANT R18, [R4.64+0xc] ;                 /* 0x00000c0604127981 */
                                                                                     /* 0x000f68000c1e9900 */
        /*04e0*/                   LDG.E.CONSTANT R16, [R6.64+0x10] ;                /* 0x0000100606107981 */
                                                                                     /* 0x000f68000c1e9900 */
        /*04f0*/                   LDG.E.CONSTANT R17, [R4.64+0x10] ;                /* 0x0000100604117981 */
                                                                                     /* 0x000f68000c1e9900 */
        /*0500*/                   LDG.E.CONSTANT R14, [R6.64+0x14] ;                /* 0x00001406060e7981 */
                                                                                     /* 0x000f68000c1e9900 */
        /*0510*/                   LDG.E.CONSTANT R15, [R4.64+0x14] ;                /* 0x00001406040f7981 */
                                                                                     /* 0x000f68000c1e9900 */
        /*0520*/                   LDG.E.CONSTANT R12, [R6.64+0x18] ;                /* 0x00001806060c7981 */
                                                                                     /* 0x000f68000c1e9900 */
        /*0530*/                   LDG.E.CONSTANT R13, [R4.64+0x18] ;                /* 0x00001806040d7981 */
                                                                                     /* 0x000f68000c1e9900 */
        /*0540*/                   LDG.E.CONSTANT R33, [R4.64+0x2c] ;                /* 0x00002c0604217981 */
                                                                                     /* 0x000f62000c1e9900 */
        /*0550*/                   FMUL R20, R10, c[0x0][0x168] ;                    /* 0x00005a000a147a20 */
                                                                                     /* 0x004fc60000400000 */
        /*0560*/                   LDG.E.CONSTANT R10, [R6.64+0x1c] ;                /* 0x00001c06060a7981 */
                                                                                     /* 0x0002a2000c1e9900 */
        /*0570*/                   FFMA R20, R20, R22, R21 ;                         /* 0x0000001614147223 */
                                                                                     /* 0x008fc60000000015 */
        /*0580*/                   LDG.E.CONSTANT R21, [R6.64+0x20] ;                /* 0x0000200606157981 */
                                                                                     /* 0x0012e2000c1e9900 */
        /*0590*/                   FMUL R29, R23, c[0x0][0x168] ;                    /* 0x00005a00171d7a20 */
                                                                                     /* 0x010fc60000400000 */
        /*05a0*/                   LDG.E.CONSTANT R23, [R4.64+0x1c] ;                /* 0x00001c0604177981 */
                                                                                     /* 0x000f22000c1e9900 */
        /*05b0*/                   FFMA R29, R29, R30, R20 ;                         /* 0x0000001e1d1d7223 */
                                                                                     /* 0x020fc60000000014 */
        /*05c0*/                   LDG.E.CONSTANT R22, [R4.64+0x20] ;                /* 0x0000200604167981 */
                                                                                     /* 0x000f62000c1e9900 */
        /*05d0*/                   FMUL R32, R32, c[0x0][0x168] ;                    /* 0x00005a0020207a20 */
                                                                                     /* 0x000fc60000400000 */
        /*05e0*/                   LDG.E.CONSTANT R20, [R6.64+0x24] ;                /* 0x0000240606147981 */
                                                                                     /* 0x000362000c1e9900 */
        /*05f0*/                   FFMA R29, R32, R28, R29 ;                         /* 0x0000001c201d7223 */
                                                                                     /* 0x000fc6000000001d */
        /*0600*/                   LDG.E.CONSTANT R28, [R6.64+0x28] ;                /* 0x00002806061c7981 */
                                                                                     /* 0x000362000c1e9900 */
        /*0610*/                   FMUL R30, R27, c[0x0][0x168] ;                    /* 0x00005a001b1e7a20 */
                                                                                     /* 0x000fc60000400000 */
        /*0620*/                   LDG.E.CONSTANT R27, [R4.64+0x24] ;                /* 0x00002406041b7981 */
                                                                                     /* 0x000f62000c1e9900 */
        /*0630*/                   FFMA R29, R30, R26, R29 ;                         /* 0x0000001a1e1d7223 */
                                                                                     /* 0x000fc6000000001d */
        /*0640*/                   LDG.E.CONSTANT R26, [R4.64+0x28] ;                /* 0x00002806041a7981 */
                                                                                     /* 0x000f62000c1e9900 */
        /*0650*/                   FMUL R30, R25, c[0x0][0x168] ;                    /* 0x00005a00191e7a20 */
                                                                                     /* 0x000fc60000400000 */
        /*0660*/                   LDG.E.CONSTANT R25, [R6.64+0x2c] ;                /* 0x00002c0606197981 */
                                                                                     /* 0x000362000c1e9900 */
        /*0670*/                   FFMA R35, R30, R24, R29 ;                         /* 0x000000181e237223 */
                                                                                     /* 0x000fc6000000001d */
        /*0680*/                   LDG.E.CONSTANT R30, [R6.64+0x30] ;                /* 0x00003006061e7981 */
                                                                                     /* 0x000368000c1e9900 */
        /*0690*/                   LDG.E.CONSTANT R24, [R4.64+0x30] ;                /* 0x0000300604187981 */
                                                                                     /* 0x000f68000c1e9900 */
        /*06a0*/                   LDG.E.CONSTANT R29, [R6.64+0x34] ;                /* 0x00003406061d7981 */
                                                                                     /* 0x000368000c1e9900 */
        /*06b0*/                   LDG.E.CONSTANT R32, [R4.64+0x34] ;                /* 0x0000340604207981 */
                                                                                     /* 0x000162000c1e9900 */
        /*06c0*/                   FMUL R34, R19, c[0x0][0x168] ;                    /* 0x00005a0013227a20 */
                                                                                     /* 0x000fe20000400000 */
        /*06d0*/                   FMUL R19, R16, c[0x0][0x168] ;                    /* 0x00005a0010137a20 */
                                                                                     /* 0x000fc60000400000 */
        /*06e0*/                   FFMA R18, R34, R18, R35 ;                         /* 0x0000001222127223 */
                                                                                     /* 0x000fc80000000023 */
        /*06f0*/                   FFMA R18, R19, R17, R18 ;                         /* 0x0000001113127223 */
                                                                                     /* 0x000fe20000000012 */
        /*0700*/                   FMUL R17, R14, c[0x0][0x168] ;                    /* 0x00005a000e117a20 */
                                                                                     /* 0x000fc80000400000 */
        /*0710*/                   FFMA R18, R17, R15, R18 ;                         /* 0x0000000f11127223 */
                                                                                     /* 0x000fe20000000012 */
        /*0720*/                   FMUL R15, R12, c[0x0][0x168] ;                    /* 0x00005a000c0f7a20 */
                                                                                     /* 0x000fc80000400000 */
        /*0730*/                   FFMA R18, R15, R13, R18 ;                         /* 0x0000000d0f127223 */
                                                                                     /* 0x000fe20000000012 */
        /*0740*/                   UIADD3 UR4, UR4, 0x10, URZ ;                      /* 0x0000001004047890 */
                                                                                     /* 0x000fe2000fffe03f */
        /*0750*/                   IADD3 R6, P1, R6, 0x40, RZ ;                      /* 0x0000004006067810 */
                                                                                     /* 0x002fc80007f3e0ff */
        /*0760*/                   IADD3.X R7, RZ, R7, RZ, P1, !PT ;                 /* 0x00000007ff077210 */
                                                                                     /* 0x000fe40000ffe4ff */
        /*0770*/                   ISETP.LE.AND P1, PT, R31, UR4, PT ;               /* 0x000000041f007c0c */
                                                                                     /* 0x000fe2000bf23270 */
        /*0780*/                   FMUL R13, R10, c[0x0][0x168] ;                    /* 0x00005a000a0d7a20 */
                                                                                     /* 0x004fe20000400000 */
        /*0790*/                   FMUL R10, R21, c[0x0][0x168] ;                    /* 0x00005a00150a7a20 */
                                                                                     /* 0x008fc60000400000 */
        /*07a0*/                   FFMA R13, R13, R23, R18 ;                         /* 0x000000170d0d7223 */
                                                                                     /* 0x010fc80000000012 */
        /*07b0*/                   FFMA R10, R10, R22, R13 ;                         /* 0x000000160a0a7223 */
                                                                                     /* 0x020fe2000000000d */
        /*07c0*/                   FMUL R13, R20, c[0x0][0x168] ;                    /* 0x00005a00140d7a20 */
                                                                                     /* 0x000fe20000400000 */
        /*07d0*/                   FMUL R28, R28, c[0x0][0x168] ;                    /* 0x00005a001c1c7a20 */
                                                                                     /* 0x000fc60000400000 */
        /*07e0*/                   FFMA R13, R13, R27, R10 ;                         /* 0x0000001b0d0d7223 */
                                                                                     /* 0x000fc8000000000a */
        /*07f0*/                   FFMA R26, R28, R26, R13 ;                         /* 0x0000001a1c1a7223 */
                                                                                     /* 0x000fe2000000000d */
        /*0800*/                   FMUL R25, R25, c[0x0][0x168] ;                    /* 0x00005a0019197a20 */
                                                                                     /* 0x000fe20000400000 */
        /*0810*/                   IADD3 R10, P2, R4, 0x40, RZ ;                     /* 0x00000040040a7810 */
                                                                                     /* 0x000fc60007f5e0ff */
        /*0820*/                   FFMA R25, R25, R33, R26 ;                         /* 0x0000002119197223 */
                                                                                     /* 0x000fe2000000001a */
        /*0830*/                   FMUL R30, R30, c[0x0][0x168] ;                    /* 0x00005a001e1e7a20 */
                                                                                     /* 0x000fc80000400000 */
        /*0840*/                   FFMA R25, R30, R24, R25 ;                         /* 0x000000181e197223 */
                                                                                     /* 0x000fe20000000019 */
        /*0850*/                   FMUL R4, R29, c[0x0][0x168] ;                     /* 0x00005a001d047a20 */
                                                                                     /* 0x001fe20000400000 */
        /*0860*/                   IADD3.X R5, RZ, R5, RZ, P2, !PT ;                 /* 0x00000005ff057210 */
                                                                                     /* 0x000fc600017fe4ff */
        /*0870*/                   FFMA R21, R4, R32, R25 ;                          /* 0x0000002004157223 */
                                                                                     /* 0x000fe20000000019 */
        /*0880*/                   MOV R4, R10 ;                                     /* 0x0000000a00047202 */
                                                                                     /* 0x000fe20000000f00 */
        /*0890*/              @!P1 BRA 0x420 ;                                       /* 0xfffffb8000009947 */
                                                                                     /* 0x000fea000383ffff */
        /*08a0*/                   IADD3 R10, R11, -UR4, RZ ;                        /* 0x800000040b0a7c10 */
                                                                                     /* 0x000fc8000fffe0ff */
        /*08b0*/                   ISETP.GT.AND P1, PT, R10, 0x4, PT ;               /* 0x000000040a00780c */
                                                                                     /* 0x000fda0003f24270 */
        /*08c0*/              @!P1 BRA 0xb30 ;                                       /* 0x0000026000009947 */
                                                                                     /* 0x000fea0003800000 */
        /*08d0*/                   LDG.E.CONSTANT R19, [R6.64+-0x8] ;                /* 0xfffff80606137981 */
                                                                                     /* 0x0002a8000c1e9900 */
        /*08e0*/                   LDG.E.CONSTANT R22, [R4.64+-0x8] ;                /* 0xfffff80604167981 */
                                                                                     /* 0x000728000c1e9900 */
        /*08f0*/                   LDG.E.CONSTANT R23, [R6.64+-0x4] ;                /* 0xfffffc0606177981 */
                                                                                     /* 0x000368000c1e9900 */
        /*0900*/                   LDG.E.CONSTANT R24, [R4.64+-0x4] ;                /* 0xfffffc0604187981 */
                                                                                     /* 0x000768000c1e9900 */
        /*0910*/                   LDG.E.CONSTANT R25, [R6.64] ;                     /* 0x0000000606197981 */
                                                                                     /* 0x000368000c1e9900 */
        /*0920*/                   LDG.E.CONSTANT R26, [R4.64] ;                     /* 0x00000006041a7981 */
                                                                                     /* 0x000768000c1e9900 */
        /*0930*/                   LDG.E.CONSTANT R27, [R6.64+0x4] ;                 /* 0x00000406061b7981 */
                                                                                     /* 0x000368000c1e9900 */
        /*0940*/                   LDG.E.CONSTANT R28, [R4.64+0x4] ;                 /* 0x00000406041c7981 */
                                                                                     /* 0x000768000c1e9900 */
        /*0950*/                   LDG.E.CONSTANT R16, [R6.64+0x8] ;                 /* 0x0000080606107981 */
                                                                                     /* 0x000368000c1e9900 */
        /*0960*/                   LDG.E.CONSTANT R17, [R4.64+0x8] ;                 /* 0x0000080604117981 */
                                                                                     /* 0x000768000c1e9900 */
        /*0970*/                   LDG.E.CONSTANT R18, [R6.64+0xc] ;                 /* 0x00000c0606127981 */
                                                                                     /* 0x000368000c1e9900 */
        /*0980*/                   LDG.E.CONSTANT R15, [R4.64+0xc] ;                 /* 0x00000c06040f7981 */
                                                                                     /* 0x000768000c1e9900 */
        /*0990*/                   LDG.E.CONSTANT R14, [R6.64+0x10] ;                /* 0x00001006060e7981 */
                                                                                     /* 0x000368000c1e9900 */
        /*09a0*/                   LDG.E.CONSTANT R13, [R4.64+0x10] ;                /* 0x00001006040d7981 */
                                                                                     /* 0x000768000c1e9900 */
        /*09b0*/                   LDG.E.CONSTANT R12, [R6.64+0x14] ;                /* 0x00001406060c7981 */
                                                                                     /* 0x000368000c1e9900 */
        /*09c0*/                   LDG.E.CONSTANT R10, [R4.64+0x14] ;                /* 0x00001406040a7981 */
                                                                                     /* 0x000762000c1e9900 */
        /*09d0*/                   PLOP3.LUT P0, PT, PT, PT, PT, 0x8, 0x0 ;          /* 0x000000000000781c */
                                                                                     /* 0x000fe20003f0e170 */
        /*09e0*/                   UIADD3 UR4, UR4, 0x8, URZ ;                       /* 0x0000000804047890 */
                                                                                     /* 0x000fe2000fffe03f */
        /*09f0*/                   IADD3 R6, P1, R6, 0x20, RZ ;                      /* 0x0000002006067810 */
                                                                                     /* 0x002fc40007f3e0ff */
        /*0a00*/                   IADD3 R4, P2, R4, 0x20, RZ ;                      /* 0x0000002004047810 */
                                                                                     /* 0x008fe40007f5e0ff */
        /*0a10*/                   IADD3.X R7, RZ, R7, RZ, P1, !PT ;                 /* 0x00000007ff077210 */
                                                                                     /* 0x000fe40000ffe4ff */
        /*0a20*/                   IADD3.X R5, RZ, R5, RZ, P2, !PT ;                 /* 0x00000005ff057210 */
                                                                                     /* 0x000fe200017fe4ff */
        /*0a30*/                   FMUL R20, R19, c[0x0][0x168] ;                    /* 0x00005a0013147a20 */
                                                                                     /* 0x004fc80000400000 */
        /*0a40*/                   FFMA R20, R20, R22, R21 ;                         /* 0x0000001614147223 */
                                                                                     /* 0x010fe20000000015 */
        /*0a50*/                   FMUL R23, R23, c[0x0][0x168] ;                    /* 0x00005a0017177a20 */
                                                                                     /* 0x020fc80000400000 */
        /*0a60*/                   FFMA R20, R23, R24, R20 ;                         /* 0x0000001817147223 */
                                                                                     /* 0x000fe20000000014 */
        /*0a70*/                   FMUL R25, R25, c[0x0][0x168] ;                    /* 0x00005a0019197a20 */
                                                                                     /* 0x000fc80000400000 */
        /*0a80*/                   FFMA R20, R25, R26, R20 ;                         /* 0x0000001a19147223 */
                                                                                     /* 0x000fe20000000014 */
        /*0a90*/                   FMUL R27, R27, c[0x0][0x168] ;                    /* 0x00005a001b1b7a20 */
                                                                                     /* 0x000fc80000400000 */
        /*0aa0*/                   FFMA R27, R27, R28, R20 ;                         /* 0x0000001c1b1b7223 */
                                                                                     /* 0x000fe20000000014 */
        /*0ab0*/                   FMUL R16, R16, c[0x0][0x168] ;                    /* 0x00005a0010107a20 */
                                                                                     /* 0x000fc80000400000 */
        /*0ac0*/                   FFMA R16, R16, R17, R27 ;                         /* 0x0000001110107223 */
                                                                                     /* 0x000fe2000000001b */
        /*0ad0*/                   FMUL R17, R18, c[0x0][0x168] ;                    /* 0x00005a0012117a20 */
                                                                                     /* 0x000fc80000400000 */
        /*0ae0*/                   FFMA R16, R17, R15, R16 ;                         /* 0x0000000f11107223 */
                                                                                     /* 0x000fe20000000010 */
        /*0af0*/                   FMUL R15, R14, c[0x0][0x168] ;                    /* 0x00005a000e0f7a20 */
                                                                                     /* 0x000fc80000400000 */
        /*0b00*/                   FFMA R13, R15, R13, R16 ;                         /* 0x0000000d0f0d7223 */
                                                                                     /* 0x000fe20000000010 */
        /*0b10*/                   FMUL R12, R12, c[0x0][0x168] ;                    /* 0x00005a000c0c7a20 */
                                                                                     /* 0x000fc80000400000 */
        /*0b20*/                   FFMA R21, R12, R10, R13 ;                         /* 0x0000000a0c157223 */
                                                                                     /* 0x001fe2000000000d */
        /*0b30*/                   ISETP.NE.U32.OR P0, PT, R11, UR4, P0 ;            /* 0x000000040b007c0c */
                                                                                     /* 0x000fe40008705470 */
        /*0b40*/                   ISETP.NE.U32.AND P1, PT, R9, RZ, PT ;             /* 0x000000ff0900720c */
                                                                                     /* 0x000fd60003f25070 */
        /*0b50*/              @!P0 BRA 0xce0 ;                                       /* 0x0000018000008947 */
                                                                                     /* 0x000fea0003800000 */
        /*0b60*/                   LDG.E.CONSTANT R10, [R6.64+-0x8] ;                /* 0xfffff806060a7981 */
                                                                                     /* 0x000ea8000c1e9900 */
        /*0b70*/                   LDG.E.CONSTANT R12, [R4.64+-0x8] ;                /* 0xfffff806040c7981 */
                                                                                     /* 0x0002e8000c1e9900 */
        /*0b80*/                   LDG.E.CONSTANT R13, [R6.64+-0x4] ;                /* 0xfffffc06060d7981 */
                                                                                     /* 0x000f28000c1e9900 */
        /*0b90*/                   LDG.E.CONSTANT R14, [R4.64+-0x4] ;                /* 0xfffffc06040e7981 */
                                                                                     /* 0x000368000c1e9900 */
        /*0ba0*/                   LDG.E.CONSTANT R15, [R6.64] ;                     /* 0x00000006060f7981 */
                                                                                     /* 0x000168000c1e9900 */
        /*0bb0*/                   LDG.E.CONSTANT R16, [R4.64] ;                     /* 0x0000000604107981 */
                                                                                     /* 0x000368000c1e9900 */
        /*0bc0*/                   LDG.E.CONSTANT R17, [R6.64+0x4] ;                 /* 0x0000040606117981 */
                                                                                     /* 0x000168000c1e9900 */
        /*0bd0*/                   LDG.E.CONSTANT R18, [R4.64+0x4] ;                 /* 0x0000040604127981 */
                                                                                     /* 0x000362000c1e9900 */
        /*0be0*/                   UIADD3 UR4, UR4, 0x4, URZ ;                       /* 0x0000000404047890 */
                                                                                     /* 0x000fe2000fffe03f */
        /*0bf0*/                   IADD3 R4, P2, R4, 0x10, RZ ;                      /* 0x0000001004047810 */
                                                                                     /* 0x002fc80007f5e0ff */
        /*0c00*/                   IADD3.X R5, RZ, R5, RZ, P2, !PT ;                 /* 0x00000005ff057210 */
                                                                                     /* 0x000fe200017fe4ff */
        /*0c10*/                   FMUL R10, R10, c[0x0][0x168] ;                    /* 0x00005a000a0a7a20 */
                                                                                     /* 0x004fc80000400000 */
        /*0c20*/                   FFMA R12, R10, R12, R21 ;                         /* 0x0000000c0a0c7223 */
                                                                                     /* 0x008fe20000000015 */
        /*0c30*/                   IADD3 R10, P0, R6, 0x10, RZ ;                     /* 0x00000010060a7810 */
                                                                                     /* 0x000fe20007f1e0ff */
        /*0c40*/                   FMUL R13, R13, c[0x0][0x168] ;                    /* 0x00005a000d0d7a20 */
                                                                                     /* 0x010fc60000400000 */
        /*0c50*/                   IADD3.X R7, RZ, R7, RZ, P0, !PT ;                 /* 0x00000007ff077210 */
                                                                                     /* 0x001fe400007fe4ff */
        /*0c60*/                   ISETP.NE.U32.AND P0, PT, R11, UR4, PT ;           /* 0x000000040b007c0c */
                                                                                     /* 0x000fe2000bf05070 */
        /*0c70*/                   FFMA R12, R13, R14, R12 ;                         /* 0x0000000e0d0c7223 */
                                                                                     /* 0x020fe2000000000c */
        /*0c80*/                   MOV R6, R10 ;                                     /* 0x0000000a00067202 */
                                                                                     /* 0x000fe20000000f00 */
        /*0c90*/                   FMUL R15, R15, c[0x0][0x168] ;                    /* 0x00005a000f0f7a20 */
                                                                                     /* 0x000fc80000400000 */
        /*0ca0*/                   FFMA R12, R15, R16, R12 ;                         /* 0x000000100f0c7223 */
                                                                                     /* 0x000fe2000000000c */
        /*0cb0*/                   FMUL R17, R17, c[0x0][0x168] ;                    /* 0x00005a0011117a20 */
                                                                                     /* 0x000fc80000400000 */
        /*0cc0*/                   FFMA R21, R17, R18, R12 ;                         /* 0x0000001211157223 */
                                                                                     /* 0x000fe2000000000c */
        /*0cd0*/               @P0 BRA 0xb60 ;                                       /* 0xfffffe8000000947 */
                                                                                     /* 0x000fea000383ffff */
        /*0ce0*/              @!P1 BRA 0xe60 ;                                       /* 0x0000017000009947 */
                                                                                     /* 0x000fea0003800000 */
        /*0cf0*/                   IADD3 R4, P0, R8, R11.reuse, RZ ;                 /* 0x0000000b08047210 */
                                                                                     /* 0x080fe40007f1e0ff */
        /*0d00*/                   IADD3 R0, P2, R0, R11, RZ ;                       /* 0x0000000b00007210 */
                                                                                     /* 0x000fe40007f5e0ff */
        /*0d10*/                   LEA R10, P1, R4, c[0x0][0x170], 0x2 ;             /* 0x00005c00040a7a11 */
                                                                                     /* 0x000fe400078210ff */
        /*0d20*/                   LEA R7, P3, R0, c[0x0][0x170], 0x2 ;              /* 0x00005c0000077a11 */
                                                                                     /* 0x000fe400078610ff */
        /*0d30*/                   LEA.HI.X.SX32 R11, R8, RZ, 0x1, P0 ;              /* 0x000000ff080b7211 */
                                                                                     /* 0x000fe400000f0eff */
        /*0d40*/                   IADD3.X R5, RZ, RZ, RZ, P2, !PT ;                 /* 0x000000ffff057210 */
                                                                                     /* 0x000fc400017fe4ff */
        /*0d50*/                   LEA.HI.X R11, R4, c[0x0][0x174], R11, 0x2, P1 ;   /* 0x00005d00040b7a11 */
                                                                                     /* 0x000fe400008f140b */
        /*0d60*/                   LEA.HI.X R8, R0, c[0x0][0x174], R5, 0x2, P3 ;     /* 0x00005d0000087a11 */
                                                                                     /* 0x000fe400018f1405 */
        /*0d70*/                   MOV R4, R7 ;                                      /* 0x0000000700047202 */
                                                                                     /* 0x000fe40000000f00 */
        /*0d80*/                   MOV R5, R8 ;                                      /* 0x0000000800057202 */
                                                                                     /* 0x000fca0000000f00 */
        /*0d90*/                   LDG.E.CONSTANT R0, [R4.64] ;                      /* 0x0000000604007981 */
                                                                                     /* 0x0002a4000c1e9900 */
        /*0da0*/                   MOV R4, R10 ;                                     /* 0x0000000a00047202 */
                                                                                     /* 0x002fe40000000f00 */
        /*0db0*/                   MOV R5, R11 ;                                     /* 0x0000000b00057202 */
                                                                                     /* 0x000fca0000000f00 */
        /*0dc0*/                   LDG.E.CONSTANT R6, [R4.64] ;                      /* 0x0000000604067981 */
                                                                                     /* 0x000ee2000c1e9900 */
        /*0dd0*/                   IADD3 R9, R9, -0x1, RZ ;                          /* 0xffffffff09097810 */
                                                                                     /* 0x000fe40007ffe0ff */
        /*0de0*/                   IADD3 R10, P1, R10, 0x4, RZ ;                     /* 0x000000040a0a7810 */
                                                                                     /* 0x000fe40007f3e0ff */
        /*0df0*/                   ISETP.NE.U32.AND P0, PT, R9, RZ, PT ;             /* 0x000000ff0900720c */
                                                                                     /* 0x000fe40003f05070 */
        /*0e00*/                   IADD3 R7, P2, R7, 0x4, RZ ;                       /* 0x0000000407077810 */
                                                                                     /* 0x000fe40007f5e0ff */
        /*0e10*/                   IADD3.X R11, RZ, R11, RZ, P1, !PT ;               /* 0x0000000bff0b7210 */
                                                                                     /* 0x000fe40000ffe4ff */
        /*0e20*/                   IADD3.X R8, RZ, R8, RZ, P2, !PT ;                 /* 0x00000008ff087210 */
                                                                                     /* 0x000fe200017fe4ff */
        /*0e30*/                   FMUL R0, R0, c[0x0][0x168] ;                      /* 0x00005a0000007a20 */
                                                                                     /* 0x004fc80000400000 */
        /*0e40*/                   FFMA R21, R0, R6, R21 ;                           /* 0x0000000600157223 */
                                                                                     /* 0x009fe40000000015 */
        /*0e50*/               @P0 BRA 0xd70 ;                                       /* 0xffffff1000000947 */
                                                                                     /* 0x000fea000383ffff */
        /*0e60*/                   STG.E [R2.64], R21 ;                              /* 0x0000001502007986 */
                                                                                     /* 0x000fe2000c101906 */
        /*0e70*/                   EXIT ;                                            /* 0x000000000000794d */
                                                                                     /* 0x000fea0003800000 */
        /*0e80*/                   BRA 0xe80;                                        /* 0xfffffff000007947 */
                                                                                     /* 0x000fc0000383ffff */
        /*0e90*/                   NOP;                                              /* 0x0000000000007918 */
                                                                                     /* 0x000fc00000000000 */
        /*0ea0*/                   NOP;                                              /* 0x0000000000007918 */
                                                                                     /* 0x000fc00000000000 */
        /*0eb0*/                   NOP;                                              /* 0x0000000000007918 */
                                                                                     /* 0x000fc00000000000 */
        /*0ec0*/                   NOP;                                              /* 0x0000000000007918 */
                                                                                     /* 0x000fc00000000000 */
        /*0ed0*/                   NOP;                                              /* 0x0000000000007918 */
                                                                                     /* 0x000fc00000000000 */
        /*0ee0*/                   NOP;                                              /* 0x0000000000007918 */
                                                                                     /* 0x000fc00000000000 */
        /*0ef0*/                   NOP;                                              /* 0x0000000000007918 */
                                                                                     /* 0x000fc00000000000 */
        /*0f00*/                   NOP;                                              /* 0x0000000000007918 */
                                                                                     /* 0x000fc00000000000 */
        /*0f10*/                   NOP;                                              /* 0x0000000000007918 */
                                                                                     /* 0x000fc00000000000 */
        /*0f20*/                   NOP;                                              /* 0x0000000000007918 */
                                                                                     /* 0x000fc00000000000 */
        /*0f30*/                   NOP;                                              /* 0x0000000000007918 */
                                                                                     /* 0x000fc00000000000 */
        /*0f40*/                   NOP;                                              /* 0x0000000000007918 */
                                                                                     /* 0x000fc00000000000 */
        /*0f50*/                   NOP;                                              /* 0x0000000000007918 */
                                                                                     /* 0x000fc00000000000 */
        /*0f60*/                   NOP;                                              /* 0x0000000000007918 */
                                                                                     /* 0x000fc00000000000 */
        /*0f70*/                   NOP;                                              /* 0x0000000000007918 */
                                                                                     /* 0x000fc00000000000 */
		..........


		Function : _Z11syrk_kerneliiffPfS_
	.headerflags	@"EF_CUDA_TEXMODE_UNIFIED EF_CUDA_64BIT_ADDRESS EF_CUDA_SM86 EF_CUDA_VIRTUAL_SM(EF_CUDA_SM86)"
        /*0000*/                   MOV R1, c[0x0][0x28] ;                            /* 0x00000a0000017a02 */
                                                                                     /* 0x000fe40000000f00 */
        /*0010*/                   S2R R9, SR_CTAID.X ;                              /* 0x0000000000097919 */
                                                                                     /* 0x000e280000002500 */
        /*0020*/                   S2R R0, SR_TID.X ;                                /* 0x0000000000007919 */
                                                                                     /* 0x000e280000002100 */
        /*0030*/                   S2R R8, SR_CTAID.Y ;                              /* 0x0000000000087919 */
                                                                                     /* 0x000e680000002600 */
        /*0040*/                   S2R R3, SR_TID.Y ;                                /* 0x0000000000037919 */
                                                                                     /* 0x000e620000002200 */
        /*0050*/                   IMAD R9, R9, c[0x0][0x0], R0 ;                    /* 0x0000000009097a24 */
                                                                                     /* 0x001fc400078e0200 */
        /*0060*/                   IMAD R8, R8, c[0x0][0x4], R3 ;                    /* 0x0000010008087a24 */
                                                                                     /* 0x002fca00078e0203 */
        /*0070*/                   IMNMX R0, R9, R8, !PT ;                           /* 0x0000000809007217 */
                                                                                     /* 0x000fc80007800200 */
        /*0080*/                   ISETP.GE.AND P0, PT, R0, c[0x0][0x160], PT ;      /* 0x0000580000007a0c */
                                                                                     /* 0x000fda0003f06270 */
        /*0090*/               @P0 EXIT ;                                            /* 0x000000000000094d */
                                                                                     /* 0x000fea0003800000 */
        /*00a0*/                   SHF.L.U32 R8, R8, 0xa, RZ ;                       /* 0x0000000a08087819 */
                                                                                     /* 0x000fe200000006ff */
        /*00b0*/                   ULDC.64 UR6, c[0x0][0x118] ;                      /* 0x0000460000067ab9 */
                                                                                     /* 0x000fe20000000a00 */
        /*00c0*/                   MOV R7, 0x4 ;                                     /* 0x0000000400077802 */
                                                                                     /* 0x000fe40000000f00 */
        /*00d0*/                   IADD3 R2, R9, R8, RZ ;                            /* 0x0000000809027210 */
                                                                                     /* 0x000fca0007ffe0ff */
        /*00e0*/                   IMAD.WIDE R2, R2, R7, c[0x0][0x178] ;             /* 0x00005e0002027625 */
                                                                                     /* 0x000fca00078e0207 */
        /*00f0*/                   LDG.E R0, [R2.64] ;                               /* 0x0000000602007981 */
                                                                                     /* 0x000ea2000c1e1900 */
        /*0100*/                   MOV R4, c[0x0][0x164] ;                           /* 0x0000590000047a02 */
                                                                                     /* 0x000fc80000000f00 */
        /*0110*/                   ISETP.GE.AND P0, PT, R4, 0x1, PT ;                /* 0x000000010400780c */
                                                                                     /* 0x000fe20003f06270 */
        /*0120*/                   FMUL R11, R0, c[0x0][0x16c] ;                     /* 0x00005b00000b7a20 */
                                                                                     /* 0x004fca0000400000 */
        /*0130*/                   STG.E [R2.64], R11 ;                              /* 0x0000000b02007986 */
                                                                                     /* 0x0001ee000c101906 */
        /*0140*/              @!P0 EXIT ;                                            /* 0x000000000000894d */
                                                                                     /* 0x000fea0003800000 */
        /*0150*/                   ISETP.GE.U32.AND P0, PT, R4.reuse, 0x4, PT ;      /* 0x000000040400780c */
                                                                                     /* 0x040fe40003f06070 */
        /*0160*/                   SHF.L.U32 R9, R9, 0xa, RZ ;                       /* 0x0000000a09097819 */
                                                                                     /* 0x000fe400000006ff */
        /*0170*/                   LOP3.LUT R0, R4, 0x3, RZ, 0xc0, !PT ;             /* 0x0000000304007812 */
                                                                                     /* 0x000fc400078ec0ff */
        /*0180*/                   MOV R10, RZ ;                                     /* 0x000000ff000a7202 */
                                                                                     /* 0x000fce0000000f00 */
        /*0190*/              @!P0 BRA 0xeb0 ;                                       /* 0x00000d1000008947 */
                                                                                     /* 0x000fea0003800000 */
        /*01a0*/                   LOP3.LUT R10, R4, 0x7ffffffc, RZ, 0xc0, !PT ;     /* 0x7ffffffc040a7812 */
                                                                                     /* 0x000fe200078ec0ff */
        /*01b0*/                   IMAD.WIDE.U32 R12, R8, R7.reuse, c[0x0][0x170] ;  /* 0x00005c00080c7625 */
                                                                                     /* 0x080fe200078e0007 */
        /*01c0*/                   UMOV UR4, URZ ;                                   /* 0x0000003f00047c82 */
                                                                                     /* 0x000fe40008000000 */
        /*01d0*/                   ISETP.GT.U32.AND P1, PT, R10, RZ, PT ;            /* 0x000000ff0a00720c */
                                                                                     /* 0x000fe20003f24070 */
        /*01e0*/                   IMAD.WIDE R6, R9, R7, c[0x0][0x170] ;             /* 0x00005c0009067625 */
                                                                                     /* 0x000fe200078e0207 */
        /*01f0*/                   IADD3 R4, P0, R12, 0x8, RZ ;                      /* 0x000000080c047810 */
                                                                                     /* 0x000fc80007f1e0ff */
        /*0200*/                   IADD3 R6, P2, R6, 0x8, RZ ;                       /* 0x0000000806067810 */
                                                                                     /* 0x000fe40007f5e0ff */
        /*0210*/                   IADD3.X R5, RZ, R13, RZ, P0, !PT ;                /* 0x0000000dff057210 */
                                                                                     /* 0x000fe400007fe4ff */
        /*0220*/                   IADD3.X R7, RZ, R7, RZ, P2, !PT ;                 /* 0x00000007ff077210 */
                                                                                     /* 0x000fe400017fe4ff */
        /*0230*/                   PLOP3.LUT P0, PT, PT, PT, PT, 0x80, 0x0 ;         /* 0x000000000000781c */
                                                                                     /* 0x000fe20003f0f070 */
        /*0240*/               @P1 BRA 0x3f0 ;                                       /* 0x000001a000001947 */
                                                                                     /* 0x000fea0003800000 */
        /*0250*/                   LDG.E R12, [R4.64+-0x8] ;                         /* 0xfffff806040c7981 */
                                                                                     /* 0x000ea8000c1e1900 */
        /*0260*/                   LDG.E R13, [R6.64+-0x8] ;                         /* 0xfffff806060d7981 */
                                                                                     /* 0x000ee2000c1e1900 */
        /*0270*/                   FMUL R12, R12, c[0x0][0x168] ;                    /* 0x00005a000c0c7a20 */
                                                                                     /* 0x004fc80000400000 */
        /*0280*/                   FFMA R13, R12, R13, R11 ;                         /* 0x0000000d0c0d7223 */
                                                                                     /* 0x008fca000000000b */
        /*0290*/                   STG.E [R2.64], R13 ;                              /* 0x0000000d02007986 */
                                                                                     /* 0x0003e8000c101906 */
        /*02a0*/                   LDG.E R11, [R4.64+-0x4] ;                         /* 0xfffffc06040b7981 */
                                                                                     /* 0x001ea8000c1e1900 */
        /*02b0*/                   LDG.E R14, [R6.64+-0x4] ;                         /* 0xfffffc06060e7981 */
                                                                                     /* 0x000ee2000c1e1900 */
        /*02c0*/                   FMUL R12, R11, c[0x0][0x168] ;                    /* 0x00005a000b0c7a20 */
                                                                                     /* 0x004fc80000400000 */
        /*02d0*/                   FFMA R15, R12, R14, R13 ;                         /* 0x0000000e0c0f7223 */
                                                                                     /* 0x008fca000000000d */
        /*02e0*/                   STG.E [R2.64], R15 ;                              /* 0x0000000f02007986 */
                                                                                     /* 0x0001e8000c101906 */
        /*02f0*/                   LDG.E R11, [R4.64] ;                              /* 0x00000006040b7981 */
                                                                                     /* 0x000ea8000c1e1900 */
        /*0300*/                   LDG.E R14, [R6.64] ;                              /* 0x00000006060e7981 */
                                                                                     /* 0x000ee2000c1e1900 */
        /*0310*/                   FMUL R12, R11, c[0x0][0x168] ;                    /* 0x00005a000b0c7a20 */
                                                                                     /* 0x004fc80000400000 */
        /*0320*/                   FFMA R17, R12, R14, R15 ;                         /* 0x0000000e0c117223 */
                                                                                     /* 0x008fca000000000f */
        /*0330*/                   STG.E [R2.64], R17 ;                              /* 0x0000001102007986 */
                                                                                     /* 0x0001e8000c101906 */
        /*0340*/                   LDG.E R11, [R4.64+0x4] ;                          /* 0x00000406040b7981 */
                                                                                     /* 0x0004e8000c1e1900 */
        /*0350*/                   LDG.E R13, [R6.64+0x4] ;                          /* 0x00000406060d7981 */
                                                                                     /* 0x002322000c1e1900 */
        /*0360*/                   PLOP3.LUT P0, PT, PT, PT, PT, 0x8, 0x0 ;          /* 0x000000000000781c */
                                                                                     /* 0x000fe20003f0e170 */
        /*0370*/                   UMOV UR4, 0x4 ;                                   /* 0x0000000400047882 */
                                                                                     /* 0x000fe20000000000 */
        /*0380*/                   IADD3 R4, P1, R4, 0x10, RZ ;                      /* 0x0000001004047810 */
                                                                                     /* 0x004fc40007f3e0ff */
        /*0390*/                   IADD3 R6, P2, R6, 0x10, RZ ;                      /* 0x0000001006067810 */
                                                                                     /* 0x002fe40007f5e0ff */
        /*03a0*/                   IADD3.X R5, RZ, R5, RZ, P1, !PT ;                 /* 0x00000005ff057210 */
                                                                                     /* 0x000fe40000ffe4ff */
        /*03b0*/                   IADD3.X R7, RZ, R7, RZ, P2, !PT ;                 /* 0x00000007ff077210 */
                                                                                     /* 0x000fe200017fe4ff */
        /*03c0*/                   FMUL R12, R11, c[0x0][0x168] ;                    /* 0x00005a000b0c7a20 */
                                                                                     /* 0x008fc80000400000 */
        /*03d0*/                   FFMA R11, R12, R13, R17 ;                         /* 0x0000000d0c0b7223 */
                                                                                     /* 0x010fca0000000011 */
        /*03e0*/                   STG.E [R2.64], R11 ;                              /* 0x0000000b02007986 */
                                                                                     /* 0x0001e4000c101906 */
        /*03f0*/                   IADD3 R12, R10, -UR4, RZ ;                        /* 0x800000040a0c7c10 */
                                                                                     /* 0x000fc8000fffe0ff */
        /*0400*/                   ISETP.GT.AND P1, PT, R12, 0xc, PT ;               /* 0x0000000c0c00780c */
                                                                                     /* 0x000fda0003f24270 */
        /*0410*/              @!P1 BRA 0x9b0 ;                                       /* 0x0000059000009947 */
                                                                                     /* 0x000fea0003800000 */
        /*0420*/                   PLOP3.LUT P0, PT, PT, PT, PT, 0x8, 0x0 ;          /* 0x000000000000781c */
                                                                                     /* 0x000fe40003f0e170 */
        /*0430*/                   IADD3 R16, R10, -0xc, RZ ;                        /* 0xfffffff40a107810 */
                                                                                     /* 0x000fe40007ffe0ff */
        /*0440*/                   LDG.E R12, [R4.64+-0x8] ;                         /* 0xfffff806040c7981 */
                                                                                     /* 0x000ea8000c1e1900 */
        /*0450*/                   LDG.E R13, [R6.64+-0x8] ;                         /* 0xfffff806060d7981 */
                                                                                     /* 0x000ee2000c1e1900 */
        /*0460*/                   FMUL R12, R12, c[0x0][0x168] ;                    /* 0x00005a000c0c7a20 */
                                                                                     /* 0x004fc80000400000 */
        /*0470*/                   FFMA R13, R12, R13, R11 ;                         /* 0x0000000d0c0d7223 */
                                                                                     /* 0x008fca000000000b */
        /*0480*/                   STG.E [R2.64], R13 ;                              /* 0x0000000d02007986 */
                                                                                     /* 0x0003e8000c101906 */
        /*0490*/                   LDG.E R11, [R4.64+-0x4] ;                         /* 0xfffffc06040b7981 */
                                                                                     /* 0x001ea8000c1e1900 */
        /*04a0*/                   LDG.E R14, [R6.64+-0x4] ;                         /* 0xfffffc06060e7981 */
                                                                                     /* 0x000ee2000c1e1900 */
        /*04b0*/                   FMUL R12, R11, c[0x0][0x168] ;                    /* 0x00005a000b0c7a20 */
                                                                                     /* 0x004fc80000400000 */
        /*04c0*/                   FFMA R11, R12, R14, R13 ;                         /* 0x0000000e0c0b7223 */
                                                                                     /* 0x008fca000000000d */
        /*04d0*/                   STG.E [R2.64], R11 ;                              /* 0x0000000b02007986 */
                                                                                     /* 0x0001e8000c101906 */
        /*04e0*/                   LDG.E R12, [R4.64] ;                              /* 0x00000006040c7981 */
                                                                                     /* 0x000ea8000c1e1900 */
        /*04f0*/                   LDG.E R14, [R6.64] ;                              /* 0x00000006060e7981 */
                                                                                     /* 0x000ee2000c1e1900 */
        /*0500*/                   FMUL R12, R12, c[0x0][0x168] ;                    /* 0x00005a000c0c7a20 */
                                                                                     /* 0x004fc80000400000 */
        /*0510*/                   FFMA R15, R12, R14, R11 ;                         /* 0x0000000e0c0f7223 */
                                                                                     /* 0x008fca000000000b */
        /*0520*/                   STG.E [R2.64], R15 ;                              /* 0x0000000f02007986 */
                                                                                     /* 0x0005e8000c101906 */
        /*0530*/                   LDG.E R12, [R4.64+0x4] ;                          /* 0x00000406040c7981 */
                                                                                     /* 0x000ee8000c1e1900 */
        /*0540*/                   LDG.E R13, [R6.64+0x4] ;                          /* 0x00000406060d7981 */
                                                                                     /* 0x002f22000c1e1900 */
        /*0550*/                   FMUL R12, R12, c[0x0][0x168] ;                    /* 0x00005a000c0c7a20 */
                                                                                     /* 0x008fc80000400000 */
        /*0560*/                   FFMA R13, R12, R13, R15 ;                         /* 0x0000000d0c0d7223 */
                                                                                     /* 0x010fca000000000f */
        /*0570*/                   STG.E [R2.64], R13 ;                              /* 0x0000000d02007986 */
                                                                                     /* 0x0003e8000c101906 */
        /*0580*/                   LDG.E R11, [R4.64+0x8] ;                          /* 0x00000806040b7981 */
                                                                                     /* 0x001ee8000c1e1900 */
        /*0590*/                   LDG.E R14, [R6.64+0x8] ;                          /* 0x00000806060e7981 */
                                                                                     /* 0x000f22000c1e1900 */
        /*05a0*/                   FMUL R12, R11, c[0x0][0x168] ;                    /* 0x00005a000b0c7a20 */
                                                                                     /* 0x008fc80000400000 */
        /*05b0*/                   FFMA R11, R12, R14, R13 ;                         /* 0x0000000e0c0b7223 */
                                                                                     /* 0x010fca000000000d */
        /*05c0*/                   STG.E [R2.64], R11 ;                              /* 0x0000000b02007986 */
                                                                                     /* 0x0001e8000c101906 */
        /*05d0*/                   LDG.E R12, [R4.64+0xc] ;                          /* 0x00000c06040c7981 */
                                                                                     /* 0x000ee8000c1e1900 */
        /*05e0*/                   LDG.E R14, [R6.64+0xc] ;                          /* 0x00000c06060e7981 */
                                                                                     /* 0x000ea2000c1e1900 */
        /*05f0*/                   FMUL R12, R12, c[0x0][0x168] ;                    /* 0x00005a000c0c7a20 */
                                                                                     /* 0x008fc80000400000 */
        /*0600*/                   FFMA R15, R12, R14, R11 ;                         /* 0x0000000e0c0f7223 */
                                                                                     /* 0x004fca000000000b */
        /*0610*/                   STG.E [R2.64], R15 ;                              /* 0x0000000f02007986 */
                                                                                     /* 0x0005e8000c101906 */
        /*0620*/                   LDG.E R12, [R4.64+0x10] ;                         /* 0x00001006040c7981 */
                                                                                     /* 0x000ee8000c1e1900 */
        /*0630*/                   LDG.E R13, [R6.64+0x10] ;                         /* 0x00001006060d7981 */
                                                                                     /* 0x002f22000c1e1900 */
        /*0640*/                   FMUL R12, R12, c[0x0][0x168] ;                    /* 0x00005a000c0c7a20 */
                                                                                     /* 0x008fc80000400000 */
        /*0650*/                   FFMA R13, R12, R13, R15 ;                         /* 0x0000000d0c0d7223 */
                                                                                     /* 0x010fca000000000f */
        /*0660*/                   STG.E [R2.64], R13 ;                              /* 0x0000000d02007986 */
                                                                                     /* 0x0003e8000c101906 */
        /*0670*/                   LDG.E R11, [R4.64+0x14] ;                         /* 0x00001406040b7981 */
                                                                                     /* 0x001ee8000c1e1900 */
        /*0680*/                   LDG.E R14, [R6.64+0x14] ;                         /* 0x00001406060e7981 */
                                                                                     /* 0x000f22000c1e1900 */
        /*0690*/                   FMUL R12, R11, c[0x0][0x168] ;                    /* 0x00005a000b0c7a20 */
                                                                                     /* 0x008fc80000400000 */
        /*06a0*/                   FFMA R11, R12, R14, R13 ;                         /* 0x0000000e0c0b7223 */
                                                                                     /* 0x010fca000000000d */
        /*06b0*/                   STG.E [R2.64], R11 ;                              /* 0x0000000b02007986 */
                                                                                     /* 0x0001e8000c101906 */
        /*06c0*/                   LDG.E R12, [R4.64+0x18] ;                         /* 0x00001806040c7981 */
                                                                                     /* 0x000ee8000c1e1900 */
        /*06d0*/                   LDG.E R14, [R6.64+0x18] ;                         /* 0x00001806060e7981 */
                                                                                     /* 0x000ea2000c1e1900 */
        /*06e0*/                   FMUL R12, R12, c[0x0][0x168] ;                    /* 0x00005a000c0c7a20 */
                                                                                     /* 0x008fc80000400000 */
        /*06f0*/                   FFMA R15, R12, R14, R11 ;                         /* 0x0000000e0c0f7223 */
                                                                                     /* 0x004fca000000000b */
        /*0700*/                   STG.E [R2.64], R15 ;                              /* 0x0000000f02007986 */
                                                                                     /* 0x0005e8000c101906 */
        /*0710*/                   LDG.E R12, [R4.64+0x1c] ;                         /* 0x00001c06040c7981 */
                                                                                     /* 0x000ee8000c1e1900 */
        /*0720*/                   LDG.E R13, [R6.64+0x1c] ;                         /* 0x00001c06060d7981 */
                                                                                     /* 0x002f22000c1e1900 */
        /*0730*/                   FMUL R12, R12, c[0x0][0x168] ;                    /* 0x00005a000c0c7a20 */
                                                                                     /* 0x008fc80000400000 */
        /*0740*/                   FFMA R13, R12, R13, R15 ;                         /* 0x0000000d0c0d7223 */
                                                                                     /* 0x010fca000000000f */
        /*0750*/                   STG.E [R2.64], R13 ;                              /* 0x0000000d02007986 */
                                                                                     /* 0x0003e8000c101906 */
        /*0760*/                   LDG.E R11, [R4.64+0x20] ;                         /* 0x00002006040b7981 */
                                                                                     /* 0x001ee8000c1e1900 */
        /*0770*/                   LDG.E R14, [R6.64+0x20] ;                         /* 0x00002006060e7981 */
                                                                                     /* 0x000f22000c1e1900 */
        /*0780*/                   FMUL R12, R11, c[0x0][0x168] ;                    /* 0x00005a000b0c7a20 */
                                                                                     /* 0x008fc80000400000 */
        /*0790*/                   FFMA R11, R12, R14, R13 ;                         /* 0x0000000e0c0b7223 */
                                                                                     /* 0x010fca000000000d */
        /*07a0*/                   STG.E [R2.64], R11 ;                              /* 0x0000000b02007986 */
                                                                                     /* 0x0001e8000c101906 */
        /*07b0*/                   LDG.E R12, [R4.64+0x24] ;                         /* 0x00002406040c7981 */
                                                                                     /* 0x000ee8000c1e1900 */
        /*07c0*/                   LDG.E R14, [R6.64+0x24] ;                         /* 0x00002406060e7981 */
                                                                                     /* 0x000ea2000c1e1900 */
        /*07d0*/                   FMUL R12, R12, c[0x0][0x168] ;                    /* 0x00005a000c0c7a20 */
                                                                                     /* 0x008fc80000400000 */
        /*07e0*/                   FFMA R15, R12, R14, R11 ;                         /* 0x0000000e0c0f7223 */
                                                                                     /* 0x004fca000000000b */
        /*07f0*/                   STG.E [R2.64], R15 ;                              /* 0x0000000f02007986 */
                                                                                     /* 0x0005e8000c101906 */
        /*0800*/                   LDG.E R12, [R4.64+0x28] ;                         /* 0x00002806040c7981 */
                                                                                     /* 0x000ee8000c1e1900 */
        /*0810*/                   LDG.E R13, [R6.64+0x28] ;                         /* 0x00002806060d7981 */
                                                                                     /* 0x002f22000c1e1900 */
        /*0820*/                   FMUL R12, R12, c[0x0][0x168] ;                    /* 0x00005a000c0c7a20 */
                                                                                     /* 0x008fc80000400000 */
        /*0830*/                   FFMA R13, R12, R13, R15 ;                         /* 0x0000000d0c0d7223 */
                                                                                     /* 0x010fca000000000f */
        /*0840*/                   STG.E [R2.64], R13 ;                              /* 0x0000000d02007986 */
                                                                                     /* 0x0003e8000c101906 */
        /*0850*/                   LDG.E R11, [R4.64+0x2c] ;                         /* 0x00002c06040b7981 */
                                                                                     /* 0x001ee8000c1e1900 */
        /*0860*/                   LDG.E R14, [R6.64+0x2c] ;                         /* 0x00002c06060e7981 */
                                                                                     /* 0x000f22000c1e1900 */
        /*0870*/                   FMUL R12, R11, c[0x0][0x168] ;                    /* 0x00005a000b0c7a20 */
                                                                                     /* 0x008fc80000400000 */
        /*0880*/                   FFMA R17, R12, R14, R13 ;                         /* 0x0000000e0c117223 */
                                                                                     /* 0x010fca000000000d */
        /*0890*/                   STG.E [R2.64], R17 ;                              /* 0x0000001102007986 */
                                                                                     /* 0x0001e8000c101906 */
        /*08a0*/                   LDG.E R11, [R4.64+0x30] ;                         /* 0x00003006040b7981 */
                                                                                     /* 0x000ee8000c1e1900 */
        /*08b0*/                   LDG.E R14, [R6.64+0x30] ;                         /* 0x00003006060e7981 */
                                                                                     /* 0x000ea2000c1e1900 */
        /*08c0*/                   FMUL R12, R11, c[0x0][0x168] ;                    /* 0x00005a000b0c7a20 */
                                                                                     /* 0x008fc80000400000 */
        /*08d0*/                   FFMA R15, R12, R14, R17 ;                         /* 0x0000000e0c0f7223 */
                                                                                     /* 0x004fca0000000011 */
        /*08e0*/                   STG.E [R2.64], R15 ;                              /* 0x0000000f02007986 */
                                                                                     /* 0x0001e8000c101906 */
        /*08f0*/                   LDG.E R11, [R4.64+0x34] ;                         /* 0x00003406040b7981 */
                                                                                     /* 0x0004e8000c1e1900 */
        /*0900*/                   LDG.E R13, [R6.64+0x34] ;                         /* 0x00003406060d7981 */
                                                                                     /* 0x002322000c1e1900 */
        /*0910*/                   UIADD3 UR4, UR4, 0x10, URZ ;                      /* 0x0000001004047890 */
                                                                                     /* 0x000fe2000fffe03f */
        /*0920*/                   IADD3 R4, P2, R4, 0x40, RZ ;                      /* 0x0000004004047810 */
                                                                                     /* 0x004fca0007f5e0ff */
        /*0930*/                   ISETP.LE.AND P1, PT, R16, UR4, PT ;               /* 0x0000000410007c0c */
                                                                                     /* 0x000fe4000bf23270 */
        /*0940*/                   IADD3 R6, P3, R6, 0x40, RZ ;                      /* 0x0000004006067810 */
                                                                                     /* 0x002fe40007f7e0ff */
        /*0950*/                   IADD3.X R5, RZ, R5, RZ, P2, !PT ;                 /* 0x00000005ff057210 */
                                                                                     /* 0x000fe400017fe4ff */
        /*0960*/                   IADD3.X R7, RZ, R7, RZ, P3, !PT ;                 /* 0x00000007ff077210 */
                                                                                     /* 0x000fe20001ffe4ff */
        /*0970*/                   FMUL R12, R11, c[0x0][0x168] ;                    /* 0x00005a000b0c7a20 */
                                                                                     /* 0x008fc80000400000 */
        /*0980*/                   FFMA R11, R12, R13, R15 ;                         /* 0x0000000d0c0b7223 */
                                                                                     /* 0x010fca000000000f */
        /*0990*/                   STG.E [R2.64], R11 ;                              /* 0x0000000b02007986 */
                                                                                     /* 0x0001e2000c101906 */
        /*09a0*/              @!P1 BRA 0x440 ;                                       /* 0xfffffa9000009947 */
                                                                                     /* 0x000fea000383ffff */
        /*09b0*/                   IADD3 R12, R10, -UR4, RZ ;                        /* 0x800000040a0c7c10 */
                                                                                     /* 0x000fc8000fffe0ff */
        /*09c0*/                   ISETP.GT.AND P1, PT, R12, 0x4, PT ;               /* 0x000000040c00780c */
                                                                                     /* 0x000fda0003f24270 */
        /*09d0*/              @!P1 BRA 0xcc0 ;                                       /* 0x000002e000009947 */
                                                                                     /* 0x000fea0003800000 */
        /*09e0*/                   LDG.E R12, [R4.64+-0x8] ;                         /* 0xfffff806040c7981 */
                                                                                     /* 0x000ea8000c1e1900 */
        /*09f0*/                   LDG.E R13, [R6.64+-0x8] ;                         /* 0xfffff806060d7981 */
                                                                                     /* 0x000ee2000c1e1900 */
        /*0a00*/                   FMUL R12, R12, c[0x0][0x168] ;                    /* 0x00005a000c0c7a20 */
                                                                                     /* 0x004fc80000400000 */
        /*0a10*/                   FFMA R13, R12, R13, R11 ;                         /* 0x0000000d0c0d7223 */
                                                                                     /* 0x008fca000000000b */
        /*0a20*/                   STG.E [R2.64], R13 ;                              /* 0x0000000d02007986 */
                                                                                     /* 0x0003e8000c101906 */
        /*0a30*/                   LDG.E R11, [R4.64+-0x4] ;                         /* 0xfffffc06040b7981 */
                                                                                     /* 0x001ea8000c1e1900 */
        /*0a40*/                   LDG.E R14, [R6.64+-0x4] ;                         /* 0xfffffc06060e7981 */
                                                                                     /* 0x000ee2000c1e1900 */
        /*0a50*/                   FMUL R12, R11, c[0x0][0x168] ;                    /* 0x00005a000b0c7a20 */
                                                                                     /* 0x004fc80000400000 */
        /*0a60*/                   FFMA R11, R12, R14, R13 ;                         /* 0x0000000e0c0b7223 */
                                                                                     /* 0x008fca000000000d */
        /*0a70*/                   STG.E [R2.64], R11 ;                              /* 0x0000000b02007986 */
                                                                                     /* 0x0001e8000c101906 */
        /*0a80*/                   LDG.E R12, [R4.64] ;                              /* 0x00000006040c7981 */
                                                                                     /* 0x000ea8000c1e1900 */
        /*0a90*/                   LDG.E R14, [R6.64] ;                              /* 0x00000006060e7981 */
                                                                                     /* 0x000ee2000c1e1900 */
        /*0aa0*/                   FMUL R12, R12, c[0x0][0x168] ;                    /* 0x00005a000c0c7a20 */
                                                                                     /* 0x004fc80000400000 */
        /*0ab0*/                   FFMA R15, R12, R14, R11 ;                         /* 0x0000000e0c0f7223 */
                                                                                     /* 0x008fca000000000b */
        /*0ac0*/                   STG.E [R2.64], R15 ;                              /* 0x0000000f02007986 */
                                                                                     /* 0x0005e8000c101906 */
        /*0ad0*/                   LDG.E R12, [R4.64+0x4] ;                          /* 0x00000406040c7981 */
                                                                                     /* 0x000ee8000c1e1900 */
        /*0ae0*/                   LDG.E R13, [R6.64+0x4] ;                          /* 0x00000406060d7981 */
                                                                                     /* 0x002f22000c1e1900 */
        /*0af0*/                   FMUL R12, R12, c[0x0][0x168] ;                    /* 0x00005a000c0c7a20 */
                                                                                     /* 0x008fc80000400000 */
        /*0b00*/                   FFMA R13, R12, R13, R15 ;                         /* 0x0000000d0c0d7223 */
                                                                                     /* 0x010fca000000000f */
        /*0b10*/                   STG.E [R2.64], R13 ;                              /* 0x0000000d02007986 */
                                                                                     /* 0x0003e8000c101906 */
        /*0b20*/                   LDG.E R11, [R4.64+0x8] ;                          /* 0x00000806040b7981 */
                                                                                     /* 0x001ee8000c1e1900 */
        /*0b30*/                   LDG.E R14, [R6.64+0x8] ;                          /* 0x00000806060e7981 */
                                                                                     /* 0x000f22000c1e1900 */
        /*0b40*/                   FMUL R12, R11, c[0x0][0x168] ;                    /* 0x00005a000b0c7a20 */
                                                                                     /* 0x008fc80000400000 */
        /*0b50*/                   FFMA R11, R12, R14, R13 ;                         /* 0x0000000e0c0b7223 */
                                                                                     /* 0x010fca000000000d */
        /*0b60*/                   STG.E [R2.64], R11 ;                              /* 0x0000000b02007986 */
                                                                                     /* 0x0001e8000c101906 */
        /*0b70*/                   LDG.E R12, [R4.64+0xc] ;                          /* 0x00000c06040c7981 */
                                                                                     /* 0x000ee8000c1e1900 */
        /*0b80*/                   LDG.E R14, [R6.64+0xc] ;                          /* 0x00000c06060e7981 */
                                                                                     /* 0x000ea2000c1e1900 */
        /*0b90*/                   FMUL R12, R12, c[0x0][0x168] ;                    /* 0x00005a000c0c7a20 */
                                                                                     /* 0x008fc80000400000 */
        /*0ba0*/                   FFMA R15, R12, R14, R11 ;                         /* 0x0000000e0c0f7223 */
                                                                                     /* 0x004fca000000000b */
        /*0bb0*/                   STG.E [R2.64], R15 ;                              /* 0x0000000f02007986 */
                                                                                     /* 0x0005e8000c101906 */
        /*0bc0*/                   LDG.E R12, [R4.64+0x10] ;                         /* 0x00001006040c7981 */
                                                                                     /* 0x000ee8000c1e1900 */
        /*0bd0*/                   LDG.E R13, [R6.64+0x10] ;                         /* 0x00001006060d7981 */
                                                                                     /* 0x002f22000c1e1900 */
        /*0be0*/                   FMUL R12, R12, c[0x0][0x168] ;                    /* 0x00005a000c0c7a20 */
                                                                                     /* 0x008fc80000400000 */
        /*0bf0*/                   FFMA R13, R12, R13, R15 ;                         /* 0x0000000d0c0d7223 */
                                                                                     /* 0x010fca000000000f */
        /*0c00*/                   STG.E [R2.64], R13 ;                              /* 0x0000000d02007986 */
                                                                                     /* 0x0005e8000c101906 */
        /*0c10*/                   LDG.E R11, [R4.64+0x14] ;                         /* 0x00001406040b7981 */
                                                                                     /* 0x0010e8000c1e1900 */
        /*0c20*/                   LDG.E R14, [R6.64+0x14] ;                         /* 0x00001406060e7981 */
                                                                                     /* 0x000322000c1e1900 */
        /*0c30*/                   PLOP3.LUT P0, PT, PT, PT, PT, 0x8, 0x0 ;          /* 0x000000000000781c */
                                                                                     /* 0x000fe20003f0e170 */
        /*0c40*/                   UIADD3 UR4, UR4, 0x8, URZ ;                       /* 0x0000000804047890 */
                                                                                     /* 0x000fe2000fffe03f */
        /*0c50*/                   IADD3 R4, P1, R4, 0x20, RZ ;                      /* 0x0000002004047810 */
                                                                                     /* 0x001fc40007f3e0ff */
        /*0c60*/                   IADD3 R6, P2, R6, 0x20, RZ ;                      /* 0x0000002006067810 */
                                                                                     /* 0x002fe40007f5e0ff */
        /*0c70*/                   IADD3.X R5, RZ, R5, RZ, P1, !PT ;                 /* 0x00000005ff057210 */
                                                                                     /* 0x000fe40000ffe4ff */
        /*0c80*/                   IADD3.X R7, RZ, R7, RZ, P2, !PT ;                 /* 0x00000007ff077210 */
                                                                                     /* 0x000fe200017fe4ff */
        /*0c90*/                   FMUL R12, R11, c[0x0][0x168] ;                    /* 0x00005a000b0c7a20 */
                                                                                     /* 0x008fc80000400000 */
        /*0ca0*/                   FFMA R11, R12, R14, R13 ;                         /* 0x0000000e0c0b7223 */
                                                                                     /* 0x010fca000000000d */
        /*0cb0*/                   STG.E [R2.64], R11 ;                              /* 0x0000000b02007986 */
                                                                                     /* 0x0005e4000c101906 */
        /*0cc0*/                   ISETP.NE.U32.OR P0, PT, R10, UR4, P0 ;            /* 0x000000040a007c0c */
                                                                                     /* 0x000fe40008705470 */
        /*0cd0*/                   ISETP.NE.U32.AND P1, PT, R0, RZ, PT ;             /* 0x000000ff0000720c */
                                                                                     /* 0x000fd60003f25070 */
        /*0ce0*/              @!P0 BRA 0xea0 ;                                       /* 0x000001b000008947 */
                                                                                     /* 0x000fea0003800000 */
        /*0cf0*/                   LDG.E R12, [R4.64+-0x8] ;                         /* 0xfffff806040c7981 */
                                                                                     /* 0x000ee8000c1e1900 */
        /*0d00*/                   LDG.E R13, [R6.64+-0x8] ;                         /* 0xfffff806060d7981 */
                                                                                     /* 0x004ea2000c1e1900 */
        /*0d10*/                   FMUL R12, R12, c[0x0][0x168] ;                    /* 0x00005a000c0c7a20 */
                                                                                     /* 0x008fc80000400000 */
        /*0d20*/                   FFMA R13, R12, R13, R11 ;                         /* 0x0000000d0c0d7223 */
                                                                                     /* 0x004fca000000000b */
        /*0d30*/                   STG.E [R2.64], R13 ;                              /* 0x0000000d02007986 */
                                                                                     /* 0x0003e8000c101906 */
        /*0d40*/                   LDG.E R11, [R4.64+-0x4] ;                         /* 0xfffffc06040b7981 */
                                                                                     /* 0x001ea8000c1e1900 */
        /*0d50*/                   LDG.E R14, [R6.64+-0x4] ;                         /* 0xfffffc06060e7981 */
                                                                                     /* 0x000ee2000c1e1900 */
        /*0d60*/                   FMUL R12, R11, c[0x0][0x168] ;                    /* 0x00005a000b0c7a20 */
                                                                                     /* 0x004fc80000400000 */
        /*0d70*/                   FFMA R15, R12, R14, R13 ;                         /* 0x0000000e0c0f7223 */
                                                                                     /* 0x008fca000000000d */
        /*0d80*/                   STG.E [R2.64], R15 ;                              /* 0x0000000f02007986 */
                                                                                     /* 0x0001e8000c101906 */
        /*0d90*/                   LDG.E R11, [R4.64] ;                              /* 0x00000006040b7981 */
                                                                                     /* 0x000ea8000c1e1900 */
        /*0da0*/                   LDG.E R14, [R6.64] ;                              /* 0x00000006060e7981 */
                                                                                     /* 0x000ee2000c1e1900 */
        /*0db0*/                   FMUL R12, R11, c[0x0][0x168] ;                    /* 0x00005a000b0c7a20 */
                                                                                     /* 0x004fc80000400000 */
        /*0dc0*/                   FFMA R17, R12, R14, R15 ;                         /* 0x0000000e0c117223 */
                                                                                     /* 0x008fca000000000f */
        /*0dd0*/                   STG.E [R2.64], R17 ;                              /* 0x0000001102007986 */
                                                                                     /* 0x0001e8000c101906 */
        /*0de0*/                   LDG.E R11, [R4.64+0x4] ;                          /* 0x00000406040b7981 */
                                                                                     /* 0x0004e8000c1e1900 */
        /*0df0*/                   LDG.E R13, [R6.64+0x4] ;                          /* 0x00000406060d7981 */
                                                                                     /* 0x002322000c1e1900 */
        /*0e00*/                   UIADD3 UR4, UR4, 0x4, URZ ;                       /* 0x0000000404047890 */
                                                                                     /* 0x000fe2000fffe03f */
        /*0e10*/                   IADD3 R4, P2, R4, 0x10, RZ ;                      /* 0x0000001004047810 */
                                                                                     /* 0x004fca0007f5e0ff */
        /*0e20*/                   ISETP.NE.U32.AND P0, PT, R10, UR4, PT ;           /* 0x000000040a007c0c */
                                                                                     /* 0x000fe4000bf05070 */
        /*0e30*/                   IADD3 R6, P3, R6, 0x10, RZ ;                      /* 0x0000001006067810 */
                                                                                     /* 0x002fe40007f7e0ff */
        /*0e40*/                   IADD3.X R5, RZ, R5, RZ, P2, !PT ;                 /* 0x00000005ff057210 */
                                                                                     /* 0x000fe400017fe4ff */
        /*0e50*/                   IADD3.X R7, RZ, R7, RZ, P3, !PT ;                 /* 0x00000007ff077210 */
                                                                                     /* 0x000fe20001ffe4ff */
        /*0e60*/                   FMUL R12, R11, c[0x0][0x168] ;                    /* 0x00005a000b0c7a20 */
                                                                                     /* 0x008fc80000400000 */
        /*0e70*/                   FFMA R11, R12, R13, R17 ;                         /* 0x0000000d0c0b7223 */
                                                                                     /* 0x010fca0000000011 */
        /*0e80*/                   STG.E [R2.64], R11 ;                              /* 0x0000000b02007986 */
                                                                                     /* 0x0001e2000c101906 */
        /*0e90*/               @P0 BRA 0xcf0 ;                                       /* 0xfffffe5000000947 */
                                                                                     /* 0x000fea000383ffff */
        /*0ea0*/              @!P1 EXIT ;                                            /* 0x000000000000994d */
                                                                                     /* 0x000fea0003800000 */
        /*0eb0*/                   IADD3 R13, P0, R9.reuse, R10.reuse, RZ ;          /* 0x0000000a090d7210 */
                                                                                     /* 0x0c4fe40007f1e0ff */
        /*0ec0*/                   IADD3 R4, P2, R8, R10, RZ ;                       /* 0x0000000a08047210 */
                                                                                     /* 0x000fe40007f5e0ff */
        /*0ed0*/                   LEA.HI.X.SX32 R6, R9, RZ, 0x1, P0 ;               /* 0x000000ff09067211 */
                                                                                     /* 0x000fe400000f0eff */
        /*0ee0*/                   LEA R10, P1, R13, c[0x0][0x170], 0x2 ;            /* 0x00005c000d0a7a11 */
                                                                                     /* 0x000fe400078210ff */
        /*0ef0*/                   LEA R8, P3, R4, c[0x0][0x170], 0x2 ;              /* 0x00005c0004087a11 */
                                                                                     /* 0x000fe400078610ff */
        /*0f00*/                   IADD3.X R9, RZ, RZ, RZ, P2, !PT ;                 /* 0x000000ffff097210 */
                                                                                     /* 0x000fc400017fe4ff */
        /*0f10*/                   LEA.HI.X R13, R13, c[0x0][0x174], R6, 0x2, P1 ;   /* 0x00005d000d0d7a11 */
                                                                                     /* 0x000fe400008f1406 */
        /*0f20*/                   LEA.HI.X R9, R4, c[0x0][0x174], R9, 0x2, P3 ;     /* 0x00005d0004097a11 */
                                                                                     /* 0x000fe400018f1409 */
        /*0f30*/                   MOV R4, R8 ;                                      /* 0x0000000800047202 */
                                                                                     /* 0x000fe40000000f00 */
        /*0f40*/                   MOV R5, R9 ;                                      /* 0x0000000900057202 */
                                                                                     /* 0x000fca0000000f00 */
        /*0f50*/                   LDG.E R6, [R4.64] ;                               /* 0x0000000604067981 */
                                                                                     /* 0x0002a4000c1e1900 */
        /*0f60*/                   MOV R4, R10 ;                                     /* 0x0000000a00047202 */
                                                                                     /* 0x002fe40000000f00 */
        /*0f70*/                   MOV R5, R13 ;                                     /* 0x0000000d00057202 */
                                                                                     /* 0x000fca0000000f00 */
        /*0f80*/                   LDG.E R7, [R4.64] ;                               /* 0x0000000604077981 */
                                                                                     /* 0x000ee2000c1e1900 */
        /*0f90*/                   IADD3 R0, R0, -0x1, RZ ;                          /* 0xffffffff00007810 */
                                                                                     /* 0x000fe40007ffe0ff */
        /*0fa0*/                   IADD3 R10, P1, R10, 0x4, RZ ;                     /* 0x000000040a0a7810 */
                                                                                     /* 0x000fe40007f3e0ff */
        /*0fb0*/                   ISETP.NE.U32.AND P0, PT, R0, RZ, PT ;             /* 0x000000ff0000720c */
                                                                                     /* 0x000fe40003f05070 */
        /*0fc0*/                   IADD3 R8, P2, R8, 0x4, RZ ;                       /* 0x0000000408087810 */
                                                                                     /* 0x000fe40007f5e0ff */
        /*0fd0*/                   IADD3.X R13, RZ, R13, RZ, P1, !PT ;               /* 0x0000000dff0d7210 */
                                                                                     /* 0x000fe40000ffe4ff */
        /*0fe0*/                   IADD3.X R9, RZ, R9, RZ, P2, !PT ;                 /* 0x00000009ff097210 */
                                                                                     /* 0x000fe200017fe4ff */
        /*0ff0*/                   FMUL R6, R6, c[0x0][0x168] ;                      /* 0x00005a0006067a20 */
                                                                                     /* 0x004fc80000400000 */
        /*1000*/                   FFMA R11, R6, R7, R11 ;                           /* 0x00000007060b7223 */
                                                                                     /* 0x009fca000000000b */
        /*1010*/                   STG.E [R2.64], R11 ;                              /* 0x0000000b02007986 */
                                                                                     /* 0x0001e2000c101906 */
        /*1020*/               @P0 BRA 0xf30 ;                                       /* 0xffffff0000000947 */
                                                                                     /* 0x000fea000383ffff */
        /*1030*/                   EXIT ;                                            /* 0x000000000000794d */
                                                                                     /* 0x000fea0003800000 */
        /*1040*/                   BRA 0x1040;                                       /* 0xfffffff000007947 */
                                                                                     /* 0x000fc0000383ffff */
        /*1050*/                   NOP;                                              /* 0x0000000000007918 */
                                                                                     /* 0x000fc00000000000 */
        /*1060*/                   NOP;                                              /* 0x0000000000007918 */
                                                                                     /* 0x000fc00000000000 */
        /*1070*/                   NOP;                                              /* 0x0000000000007918 */
                                                                                     /* 0x000fc00000000000 */
        /*1080*/                   NOP;                                              /* 0x0000000000007918 */
                                                                                     /* 0x000fc00000000000 */
        /*1090*/                   NOP;                                              /* 0x0000000000007918 */
                                                                                     /* 0x000fc00000000000 */
        /*10a0*/                   NOP;                                              /* 0x0000000000007918 */
                                                                                     /* 0x000fc00000000000 */
        /*10b0*/                   NOP;                                              /* 0x0000000000007918 */
                                                                                     /* 0x000fc00000000000 */
        /*10c0*/                   NOP;                                              /* 0x0000000000007918 */
                                                                                     /* 0x000fc00000000000 */
        /*10d0*/                   NOP;                                              /* 0x0000000000007918 */
                                                                                     /* 0x000fc00000000000 */
        /*10e0*/                   NOP;                                              /* 0x0000000000007918 */
                                                                                     /* 0x000fc00000000000 */
        /*10f0*/                   NOP;                                              /* 0x0000000000007918 */
                                                                                     /* 0x000fc00000000000 */
		..........


