COMMAND: /root/llvm-project/build/bin/clang-24 -fclangir -Xclang -clangir-enable-call-conv-lowering --gcc-install-dir=/usr/lib/gcc/x86_64-linux-gnu/13 -x hip --hip-path=/opt/rocm-7.0.2 --offload-arch=gfx942 --rocm-device-lib-path=/opt/rocm-7.0.2/core-7.14/lib/llvm/amdgcn/bitcode -D__AMDGCN_WAVEFRONT_SIZE=64 -I/root/polybenchGpu/CUDA/GEMVER -std=c++17 -O3 -ftime-report -mllvm -time-passes -c /root/polybenchGpu/HIP/GEMVER/gemver.hip.cpp -I/root/polybenchGpu -I/root/polybenchGpu/HIP/GEMVER -o /root/polybench-gpu-audit/temp/multiarch-hip-multi-j1/HIP_GEMVER_gemver.hip.cpp.cir.gfx942.o

SAMPLES (wall seconds): ['1.4539', '1.4436', '1.4393', '1.4433', '1.4533', '1.4520', '1.4525', '1.4496']

STDOUT (last sample):

STDERR (last sample):
/root/polybenchGpu/HIP/GEMVER/gemver.hip.cpp:130:2: warning: ignoring return value of type 'hipError_t' declared with 'nodiscard' attribute [-Wunused-value]
  130 |         hipGetDeviceProperties(&deviceProp, GPU_DEVICE);
      |         ^~~~~~~~~~~~~~~~~~~~~~~~~~~~~~~~~~~~~~~~~~~~~~~
/opt/rocm-7.0.2/include/hip/hip_runtime_api.h:102:32: note: expanded from macro 'hipGetDeviceProperties'
  102 | #define hipGetDeviceProperties hipGetDevicePropertiesR0600
      |                                ^
/root/polybenchGpu/HIP/GEMVER/gemver.hip.cpp:132:2: warning: ignoring return value of type 'hipError_t' declared with 'nodiscard' attribute [-Wunused-value]
  132 |         hipSetDevice( GPU_DEVICE );
      |         ^~~~~~~~~~~~~~~~~~~~~~~~~~
/root/polybenchGpu/HIP/GEMVER/gemver.hip.cpp:201:2: warning: ignoring return value of type 'hipError_t' declared with 'nodiscard' attribute [-Wunused-value]
  201 |         hipMalloc((void **)&A_gpu, sizeof(DATA_TYPE) * N * N);
      |         ^~~~~~~~~~~~~~~~~~~~~~~~~~~~~~~~~~~~~~~~~~~~~~~~~~~~~
/root/polybenchGpu/HIP/GEMVER/gemver.hip.cpp:202:2: warning: ignoring return value of type 'hipError_t' declared with 'nodiscard' attribute [-Wunused-value]
  202 |         hipMalloc((void **)&x_gpu, sizeof(DATA_TYPE) * N);
      |         ^~~~~~~~~~~~~~~~~~~~~~~~~~~~~~~~~~~~~~~~~~~~~~~~~
/root/polybenchGpu/HIP/GEMVER/gemver.hip.cpp:203:2: warning: ignoring return value of type 'hipError_t' declared with 'nodiscard' attribute [-Wunused-value]
  203 |         hipMalloc((void **)&y_gpu, sizeof(DATA_TYPE) * N);
      |         ^~~~~~~~~~~~~~~~~~~~~~~~~~~~~~~~~~~~~~~~~~~~~~~~~
/root/polybenchGpu/HIP/GEMVER/gemver.hip.cpp:204:2: warning: ignoring return value of type 'hipError_t' declared with 'nodiscard' attribute [-Wunused-value]
  204 |         hipMalloc((void **)&z_gpu, sizeof(DATA_TYPE) * N);
      |         ^~~~~~~~~~~~~~~~~~~~~~~~~~~~~~~~~~~~~~~~~~~~~~~~~
/root/polybenchGpu/HIP/GEMVER/gemver.hip.cpp:205:2: warning: ignoring return value of type 'hipError_t' declared with 'nodiscard' attribute [-Wunused-value]
  205 |         hipMalloc((void **)&w_gpu, sizeof(DATA_TYPE) * N);
      |         ^~~~~~~~~~~~~~~~~~~~~~~~~~~~~~~~~~~~~~~~~~~~~~~~~
/root/polybenchGpu/HIP/GEMVER/gemver.hip.cpp:206:2: warning: ignoring return value of type 'hipError_t' declared with 'nodiscard' attribute [-Wunused-value]
  206 |         hipMalloc((void **)&v1_gpu, sizeof(DATA_TYPE) * N);
      |         ^~~~~~~~~~~~~~~~~~~~~~~~~~~~~~~~~~~~~~~~~~~~~~~~~~
/root/polybenchGpu/HIP/GEMVER/gemver.hip.cpp:207:2: warning: ignoring return value of type 'hipError_t' declared with 'nodiscard' attribute [-Wunused-value]
  207 |         hipMalloc((void **)&v2_gpu, sizeof(DATA_TYPE) * N);
      |         ^~~~~~~~~~~~~~~~~~~~~~~~~~~~~~~~~~~~~~~~~~~~~~~~~~
/root/polybenchGpu/HIP/GEMVER/gemver.hip.cpp:208:2: warning: ignoring return value of type 'hipError_t' declared with 'nodiscard' attribute [-Wunused-value]
  208 |         hipMalloc((void **)&u1_gpu, sizeof(DATA_TYPE) * N);
      |         ^~~~~~~~~~~~~~~~~~~~~~~~~~~~~~~~~~~~~~~~~~~~~~~~~~
/root/polybenchGpu/HIP/GEMVER/gemver.hip.cpp:209:2: warning: ignoring return value of type 'hipError_t' declared with 'nodiscard' attribute [-Wunused-value]
  209 |         hipMalloc((void **)&u2_gpu, sizeof(DATA_TYPE) * N);
      |         ^~~~~~~~~~~~~~~~~~~~~~~~~~~~~~~~~~~~~~~~~~~~~~~~~~
/root/polybenchGpu/HIP/GEMVER/gemver.hip.cpp:211:2: warning: ignoring return value of type 'hipError_t' declared with 'nodiscard' attribute [-Wunused-value]
  211 |         hipMemcpy(A_gpu, A, sizeof(DATA_TYPE) * N * N, hipMemcpyHostToDevice);
      |         ^~~~~~~~~~~~~~~~~~~~~~~~~~~~~~~~~~~~~~~~~~~~~~~~~~~~~~~~~~~~~~~~~~~~~
/root/polybenchGpu/HIP/GEMVER/gemver.hip.cpp:212:2: warning: ignoring return value of type 'hipError_t' declared with 'nodiscard' attribute [-Wunused-value]
  212 |         hipMemcpy(x_gpu, x, sizeof(DATA_TYPE) * N, hipMemcpyHostToDevice);
      |         ^~~~~~~~~~~~~~~~~~~~~~~~~~~~~~~~~~~~~~~~~~~~~~~~~~~~~~~~~~~~~~~~~
/root/polybenchGpu/HIP/GEMVER/gemver.hip.cpp:213:2: warning: ignoring return value of type 'hipError_t' declared with 'nodiscard' attribute [-Wunused-value]
  213 |         hipMemcpy(y_gpu, y, sizeof(DATA_TYPE) * N, hipMemcpyHostToDevice);
      |         ^~~~~~~~~~~~~~~~~~~~~~~~~~~~~~~~~~~~~~~~~~~~~~~~~~~~~~~~~~~~~~~~~
/root/polybenchGpu/HIP/GEMVER/gemver.hip.cpp:214:2: warning: ignoring return value of type 'hipError_t' declared with 'nodiscard' attribute [-Wunused-value]
  214 |         hipMemcpy(z_gpu, z, sizeof(DATA_TYPE) * N, hipMemcpyHostToDevice);
      |         ^~~~~~~~~~~~~~~~~~~~~~~~~~~~~~~~~~~~~~~~~~~~~~~~~~~~~~~~~~~~~~~~~
/root/polybenchGpu/HIP/GEMVER/gemver.hip.cpp:215:2: warning: ignoring return value of type 'hipError_t' declared with 'nodiscard' attribute [-Wunused-value]
  215 |         hipMemcpy(w_gpu, w, sizeof(DATA_TYPE) * N, hipMemcpyHostToDevice);
      |         ^~~~~~~~~~~~~~~~~~~~~~~~~~~~~~~~~~~~~~~~~~~~~~~~~~~~~~~~~~~~~~~~~
/root/polybenchGpu/HIP/GEMVER/gemver.hip.cpp:216:2: warning: ignoring return value of type 'hipError_t' declared with 'nodiscard' attribute [-Wunused-value]
  216 |         hipMemcpy(v1_gpu, v1, sizeof(DATA_TYPE) * N, hipMemcpyHostToDevice);
      |         ^~~~~~~~~~~~~~~~~~~~~~~~~~~~~~~~~~~~~~~~~~~~~~~~~~~~~~~~~~~~~~~~~~~
/root/polybenchGpu/HIP/GEMVER/gemver.hip.cpp:217:2: warning: ignoring return value of type 'hipError_t' declared with 'nodiscard' attribute [-Wunused-value]
  217 |         hipMemcpy(v2_gpu, v2, sizeof(DATA_TYPE) * N, hipMemcpyHostToDevice);
      |         ^~~~~~~~~~~~~~~~~~~~~~~~~~~~~~~~~~~~~~~~~~~~~~~~~~~~~~~~~~~~~~~~~~~
/root/polybenchGpu/HIP/GEMVER/gemver.hip.cpp:218:2: warning: ignoring return value of type 'hipError_t' declared with 'nodiscard' attribute [-Wunused-value]
  218 |         hipMemcpy(u1_gpu, u1, sizeof(DATA_TYPE) * N, hipMemcpyHostToDevice);
      |         ^~~~~~~~~~~~~~~~~~~~~~~~~~~~~~~~~~~~~~~~~~~~~~~~~~~~~~~~~~~~~~~~~~~
/root/polybenchGpu/HIP/GEMVER/gemver.hip.cpp:219:2: warning: ignoring return value of type 'hipError_t' declared with 'nodiscard' attribute [-Wunused-value]
  219 |         hipMemcpy(u2_gpu, u2, sizeof(DATA_TYPE) * N, hipMemcpyHostToDevice);
      |         ^~~~~~~~~~~~~~~~~~~~~~~~~~~~~~~~~~~~~~~~~~~~~~~~~~~~~~~~~~~~~~~~~~~
/root/polybenchGpu/HIP/GEMVER/gemver.hip.cpp:234:2: warning: ignoring return value of type 'hipError_t' declared with 'nodiscard' attribute [-Wunused-value]
  234 |         hipDeviceSynchronize();
      |         ^~~~~~~~~~~~~~~~~~~~~~
/root/polybenchGpu/HIP/GEMVER/gemver.hip.cpp:236:2: warning: ignoring return value of type 'hipError_t' declared with 'nodiscard' attribute [-Wunused-value]
  236 |         hipDeviceSynchronize();
      |         ^~~~~~~~~~~~~~~~~~~~~~
/root/polybenchGpu/HIP/GEMVER/gemver.hip.cpp:238:2: warning: ignoring return value of type 'hipError_t' declared with 'nodiscard' attribute [-Wunused-value]
  238 |         hipDeviceSynchronize();
      |         ^~~~~~~~~~~~~~~~~~~~~~
/root/polybenchGpu/HIP/GEMVER/gemver.hip.cpp:245:2: warning: ignoring return value of type 'hipError_t' declared with 'nodiscard' attribute [-Wunused-value]
  245 |         hipMemcpy(w_outputFromGpu, w_gpu, sizeof(DATA_TYPE) * N, hipMemcpyDeviceToHost);
      |         ^~~~~~~~~~~~~~~~~~~~~~~~~~~~~~~~~~~~~~~~~~~~~~~~~~~~~~~~~~~~~~~~~~~~~~~~~~~~~~~
/root/polybenchGpu/HIP/GEMVER/gemver.hip.cpp:247:2: warning: ignoring return value of type 'hipError_t' declared with 'nodiscard' attribute [-Wunused-value]
  247 |         hipFree(A_gpu);
      |         ^~~~~~~~~~~~~~
/root/polybenchGpu/HIP/GEMVER/gemver.hip.cpp:248:2: warning: ignoring return value of type 'hipError_t' declared with 'nodiscard' attribute [-Wunused-value]
  248 |         hipFree(x_gpu);
      |         ^~~~~~~~~~~~~~
/root/polybenchGpu/HIP/GEMVER/gemver.hip.cpp:249:2: warning: ignoring return value of type 'hipError_t' declared with 'nodiscard' attribute [-Wunused-value]
  249 |         hipFree(y_gpu);
      |         ^~~~~~~~~~~~~~
/root/polybenchGpu/HIP/GEMVER/gemver.hip.cpp:250:2: warning: ignoring return value of type 'hipError_t' declared with 'nodiscard' attribute [-Wunused-value]
  250 |         hipFree(z_gpu);
      |         ^~~~~~~~~~~~~~
/root/polybenchGpu/HIP/GEMVER/gemver.hip.cpp:251:2: warning: ignoring return value of type 'hipError_t' declared with 'nodiscard' attribute [-Wunused-value]
  251 |         hipFree(w_gpu);
      |         ^~~~~~~~~~~~~~
/root/polybenchGpu/HIP/GEMVER/gemver.hip.cpp:252:2: warning: ignoring return value of type 'hipError_t' declared with 'nodiscard' attribute [-Wunused-value]
  252 |         hipFree(v1_gpu);
      |         ^~~~~~~~~~~~~~~
/root/polybenchGpu/HIP/GEMVER/gemver.hip.cpp:253:2: warning: ignoring return value of type 'hipError_t' declared with 'nodiscard' attribute [-Wunused-value]
  253 |         hipFree(v2_gpu);
      |         ^~~~~~~~~~~~~~~
/root/polybenchGpu/HIP/GEMVER/gemver.hip.cpp:254:2: warning: ignoring return value of type 'hipError_t' declared with 'nodiscard' attribute [-Wunused-value]
  254 |         hipFree(u1_gpu);
      |         ^~~~~~~~~~~~~~~
/root/polybenchGpu/HIP/GEMVER/gemver.hip.cpp:255:2: warning: ignoring return value of type 'hipError_t' declared with 'nodiscard' attribute [-Wunused-value]
  255 |         hipFree(u2_gpu);
      |         ^~~~~~~~~~~~~~~
warning: Linking two modules of different data layouts: '/opt/rocm-7.0.2/core-7.14/lib/llvm/amdgcn/bitcode/ocml.bc' is 'e-m:e-p:64:64-p1:64:64-p2:32:32-p3:32:32-p4:64:64-p5:32:32-p6:32:32-p7:160:256:256:32-p8:128:128:128:48-p9:192:256:256:32-i64:64-v16:16-v24:32-v32:32-v48:64-v96:128-v192:256-v256:256-v512:512-v1024:1024-v2048:2048-n32:64-S32-A5-G1-ni:7:8:9' whereas '/root/polybenchGpu/HIP/GEMVER/gemver.hip.cpp' is 'e-m:e-n32:64-S32-A5-G1-p0:64:64:64:64-p1:64:64:64:64-p2:32:32:32:32-p3:32:32:32:32-p4:64:64:64:64-p5:32:32:32:32-p6:32:32:32:32-p7:160:256:256:32-p8:128:128:128:48-p9:192:256:256:32-i64:64-i1:8-i8:8-i16:16-i32:32-f16:16-f64:64-f128:128'

warning: Linking two modules of different data layouts: '/opt/rocm-7.0.2/core-7.14/lib/llvm/amdgcn/bitcode/ockl.bc' is 'e-m:e-p:64:64-p1:64:64-p2:32:32-p3:32:32-p4:64:64-p5:32:32-p6:32:32-p7:160:256:256:32-p8:128:128:128:48-p9:192:256:256:32-i64:64-v16:16-v24:32-v32:32-v48:64-v96:128-v192:256-v256:256-v512:512-v1024:1024-v2048:2048-n32:64-S32-A5-G1-ni:7:8:9' whereas '/root/polybenchGpu/HIP/GEMVER/gemver.hip.cpp' is 'e-m:e-n32:64-S32-A5-G1-p0:64:64:64:64-p1:64:64:64:64-p2:32:32:32:32-p3:32:32:32:32-p4:64:64:64:64-p5:32:32:32:32-p6:32:32:32:32-p7:160:256:256:32-p8:128:128:128:48-p9:192:256:256:32-i64:64-i1:8-i8:8-i16:16-i32:32-f16:16-f64:64-f128:128'

warning: Linking two modules of different data layouts: '/opt/rocm-7.0.2/core-7.14/lib/llvm/amdgcn/bitcode/oclc_unsafe_math_off.bc' is 'e-m:e-p:64:64-p1:64:64-p2:32:32-p3:32:32-p4:64:64-p5:32:32-p6:32:32-p7:160:256:256:32-p8:128:128:128:48-p9:192:256:256:32-i64:64-v16:16-v24:32-v32:32-v48:64-v96:128-v192:256-v256:256-v512:512-v1024:1024-v2048:2048-n32:64-S32-A5-G1-ni:7:8:9' whereas '/root/polybenchGpu/HIP/GEMVER/gemver.hip.cpp' is 'e-m:e-n32:64-S32-A5-G1-p0:64:64:64:64-p1:64:64:64:64-p2:32:32:32:32-p3:32:32:32:32-p4:64:64:64:64-p5:32:32:32:32-p6:32:32:32:32-p7:160:256:256:32-p8:128:128:128:48-p9:192:256:256:32-i64:64-i1:8-i8:8-i16:16-i32:32-f16:16-f64:64-f128:128'

warning: Linking two modules of different data layouts: '/opt/rocm-7.0.2/core-7.14/lib/llvm/amdgcn/bitcode/oclc_finite_only_off.bc' is 'e-m:e-p:64:64-p1:64:64-p2:32:32-p3:32:32-p4:64:64-p5:32:32-p6:32:32-p7:160:256:256:32-p8:128:128:128:48-p9:192:256:256:32-i64:64-v16:16-v24:32-v32:32-v48:64-v96:128-v192:256-v256:256-v512:512-v1024:1024-v2048:2048-n32:64-S32-A5-G1-ni:7:8:9' whereas '/root/polybenchGpu/HIP/GEMVER/gemver.hip.cpp' is 'e-m:e-n32:64-S32-A5-G1-p0:64:64:64:64-p1:64:64:64:64-p2:32:32:32:32-p3:32:32:32:32-p4:64:64:64:64-p5:32:32:32:32-p6:32:32:32:32-p7:160:256:256:32-p8:128:128:128:48-p9:192:256:256:32-i64:64-i1:8-i8:8-i16:16-i32:32-f16:16-f64:64-f128:128'

warning: Linking two modules of different data layouts: '/opt/rocm-7.0.2/core-7.14/lib/llvm/amdgcn/bitcode/oclc_wavefrontsize64_on.bc' is 'e-m:e-p:64:64-p1:64:64-p2:32:32-p3:32:32-p4:64:64-p5:32:32-p6:32:32-p7:160:256:256:32-p8:128:128:128:48-p9:192:256:256:32-i64:64-v16:16-v24:32-v32:32-v48:64-v96:128-v192:256-v256:256-v512:512-v1024:1024-v2048:2048-n32:64-S32-A5-G1-ni:7:8:9' whereas '/root/polybenchGpu/HIP/GEMVER/gemver.hip.cpp' is 'e-m:e-n32:64-S32-A5-G1-p0:64:64:64:64-p1:64:64:64:64-p2:32:32:32:32-p3:32:32:32:32-p4:64:64:64:64-p5:32:32:32:32-p6:32:32:32:32-p7:160:256:256:32-p8:128:128:128:48-p9:192:256:256:32-i64:64-i1:8-i8:8-i16:16-i32:32-f16:16-f64:64-f128:128'

warning: Linking two modules of different data layouts: '/opt/rocm-7.0.2/core-7.14/lib/llvm/amdgcn/bitcode/oclc_isa_version_942.bc' is 'e-m:e-p:64:64-p1:64:64-p2:32:32-p3:32:32-p4:64:64-p5:32:32-p6:32:32-p7:160:256:256:32-p8:128:128:128:48-p9:192:256:256:32-i64:64-v16:16-v24:32-v32:32-v48:64-v96:128-v192:256-v256:256-v512:512-v1024:1024-v2048:2048-n32:64-S32-A5-G1-ni:7:8:9' whereas '/root/polybenchGpu/HIP/GEMVER/gemver.hip.cpp' is 'e-m:e-n32:64-S32-A5-G1-p0:64:64:64:64-p1:64:64:64:64-p2:32:32:32:32-p3:32:32:32:32-p4:64:64:64:64-p5:32:32:32:32-p6:32:32:32:32-p7:160:256:256:32-p8:128:128:128:48-p9:192:256:256:32-i64:64-i1:8-i8:8-i16:16-i32:32-f16:16-f64:64-f128:128'

warning: Linking two modules of different data layouts: '/opt/rocm-7.0.2/core-7.14/lib/llvm/amdgcn/bitcode/oclc_abi_version_600.bc' is 'e-m:e-p:64:64-p1:64:64-p2:32:32-p3:32:32-p4:64:64-p5:32:32-p6:32:32-p7:160:256:256:32-p8:128:128:128:48-p9:192:256:256:32-i64:64-v16:16-v24:32-v32:32-v48:64-v96:128-v192:256-v256:256-v512:512-v1024:1024-v2048:2048-n32:64-S32-A5-G1-ni:7:8:9' whereas '/root/polybenchGpu/HIP/GEMVER/gemver.hip.cpp' is 'e-m:e-n32:64-S32-A5-G1-p0:64:64:64:64-p1:64:64:64:64-p2:32:32:32:32-p3:32:32:32:32-p4:64:64:64:64-p5:32:32:32:32-p6:32:32:32:32-p7:160:256:256:32-p8:128:128:128:48-p9:192:256:256:32-i64:64-i1:8-i8:8-i16:16-i32:32-f16:16-f64:64-f128:128'

33 warnings generated when compiling for gfx942.
===-------------------------------------------------------------------------===
                        Analysis execution timing report
===-------------------------------------------------------------------------===
  Total Execution Time: 0.0093 seconds (0.0092 wall clock)

   ---User Time---   --System Time--   --User+System--   ---Wall Time---  --- Name ---
   0.0022 ( 28.2%)   0.0001 (  5.5%)   0.0023 ( 24.9%)   0.0023 ( 25.0%)  UniformityInfoAnalysis
   0.0016 ( 20.5%)   0.0000 (  3.3%)   0.0017 ( 18.0%)   0.0017 ( 18.1%)  MemorySSAAnalysis
   0.0001 (  1.2%)   0.0010 ( 74.5%)   0.0011 ( 11.9%)   0.0011 ( 12.0%)  TargetIRAnalysis
   0.0008 ( 10.6%)   0.0000 (  1.8%)   0.0009 (  9.3%)   0.0009 (  9.4%)  VerifierAnalysis
   0.0004 (  5.0%)   0.0000 (  2.7%)   0.0004 (  4.7%)   0.0004 (  4.3%)  AAManager
   0.0004 (  4.6%)   0.0000 (  2.0%)   0.0004 (  4.2%)   0.0004 (  4.1%)  DominatorTreeAnalysis
   0.0003 (  3.5%)   0.0000 (  2.1%)   0.0003 (  3.3%)   0.0003 (  3.3%)  BlockFrequencyAnalysis
   0.0003 (  3.6%)   0.0000 (  1.0%)   0.0003 (  3.2%)   0.0003 (  3.2%)  LoopAnalysis
   0.0003 (  3.3%)   0.0000 (  1.6%)   0.0003 (  3.1%)   0.0003 (  3.2%)  BranchProbabilityAnalysis
   0.0003 (  3.3%)   0.0000 (  1.0%)   0.0003 (  3.0%)   0.0003 (  3.1%)  CycleAnalysis
   0.0002 (  3.0%)   0.0000 (  0.0%)   0.0002 (  2.5%)   0.0002 (  2.5%)  ModuleSummaryIndexAnalysis
   0.0002 (  2.5%)   0.0000 (  1.0%)   0.0002 (  2.2%)   0.0002 (  2.2%)  PostDominatorTreeAnalysis
   0.0001 (  1.5%)   0.0000 (  0.3%)   0.0001 (  1.3%)   0.0001 (  1.3%)  ScalarEvolutionAnalysis
   0.0001 (  1.5%)   0.0000 (  0.6%)   0.0001 (  1.3%)   0.0001 (  1.3%)  BasicAA
   0.0001 (  0.8%)   0.0000 (  0.2%)   0.0001 (  0.7%)   0.0001 (  0.7%)  LastRunTrackingAnalysis
   0.0001 (  0.7%)   0.0000 (  0.0%)   0.0001 (  0.6%)   0.0001 (  0.6%)  TargetLibraryAnalysis
   0.0001 (  0.7%)   0.0000 (  0.3%)   0.0001 (  0.6%)   0.0001 (  0.6%)  AssumptionAnalysis
   0.0001 (  0.7%)   0.0000 (  0.0%)   0.0001 (  0.6%)   0.0001 (  0.6%)  CallGraphAnalysis
   0.0000 (  0.5%)   0.0000 (  0.1%)   0.0000 (  0.4%)   0.0000 (  0.4%)  OptimizationRemarkEmitterAnalysis
   0.0000 (  0.4%)   0.0000 (  0.1%)   0.0000 (  0.3%)   0.0000 (  0.4%)  OuterAnalysisManagerProxy<ModuleAnalysisManager, Function>
   0.0000 (  0.5%)   0.0000 (  0.1%)   0.0000 (  0.4%)   0.0000 (  0.4%)  ScopedNoAliasAA
   0.0000 (  0.4%)   0.0000 (  0.1%)   0.0000 (  0.4%)   0.0000 (  0.4%)  TypeBasedAA
   0.0000 (  0.5%)   0.0000 (  0.2%)   0.0000 (  0.4%)   0.0000 (  0.4%)  AMDGPUAA
   0.0000 (  0.3%)   0.0000 (  0.2%)   0.0000 (  0.3%)   0.0000 (  0.3%)  FunctionAnalysisManagerCGSCCProxy
   0.0000 (  0.3%)   0.0000 (  0.0%)   0.0000 (  0.3%)   0.0000 (  0.3%)  LazyCallGraphAnalysis
   0.0000 (  0.3%)   0.0000 (  0.3%)   0.0000 (  0.3%)   0.0000 (  0.3%)  LazyValueAnalysis
   0.0000 (  0.3%)   0.0000 (  0.1%)   0.0000 (  0.2%)   0.0000 (  0.3%)  DemandedBitsAnalysis
   0.0000 (  0.3%)   0.0000 (  0.0%)   0.0000 (  0.3%)   0.0000 (  0.3%)  InnerAnalysisManagerProxy<LoopAnalysisManager, Function>
   0.0000 (  0.3%)   0.0000 (  0.0%)   0.0000 (  0.2%)   0.0000 (  0.2%)  GlobalsAA
   0.0000 (  0.2%)   0.0000 (  0.3%)   0.0000 (  0.2%)   0.0000 (  0.2%)  EphemeralValuesAnalysis
   0.0000 (  0.2%)   0.0000 (  0.1%)   0.0000 (  0.2%)   0.0000 (  0.2%)  MemoryDependenceAnalysis
   0.0000 (  0.1%)   0.0000 (  0.1%)   0.0000 (  0.1%)   0.0000 (  0.1%)  OuterAnalysisManagerProxy<ModuleAnalysisManager, LazyCallGraph::SCC, LazyCallGraph &>
   0.0000 (  0.1%)   0.0000 (  0.1%)   0.0000 (  0.1%)   0.0000 (  0.1%)  ShouldNotRunFunctionPassesAnalysis
   0.0000 (  0.2%)   0.0000 (  0.0%)   0.0000 (  0.1%)   0.0000 (  0.1%)  LoopAccessAnalysis
   0.0000 (  0.0%)   0.0000 (  0.1%)   0.0000 (  0.0%)   0.0000 (  0.0%)  InnerAnalysisManagerProxy<FunctionAnalysisManager, Module>
   0.0000 (  0.0%)   0.0000 (  0.0%)   0.0000 (  0.0%)   0.0000 (  0.0%)  InnerAnalysisManagerProxy<CGSCCAnalysisManager, Module>
   0.0000 (  0.0%)   0.0000 (  0.0%)   0.0000 (  0.0%)   0.0000 (  0.0%)  ProfileSummaryAnalysis
   0.0000 (  0.0%)   0.0000 (  0.0%)   0.0000 (  0.0%)   0.0000 (  0.0%)  InlineAdvisorAnalysis
   0.0079 (100.0%)   0.0014 (100.0%)   0.0093 (100.0%)   0.0092 (100.0%)  Total

===-------------------------------------------------------------------------===
                          Pass execution timing report
===-------------------------------------------------------------------------===
  Total Execution Time: 0.0816 seconds (0.0815 wall clock)

   ---User Time---   --System Time--   --User+System--   ---Wall Time---  --- Name ---
   0.0194 ( 24.6%)   0.0004 ( 14.8%)   0.0198 ( 24.3%)   0.0198 ( 24.3%)  InstCombinePass
   0.0064 (  8.1%)   0.0001 (  2.4%)   0.0064 (  7.9%)   0.0064 (  7.9%)  GVNPass
   0.0055 (  6.9%)   0.0000 (  0.0%)   0.0055 (  6.7%)   0.0055 (  6.7%)  LoopVectorizePass
   0.0030 (  3.8%)   0.0011 ( 36.5%)   0.0041 (  5.0%)   0.0041 (  5.0%)  SimplifyCFGPass
   0.0035 (  4.4%)   0.0000 (  0.0%)   0.0035 (  4.2%)   0.0035 (  4.2%)  LoopUnrollPass
   0.0029 (  3.7%)   0.0005 ( 15.9%)   0.0034 (  4.2%)   0.0034 (  4.2%)  InlinerPass
   0.0028 (  3.6%)   0.0001 (  3.3%)   0.0029 (  3.6%)   0.0029 (  3.6%)  CorrelatedValuePropagationPass
   0.0027 (  3.4%)   0.0000 (  0.0%)   0.0027 (  3.3%)   0.0027 (  3.3%)  SLPVectorizerPass
   0.0027 (  3.4%)   0.0000 (  0.0%)   0.0027 (  3.3%)   0.0027 (  3.3%)  LICMPass
   0.0025 (  3.2%)   0.0000 (  0.1%)   0.0025 (  3.1%)   0.0025 (  3.1%)  DSEPass
   0.0022 (  2.7%)   0.0001 (  4.2%)   0.0023 (  2.8%)   0.0023 (  2.8%)  EarlyCSEPass
   0.0021 (  2.6%)   0.0001 (  3.2%)   0.0021 (  2.6%)   0.0021 (  2.6%)  AMDGPUUniformIntrinsicCombinePass
   0.0020 (  2.5%)   0.0000 (  0.0%)   0.0020 (  2.4%)   0.0020 (  2.4%)  LoopDeletionPass
   0.0019 (  2.5%)   0.0000 (  0.0%)   0.0019 (  2.4%)   0.0019 (  2.4%)  IndVarSimplifyPass
   0.0015 (  1.9%)   0.0000 (  0.0%)   0.0015 (  1.8%)   0.0015 (  1.8%)  BitcodeWriterPass
   0.0014 (  1.8%)   0.0000 (  1.3%)   0.0014 (  1.8%)   0.0014 (  1.8%)  SCCPPass
   0.0014 (  1.8%)   0.0000 (  0.0%)   0.0014 (  1.7%)   0.0014 (  1.7%)  LoopIdiomRecognizePass
   0.0009 (  1.2%)   0.0001 (  2.3%)   0.0010 (  1.2%)   0.0010 (  1.2%)  ReassociatePass
   0.0009 (  1.1%)   0.0000 (  0.0%)   0.0009 (  1.1%)   0.0009 (  1.1%)  LoopFullUnrollPass
   0.0008 (  1.1%)   0.0000 (  0.9%)   0.0009 (  1.1%)   0.0009 (  1.1%)  VerifierPass
   0.0007 (  0.9%)   0.0000 (  0.1%)   0.0007 (  0.9%)   0.0007 (  0.9%)  LCSSAPass
   0.0006 (  0.8%)   0.0001 (  3.0%)   0.0007 (  0.9%)   0.0007 (  0.9%)  AMDGPUPromoteKernelArgumentsPass
   0.0007 (  0.9%)   0.0000 (  0.6%)   0.0007 (  0.8%)   0.0007 (  0.8%)  BDCEPass
   0.0006 (  0.8%)   0.0001 (  2.1%)   0.0007 (  0.8%)   0.0007 (  0.8%)  ConstraintEliminationPass
   0.0007 (  0.8%)   0.0000 (  0.6%)   0.0007 (  0.8%)   0.0007 (  0.8%)  LoopSimplifyPass
   0.0006 (  0.8%)   0.0000 (  0.0%)   0.0006 (  0.8%)   0.0006 (  0.8%)  IPSCCPPass
   0.0006 (  0.7%)   0.0000 (  0.9%)   0.0006 (  0.7%)   0.0006 (  0.7%)  InferAddressSpacesPass
   0.0006 (  0.7%)   0.0000 (  0.0%)   0.0006 (  0.7%)   0.0006 (  0.7%)  InstSimplifyPass
   0.0006 (  0.7%)   0.0000 (  0.0%)   0.0006 (  0.7%)   0.0006 (  0.7%)  LoopInstSimplifyPass
   0.0004 (  0.6%)   0.0001 (  2.3%)   0.0005 (  0.6%)   0.0005 (  0.6%)  PostOrderFunctionAttrsPass
   0.0005 (  0.6%)   0.0000 (  0.2%)   0.0005 (  0.6%)   0.0005 (  0.6%)  ADCEPass
   0.0005 (  0.6%)   0.0000 (  0.1%)   0.0005 (  0.6%)   0.0005 (  0.6%)  MemCpyOptPass
   0.0005 (  0.6%)   0.0000 (  0.3%)   0.0005 (  0.6%)   0.0005 (  0.6%)  SROAPass
   0.0004 (  0.6%)   0.0000 (  0.0%)   0.0004 (  0.5%)   0.0004 (  0.5%)  GlobalOptPass
   0.0004 (  0.6%)   0.0000 (  0.0%)   0.0004 (  0.5%)   0.0004 (  0.5%)  InferAlignmentPass
   0.0004 (  0.5%)   0.0000 (  0.8%)   0.0004 (  0.5%)   0.0004 (  0.5%)  AggressiveInstCombinePass
   0.0003 (  0.4%)   0.0000 (  0.0%)   0.0003 (  0.4%)   0.0004 (  0.4%)  LoopRotatePass
   0.0003 (  0.4%)   0.0000 (  0.5%)   0.0003 (  0.4%)   0.0003 (  0.4%)  TailCallElimPass
   0.0003 (  0.3%)   0.0000 (  0.0%)   0.0003 (  0.3%)   0.0003 (  0.3%)  AlwaysInlinerPass
   0.0002 (  0.3%)   0.0000 (  0.0%)   0.0002 (  0.3%)   0.0002 (  0.3%)  LoopSimplifyCFGPass
   0.0002 (  0.3%)   0.0000 (  0.0%)   0.0002 (  0.3%)   0.0002 (  0.3%)  CalledValuePropagationPass
   0.0002 (  0.2%)   0.0000 (  0.0%)   0.0002 (  0.2%)   0.0002 (  0.2%)  SimpleLoopUnswitchPass
   0.0002 (  0.2%)   0.0000 (  0.1%)   0.0002 (  0.2%)   0.0002 (  0.2%)  VectorCombinePass
   0.0002 (  0.2%)   0.0000 (  0.2%)   0.0002 (  0.2%)   0.0002 (  0.2%)  AMDGPUSimplifyLibCallsPass
   0.0001 (  0.2%)   0.0000 (  0.6%)   0.0001 (  0.2%)   0.0001 (  0.2%)  SpeculativeExecutionPass
   0.0001 (  0.1%)   0.0000 (  0.0%)   0.0001 (  0.1%)   0.0001 (  0.1%)  LoopDistributePass
   0.0001 (  0.1%)   0.0000 (  0.4%)   0.0001 (  0.1%)   0.0001 (  0.1%)  LibCallsShrinkWrapPass
   0.0001 (  0.1%)   0.0000 (  0.5%)   0.0001 (  0.1%)   0.0001 (  0.1%)  AMDGPUPromoteAllocaToVectorPass
   0.0001 (  0.1%)   0.0000 (  0.0%)   0.0001 (  0.1%)   0.0001 (  0.1%)  LoopLoadEliminationPass
   0.0001 (  0.1%)   0.0000 (  0.2%)   0.0001 (  0.1%)   0.0001 (  0.1%)  InferFunctionAttrsPass
   0.0001 (  0.1%)   0.0000 (  0.0%)   0.0001 (  0.1%)   0.0001 (  0.1%)  Float2IntPass
   0.0001 (  0.1%)   0.0000 (  0.0%)   0.0001 (  0.1%)   0.0001 (  0.1%)  ReversePostOrderFunctionAttrsPass
   0.0001 (  0.1%)   0.0000 (  0.1%)   0.0001 (  0.1%)   0.0001 (  0.1%)  AMDGPUUseNativeCallsPass
   0.0000 (  0.1%)   0.0000 (  0.3%)   0.0001 (  0.1%)   0.0001 (  0.1%)  AMDGPULowerKernelAttributesPass
   0.0001 (  0.1%)   0.0000 (  0.0%)   0.0001 (  0.1%)   0.0001 (  0.1%)  RequireAnalysisPass<llvm::GlobalsAA, llvm::Module, llvm::AnalysisManager<Module>>
   0.0001 (  0.1%)   0.0000 (  0.1%)   0.0001 (  0.1%)   0.0001 (  0.1%)  ArgumentPromotionPass
   0.0000 (  0.1%)   0.0000 (  0.0%)   0.0000 (  0.1%)   0.0001 (  0.1%)  LowerExpectIntrinsicPass
   0.0000 (  0.1%)   0.0000 (  0.0%)   0.0000 (  0.1%)   0.0000 (  0.1%)  DeadArgumentEliminationPass
   0.0000 (  0.1%)   0.0000 (  0.0%)   0.0000 (  0.1%)   0.0000 (  0.0%)  RecomputeGlobalsAAPass
   0.0000 (  0.0%)   0.0000 (  0.0%)   0.0000 (  0.0%)   0.0000 (  0.0%)  WarnMissedTransformationsPass
   0.0000 (  0.0%)   0.0000 (  0.2%)   0.0000 (  0.0%)   0.0000 (  0.0%)  RequireAnalysisPass<llvm::ShouldNotRunFunctionPassesAnalysis, llvm::Function, llvm::AnalysisManager<Function>>
   0.0000 (  0.0%)   0.0000 (  0.1%)   0.0000 (  0.0%)   0.0000 (  0.0%)  JumpTableToSwitchPass
   0.0000 (  0.0%)   0.0000 (  0.0%)   0.0000 (  0.0%)   0.0000 (  0.0%)  GlobalDCEPass
   0.0000 (  0.0%)   0.0000 (  0.0%)   0.0000 (  0.0%)   0.0000 (  0.0%)  CallSiteSplittingPass
   0.0000 (  0.0%)   0.0000 (  0.1%)   0.0000 (  0.0%)   0.0000 (  0.0%)  MergedLoadStoreMotionPass
   0.0000 (  0.0%)   0.0000 (  0.1%)   0.0000 (  0.0%)   0.0000 (  0.0%)  CoroAnnotationElidePass
   0.0000 (  0.0%)   0.0000 (  0.0%)   0.0000 (  0.0%)   0.0000 (  0.0%)  LowerConstantIntrinsicsPass
   0.0000 (  0.0%)   0.0000 (  0.0%)   0.0000 (  0.0%)   0.0000 (  0.0%)  PromotePass
   0.0000 (  0.0%)   0.0000 (  0.0%)   0.0000 (  0.0%)   0.0000 (  0.0%)  ControlHeightReductionPass
   0.0000 (  0.0%)   0.0000 (  0.0%)   0.0000 (  0.0%)   0.0000 (  0.0%)  ExpandMemCmpPass
   0.0000 (  0.0%)   0.0000 (  0.1%)   0.0000 (  0.0%)   0.0000 (  0.0%)  JumpThreadingPass
   0.0000 (  0.0%)   0.0000 (  0.1%)   0.0000 (  0.0%)   0.0000 (  0.0%)  DFAJumpThreadingPass
   0.0000 (  0.0%)   0.0000 (  0.0%)   0.0000 (  0.0%)   0.0000 (  0.0%)  InjectTLIMappings
   0.0000 (  0.0%)   0.0000 (  0.0%)   0.0000 (  0.0%)   0.0000 (  0.0%)  DivRemPairsPass
   0.0000 (  0.0%)   0.0000 (  0.0%)   0.0000 (  0.0%)   0.0000 (  0.0%)  EntryExitInstrumenterPass
   0.0000 (  0.0%)   0.0000 (  0.0%)   0.0000 (  0.0%)   0.0000 (  0.0%)  CoroElidePass
   0.0000 (  0.0%)   0.0000 (  0.0%)   0.0000 (  0.0%)   0.0000 (  0.0%)  MoveAutoInitPass
   0.0000 (  0.0%)   0.0000 (  0.1%)   0.0000 (  0.0%)   0.0000 (  0.0%)  CoroSplitPass
   0.0000 (  0.0%)   0.0000 (  0.1%)   0.0000 (  0.0%)   0.0000 (  0.0%)  OpenMPOptCGSCCPass
   0.0000 (  0.0%)   0.0000 (  0.0%)   0.0000 (  0.0%)   0.0000 (  0.0%)  InvalidateAnalysisPass<llvm::AAManager>
   0.0000 (  0.0%)   0.0000 (  0.0%)   0.0000 (  0.0%)   0.0000 (  0.0%)  InvalidateAnalysisPass<llvm::ShouldNotRunFunctionPassesAnalysis>
   0.0000 (  0.0%)   0.0000 (  0.0%)   0.0000 (  0.0%)   0.0000 (  0.0%)  MergeICmpsPass
   0.0000 (  0.0%)   0.0000 (  0.0%)   0.0000 (  0.0%)   0.0000 (  0.0%)  AssignGUIDPass
   0.0000 (  0.0%)   0.0000 (  0.0%)   0.0000 (  0.0%)   0.0000 (  0.0%)  AlignmentFromAssumptionsPass
   0.0000 (  0.0%)   0.0000 (  0.0%)   0.0000 (  0.0%)   0.0000 (  0.0%)  LoopSinkPass
   0.0000 (  0.0%)   0.0000 (  0.0%)   0.0000 (  0.0%)   0.0000 (  0.0%)  AnnotationRemarksPass
   0.0000 (  0.0%)   0.0000 (  0.0%)   0.0000 (  0.0%)   0.0000 (  0.0%)  CoroEarlyPass
   0.0000 (  0.0%)   0.0000 (  0.0%)   0.0000 (  0.0%)   0.0000 (  0.0%)  ConstantMergePass
   0.0000 (  0.0%)   0.0000 (  0.0%)   0.0000 (  0.0%)   0.0000 (  0.0%)  NameAnonGlobalPass
   0.0000 (  0.0%)   0.0000 (  0.0%)   0.0000 (  0.0%)   0.0000 (  0.0%)  Annotation2MetadataPass
   0.0000 (  0.0%)   0.0000 (  0.0%)   0.0000 (  0.0%)   0.0000 (  0.0%)  CoroCleanupPass
   0.0000 (  0.0%)   0.0000 (  0.0%)   0.0000 (  0.0%)   0.0000 (  0.0%)  ForceFunctionAttrsPass
   0.0000 (  0.0%)   0.0000 (  0.0%)   0.0000 (  0.0%)   0.0000 (  0.0%)  OpenMPOptPass
   0.0000 (  0.0%)   0.0000 (  0.0%)   0.0000 (  0.0%)   0.0000 (  0.0%)  RequireAnalysisPass<llvm::ProfileSummaryAnalysis, llvm::Module, llvm::AnalysisManager<Module>>
   0.0000 (  0.0%)   0.0000 (  0.0%)   0.0000 (  0.0%)   0.0000 (  0.0%)  LowerCommentStringPass
   0.0000 (  0.0%)   0.0000 (  0.0%)   0.0000 (  0.0%)   0.0000 (  0.0%)  CanonicalizeAliasesPass
   0.0787 (100.0%)   0.0029 (100.0%)   0.0816 (100.0%)   0.0815 (100.0%)  Total

===-------------------------------------------------------------------------===
                               Clang time report
===-------------------------------------------------------------------------===
  Total Execution Time: 0.6642 seconds (0.6530 wall clock)

   ---User Time---   --System Time--   --User+System--   ---Wall Time---  --- Name ---
   0.5450 ( 86.8%)   0.0333 ( 91.6%)   0.5783 ( 87.1%)   0.5670 ( 86.8%)  Front end
   0.0829 ( 13.2%)   0.0030 (  8.4%)   0.0860 ( 12.9%)   0.0860 ( 13.2%)  Optimizer
   0.6279 (100.0%)   0.0363 (100.0%)   0.6642 (100.0%)   0.6530 (100.0%)  Total

===-------------------------------------------------------------------------===
                          Pass execution timing report
===-------------------------------------------------------------------------===
  Total Execution Time: 0.0422 seconds (0.0421 wall clock)

   ---User Time---   --System Time--   --User+System--   ---Wall Time---  --- Name ---
   0.0044 ( 11.6%)   0.0002 (  3.9%)   0.0046 ( 10.8%)   0.0046 ( 10.8%)  AMDGPU DAG->DAG Pattern Instruction Selection
   0.0022 (  5.8%)   0.0000 (  0.0%)   0.0022 (  5.3%)   0.0022 (  5.3%)  Loop Strength Reduction
   0.0022 (  5.7%)   0.0000 (  0.0%)   0.0022 (  5.2%)   0.0022 (  5.2%)  SLPVectorizerPass
   0.0021 (  5.6%)   0.0000 (  0.0%)   0.0021 (  5.0%)   0.0021 (  5.0%)  InstCombinePass
   0.0015 (  4.0%)   0.0000 (  0.0%)   0.0015 (  3.6%)   0.0015 (  3.6%)  Straight line strength reduction
   0.0006 (  1.6%)   0.0007 ( 16.5%)   0.0013 (  3.0%)   0.0013 (  3.0%)  IndVarSimplifyPass
   0.0011 (  3.0%)   0.0001 (  2.4%)   0.0012 (  2.9%)   0.0012 (  2.9%)  Machine Register Class Info Analysis
   0.0010 (  2.6%)   0.0001 (  2.4%)   0.0011 (  2.6%)   0.0011 (  2.6%)  Machine Instruction Scheduler
   0.0011 (  2.8%)   0.0000 (  0.0%)   0.0011 (  2.5%)   0.0011 (  2.5%)  LoopVectorizePass
   0.0009 (  2.4%)   0.0001 (  1.9%)   0.0010 (  2.3%)   0.0010 (  2.3%)  Live Variable Analysis
   0.0000 (  0.0%)   0.0010 ( 24.5%)   0.0010 (  2.3%)   0.0010 (  2.3%)  CallSiteSplittingPass
   0.0010 (  2.5%)   0.0000 (  0.0%)   0.0010 (  2.3%)   0.0010 (  2.3%)  Prologue/Epilogue Insertion & Frame Finalization
   0.0008 (  2.2%)   0.0000 (  0.0%)   0.0008 (  2.0%)   0.0008 (  2.0%)  PostRA Machine Instruction Scheduler
   0.0007 (  1.8%)   0.0001 (  1.7%)   0.0008 (  1.8%)   0.0008 (  1.8%)  Greedy Register Allocator
   0.0007 (  1.7%)   0.0000 (  0.0%)   0.0007 (  1.6%)   0.0007 (  1.6%)  Greedy Register Allocator #3
   0.0006 (  1.5%)   0.0000 (  0.0%)   0.0006 (  1.3%)   0.0006 (  1.3%)  Nary reassociation
   0.0006 (  1.4%)   0.0000 (  0.0%)   0.0006 (  1.3%)   0.0006 (  1.3%)  GVNPass
   0.0005 (  1.4%)   0.0000 (  0.0%)   0.0005 (  1.2%)   0.0005 (  1.2%)  Function register usage analysis
   0.0005 (  1.3%)   0.0000 (  0.0%)   0.0005 (  1.2%)   0.0005 (  1.2%)  GPU Load and Store Vectorizer
   0.0005 (  1.3%)   0.0000 (  0.0%)   0.0005 (  1.2%)   0.0005 (  1.2%)  Live Register Matrix #2
   0.0005 (  1.2%)   0.0000 (  0.0%)   0.0005 (  1.1%)   0.0005 (  1.1%)  AMDGPU Assembly Printer
   0.0001 (  0.2%)   0.0004 (  9.8%)   0.0005 (  1.1%)   0.0005 (  1.1%)  Live Register Matrix
   0.0004 (  1.1%)   0.0000 (  1.2%)   0.0005 (  1.1%)   0.0005 (  1.1%)  Live Register Matrix #3
   0.0005 (  1.2%)   0.0000 (  0.0%)   0.0005 (  1.1%)   0.0005 (  1.1%)  Global Value Numbering #2
   0.0004 (  1.1%)   0.0000 (  0.0%)   0.0004 (  1.0%)   0.0004 (  1.0%)  Global Value Numbering
   0.0004 (  1.1%)   0.0000 (  0.0%)   0.0004 (  1.0%)   0.0004 (  1.0%)  Greedy Register Allocator #2
   0.0004 (  1.0%)   0.0000 (  0.0%)   0.0004 (  0.9%)   0.0004 (  0.9%)  Induction Variable Users
   0.0004 (  0.9%)   0.0000 (  0.0%)   0.0004 (  0.9%)   0.0004 (  0.9%)  IPSCCPPass
   0.0003 (  0.8%)   0.0001 (  1.4%)   0.0004 (  0.8%)   0.0004 (  0.8%)  Finalize ISel and expand pseudo-instructions
   0.0003 (  0.7%)   0.0001 (  1.5%)   0.0003 (  0.8%)   0.0003 (  0.8%)  Machine Module Information
   0.0003 (  0.9%)   0.0000 (  0.0%)   0.0003 (  0.8%)   0.0003 (  0.8%)  SI insert wait instructions
   0.0002 (  0.6%)   0.0001 (  1.3%)   0.0003 (  0.7%)   0.0003 (  0.7%)  Function Alias Analysis Results #9
   0.0002 (  0.6%)   0.0001 (  1.3%)   0.0003 (  0.7%)   0.0003 (  0.7%)  Dominator Tree Construction #11
   0.0003 (  0.7%)   0.0000 (  0.6%)   0.0003 (  0.7%)   0.0003 (  0.7%)  Register Coalescer
   0.0002 (  0.6%)   0.0001 (  1.4%)   0.0003 (  0.7%)   0.0003 (  0.7%)  Basic Alias Analysis (stateless AA impl) #9
   0.0003 (  0.7%)   0.0000 (  0.0%)   0.0003 (  0.7%)   0.0003 (  0.7%)  Post RA hazard recognizer
   0.0002 (  0.4%)   0.0001 (  2.5%)   0.0003 (  0.6%)   0.0003 (  0.6%)  Machine Common Subexpression Elimination
   0.0003 (  0.7%)   0.0000 (  0.0%)   0.0003 (  0.6%)   0.0003 (  0.6%)  SCCPPass
   0.0003 (  0.7%)   0.0000 (  0.0%)   0.0003 (  0.6%)   0.0003 (  0.6%)  AMDGPUUniformIntrinsicCombinePass
   0.0001 (  0.3%)   0.0001 (  3.3%)   0.0002 (  0.5%)   0.0002 (  0.6%)  VerifierPass
   0.0001 (  0.2%)   0.0002 (  4.1%)   0.0002 (  0.5%)   0.0002 (  0.5%)  PostOrderFunctionAttrsPass
   0.0002 (  0.5%)   0.0000 (  0.4%)   0.0002 (  0.5%)   0.0002 (  0.5%)  Live Interval Analysis
   0.0002 (  0.6%)   0.0000 (  0.0%)   0.0002 (  0.5%)   0.0002 (  0.5%)  EarlyCSEPass
   0.0002 (  0.6%)   0.0000 (  0.0%)   0.0002 (  0.5%)   0.0002 (  0.5%)  AMDGPUAttributorPass
   0.0002 (  0.6%)   0.0000 (  0.0%)   0.0002 (  0.5%)   0.0002 (  0.5%)  Branch relaxation pass
   0.0002 (  0.6%)   0.0000 (  0.0%)   0.0002 (  0.5%)   0.0002 (  0.5%)  InferAddressSpacesPass
   0.0002 (  0.5%)   0.0000 (  0.0%)   0.0002 (  0.5%)   0.0002 (  0.5%)  Machine Register Class Info Analysis #2
   0.0001 (  0.3%)   0.0001 (  1.9%)   0.0002 (  0.5%)   0.0002 (  0.5%)  Machine Common Subexpression Elimination #2
   0.0002 (  0.4%)   0.0000 (  0.8%)   0.0002 (  0.4%)   0.0002 (  0.4%)  SI lower SGPR spill instructions
   0.0002 (  0.4%)   0.0000 (  0.0%)   0.0002 (  0.4%)   0.0002 (  0.4%)  Structurize control flow
   0.0002 (  0.4%)   0.0000 (  0.0%)   0.0002 (  0.4%)   0.0002 (  0.4%)  AMDGPU Rewrite AGPR-Copy-MFMA
   0.0001 (  0.4%)   0.0000 (  0.3%)   0.0001 (  0.4%)   0.0001 (  0.4%)  SI Form memory clauses
   0.0001 (  0.4%)   0.0000 (  0.0%)   0.0001 (  0.3%)   0.0001 (  0.3%)  CodeGen Prepare
   0.0001 (  0.4%)   0.0000 (  0.0%)   0.0001 (  0.3%)   0.0001 (  0.3%)  Early CSE
   0.0001 (  0.3%)   0.0000 (  0.0%)   0.0001 (  0.3%)   0.0001 (  0.3%)  ConstraintEliminationPass
   0.0001 (  0.3%)   0.0000 (  0.0%)   0.0001 (  0.3%)   0.0001 (  0.3%)  LICMPass
   0.0001 (  0.3%)   0.0000 (  0.0%)   0.0001 (  0.3%)   0.0001 (  0.3%)  SimplifyCFGPass
   0.0001 (  0.3%)   0.0000 (  0.0%)   0.0001 (  0.3%)   0.0001 (  0.3%)  LoopUnrollPass
   0.0001 (  0.2%)   0.0000 (  0.9%)   0.0001 (  0.3%)   0.0001 (  0.3%)  Early Machine Loop Invariant Code Motion
   0.0001 (  0.2%)   0.0000 (  0.8%)   0.0001 (  0.3%)   0.0001 (  0.3%)  Peephole Optimizations
   0.0001 (  0.3%)   0.0000 (  0.0%)   0.0001 (  0.3%)   0.0001 (  0.3%)  Split GEPs to a variadic base and a constant offset for better CSE
   0.0001 (  0.2%)   0.0000 (  1.0%)   0.0001 (  0.2%)   0.0001 (  0.2%)  Machine code sinking
   0.0001 (  0.3%)   0.0000 (  0.0%)   0.0001 (  0.2%)   0.0001 (  0.2%)  AMDGPUPromoteKernelArgumentsPass
   0.0001 (  0.2%)   0.0000 (  0.7%)   0.0001 (  0.2%)   0.0001 (  0.2%)  SI Fold Operands
   0.0001 (  0.3%)   0.0000 (  0.0%)   0.0001 (  0.2%)   0.0001 (  0.2%)  Machine Copy Propagation Pass
   0.0001 (  0.2%)   0.0000 (  0.8%)   0.0001 (  0.2%)   0.0001 (  0.2%)  SI Shrink Instructions
   0.0001 (  0.2%)   0.0000 (  0.0%)   0.0001 (  0.2%)   0.0001 (  0.2%)  Control Flow Optimizer
   0.0001 (  0.2%)   0.0000 (  0.0%)   0.0001 (  0.2%)   0.0001 (  0.2%)  BDCEPass
   0.0001 (  0.2%)   0.0000 (  0.0%)   0.0001 (  0.2%)   0.0001 (  0.2%)  Code sinking
   0.0001 (  0.2%)   0.0000 (  0.0%)   0.0001 (  0.2%)   0.0001 (  0.2%)  Branch Probability Basic Block Placement
   0.0001 (  0.2%)   0.0000 (  0.0%)   0.0001 (  0.2%)   0.0001 (  0.2%)  InferAlignmentPass
   0.0000 (  0.1%)   0.0000 (  0.8%)   0.0001 (  0.2%)   0.0001 (  0.2%)  SI Load Store Optimizer
   0.0001 (  0.2%)   0.0000 (  0.0%)   0.0001 (  0.2%)   0.0001 (  0.2%)  DSEPass
   0.0001 (  0.2%)   0.0000 (  0.0%)   0.0001 (  0.2%)   0.0001 (  0.2%)  Uniformity Analysis #8
   0.0000 (  0.1%)   0.0000 (  0.7%)   0.0001 (  0.2%)   0.0001 (  0.2%)  LoopFullUnrollPass
   0.0001 (  0.2%)   0.0000 (  0.0%)   0.0001 (  0.2%)   0.0001 (  0.2%)  Virtual Register Rewriter
   0.0000 (  0.1%)   0.0000 (  0.3%)   0.0001 (  0.1%)   0.0001 (  0.2%)  MachineDominator Tree Construction #5
   0.0001 (  0.2%)   0.0000 (  0.0%)   0.0001 (  0.2%)   0.0001 (  0.2%)  Analysis if a function is memory bound
   0.0001 (  0.2%)   0.0000 (  0.1%)   0.0001 (  0.2%)   0.0001 (  0.1%)  Slot index numbering #2
   0.0001 (  0.2%)   0.0000 (  0.0%)   0.0001 (  0.2%)   0.0001 (  0.1%)  LCSSAPass
   0.0001 (  0.2%)   0.0000 (  0.0%)   0.0001 (  0.1%)   0.0001 (  0.1%)  LoopSimplifyPass
   0.0001 (  0.1%)   0.0000 (  0.0%)   0.0001 (  0.1%)   0.0001 (  0.1%)  Lower buffer fat pointer operations to buffer resources
   0.0001 (  0.1%)   0.0000 (  0.0%)   0.0001 (  0.1%)   0.0001 (  0.1%)  CalledValuePropagationPass
   0.0001 (  0.2%)   0.0000 (  0.0%)   0.0001 (  0.1%)   0.0001 (  0.1%)  Canonicalize Freeze Instructions in Loops
   0.0001 (  0.2%)   0.0000 (  0.0%)   0.0001 (  0.2%)   0.0001 (  0.1%)  Memory SSA
   0.0001 (  0.1%)   0.0000 (  0.0%)   0.0001 (  0.1%)   0.0001 (  0.1%)  Uniformity Analysis #2
   0.0001 (  0.1%)   0.0000 (  0.0%)   0.0001 (  0.1%)   0.0001 (  0.1%)  Loop Invariant Code Motion
   0.0000 (  0.1%)   0.0000 (  0.5%)   0.0001 (  0.1%)   0.0001 (  0.1%)  Machine Natural Loop Construction
   0.0001 (  0.1%)   0.0000 (  0.0%)   0.0001 (  0.1%)   0.0001 (  0.1%)  Uniformity Analysis #3
   0.0000 (  0.1%)   0.0000 (  0.4%)   0.0000 (  0.1%)   0.0001 (  0.1%)  Machine Block Frequency Analysis #3
   0.0001 (  0.1%)   0.0000 (  0.0%)   0.0001 (  0.1%)   0.0001 (  0.1%)  Uniformity Analysis
   0.0001 (  0.1%)   0.0000 (  0.0%)   0.0001 (  0.1%)   0.0001 (  0.1%)  Virtual Register Rewriter #3
   0.0001 (  0.2%)   0.0000 (  0.0%)   0.0001 (  0.1%)   0.0001 (  0.1%)  Dominator Tree Construction #4
   0.0000 (  0.1%)   0.0000 (  0.4%)   0.0001 (  0.1%)   0.0001 (  0.1%)  Detect Dead Lanes
   0.0001 (  0.1%)   0.0000 (  0.0%)   0.0001 (  0.1%)   0.0001 (  0.1%)  Uniformity Analysis #4
   0.0001 (  0.1%)   0.0000 (  0.0%)   0.0001 (  0.1%)   0.0001 (  0.1%)  AMDGPU Annotate Uniform Values
   0.0000 (  0.1%)   0.0000 (  0.0%)   0.0000 (  0.1%)   0.0000 (  0.1%)  Natural Loop Information
   0.0000 (  0.1%)   0.0000 (  0.0%)   0.0000 (  0.1%)   0.0000 (  0.1%)  MemCpyOptPass
   0.0000 (  0.1%)   0.0000 (  0.1%)   0.0000 (  0.1%)   0.0000 (  0.1%)  Two-Address instruction pass
   0.0000 (  0.1%)   0.0000 (  0.0%)   0.0000 (  0.1%)   0.0000 (  0.1%)  Uniformity Analysis #7
   0.0000 (  0.1%)   0.0000 (  0.1%)   0.0000 (  0.1%)   0.0000 (  0.1%)  Machine Block Frequency Analysis #4
   0.0000 (  0.1%)   0.0000 (  0.4%)   0.0000 (  0.1%)   0.0000 (  0.1%)  Early Machine Loop Invariant Code Motion #2
   0.0000 (  0.1%)   0.0000 (  0.0%)   0.0000 (  0.1%)   0.0000 (  0.1%)  Machine Natural Loop Construction #3
   0.0000 (  0.1%)   0.0000 (  0.0%)   0.0000 (  0.1%)   0.0000 (  0.1%)  SI Fix SGPR copies
   0.0000 (  0.1%)   0.0000 (  0.0%)   0.0000 (  0.1%)   0.0000 (  0.1%)  Uniformity Analysis #6
   0.0000 (  0.1%)   0.0000 (  0.0%)   0.0000 (  0.1%)   0.0000 (  0.1%)  Memory SSA #2
   0.0000 (  0.1%)   0.0000 (  0.0%)   0.0000 (  0.1%)   0.0000 (  0.1%)  SI Shrink Instructions #2
   0.0000 (  0.1%)   0.0000 (  0.1%)   0.0000 (  0.1%)   0.0000 (  0.1%)  Eliminate PHI nodes for register allocation
   0.0000 (  0.1%)   0.0000 (  0.0%)   0.0000 (  0.1%)   0.0000 (  0.1%)  Machine Copy Propagation Pass #2
   0.0000 (  0.1%)   0.0000 (  0.0%)   0.0000 (  0.1%)   0.0000 (  0.1%)  AMDGPU Lower Kernel Arguments
   0.0000 (  0.0%)   0.0000 (  0.9%)   0.0000 (  0.1%)   0.0000 (  0.1%)  PGOIndirectCallPromotion
   0.0000 (  0.1%)   0.0000 (  0.1%)   0.0000 (  0.1%)   0.0000 (  0.1%)  Remove dead machine instructions
   0.0000 (  0.1%)   0.0000 (  0.1%)   0.0000 (  0.1%)   0.0000 (  0.1%)  SI Whole Quad Mode
   0.0000 (  0.1%)   0.0000 (  0.0%)   0.0000 (  0.1%)   0.0000 (  0.1%)  AggressiveInstCombinePass
   0.0000 (  0.1%)   0.0000 (  0.0%)   0.0000 (  0.1%)   0.0000 (  0.1%)  GlobalOptPass
   0.0000 (  0.1%)   0.0000 (  0.0%)   0.0000 (  0.1%)   0.0000 (  0.1%)  Free MachineFunction
   0.0000 (  0.1%)   0.0000 (  0.0%)   0.0000 (  0.1%)   0.0000 (  0.1%)  Uniformity Analysis #5
   0.0000 (  0.1%)   0.0000 (  0.3%)   0.0000 (  0.1%)   0.0000 (  0.1%)  LoopDeletionPass
   0.0000 (  0.1%)   0.0000 (  0.0%)   0.0000 (  0.1%)   0.0000 (  0.1%)  AMDGPU IR optimizations
   0.0000 (  0.1%)   0.0000 (  0.0%)   0.0000 (  0.1%)   0.0000 (  0.1%)  Machine Late Instructions Cleanup Pass
   0.0000 (  0.1%)   0.0000 (  0.0%)   0.0000 (  0.1%)   0.0000 (  0.1%)  PromotePass
   0.0000 (  0.1%)   0.0000 (  0.0%)   0.0000 (  0.1%)   0.0000 (  0.1%)  Scalar Evolution Analysis #3
   0.0000 (  0.1%)   0.0000 (  0.0%)   0.0000 (  0.1%)   0.0000 (  0.1%)  Canonicalize natural loops
   0.0000 (  0.1%)   0.0000 (  0.3%)   0.0000 (  0.1%)   0.0000 (  0.1%)  SI Fold Operands #2
   0.0000 (  0.1%)   0.0000 (  0.0%)   0.0000 (  0.1%)   0.0000 (  0.1%)  Block Frequency Analysis
   0.0000 (  0.1%)   0.0000 (  0.0%)   0.0000 (  0.1%)   0.0000 (  0.1%)  SI post-RA bundler
   0.0000 (  0.1%)   0.0000 (  0.0%)   0.0000 (  0.1%)   0.0000 (  0.1%)  Constant Hoisting
   0.0000 (  0.1%)   0.0000 (  0.1%)   0.0000 (  0.1%)   0.0000 (  0.1%)  LoopDistributePass
   0.0000 (  0.1%)   0.0000 (  0.3%)   0.0000 (  0.1%)   0.0000 (  0.1%)  Machine Block Frequency Analysis #2
   0.0000 (  0.1%)   0.0000 (  0.0%)   0.0000 (  0.1%)   0.0000 (  0.1%)  VectorCombinePass
   0.0000 (  0.1%)   0.0000 (  0.0%)   0.0000 (  0.1%)   0.0000 (  0.1%)  SI annotate control flow
   0.0000 (  0.1%)   0.0000 (  0.0%)   0.0000 (  0.1%)   0.0000 (  0.1%)  Scalar Evolution Analysis
   0.0000 (  0.1%)   0.0000 (  0.3%)   0.0000 (  0.1%)   0.0000 (  0.1%)  Remove dead machine instructions #2
   0.0000 (  0.1%)   0.0000 (  0.0%)   0.0000 (  0.1%)   0.0000 (  0.1%)  RequireAnalysisPass<llvm::GlobalsAA, llvm::Module, llvm::AnalysisManager<Module>>
   0.0000 (  0.0%)   0.0000 (  0.2%)   0.0000 (  0.1%)   0.0000 (  0.1%)  Machine Block Frequency Analysis
   0.0000 (  0.1%)   0.0000 (  0.0%)   0.0000 (  0.1%)   0.0000 (  0.1%)  AMDGPU Remove Incompatible Functions
   0.0000 (  0.1%)   0.0000 (  0.0%)   0.0000 (  0.1%)   0.0000 (  0.1%)  NoRecurseLTOInferencePass
   0.0000 (  0.0%)   0.0000 (  0.1%)   0.0000 (  0.1%)   0.0000 (  0.1%)  SI optimize exec mask operations pre-RA
   0.0000 (  0.1%)   0.0000 (  0.0%)   0.0000 (  0.1%)   0.0000 (  0.1%)  Machine Block Frequency Analysis #5
   0.0000 (  0.1%)   0.0000 (  0.1%)   0.0000 (  0.1%)   0.0000 (  0.1%)  Bundle Machine CFG Edges
   0.0000 (  0.1%)   0.0000 (  0.0%)   0.0000 (  0.0%)   0.0000 (  0.1%)  Spill Code Placement Analysis
   0.0000 (  0.1%)   0.0000 (  0.0%)   0.0000 (  0.1%)   0.0000 (  0.1%)  AMDGPULowerModuleLDSPass
   0.0000 (  0.1%)   0.0000 (  0.0%)   0.0000 (  0.1%)   0.0000 (  0.1%)  Scalar Evolution Analysis #2
   0.0000 (  0.1%)   0.0000 (  0.1%)   0.0000 (  0.1%)   0.0000 (  0.1%)  SI Lower control flow pseudo instructions
   0.0000 (  0.0%)   0.0000 (  0.6%)   0.0000 (  0.1%)   0.0000 (  0.1%)  InferFunctionAttrsPass
   0.0000 (  0.1%)   0.0000 (  0.0%)   0.0000 (  0.1%)   0.0000 (  0.1%)  Dominator Tree Construction #10
   0.0000 (  0.1%)   0.0000 (  0.0%)   0.0000 (  0.1%)   0.0000 (  0.1%)  Expand IR instructions
   0.0000 (  0.1%)   0.0000 (  0.0%)   0.0000 (  0.1%)   0.0000 (  0.1%)  Branch Probability Analysis #3
   0.0000 (  0.1%)   0.0000 (  0.0%)   0.0000 (  0.0%)   0.0000 (  0.1%)  Debug Variable Analysis
   0.0000 (  0.1%)   0.0000 (  0.0%)   0.0000 (  0.1%)   0.0000 (  0.1%)  Live DEBUG_VALUE analysis
   0.0000 (  0.1%)   0.0000 (  0.0%)   0.0000 (  0.1%)   0.0000 (  0.1%)  Machine Loop Invariant Code Motion
   0.0000 (  0.1%)   0.0000 (  0.0%)   0.0000 (  0.1%)   0.0000 (  0.1%)  Branch Probability Analysis
   0.0000 (  0.1%)   0.0000 (  0.0%)   0.0000 (  0.1%)   0.0000 (  0.1%)  SI Memory Legalizer
   0.0000 (  0.0%)   0.0000 (  0.0%)   0.0000 (  0.0%)   0.0000 (  0.1%)  Early Tail Duplication
   0.0000 (  0.0%)   0.0000 (  0.2%)   0.0000 (  0.0%)   0.0000 (  0.1%)  GlobalDCEPass
   0.0000 (  0.1%)   0.0000 (  0.0%)   0.0000 (  0.1%)   0.0000 (  0.1%)  Machine Optimization Remark Emitter
   0.0000 (  0.0%)   0.0000 (  0.1%)   0.0000 (  0.0%)   0.0000 (  0.0%)  MachineDominator Tree Construction
   0.0000 (  0.0%)   0.0000 (  0.0%)   0.0000 (  0.0%)   0.0000 (  0.0%)  Slot index numbering
   0.0000 (  0.1%)   0.0000 (  0.0%)   0.0000 (  0.0%)   0.0000 (  0.0%)  AMDGPUPromoteAllocaToVectorPass
   0.0000 (  0.1%)   0.0000 (  0.0%)   0.0000 (  0.0%)   0.0000 (  0.0%)  PostRA Machine Sink
   0.0000 (  0.0%)   0.0000 (  0.2%)   0.0000 (  0.1%)   0.0000 (  0.0%)  Remove dead machine instructions #3
   0.0000 (  0.1%)   0.0000 (  0.0%)   0.0000 (  0.0%)   0.0000 (  0.0%)  Machine Natural Loop Construction #5
   0.0000 (  0.1%)   0.0000 (  0.0%)   0.0000 (  0.0%)   0.0000 (  0.0%)  AMDGPULowerKernelAttributesPass
   0.0000 (  0.1%)   0.0000 (  0.0%)   0.0000 (  0.1%)   0.0000 (  0.0%)  Loop-Closed SSA Form Pass
   0.0000 (  0.0%)   0.0000 (  0.0%)   0.0000 (  0.0%)   0.0000 (  0.0%)  Natural Loop Information #8
   0.0000 (  0.0%)   0.0000 (  0.0%)   0.0000 (  0.0%)   0.0000 (  0.0%)  Scalar Evolution Analysis #4
   0.0000 (  0.0%)   0.0000 (  0.0%)   0.0000 (  0.0%)   0.0000 (  0.0%)  DivRemPairsPass
   0.0000 (  0.1%)   0.0000 (  0.0%)   0.0000 (  0.0%)   0.0000 (  0.0%)  Virtual Register Rewriter #2
   0.0000 (  0.0%)   0.0000 (  0.0%)   0.0000 (  0.0%)   0.0000 (  0.0%)  SI optimize exec mask operations
   0.0000 (  0.0%)   0.0000 (  0.0%)   0.0000 (  0.0%)   0.0000 (  0.0%)  Target Pass Configuration
   0.0000 (  0.0%)   0.0000 (  0.0%)   0.0000 (  0.0%)   0.0000 (  0.0%)  AMDGPULowerExecSyncPass
   0.0000 (  0.0%)   0.0000 (  0.0%)   0.0000 (  0.0%)   0.0000 (  0.0%)  Machine Block Frequency Analysis #6
   0.0000 (  0.1%)   0.0000 (  0.0%)   0.0000 (  0.0%)   0.0000 (  0.0%)  AMDGPUSimplifyLibCallsPass
   0.0000 (  0.0%)   0.0000 (  0.0%)   0.0000 (  0.0%)   0.0000 (  0.0%)  Rename Disconnected Subregister Components
   0.0000 (  0.0%)   0.0000 (  0.1%)   0.0000 (  0.0%)   0.0000 (  0.0%)  MachinePostDominator Tree Construction
   0.0000 (  0.0%)   0.0000 (  0.0%)   0.0000 (  0.0%)   0.0000 (  0.0%)  Block Frequency Analysis #2
   0.0000 (  0.0%)   0.0000 (  0.0%)   0.0000 (  0.0%)   0.0000 (  0.0%)  Post-Dominator Tree Construction
   0.0000 (  0.0%)   0.0000 (  0.1%)   0.0000 (  0.0%)   0.0000 (  0.0%)  SROAPass
   0.0000 (  0.0%)   0.0000 (  0.0%)   0.0000 (  0.0%)   0.0000 (  0.0%)  Post-RA pseudo instruction expansion pass
   0.0000 (  0.0%)   0.0000 (  0.1%)   0.0000 (  0.0%)   0.0000 (  0.0%)  Machine Natural Loop Construction #2
   0.0000 (  0.0%)   0.0000 (  0.2%)   0.0000 (  0.0%)   0.0000 (  0.0%)  Remove dead machine instructions #4
   0.0000 (  0.0%)   0.0000 (  0.0%)   0.0000 (  0.0%)   0.0000 (  0.0%)  Target Library Information
   0.0000 (  0.0%)   0.0000 (  0.0%)   0.0000 (  0.0%)   0.0000 (  0.0%)  MachineDominator Tree Construction #8
   0.0000 (  0.1%)   0.0000 (  0.0%)   0.0000 (  0.0%)   0.0000 (  0.0%)  Function Alias Analysis Results #3
   0.0000 (  0.0%)   0.0000 (  0.0%)   0.0000 (  0.0%)   0.0000 (  0.0%)  Branch Probability Analysis #2
   0.0000 (  0.0%)   0.0000 (  0.0%)   0.0000 (  0.0%)   0.0000 (  0.0%)  Detect single entry single exit regions
   0.0000 (  0.0%)   0.0000 (  0.0%)   0.0000 (  0.0%)   0.0000 (  0.0%)  Live Stack Slot Analysis #2
   0.0000 (  0.0%)   0.0000 (  0.0%)   0.0000 (  0.0%)   0.0000 (  0.0%)  Post-Dominator Tree Construction #5
   0.0000 (  0.0%)   0.0000 (  0.1%)   0.0000 (  0.0%)   0.0000 (  0.0%)  AMDGPU Pre-RA Long Branch Reg
   0.0000 (  0.0%)   0.0000 (  0.0%)   0.0000 (  0.0%)   0.0000 (  0.0%)  SI peephole optimizations
   0.0000 (  0.0%)   0.0000 (  0.0%)   0.0000 (  0.0%)   0.0000 (  0.0%)  SI Lower i1 Copies
   0.0000 (  0.0%)   0.0000 (  0.0%)   0.0000 (  0.0%)   0.0000 (  0.0%)  WholeProgramDevirtPass
   0.0000 (  0.0%)   0.0000 (  0.0%)   0.0000 (  0.0%)   0.0000 (  0.0%)  Natural Loop Information #9
   0.0000 (  0.0%)   0.0000 (  0.0%)   0.0000 (  0.0%)   0.0000 (  0.0%)  TailCallElimPass
   0.0000 (  0.0%)   0.0000 (  0.0%)   0.0000 (  0.0%)   0.0000 (  0.0%)  Loop-Closed SSA Form Pass #2
   0.0000 (  0.0%)   0.0000 (  0.0%)   0.0000 (  0.0%)   0.0000 (  0.0%)  AMDGPU IR late optimizations
   0.0000 (  0.0%)   0.0000 (  0.0%)   0.0000 (  0.0%)   0.0000 (  0.0%)  AMDGPU lowering of execution synchronization
   0.0000 (  0.0%)   0.0000 (  0.0%)   0.0000 (  0.0%)   0.0000 (  0.0%)  Basic Alias Analysis (stateless AA impl)
   0.0000 (  0.0%)   0.0000 (  0.0%)   0.0000 (  0.0%)   0.0000 (  0.0%)  DummyCGSCCPass
   0.0000 (  0.0%)   0.0000 (  0.0%)   0.0000 (  0.0%)   0.0000 (  0.0%)  AMDGPU Promote Alloca
   0.0000 (  0.0%)   0.0000 (  0.0%)   0.0000 (  0.0%)   0.0000 (  0.0%)  MachinePostDominator Tree Construction #3
   0.0000 (  0.0%)   0.0000 (  0.2%)   0.0000 (  0.0%)   0.0000 (  0.0%)  SI Peephole SDWA
   0.0000 (  0.0%)   0.0000 (  0.0%)   0.0000 (  0.0%)   0.0000 (  0.0%)  Assumption Cache Tracker
   0.0000 (  0.0%)   0.0000 (  0.0%)   0.0000 (  0.0%)   0.0000 (  0.0%)  Natural Loop Information #2
   0.0000 (  0.0%)   0.0000 (  0.0%)   0.0000 (  0.0%)   0.0000 (  0.0%)  CallGraph Construction
   0.0000 (  0.0%)   0.0000 (  0.2%)   0.0000 (  0.0%)   0.0000 (  0.0%)  Remove unreachable machine basic blocks
   0.0000 (  0.0%)   0.0000 (  0.0%)   0.0000 (  0.0%)   0.0000 (  0.0%)  Tail Duplication
   0.0000 (  0.0%)   0.0000 (  0.0%)   0.0000 (  0.0%)   0.0000 (  0.0%)  Dominance Frontier Construction
   0.0000 (  0.0%)   0.0000 (  0.0%)   0.0000 (  0.0%)   0.0000 (  0.0%)  Function Alias Analysis Results
   0.0000 (  0.0%)   0.0000 (  0.0%)   0.0000 (  0.0%)   0.0000 (  0.0%)  MachineDominator Tree Construction #6
   0.0000 (  0.0%)   0.0000 (  0.0%)   0.0000 (  0.0%)   0.0000 (  0.0%)  Cycle Info Analysis #6
   0.0000 (  0.0%)   0.0000 (  0.0%)   0.0000 (  0.0%)   0.0000 (  0.0%)  Live Stack Slot Analysis
   0.0000 (  0.0%)   0.0000 (  0.0%)   0.0000 (  0.0%)   0.0000 (  0.0%)  CGProfilePass
   0.0000 (  0.0%)   0.0000 (  0.0%)   0.0000 (  0.0%)   0.0000 (  0.0%)  Basic Alias Analysis (stateless AA impl) #3
   0.0000 (  0.0%)   0.0000 (  0.1%)   0.0000 (  0.0%)   0.0000 (  0.0%)  Machine Cycle Info Analysis
   0.0000 (  0.0%)   0.0000 (  0.0%)   0.0000 (  0.0%)   0.0000 (  0.0%)  Dominator Tree Construction #3
   0.0000 (  0.0%)   0.0000 (  0.0%)   0.0000 (  0.0%)   0.0000 (  0.0%)  Insert required mode register values
   0.0000 (  0.0%)   0.0000 (  0.0%)   0.0000 (  0.0%)   0.0000 (  0.0%)  Scalarize Masked Memory Intrinsics
   0.0000 (  0.0%)   0.0000 (  0.0%)   0.0000 (  0.0%)   0.0000 (  0.0%)  Partially inline calls to library functions
   0.0000 (  0.0%)   0.0000 (  0.0%)   0.0000 (  0.0%)   0.0000 (  0.0%)  Natural Loop Information #10
   0.0000 (  0.0%)   0.0000 (  0.0%)   0.0000 (  0.0%)   0.0000 (  0.0%)  Machine Natural Loop Construction #4
   0.0000 (  0.1%)   0.0000 (  0.0%)   0.0000 (  0.1%)   0.0000 (  0.0%)  Virtual Register Map #2
   0.0000 (  0.0%)   0.0000 (  0.0%)   0.0000 (  0.0%)   0.0000 (  0.0%)  Cycle Info Analysis #13
   0.0000 (  0.0%)   0.0000 (  0.0%)   0.0000 (  0.0%)   0.0000 (  0.0%)  Virtual Register Map #3
   0.0000 (  0.0%)   0.0000 (  0.0%)   0.0000 (  0.0%)   0.0000 (  0.0%)  MachinePostDominator Tree Construction #4
   0.0000 (  0.0%)   0.0000 (  0.1%)   0.0000 (  0.0%)   0.0000 (  0.0%)  MachinePostDominator Tree Construction #2
   0.0000 (  0.0%)   0.0000 (  0.0%)   0.0000 (  0.0%)   0.0000 (  0.0%)  AMDGPU atomic optimizations
   0.0000 (  0.0%)   0.0000 (  0.0%)   0.0000 (  0.0%)   0.0000 (  0.0%)  Dominator Tree Construction #9
   0.0000 (  0.0%)   0.0000 (  0.0%)   0.0000 (  0.0%)   0.0000 (  0.0%)  Dominator Tree Construction
   0.0000 (  0.0%)   0.0000 (  0.0%)   0.0000 (  0.0%)   0.0000 (  0.0%)  InlinerPass
   0.0000 (  0.0%)   0.0000 (  0.0%)   0.0000 (  0.0%)   0.0000 (  0.0%)  Replace intrinsics with calls to vector library
   0.0000 (  0.0%)   0.0000 (  0.0%)   0.0000 (  0.0%)   0.0000 (  0.0%)  Function Alias Analysis Results #2
   0.0000 (  0.0%)   0.0000 (  0.1%)   0.0000 (  0.0%)   0.0000 (  0.0%)  Rewrite Partial Register Uses
   0.0000 (  0.0%)   0.0000 (  0.0%)   0.0000 (  0.0%)   0.0000 (  0.0%)  Remove unreachable blocks from the CFG
   0.0000 (  0.0%)   0.0000 (  0.0%)   0.0000 (  0.0%)   0.0000 (  0.0%)  Lower uses of LDS variables from non-kernel functions
   0.0000 (  0.0%)   0.0000 (  0.0%)   0.0000 (  0.0%)   0.0000 (  0.0%)  MachineDominator Tree Construction #7
   0.0000 (  0.0%)   0.0000 (  0.0%)   0.0000 (  0.0%)   0.0000 (  0.0%)  AnnotationRemarksPass
   0.0000 (  0.0%)   0.0000 (  0.0%)   0.0000 (  0.0%)   0.0000 (  0.0%)  Expand Atomic instructions
   0.0000 (  0.0%)   0.0000 (  0.0%)   0.0000 (  0.0%)   0.0000 (  0.0%)  Create Garbage Collector Module Metadata
   0.0000 (  0.0%)   0.0000 (  0.0%)   0.0000 (  0.0%)   0.0000 (  0.0%)  Function Alias Analysis Results #4
   0.0000 (  0.0%)   0.0000 (  0.0%)   0.0000 (  0.0%)   0.0000 (  0.0%)  SI Pre-allocate WWM Registers
   0.0000 (  0.0%)   0.0000 (  0.0%)   0.0000 (  0.0%)   0.0000 (  0.0%)  MachinePostDominator Tree Construction #5
   0.0000 (  0.0%)   0.0000 (  0.0%)   0.0000 (  0.0%)   0.0000 (  0.0%)  Assignment Tracking Analysis
   0.0000 (  0.0%)   0.0000 (  0.0%)   0.0000 (  0.0%)   0.0000 (  0.0%)  Stack Slot Coloring
   0.0000 (  0.0%)   0.0000 (  0.0%)   0.0000 (  0.0%)   0.0000 (  0.0%)  Cycle Info Analysis
   0.0000 (  0.0%)   0.0000 (  0.0%)   0.0000 (  0.0%)   0.0000 (  0.0%)  Expand reduction intrinsics
   0.0000 (  0.0%)   0.0000 (  0.0%)   0.0000 (  0.0%)   0.0000 (  0.0%)  Natural Loop Information #3
   0.0000 (  0.0%)   0.0000 (  0.0%)   0.0000 (  0.0%)   0.0000 (  0.0%)  Cycle Info Analysis #9
   0.0000 (  0.0%)   0.0000 (  0.1%)   0.0000 (  0.0%)   0.0000 (  0.0%)  Virtual Register Map
   0.0000 (  0.0%)   0.0000 (  0.0%)   0.0000 (  0.0%)   0.0000 (  0.0%)  AMDGPUUseNativeCallsPass
   0.0000 (  0.0%)   0.0000 (  0.0%)   0.0000 (  0.0%)   0.0000 (  0.0%)  AMDGPU Pre-RA optimizations
   0.0000 (  0.0%)   0.0000 (  0.0%)   0.0000 (  0.0%)   0.0000 (  0.0%)  JumpThreadingPass
   0.0000 (  0.0%)   0.0000 (  0.0%)   0.0000 (  0.0%)   0.0000 (  0.0%)  Dominator Tree Construction #5
   0.0000 (  0.0%)   0.0000 (  0.0%)   0.0000 (  0.0%)   0.0000 (  0.0%)  Dominator Tree Construction #6
   0.0000 (  0.0%)   0.0000 (  0.0%)   0.0000 (  0.0%)   0.0000 (  0.0%)  Memory Dependence Analysis #2
   0.0000 (  0.0%)   0.0000 (  0.0%)   0.0000 (  0.0%)   0.0000 (  0.0%)  Natural Loop Information #7
   0.0000 (  0.0%)   0.0000 (  0.0%)   0.0000 (  0.0%)   0.0000 (  0.0%)  Post-Dominator Tree Construction #2
   0.0000 (  0.0%)   0.0000 (  0.0%)   0.0000 (  0.0%)   0.0000 (  0.0%)  Cycle Info Analysis #10
   0.0000 (  0.0%)   0.0000 (  0.0%)   0.0000 (  0.0%)   0.0000 (  0.0%)  Machine Cycle Info Analysis #2
   0.0000 (  0.0%)   0.0000 (  0.0%)   0.0000 (  0.0%)   0.0000 (  0.0%)  Post-Dominator Tree Construction #3
   0.0000 (  0.0%)   0.0000 (  0.1%)   0.0000 (  0.0%)   0.0000 (  0.0%)  Optimize machine instruction PHIs
   0.0000 (  0.0%)   0.0000 (  0.0%)   0.0000 (  0.0%)   0.0000 (  0.0%)  Flatten the CFG
   0.0000 (  0.0%)   0.0000 (  0.0%)   0.0000 (  0.0%)   0.0000 (  0.0%)  Library Function Lowering Analysis
   0.0000 (  0.0%)   0.0000 (  0.0%)   0.0000 (  0.0%)   0.0000 (  0.0%)  Remove unreachable blocks from the CFG #2
   0.0000 (  0.0%)   0.0000 (  0.0%)   0.0000 (  0.0%)   0.0000 (  0.0%)  Insert stack protectors
   0.0000 (  0.0%)   0.0000 (  0.0%)   0.0000 (  0.0%)   0.0000 (  0.0%)  Function Alias Analysis Results #5
   0.0000 (  0.0%)   0.0000 (  0.0%)   0.0000 (  0.0%)   0.0000 (  0.0%)  SI Fix VGPR copies
   0.0000 (  0.0%)   0.0000 (  0.0%)   0.0000 (  0.0%)   0.0000 (  0.0%)  Natural Loop Information #5
   0.0000 (  0.0%)   0.0000 (  0.0%)   0.0000 (  0.0%)   0.0000 (  0.0%)  Memory Dependence Analysis
   0.0000 (  0.0%)   0.0000 (  0.0%)   0.0000 (  0.0%)   0.0000 (  0.0%)  Dominator Tree Construction #2
   0.0000 (  0.0%)   0.0000 (  0.0%)   0.0000 (  0.0%)   0.0000 (  0.0%)  Cycle Info Analysis #12
   0.0000 (  0.0%)   0.0000 (  0.0%)   0.0000 (  0.0%)   0.0000 (  0.0%)  Basic Alias Analysis (stateless AA impl) #5
   0.0000 (  0.0%)   0.0000 (  0.0%)   0.0000 (  0.0%)   0.0000 (  0.0%)  AMDGPU Uniform Intrinsic Combine
   0.0000 (  0.0%)   0.0000 (  0.0%)   0.0000 (  0.0%)   0.0000 (  0.0%)  SI Final Branch Preparation
   0.0000 (  0.0%)   0.0000 (  0.0%)   0.0000 (  0.0%)   0.0000 (  0.0%)  DropUnnecessaryAssumesPass
   0.0000 (  0.0%)   0.0000 (  0.0%)   0.0000 (  0.0%)   0.0000 (  0.0%)  Default Regalloc Priority Advisor
   0.0000 (  0.0%)   0.0000 (  0.1%)   0.0000 (  0.0%)   0.0000 (  0.0%)  GCN DPP Combine
   0.0000 (  0.0%)   0.0000 (  0.0%)   0.0000 (  0.0%)   0.0000 (  0.0%)  Lazy Branch Probability Analysis #5
   0.0000 (  0.0%)   0.0000 (  0.1%)   0.0000 (  0.0%)   0.0000 (  0.0%)  MachineDominator Tree Construction #4
   0.0000 (  0.0%)   0.0000 (  0.0%)   0.0000 (  0.0%)   0.0000 (  0.0%)  ObjC ARC contraction
   0.0000 (  0.0%)   0.0000 (  0.0%)   0.0000 (  0.0%)   0.0000 (  0.0%)  Default Regalloc Eviction Advisor
   0.0000 (  0.0%)   0.0000 (  0.0%)   0.0000 (  0.0%)   0.0000 (  0.0%)  Post-Dominator Tree Construction #4
   0.0000 (  0.0%)   0.0000 (  0.0%)   0.0000 (  0.0%)   0.0000 (  0.0%)  Natural Loop Information #4
   0.0000 (  0.0%)   0.0000 (  0.0%)   0.0000 (  0.0%)   0.0000 (  0.0%)  Fixup each natural loop to have a single exit block
   0.0000 (  0.0%)   0.0000 (  0.0%)   0.0000 (  0.0%)   0.0000 (  0.0%)  SI Lower WWM Copies
   0.0000 (  0.0%)   0.0000 (  0.0%)   0.0000 (  0.0%)   0.0000 (  0.0%)  Cycle Info Analysis #8
   0.0000 (  0.0%)   0.0000 (  0.0%)   0.0000 (  0.0%)   0.0000 (  0.0%)  LCSSA Verifier
   0.0000 (  0.0%)   0.0000 (  0.0%)   0.0000 (  0.0%)   0.0000 (  0.0%)  LowerTypeTestsPass
   0.0000 (  0.0%)   0.0000 (  0.0%)   0.0000 (  0.0%)   0.0000 (  0.0%)  Basic Alias Analysis (stateless AA impl) #7
   0.0000 (  0.0%)   0.0000 (  0.0%)   0.0000 (  0.0%)   0.0000 (  0.0%)  Machine Optimization Remark Emitter #2
   0.0000 (  0.0%)   0.0000 (  0.0%)   0.0000 (  0.0%)   0.0000 (  0.0%)  Function Alias Analysis Results #8
   0.0000 (  0.0%)   0.0000 (  0.1%)   0.0000 (  0.0%)   0.0000 (  0.0%)  Process Implicit Definitions
   0.0000 (  0.0%)   0.0000 (  0.0%)   0.0000 (  0.0%)   0.0000 (  0.0%)  External Alias Analysis
   0.0000 (  0.0%)   0.0000 (  0.0%)   0.0000 (  0.0%)   0.0000 (  0.0%)  SI Optimize VGPR LiveRange
   0.0000 (  0.0%)   0.0000 (  0.0%)   0.0000 (  0.0%)   0.0000 (  0.0%)  Lazy Block Frequency Analysis #2
   0.0000 (  0.0%)   0.0000 (  0.1%)   0.0000 (  0.0%)   0.0000 (  0.0%)  MachineDominator Tree Construction #2
   0.0000 (  0.0%)   0.0000 (  0.0%)   0.0000 (  0.0%)   0.0000 (  0.0%)  Target Transform Information
   0.0000 (  0.0%)   0.0000 (  0.0%)   0.0000 (  0.0%)   0.0000 (  0.0%)  WarnMissedTransformationsPass
   0.0000 (  0.0%)   0.0000 (  0.0%)   0.0000 (  0.0%)   0.0000 (  0.0%)  Insert XRay ops
   0.0000 (  0.0%)   0.0000 (  0.0%)   0.0000 (  0.0%)   0.0000 (  0.0%)  Shrink Wrapping analysis
   0.0000 (  0.0%)   0.0000 (  0.1%)   0.0000 (  0.0%)   0.0000 (  0.0%)  ArgumentPromotionPass
   0.0000 (  0.0%)   0.0000 (  0.0%)   0.0000 (  0.0%)   0.0000 (  0.0%)  Basic Alias Analysis (stateless AA impl) #2
   0.0000 (  0.0%)   0.0000 (  0.0%)   0.0000 (  0.0%)   0.0000 (  0.0%)  Machine Branch Probability Analysis
   0.0000 (  0.0%)   0.0000 (  0.0%)   0.0000 (  0.0%)   0.0000 (  0.0%)  Function Alias Analysis Results #6
   0.0000 (  0.0%)   0.0000 (  0.1%)   0.0000 (  0.0%)   0.0000 (  0.0%)  MachineDominator Tree Construction #3
   0.0000 (  0.0%)   0.0000 (  0.0%)   0.0000 (  0.0%)   0.0000 (  0.0%)  AMDGPU Reserve WWM Registers
   0.0000 (  0.0%)   0.0000 (  0.0%)   0.0000 (  0.0%)   0.0000 (  0.0%)  Stack Slot Coloring #2
   0.0000 (  0.0%)   0.0000 (  0.0%)   0.0000 (  0.0%)   0.0000 (  0.0%)  Lazy Block Frequency Analysis #5
   0.0000 (  0.0%)   0.0000 (  0.0%)   0.0000 (  0.0%)   0.0000 (  0.0%)  Function Alias Analysis Results #7
   0.0000 (  0.0%)   0.0000 (  0.0%)   0.0000 (  0.0%)   0.0000 (  0.0%)  Merge disjoint stack slots
   0.0000 (  0.0%)   0.0000 (  0.0%)   0.0000 (  0.0%)   0.0000 (  0.0%)  Lazy Machine Block Frequency Analysis #2
   0.0000 (  0.0%)   0.0000 (  0.0%)   0.0000 (  0.0%)   0.0000 (  0.0%)  Register Usage Information Storage
   0.0000 (  0.0%)   0.0000 (  0.0%)   0.0000 (  0.0%)   0.0000 (  0.0%)  Lazy Branch Probability Analysis #2
   0.0000 (  0.0%)   0.0000 (  0.0%)   0.0000 (  0.0%)   0.0000 (  0.0%)  Cycle Info Analysis #2
   0.0000 (  0.0%)   0.0000 (  0.0%)   0.0000 (  0.0%)   0.0000 (  0.0%)  Cycle Info Analysis #3
   0.0000 (  0.0%)   0.0000 (  0.0%)   0.0000 (  0.0%)   0.0000 (  0.0%)  Scoped NoAlias Alias Analysis
   0.0000 (  0.0%)   0.0000 (  0.0%)   0.0000 (  0.0%)   0.0000 (  0.0%)  Unify divergent function exit nodes
   0.0000 (  0.0%)   0.0000 (  0.0%)   0.0000 (  0.0%)   0.0000 (  0.0%)  Stack Frame Layout Analysis
   0.0000 (  0.0%)   0.0000 (  0.0%)   0.0000 (  0.0%)   0.0000 (  0.0%)  Cycle Info Analysis #5
   0.0000 (  0.0%)   0.0000 (  0.0%)   0.0000 (  0.0%)   0.0000 (  0.0%)  Dominator Tree Construction #8
   0.0000 (  0.0%)   0.0000 (  0.0%)   0.0000 (  0.0%)   0.0000 (  0.0%)  Type-Based Alias Analysis
   0.0000 (  0.0%)   0.0000 (  0.0%)   0.0000 (  0.0%)   0.0000 (  0.0%)  AMDGPU Image Intrinsic Optimizer
   0.0000 (  0.0%)   0.0000 (  0.0%)   0.0000 (  0.0%)   0.0000 (  0.0%)  Cycle Info Analysis #4
   0.0000 (  0.0%)   0.0000 (  0.0%)   0.0000 (  0.0%)   0.0000 (  0.0%)  Profile summary info
   0.0000 (  0.0%)   0.0000 (  0.0%)   0.0000 (  0.0%)   0.0000 (  0.0%)  Scalar Evolution Analysis #5
   0.0000 (  0.0%)   0.0000 (  0.0%)   0.0000 (  0.0%)   0.0000 (  0.0%)  Lazy Branch Probability Analysis #3
   0.0000 (  0.0%)   0.0000 (  0.0%)   0.0000 (  0.0%)   0.0000 (  0.0%)  Cycle Info Analysis #7
   0.0000 (  0.0%)   0.0000 (  0.0%)   0.0000 (  0.0%)   0.0000 (  0.0%)  OpenMPOptCGSCCPass
   0.0000 (  0.0%)   0.0000 (  0.0%)   0.0000 (  0.0%)   0.0000 (  0.0%)  Cycle Info Analysis #11
   0.0000 (  0.0%)   0.0000 (  0.0%)   0.0000 (  0.0%)   0.0000 (  0.0%)  Remove Loads Into Fake Uses
   0.0000 (  0.0%)   0.0000 (  0.0%)   0.0000 (  0.0%)   0.0000 (  0.0%)  LCSSA Verifier #2
   0.0000 (  0.0%)   0.0000 (  0.1%)   0.0000 (  0.0%)   0.0000 (  0.0%)  Init Undef Pass
   0.0000 (  0.0%)   0.0000 (  0.0%)   0.0000 (  0.0%)   0.0000 (  0.0%)  AMDGPU Insert Delay ALU
   0.0000 (  0.0%)   0.0000 (  0.0%)   0.0000 (  0.0%)   0.0000 (  0.0%)  Expand variadic functions
   0.0000 (  0.0%)   0.0000 (  0.0%)   0.0000 (  0.0%)   0.0000 (  0.0%)  Instrument function entry/exit with calls to e.g. mcount() (post inlining)
   0.0000 (  0.0%)   0.0000 (  0.0%)   0.0000 (  0.0%)   0.0000 (  0.0%)  Basic Alias Analysis (stateless AA impl) #4
   0.0000 (  0.0%)   0.0000 (  0.0%)   0.0000 (  0.0%)   0.0000 (  0.0%)  Prepare inline asm insts
   0.0000 (  0.0%)   0.0000 (  0.0%)   0.0000 (  0.0%)   0.0000 (  0.0%)  SI Insert Hard Clauses
   0.0000 (  0.0%)   0.0000 (  0.0%)   0.0000 (  0.0%)   0.0000 (  0.0%)  Optimization Remark Emitter
   0.0000 (  0.0%)   0.0000 (  0.0%)   0.0000 (  0.0%)   0.0000 (  0.0%)  AMDGPU Lower VGPR Encoding
   0.0000 (  0.0%)   0.0000 (  0.0%)   0.0000 (  0.0%)   0.0000 (  0.0%)  InvalidateAnalysisPass<llvm::AAManager>
   0.0000 (  0.0%)   0.0000 (  0.0%)   0.0000 (  0.0%)   0.0000 (  0.0%)  Basic Alias Analysis (stateless AA impl) #8
   0.0000 (  0.0%)   0.0000 (  0.0%)   0.0000 (  0.0%)   0.0000 (  0.0%)  CoroAnnotationElidePass
   0.0000 (  0.0%)   0.0000 (  0.0%)   0.0000 (  0.0%)   0.0000 (  0.0%)  Lazy Branch Probability Analysis
   0.0000 (  0.0%)   0.0000 (  0.0%)   0.0000 (  0.0%)   0.0000 (  0.0%)  Local Stack Slot Allocation
   0.0000 (  0.0%)   0.0000 (  0.1%)   0.0000 (  0.0%)   0.0000 (  0.0%)  MemProfRemoveInfo
   0.0000 (  0.0%)   0.0000 (  0.0%)   0.0000 (  0.0%)   0.0000 (  0.0%)  AMDGPU Rewrite Undef for PHI
   0.0000 (  0.0%)   0.0000 (  0.0%)   0.0000 (  0.0%)   0.0000 (  0.0%)  Convert irreducible control-flow into natural loops
   0.0000 (  0.0%)   0.0000 (  0.1%)   0.0000 (  0.0%)   0.0000 (  0.0%)  Register Usage Information Propagation
   0.0000 (  0.0%)   0.0000 (  0.0%)   0.0000 (  0.0%)   0.0000 (  0.0%)  AMDGPU Insert waits for SGPR read hazards
   0.0000 (  0.0%)   0.0000 (  0.0%)   0.0000 (  0.0%)   0.0000 (  0.0%)  Machine Optimization Remark Emitter #3
   0.0000 (  0.0%)   0.0000 (  0.0%)   0.0000 (  0.0%)   0.0000 (  0.0%)  Insert fentry calls
   0.0000 (  0.0%)   0.0000 (  0.0%)   0.0000 (  0.0%)   0.0000 (  0.0%)  AMDGPU Preload Kernel Arguments Prolog
   0.0000 (  0.0%)   0.0000 (  0.1%)   0.0000 (  0.0%)   0.0000 (  0.0%)  AMDGPU Prepare AGPR Alloc
   0.0000 (  0.0%)   0.0000 (  0.0%)   0.0000 (  0.0%)   0.0000 (  0.0%)  Lower SwitchInst's to branches
   0.0000 (  0.0%)   0.0000 (  0.0%)   0.0000 (  0.0%)   0.0000 (  0.0%)  AMDGPU Mark Last Scratch Load
   0.0000 (  0.0%)   0.0000 (  0.0%)   0.0000 (  0.0%)   0.0000 (  0.0%)  Lazy Machine Block Frequency Analysis #3
   0.0000 (  0.0%)   0.0000 (  0.0%)   0.0000 (  0.0%)   0.0000 (  0.0%)  Register Usage Information Collector Pass
   0.0000 (  0.0%)   0.0000 (  0.0%)   0.0000 (  0.0%)   0.0000 (  0.0%)  Lazy Branch Probability Analysis #4
   0.0000 (  0.0%)   0.0000 (  0.0%)   0.0000 (  0.0%)   0.0000 (  0.0%)  Safe Stack instrumentation pass
   0.0000 (  0.0%)   0.0000 (  0.0%)   0.0000 (  0.0%)   0.0000 (  0.0%)  MoveAutoInitPass
   0.0000 (  0.0%)   0.0000 (  0.0%)   0.0000 (  0.0%)   0.0000 (  0.0%)  Remove Redundant DEBUG_VALUE analysis
   0.0000 (  0.0%)   0.0000 (  0.0%)   0.0000 (  0.0%)   0.0000 (  0.0%)  Lazy Block Frequency Analysis #4
   0.0000 (  0.0%)   0.0000 (  0.0%)   0.0000 (  0.0%)   0.0000 (  0.0%)  Lazy Machine Block Frequency Analysis #5
   0.0000 (  0.0%)   0.0000 (  0.0%)   0.0000 (  0.0%)   0.0000 (  0.0%)  GCN NSA Reassign
   0.0000 (  0.0%)   0.0000 (  0.1%)   0.0000 (  0.0%)   0.0000 (  0.0%)  Lazy Machine Block Frequency Analysis
   0.0000 (  0.0%)   0.0000 (  0.0%)   0.0000 (  0.0%)   0.0000 (  0.0%)  Optimization Remark Emitter #2
   0.0000 (  0.0%)   0.0000 (  0.0%)   0.0000 (  0.0%)   0.0000 (  0.0%)  GCN Create VOPD Instructions
   0.0000 (  0.0%)   0.0000 (  0.0%)   0.0000 (  0.0%)   0.0000 (  0.0%)  Lazy Block Frequency Analysis
   0.0000 (  0.0%)   0.0000 (  0.0%)   0.0000 (  0.0%)   0.0000 (  0.0%)  Unnamed pass: implement Pass::getPassName()
   0.0000 (  0.0%)   0.0000 (  0.0%)   0.0000 (  0.0%)   0.0000 (  0.0%)  Dominator Tree Construction #7
   0.0000 (  0.0%)   0.0000 (  0.0%)   0.0000 (  0.0%)   0.0000 (  0.0%)  Basic Alias Analysis (stateless AA impl) #6
   0.0000 (  0.0%)   0.0000 (  0.0%)   0.0000 (  0.0%)   0.0000 (  0.0%)  Lower invoke and unwind, for unwindless code generators
   0.0000 (  0.0%)   0.0000 (  0.0%)   0.0000 (  0.0%)   0.0000 (  0.0%)  Natural Loop Information #6
   0.0000 (  0.0%)   0.0000 (  0.0%)   0.0000 (  0.0%)   0.0000 (  0.0%)  Lazy Value Information Analysis
   0.0000 (  0.0%)   0.0000 (  0.0%)   0.0000 (  0.0%)   0.0000 (  0.0%)  Lazy Block Frequency Analysis #3
   0.0000 (  0.0%)   0.0000 (  0.0%)   0.0000 (  0.0%)   0.0000 (  0.0%)  ExpandVariadicsPass
   0.0000 (  0.0%)   0.0000 (  0.0%)   0.0000 (  0.0%)   0.0000 (  0.0%)  Machine Sanitizer Binary Metadata
   0.0000 (  0.0%)   0.0000 (  0.0%)   0.0000 (  0.0%)   0.0000 (  0.0%)  AlignmentFromAssumptionsPass
   0.0000 (  0.0%)   0.0000 (  0.0%)   0.0000 (  0.0%)   0.0000 (  0.0%)  Fixup Statepoint Caller Saved
   0.0000 (  0.0%)   0.0000 (  0.0%)   0.0000 (  0.0%)   0.0000 (  0.0%)  MergedLoadStoreMotionPass
   0.0000 (  0.0%)   0.0000 (  0.0%)   0.0000 (  0.0%)   0.0000 (  0.0%)  AMDGPU Preload Kernel Arguments
   0.0000 (  0.0%)   0.0000 (  0.0%)   0.0000 (  0.0%)   0.0000 (  0.0%)  Optimization Remark Emitter #3
   0.0000 (  0.0%)   0.0000 (  0.0%)   0.0000 (  0.0%)   0.0000 (  0.0%)  Lazy Machine Block Frequency Analysis #4
   0.0000 (  0.0%)   0.0000 (  0.0%)   0.0000 (  0.0%)   0.0000 (  0.0%)  DeadArgumentEliminationPass
   0.0000 (  0.0%)   0.0000 (  0.0%)   0.0000 (  0.0%)   0.0000 (  0.0%)  CoroSplitPass
   0.0000 (  0.0%)   0.0000 (  0.1%)   0.0000 (  0.0%)   0.0000 (  0.0%)  OpenMPOptPass
   0.0000 (  0.0%)   0.0000 (  0.0%)   0.0000 (  0.0%)   0.0000 (  0.0%)  AllocTokenPass
   0.0000 (  0.0%)   0.0000 (  0.0%)   0.0000 (  0.0%)   0.0000 (  0.0%)  KernelInfoPrinter
   0.0000 (  0.0%)   0.0000 (  0.1%)   0.0000 (  0.0%)   0.0000 (  0.0%)  CrossDSOCFIPass
   0.0000 (  0.0%)   0.0000 (  0.0%)   0.0000 (  0.0%)   0.0000 (  0.0%)  LoopSinkPass
   0.0000 (  0.0%)   0.0000 (  0.0%)   0.0000 (  0.0%)   0.0000 (  0.0%)  CoroEarlyPass
   0.0000 (  0.0%)   0.0000 (  0.0%)   0.0000 (  0.0%)   0.0000 (  0.0%)  RelLookupTableConverterPass
   0.0000 (  0.0%)   0.0000 (  0.0%)   0.0000 (  0.0%)   0.0000 (  0.0%)  ReversePostOrderFunctionAttrsPass
   0.0000 (  0.0%)   0.0000 (  0.0%)   0.0000 (  0.0%)   0.0000 (  0.0%)  Pre-ISel Intrinsic Lowering
   0.0000 (  0.0%)   0.0000 (  0.0%)   0.0000 (  0.0%)   0.0000 (  0.0%)  AMDGPU lower intrinsics
   0.0000 (  0.0%)   0.0000 (  0.0%)   0.0000 (  0.0%)   0.0000 (  0.0%)  AMDGPU Inline All Functions
   0.0000 (  0.0%)   0.0000 (  0.0%)   0.0000 (  0.0%)   0.0000 (  0.0%)  Externalize enqueued block runtime handles
   0.0000 (  0.0%)   0.0000 (  0.0%)   0.0000 (  0.0%)   0.0000 (  0.0%)  EliminateAvailableExternallyPass
   0.0000 (  0.0%)   0.0000 (  0.0%)   0.0000 (  0.0%)   0.0000 (  0.0%)  GlobalSplitPass
   0.0000 (  0.0%)   0.0000 (  0.0%)   0.0000 (  0.0%)   0.0000 (  0.0%)  CoroCleanupPass
   0.0000 (  0.0%)   0.0000 (  0.0%)   0.0000 (  0.0%)   0.0000 (  0.0%)  ConstantMergePass
   0.0000 (  0.0%)   0.0000 (  0.0%)   0.0000 (  0.0%)   0.0000 (  0.0%)  Lower ctors and dtors for AMDGPU
   0.0000 (  0.0%)   0.0000 (  0.0%)   0.0000 (  0.0%)   0.0000 (  0.0%)  AMDGPU Software lowering of LDS
   0.0000 (  0.0%)   0.0000 (  0.0%)   0.0000 (  0.0%)   0.0000 (  0.0%)  AMDGPU Printf lowering
   0.0000 (  0.0%)   0.0000 (  0.0%)   0.0000 (  0.0%)   0.0000 (  0.0%)  AMDGPUSwLowerLDSPass
   0.0000 (  0.0%)   0.0000 (  0.0%)   0.0000 (  0.0%)   0.0000 (  0.0%)  DropTypeTestsPass
   0.0382 (100.0%)   0.0040 (100.0%)   0.0422 (100.0%)   0.0421 (100.0%)  Total

===-------------------------------------------------------------------------===
                      Instruction Selection and Scheduling
===-------------------------------------------------------------------------===
  Total Execution Time: 0.0034 seconds (0.0033 wall clock)

   ---User Time---   --System Time--   --User+System--   ---Wall Time---  --- Name ---
   0.0009 ( 26.6%)   0.0000 (  0.0%)   0.0009 ( 25.4%)   0.0008 ( 25.4%)  Instruction Selection
   0.0007 ( 20.5%)   0.0001 ( 98.0%)   0.0008 ( 23.9%)   0.0008 ( 24.0%)  Instruction Scheduling
   0.0005 ( 17.0%)   0.0000 (  0.0%)   0.0005 ( 16.3%)   0.0005 ( 16.3%)  DAG Combining 1
   0.0004 ( 13.4%)   0.0000 (  0.0%)   0.0004 ( 12.9%)   0.0004 ( 12.8%)  DAG Combining 2
   0.0003 (  8.5%)   0.0000 (  0.0%)   0.0003 (  8.1%)   0.0003 (  8.2%)  DAG Legalization
   0.0002 (  7.3%)   0.0000 (  1.4%)   0.0002 (  7.0%)   0.0002 (  6.9%)  Instruction Creation
   0.0001 (  2.9%)   0.0000 (  0.0%)   0.0001 (  2.8%)   0.0001 (  2.8%)  Type Legalization
   0.0001 (  1.7%)   0.0000 (  0.0%)   0.0001 (  1.6%)   0.0001 (  1.7%)  Vector Legalization
   0.0000 (  1.2%)   0.0000 (  0.7%)   0.0000 (  1.2%)   0.0000 (  1.1%)  Instruction Scheduling Cleanup
   0.0000 (  0.9%)   0.0000 (  0.0%)   0.0000 (  0.9%)   0.0000 (  0.9%)  DAG Combining after legalize types
   0.0032 (100.0%)   0.0001 (100.0%)   0.0034 (100.0%)   0.0033 (100.0%)  Total

===-------------------------------------------------------------------------===
                              Register Allocation
===-------------------------------------------------------------------------===
  Total Execution Time: 0.0001 seconds (0.0001 wall clock)

   ---User Time---   --System Time--   --User+System--   ---Wall Time---  --- Name ---
   0.0000 (100.0%)   0.0000 (100.0%)   0.0001 (100.0%)   0.0001 (100.0%)  Seed Live Regs
   0.0000 (100.0%)   0.0000 (100.0%)   0.0001 (100.0%)   0.0001 (100.0%)  Total

===-------------------------------------------------------------------------===
                        Analysis execution timing report
===-------------------------------------------------------------------------===
  Total Execution Time: 0.0020 seconds (0.0020 wall clock)

   ---User Time---   --System Time--   --User+System--   ---Wall Time---  --- Name ---
   0.0000 (  1.3%)   0.0009 ( 80.8%)   0.0009 ( 46.7%)   0.0009 ( 46.7%)  TargetIRAnalysis
   0.0002 ( 27.4%)   0.0000 (  0.0%)   0.0002 ( 11.8%)   0.0002 ( 11.6%)  UniformityInfoAnalysis
   0.0001 ( 11.6%)   0.0001 ( 10.9%)   0.0002 ( 11.2%)   0.0002 ( 11.1%)  VerifierAnalysis
   0.0001 ( 16.6%)   0.0000 (  0.0%)   0.0001 (  7.1%)   0.0001 (  7.1%)  MemorySSAAnalysis
   0.0001 (  8.2%)   0.0000 (  2.0%)   0.0001 (  4.7%)   0.0001 (  4.4%)  AAManager
   0.0000 (  3.9%)   0.0000 (  1.1%)   0.0000 (  2.3%)   0.0000 (  2.3%)  DominatorTreeAnalysis
   0.0000 (  5.8%)   0.0000 (  0.0%)   0.0000 (  2.5%)   0.0000 (  2.3%)  ScalarEvolutionAnalysis
   0.0000 (  3.5%)   0.0000 (  0.0%)   0.0000 (  1.5%)   0.0000 (  1.5%)  CycleAnalysis
   0.0000 (  1.4%)   0.0000 (  1.2%)   0.0000 (  1.3%)   0.0000 (  1.5%)  BasicAA
   0.0000 (  1.7%)   0.0000 (  0.8%)   0.0000 (  1.2%)   0.0000 (  1.2%)  LazyCallGraphAnalysis
   0.0000 (  2.5%)   0.0000 (  0.0%)   0.0000 (  1.1%)   0.0000 (  1.1%)  LoopAnalysis
   0.0000 (  2.3%)   0.0000 (  0.3%)   0.0000 (  1.2%)   0.0000 (  1.0%)  FunctionAnalysisManagerCGSCCProxy
   0.0000 (  1.6%)   0.0000 (  0.4%)   0.0000 (  0.9%)   0.0000 (  0.9%)  AssumptionAnalysis
   0.0000 (  0.3%)   0.0000 (  0.1%)   0.0000 (  0.2%)   0.0000 (  0.9%)  InnerAnalysisManagerProxy<LoopAnalysisManager, Function>
   0.0000 (  0.8%)   0.0000 (  0.6%)   0.0000 (  0.7%)   0.0000 (  0.7%)  TargetLibraryAnalysis
   0.0000 (  1.7%)   0.0000 (  0.0%)   0.0000 (  0.7%)   0.0000 (  0.7%)  GlobalsAA
   0.0000 (  1.6%)   0.0000 (  0.0%)   0.0000 (  0.7%)   0.0000 (  0.7%)  PostDominatorTreeAnalysis
   0.0000 (  1.3%)   0.0000 (  0.0%)   0.0000 (  0.5%)   0.0000 (  0.5%)  LastRunTrackingAnalysis
   0.0000 (  1.0%)   0.0000 (  0.0%)   0.0000 (  0.4%)   0.0000 (  0.4%)  CallGraphAnalysis
   0.0000 (  1.2%)   0.0000 (  0.0%)   0.0000 (  0.5%)   0.0000 (  0.4%)  OuterAnalysisManagerProxy<ModuleAnalysisManager, LazyCallGraph::SCC, LazyCallGraph &>
   0.0000 (  0.7%)   0.0000 (  0.0%)   0.0000 (  0.3%)   0.0000 (  0.4%)  DemandedBitsAnalysis
   0.0000 (  0.3%)   0.0000 (  0.3%)   0.0000 (  0.3%)   0.0000 (  0.4%)  TypeBasedAA
   0.0000 (  0.5%)   0.0000 (  0.3%)   0.0000 (  0.3%)   0.0000 (  0.3%)  ScopedNoAliasAA
   0.0000 (  0.5%)   0.0000 (  0.2%)   0.0000 (  0.3%)   0.0000 (  0.3%)  OptimizationRemarkEmitterAnalysis
   0.0000 (  0.2%)   0.0000 (  0.3%)   0.0000 (  0.2%)   0.0000 (  0.3%)  OuterAnalysisManagerProxy<ModuleAnalysisManager, Function>
   0.0000 (  0.5%)   0.0000 (  0.3%)   0.0000 (  0.3%)   0.0000 (  0.3%)  AMDGPUAA
   0.0000 (  0.6%)   0.0000 (  0.1%)   0.0000 (  0.3%)   0.0000 (  0.2%)  LoopAccessAnalysis
   0.0000 (  0.2%)   0.0000 (  0.1%)   0.0000 (  0.1%)   0.0000 (  0.2%)  InnerAnalysisManagerProxy<CGSCCAnalysisManager, Module>
   0.0000 (  0.5%)   0.0000 (  0.0%)   0.0000 (  0.2%)   0.0000 (  0.2%)  MemoryDependenceAnalysis
   0.0000 (  0.2%)   0.0000 (  0.2%)   0.0000 (  0.2%)   0.0000 (  0.1%)  InnerAnalysisManagerProxy<FunctionAnalysisManager, Module>
   0.0000 (  0.0%)   0.0000 (  0.2%)   0.0000 (  0.1%)   0.0000 (  0.1%)  ProfileSummaryAnalysis
   0.0000 (  0.0%)   0.0000 (  0.0%)   0.0000 (  0.0%)   0.0000 (  0.0%)  InlineAdvisorAnalysis
   0.0009 (100.0%)   0.0012 (100.0%)   0.0020 (100.0%)   0.0020 (100.0%)  Total

/root/polybenchGpu/HIP/GEMVER/gemver.hip.cpp:130:2: warning: ignoring return value of type 'hipError_t' declared with 'nodiscard' attribute [-Wunused-value]
  130 |         hipGetDeviceProperties(&deviceProp, GPU_DEVICE);
      |         ^~~~~~~~~~~~~~~~~~~~~~~~~~~~~~~~~~~~~~~~~~~~~~~
/opt/rocm-7.0.2/include/hip/hip_runtime_api.h:102:32: note: expanded from macro 'hipGetDeviceProperties'
  102 | #define hipGetDeviceProperties hipGetDevicePropertiesR0600
      |                                ^
/root/polybenchGpu/HIP/GEMVER/gemver.hip.cpp:132:2: warning: ignoring return value of type 'hipError_t' declared with 'nodiscard' attribute [-Wunused-value]
  132 |         hipSetDevice( GPU_DEVICE );
      |         ^~~~~~~~~~~~~~~~~~~~~~~~~~
/root/polybenchGpu/HIP/GEMVER/gemver.hip.cpp:201:2: warning: ignoring return value of type 'hipError_t' declared with 'nodiscard' attribute [-Wunused-value]
  201 |         hipMalloc((void **)&A_gpu, sizeof(DATA_TYPE) * N * N);
      |         ^~~~~~~~~~~~~~~~~~~~~~~~~~~~~~~~~~~~~~~~~~~~~~~~~~~~~
/root/polybenchGpu/HIP/GEMVER/gemver.hip.cpp:202:2: warning: ignoring return value of type 'hipError_t' declared with 'nodiscard' attribute [-Wunused-value]
  202 |         hipMalloc((void **)&x_gpu, sizeof(DATA_TYPE) * N);
      |         ^~~~~~~~~~~~~~~~~~~~~~~~~~~~~~~~~~~~~~~~~~~~~~~~~
/root/polybenchGpu/HIP/GEMVER/gemver.hip.cpp:203:2: warning: ignoring return value of type 'hipError_t' declared with 'nodiscard' attribute [-Wunused-value]
  203 |         hipMalloc((void **)&y_gpu, sizeof(DATA_TYPE) * N);
      |         ^~~~~~~~~~~~~~~~~~~~~~~~~~~~~~~~~~~~~~~~~~~~~~~~~
/root/polybenchGpu/HIP/GEMVER/gemver.hip.cpp:204:2: warning: ignoring return value of type 'hipError_t' declared with 'nodiscard' attribute [-Wunused-value]
  204 |         hipMalloc((void **)&z_gpu, sizeof(DATA_TYPE) * N);
      |         ^~~~~~~~~~~~~~~~~~~~~~~~~~~~~~~~~~~~~~~~~~~~~~~~~
/root/polybenchGpu/HIP/GEMVER/gemver.hip.cpp:205:2: warning: ignoring return value of type 'hipError_t' declared with 'nodiscard' attribute [-Wunused-value]
  205 |         hipMalloc((void **)&w_gpu, sizeof(DATA_TYPE) * N);
      |         ^~~~~~~~~~~~~~~~~~~~~~~~~~~~~~~~~~~~~~~~~~~~~~~~~
/root/polybenchGpu/HIP/GEMVER/gemver.hip.cpp:206:2: warning: ignoring return value of type 'hipError_t' declared with 'nodiscard' attribute [-Wunused-value]
  206 |         hipMalloc((void **)&v1_gpu, sizeof(DATA_TYPE) * N);
      |         ^~~~~~~~~~~~~~~~~~~~~~~~~~~~~~~~~~~~~~~~~~~~~~~~~~
/root/polybenchGpu/HIP/GEMVER/gemver.hip.cpp:207:2: warning: ignoring return value of type 'hipError_t' declared with 'nodiscard' attribute [-Wunused-value]
  207 |         hipMalloc((void **)&v2_gpu, sizeof(DATA_TYPE) * N);
      |         ^~~~~~~~~~~~~~~~~~~~~~~~~~~~~~~~~~~~~~~~~~~~~~~~~~
/root/polybenchGpu/HIP/GEMVER/gemver.hip.cpp:208:2: warning: ignoring return value of type 'hipError_t' declared with 'nodiscard' attribute [-Wunused-value]
  208 |         hipMalloc((void **)&u1_gpu, sizeof(DATA_TYPE) * N);
      |         ^~~~~~~~~~~~~~~~~~~~~~~~~~~~~~~~~~~~~~~~~~~~~~~~~~
/root/polybenchGpu/HIP/GEMVER/gemver.hip.cpp:209:2: warning: ignoring return value of type 'hipError_t' declared with 'nodiscard' attribute [-Wunused-value]
  209 |         hipMalloc((void **)&u2_gpu, sizeof(DATA_TYPE) * N);
      |         ^~~~~~~~~~~~~~~~~~~~~~~~~~~~~~~~~~~~~~~~~~~~~~~~~~
/root/polybenchGpu/HIP/GEMVER/gemver.hip.cpp:211:2: warning: ignoring return value of type 'hipError_t' declared with 'nodiscard' attribute [-Wunused-value]
  211 |         hipMemcpy(A_gpu, A, sizeof(DATA_TYPE) * N * N, hipMemcpyHostToDevice);
      |         ^~~~~~~~~~~~~~~~~~~~~~~~~~~~~~~~~~~~~~~~~~~~~~~~~~~~~~~~~~~~~~~~~~~~~
/root/polybenchGpu/HIP/GEMVER/gemver.hip.cpp:212:2: warning: ignoring return value of type 'hipError_t' declared with 'nodiscard' attribute [-Wunused-value]
  212 |         hipMemcpy(x_gpu, x, sizeof(DATA_TYPE) * N, hipMemcpyHostToDevice);
      |         ^~~~~~~~~~~~~~~~~~~~~~~~~~~~~~~~~~~~~~~~~~~~~~~~~~~~~~~~~~~~~~~~~
/root/polybenchGpu/HIP/GEMVER/gemver.hip.cpp:213:2: warning: ignoring return value of type 'hipError_t' declared with 'nodiscard' attribute [-Wunused-value]
  213 |         hipMemcpy(y_gpu, y, sizeof(DATA_TYPE) * N, hipMemcpyHostToDevice);
      |         ^~~~~~~~~~~~~~~~~~~~~~~~~~~~~~~~~~~~~~~~~~~~~~~~~~~~~~~~~~~~~~~~~
/root/polybenchGpu/HIP/GEMVER/gemver.hip.cpp:214:2: warning: ignoring return value of type 'hipError_t' declared with 'nodiscard' attribute [-Wunused-value]
  214 |         hipMemcpy(z_gpu, z, sizeof(DATA_TYPE) * N, hipMemcpyHostToDevice);
      |         ^~~~~~~~~~~~~~~~~~~~~~~~~~~~~~~~~~~~~~~~~~~~~~~~~~~~~~~~~~~~~~~~~
/root/polybenchGpu/HIP/GEMVER/gemver.hip.cpp:215:2: warning: ignoring return value of type 'hipError_t' declared with 'nodiscard' attribute [-Wunused-value]
  215 |         hipMemcpy(w_gpu, w, sizeof(DATA_TYPE) * N, hipMemcpyHostToDevice);
      |         ^~~~~~~~~~~~~~~~~~~~~~~~~~~~~~~~~~~~~~~~~~~~~~~~~~~~~~~~~~~~~~~~~
/root/polybenchGpu/HIP/GEMVER/gemver.hip.cpp:216:2: warning: ignoring return value of type 'hipError_t' declared with 'nodiscard' attribute [-Wunused-value]
  216 |         hipMemcpy(v1_gpu, v1, sizeof(DATA_TYPE) * N, hipMemcpyHostToDevice);
      |         ^~~~~~~~~~~~~~~~~~~~~~~~~~~~~~~~~~~~~~~~~~~~~~~~~~~~~~~~~~~~~~~~~~~
/root/polybenchGpu/HIP/GEMVER/gemver.hip.cpp:217:2: warning: ignoring return value of type 'hipError_t' declared with 'nodiscard' attribute [-Wunused-value]
  217 |         hipMemcpy(v2_gpu, v2, sizeof(DATA_TYPE) * N, hipMemcpyHostToDevice);
      |         ^~~~~~~~~~~~~~~~~~~~~~~~~~~~~~~~~~~~~~~~~~~~~~~~~~~~~~~~~~~~~~~~~~~
/root/polybenchGpu/HIP/GEMVER/gemver.hip.cpp:218:2: warning: ignoring return value of type 'hipError_t' declared with 'nodiscard' attribute [-Wunused-value]
  218 |         hipMemcpy(u1_gpu, u1, sizeof(DATA_TYPE) * N, hipMemcpyHostToDevice);
      |         ^~~~~~~~~~~~~~~~~~~~~~~~~~~~~~~~~~~~~~~~~~~~~~~~~~~~~~~~~~~~~~~~~~~
/root/polybenchGpu/HIP/GEMVER/gemver.hip.cpp:219:2: warning: ignoring return value of type 'hipError_t' declared with 'nodiscard' attribute [-Wunused-value]
  219 |         hipMemcpy(u2_gpu, u2, sizeof(DATA_TYPE) * N, hipMemcpyHostToDevice);
      |         ^~~~~~~~~~~~~~~~~~~~~~~~~~~~~~~~~~~~~~~~~~~~~~~~~~~~~~~~~~~~~~~~~~~
/root/polybenchGpu/HIP/GEMVER/gemver.hip.cpp:234:2: warning: ignoring return value of type 'hipError_t' declared with 'nodiscard' attribute [-Wunused-value]
  234 |         hipDeviceSynchronize();
      |         ^~~~~~~~~~~~~~~~~~~~~~
/root/polybenchGpu/HIP/GEMVER/gemver.hip.cpp:236:2: warning: ignoring return value of type 'hipError_t' declared with 'nodiscard' attribute [-Wunused-value]
  236 |         hipDeviceSynchronize();
      |         ^~~~~~~~~~~~~~~~~~~~~~
/root/polybenchGpu/HIP/GEMVER/gemver.hip.cpp:238:2: warning: ignoring return value of type 'hipError_t' declared with 'nodiscard' attribute [-Wunused-value]
  238 |         hipDeviceSynchronize();
      |         ^~~~~~~~~~~~~~~~~~~~~~
/root/polybenchGpu/HIP/GEMVER/gemver.hip.cpp:245:2: warning: ignoring return value of type 'hipError_t' declared with 'nodiscard' attribute [-Wunused-value]
  245 |         hipMemcpy(w_outputFromGpu, w_gpu, sizeof(DATA_TYPE) * N, hipMemcpyDeviceToHost);
      |         ^~~~~~~~~~~~~~~~~~~~~~~~~~~~~~~~~~~~~~~~~~~~~~~~~~~~~~~~~~~~~~~~~~~~~~~~~~~~~~~
/root/polybenchGpu/HIP/GEMVER/gemver.hip.cpp:247:2: warning: ignoring return value of type 'hipError_t' declared with 'nodiscard' attribute [-Wunused-value]
  247 |         hipFree(A_gpu);
      |         ^~~~~~~~~~~~~~
/root/polybenchGpu/HIP/GEMVER/gemver.hip.cpp:248:2: warning: ignoring return value of type 'hipError_t' declared with 'nodiscard' attribute [-Wunused-value]
  248 |         hipFree(x_gpu);
      |         ^~~~~~~~~~~~~~
/root/polybenchGpu/HIP/GEMVER/gemver.hip.cpp:249:2: warning: ignoring return value of type 'hipError_t' declared with 'nodiscard' attribute [-Wunused-value]
  249 |         hipFree(y_gpu);
      |         ^~~~~~~~~~~~~~
/root/polybenchGpu/HIP/GEMVER/gemver.hip.cpp:250:2: warning: ignoring return value of type 'hipError_t' declared with 'nodiscard' attribute [-Wunused-value]
  250 |         hipFree(z_gpu);
      |         ^~~~~~~~~~~~~~
/root/polybenchGpu/HIP/GEMVER/gemver.hip.cpp:251:2: warning: ignoring return value of type 'hipError_t' declared with 'nodiscard' attribute [-Wunused-value]
  251 |         hipFree(w_gpu);
      |         ^~~~~~~~~~~~~~
/root/polybenchGpu/HIP/GEMVER/gemver.hip.cpp:252:2: warning: ignoring return value of type 'hipError_t' declared with 'nodiscard' attribute [-Wunused-value]
  252 |         hipFree(v1_gpu);
      |         ^~~~~~~~~~~~~~~
/root/polybenchGpu/HIP/GEMVER/gemver.hip.cpp:253:2: warning: ignoring return value of type 'hipError_t' declared with 'nodiscard' attribute [-Wunused-value]
  253 |         hipFree(v2_gpu);
      |         ^~~~~~~~~~~~~~~
/root/polybenchGpu/HIP/GEMVER/gemver.hip.cpp:254:2: warning: ignoring return value of type 'hipError_t' declared with 'nodiscard' attribute [-Wunused-value]
  254 |         hipFree(u1_gpu);
      |         ^~~~~~~~~~~~~~~
/root/polybenchGpu/HIP/GEMVER/gemver.hip.cpp:255:2: warning: ignoring return value of type 'hipError_t' declared with 'nodiscard' attribute [-Wunused-value]
  255 |         hipFree(u2_gpu);
      |         ^~~~~~~~~~~~~~~
33 warnings generated when compiling for host.
===-------------------------------------------------------------------------===
                              Register Allocation
===-------------------------------------------------------------------------===
  Total Execution Time: 0.0010 seconds (0.0010 wall clock)

   ---User Time---   --System Time--   --User+System--   ---Wall Time---  --- Name ---
   0.0005 ( 63.4%)   0.0001 ( 31.3%)   0.0006 ( 57.7%)   0.0006 ( 57.8%)  Global Splitting
   0.0001 ( 14.3%)   0.0000 ( 22.9%)   0.0002 ( 15.8%)   0.0002 ( 15.5%)  Spiller
   0.0001 ( 12.8%)   0.0000 ( 11.2%)   0.0001 ( 12.5%)   0.0001 ( 12.2%)  Evict
   0.0001 (  9.2%)   0.0000 ( 10.6%)   0.0001 (  9.5%)   0.0001 (  9.7%)  Seed Live Regs
   0.0000 (  0.2%)   0.0000 ( 24.0%)   0.0000 (  4.5%)   0.0000 (  4.8%)  Local Splitting
   0.0008 (100.0%)   0.0002 (100.0%)   0.0010 (100.0%)   0.0010 (100.0%)  Total

===-------------------------------------------------------------------------===
                      Instruction Selection and Scheduling
===-------------------------------------------------------------------------===
  Total Execution Time: 0.0156 seconds (0.0155 wall clock)

   ---User Time---   --System Time--   --User+System--   ---Wall Time---  --- Name ---
   0.0018 ( 16.2%)   0.0009 ( 20.7%)   0.0027 ( 17.4%)   0.0027 ( 17.4%)  DAG Combining 1
   0.0017 ( 15.2%)   0.0007 ( 15.1%)   0.0024 ( 15.2%)   0.0024 ( 15.2%)  Instruction Selection
   0.0017 ( 15.3%)   0.0005 ( 11.5%)   0.0022 ( 14.2%)   0.0022 ( 14.2%)  DAG Combining 2
   0.0015 ( 13.4%)   0.0003 (  6.1%)   0.0018 ( 11.4%)   0.0018 ( 11.4%)  DAG Combining after legalize vectors
   0.0009 (  8.4%)   0.0004 (  9.4%)   0.0014 (  8.7%)   0.0013 (  8.7%)  Instruction Scheduling
   0.0008 (  7.3%)   0.0004 (  8.4%)   0.0012 (  7.6%)   0.0012 (  7.5%)  DAG Legalization
   0.0009 (  7.6%)   0.0003 (  7.0%)   0.0012 (  7.4%)   0.0012 (  7.5%)  Instruction Creation
   0.0007 (  6.6%)   0.0004 (  9.6%)   0.0012 (  7.4%)   0.0011 (  7.4%)  DAG Combining after legalize types
   0.0007 (  6.5%)   0.0004 (  8.2%)   0.0011 (  6.9%)   0.0011 (  6.9%)  Type Legalization
   0.0003 (  2.3%)   0.0001 (  2.6%)   0.0004 (  2.4%)   0.0004 (  2.4%)  Vector Legalization
   0.0001 (  1.0%)   0.0000 (  1.2%)   0.0002 (  1.1%)   0.0002 (  1.1%)  Instruction Scheduling Cleanup
   0.0000 (  0.2%)   0.0000 (  0.2%)   0.0000 (  0.2%)   0.0000 (  0.2%)  Type Legalization 2
   0.0113 (100.0%)   0.0043 (100.0%)   0.0156 (100.0%)   0.0155 (100.0%)  Total

===-------------------------------------------------------------------------===
                        Analysis execution timing report
===-------------------------------------------------------------------------===
  Total Execution Time: 0.0031 seconds (0.0031 wall clock)

   ---User Time---   --System Time--   --User+System--   ---Wall Time---  --- Name ---
   0.0005 ( 22.0%)   0.0000 (  0.0%)   0.0005 ( 16.8%)   0.0005 ( 17.1%)  TargetIRAnalysis
   0.0004 ( 16.0%)   0.0001 ( 16.3%)   0.0005 ( 16.1%)   0.0005 ( 16.2%)  MemorySSAAnalysis
   0.0003 ( 12.3%)   0.0000 (  0.0%)   0.0003 (  9.4%)   0.0003 (  9.5%)  VerifierAnalysis
   0.0001 (  5.9%)   0.0001 ( 14.2%)   0.0002 (  7.8%)   0.0002 (  7.7%)  AAManager
   0.0001 (  6.2%)   0.0000 (  3.7%)   0.0002 (  5.6%)   0.0002 (  5.6%)  DominatorTreeAnalysis
   0.0001 (  3.9%)   0.0000 (  6.3%)   0.0001 (  4.5%)   0.0001 (  4.6%)  BlockFrequencyAnalysis
   0.0001 (  4.5%)   0.0000 (  4.2%)   0.0001 (  4.4%)   0.0001 (  4.5%)  ScalarEvolutionAnalysis
   0.0001 (  3.5%)   0.0000 (  6.3%)   0.0001 (  4.2%)   0.0001 (  4.1%)  BranchProbabilityAnalysis
   0.0001 (  3.2%)   0.0000 (  4.1%)   0.0001 (  3.4%)   0.0001 (  3.5%)  LoopAnalysis
   0.0001 (  3.4%)   0.0000 (  4.5%)   0.0001 (  3.6%)   0.0001 (  3.4%)  PostDominatorTreeAnalysis
   0.0001 (  2.1%)   0.0000 (  4.6%)   0.0001 (  2.7%)   0.0001 (  2.5%)  BasicAA
   0.0001 (  2.1%)   0.0000 (  2.7%)   0.0001 (  2.2%)   0.0001 (  2.3%)  CycleAnalysis
   0.0000 (  2.1%)   0.0000 (  2.9%)   0.0001 (  2.2%)   0.0001 (  2.1%)  LastRunTrackingAnalysis
   0.0001 (  2.3%)   0.0000 (  0.4%)   0.0001 (  1.9%)   0.0001 (  2.0%)  TargetLibraryAnalysis
   0.0000 (  1.2%)   0.0000 (  4.5%)   0.0001 (  2.0%)   0.0001 (  2.0%)  CallGraphAnalysis
   0.0000 (  0.9%)   0.0000 (  2.5%)   0.0000 (  1.3%)   0.0000 (  1.2%)  FunctionAnalysisManagerCGSCCProxy
   0.0000 (  1.0%)   0.0000 (  1.2%)   0.0000 (  1.0%)   0.0000 (  1.2%)  DemandedBitsAnalysis
   0.0000 (  0.9%)   0.0000 (  1.9%)   0.0000 (  1.1%)   0.0000 (  1.1%)  LazyValueAnalysis
   0.0000 (  0.0%)   0.0000 (  4.4%)   0.0000 (  1.0%)   0.0000 (  1.0%)  GlobalsAA
   0.0000 (  0.4%)   0.0000 (  4.1%)   0.0000 (  1.3%)   0.0000 (  0.9%)  OptimizationRemarkEmitterAnalysis
   0.0000 (  0.5%)   0.0000 (  1.6%)   0.0000 (  0.8%)   0.0000 (  0.8%)  EphemeralValuesAnalysis
   0.0000 (  0.5%)   0.0000 (  1.2%)   0.0000 (  0.7%)   0.0000 (  0.6%)  MemoryDependenceAnalysis
   0.0000 (  0.7%)   0.0000 (  0.1%)   0.0000 (  0.6%)   0.0000 (  0.6%)  LoopAccessAnalysis
   0.0000 (  0.4%)   0.0000 (  1.1%)   0.0000 (  0.6%)   0.0000 (  0.6%)  OuterAnalysisManagerProxy<ModuleAnalysisManager, LazyCallGraph::SCC, LazyCallGraph &>
   0.0000 (  0.5%)   0.0000 (  1.1%)   0.0000 (  0.6%)   0.0000 (  0.6%)  UniformityInfoAnalysis
   0.0000 (  0.7%)   0.0000 (  0.4%)   0.0000 (  0.6%)   0.0000 (  0.5%)  InnerAnalysisManagerProxy<LoopAnalysisManager, Function>
   0.0000 (  0.8%)   0.0000 (  0.0%)   0.0000 (  0.6%)   0.0000 (  0.5%)  AssumptionAnalysis
   0.0000 (  0.4%)   0.0000 (  0.8%)   0.0000 (  0.5%)   0.0000 (  0.5%)  ShouldNotRunFunctionPassesAnalysis
   0.0000 (  0.4%)   0.0000 (  1.1%)   0.0000 (  0.5%)   0.0000 (  0.5%)  OuterAnalysisManagerProxy<ModuleAnalysisManager, Function>
   0.0000 (  0.3%)   0.0000 (  1.2%)   0.0000 (  0.5%)   0.0000 (  0.5%)  ScopedNoAliasAA
   0.0000 (  0.2%)   0.0000 (  1.2%)   0.0000 (  0.4%)   0.0000 (  0.5%)  LazyCallGraphAnalysis
   0.0000 (  0.3%)   0.0000 (  0.8%)   0.0000 (  0.4%)   0.0000 (  0.5%)  TypeBasedAA
   0.0000 (  0.3%)   0.0000 (  0.0%)   0.0000 (  0.2%)   0.0000 (  0.4%)  ShouldRunExtraVectorPasses
   0.0000 (  0.2%)   0.0000 (  0.0%)   0.0000 (  0.1%)   0.0000 (  0.1%)  InnerAnalysisManagerProxy<FunctionAnalysisManager, Module>
   0.0000 (  0.0%)   0.0000 (  0.1%)   0.0000 (  0.0%)   0.0000 (  0.1%)  InnerAnalysisManagerProxy<CGSCCAnalysisManager, Module>
   0.0000 (  0.0%)   0.0000 (  0.1%)   0.0000 (  0.0%)   0.0000 (  0.0%)  InlineAdvisorAnalysis
   0.0000 (  0.0%)   0.0000 (  0.0%)   0.0000 (  0.0%)   0.0000 (  0.0%)  ShouldRunExtraSimpleLoopUnswitch
   0.0000 (  0.0%)   0.0000 (  0.1%)   0.0000 (  0.0%)   0.0000 (  0.0%)  ProfileSummaryAnalysis
   0.0024 (100.0%)   0.0007 (100.0%)   0.0031 (100.0%)   0.0031 (100.0%)  Total

===-------------------------------------------------------------------------===
                          Pass execution timing report
===-------------------------------------------------------------------------===
  Total Execution Time: 0.1010 seconds (0.1011 wall clock)

   ---User Time---   --System Time--   --User+System--   ---Wall Time---  --- Name ---
   0.0138 ( 17.4%)   0.0056 ( 25.8%)   0.0194 ( 19.2%)   0.0194 ( 19.2%)  X86 DAG->DAG Instruction Selection
   0.0069 (  8.6%)   0.0012 (  5.7%)   0.0081 (  8.0%)   0.0081 (  8.0%)  InstCombinePass
   0.0074 (  9.3%)   0.0000 (  0.0%)   0.0074 (  7.3%)   0.0074 (  7.3%)  LoopVectorizePass
   0.0048 (  6.1%)   0.0002 (  0.7%)   0.0050 (  4.9%)   0.0050 (  4.9%)  Loop Strength Reduction
   0.0023 (  3.0%)   0.0005 (  2.5%)   0.0029 (  2.9%)   0.0029 (  2.9%)  Machine Instruction Scheduler
   0.0029 (  3.6%)   0.0000 (  0.0%)   0.0029 (  2.8%)   0.0029 (  2.8%)  LoopUnrollPass
   0.0025 (  3.1%)   0.0003 (  1.5%)   0.0028 (  2.7%)   0.0028 (  2.7%)  SLPVectorizerPass
   0.0019 (  2.4%)   0.0005 (  2.4%)   0.0024 (  2.4%)   0.0024 (  2.4%)  Greedy Register Allocator #2
   0.0020 (  2.5%)   0.0000 (  0.0%)   0.0020 (  2.0%)   0.0020 (  2.0%)  IndVarSimplifyPass
   0.0017 (  2.2%)   0.0002 (  0.8%)   0.0019 (  1.9%)   0.0019 (  1.9%)  SimplifyCFGPass
   0.0010 (  1.3%)   0.0007 (  3.3%)   0.0017 (  1.7%)   0.0017 (  1.7%)  InlinerPass
   0.0009 (  1.1%)   0.0006 (  2.6%)   0.0014 (  1.4%)   0.0014 (  1.4%)  Machine Module Information
   0.0011 (  1.4%)   0.0002 (  1.0%)   0.0013 (  1.3%)   0.0013 (  1.3%)  GVNPass
   0.0009 (  1.1%)   0.0003 (  1.6%)   0.0012 (  1.2%)   0.0012 (  1.2%)  EarlyCSEPass
   0.0010 (  1.2%)   0.0002 (  0.8%)   0.0012 (  1.1%)   0.0012 (  1.1%)  Live Variable Analysis
   0.0011 (  1.3%)   0.0001 (  0.4%)   0.0011 (  1.1%)   0.0011 (  1.1%)  Induction Variable Users
   0.0010 (  1.3%)   0.0001 (  0.4%)   0.0011 (  1.1%)   0.0011 (  1.1%)  Two-Address instruction pass
   0.0007 (  0.9%)   0.0004 (  2.0%)   0.0012 (  1.2%)   0.0011 (  1.1%)  Dominator Tree Construction #3
   0.0009 (  1.2%)   0.0002 (  0.8%)   0.0011 (  1.1%)   0.0011 (  1.1%)  SROAPass
   0.0007 (  0.8%)   0.0004 (  1.8%)   0.0011 (  1.0%)   0.0011 (  1.1%)  Function Alias Analysis Results #2
   0.0007 (  0.8%)   0.0004 (  1.8%)   0.0011 (  1.1%)   0.0011 (  1.1%)  Basic Alias Analysis (stateless AA impl) #3
   0.0008 (  1.0%)   0.0002 (  0.7%)   0.0010 (  1.0%)   0.0010 (  1.0%)  Register Coalescer
   0.0009 (  1.2%)   0.0000 (  0.0%)   0.0010 (  0.9%)   0.0010 (  0.9%)  LoopLoadEliminationPass
   0.0007 (  0.9%)   0.0002 (  0.7%)   0.0009 (  0.9%)   0.0009 (  0.9%)  DSEPass
   0.0004 (  0.5%)   0.0005 (  2.1%)   0.0009 (  0.9%)   0.0009 (  0.9%)  X86 Assembly Printer
   0.0004 (  0.5%)   0.0005 (  2.1%)   0.0008 (  0.8%)   0.0008 (  0.8%)  Machine Common Subexpression Elimination
   0.0006 (  0.8%)   0.0001 (  0.7%)   0.0008 (  0.7%)   0.0008 (  0.7%)  CodeGen Prepare
   0.0006 (  0.7%)   0.0001 (  0.6%)   0.0007 (  0.7%)   0.0007 (  0.7%)  Live Interval Analysis
   0.0007 (  0.9%)   0.0000 (  0.0%)   0.0007 (  0.7%)   0.0007 (  0.7%)  LICMPass
   0.0004 (  0.5%)   0.0003 (  1.2%)   0.0007 (  0.7%)   0.0007 (  0.7%)  PostOrderFunctionAttrsPass
   0.0004 (  0.5%)   0.0002 (  1.1%)   0.0007 (  0.7%)   0.0007 (  0.6%)  CorrelatedValuePropagationPass
   0.0003 (  0.4%)   0.0003 (  1.3%)   0.0006 (  0.6%)   0.0006 (  0.6%)  Unnamed pass: implement Pass::getPassName()
   0.0005 (  0.6%)   0.0001 (  0.4%)   0.0006 (  0.6%)   0.0006 (  0.6%)  SCCPPass
   0.0003 (  0.4%)   0.0002 (  1.1%)   0.0005 (  0.5%)   0.0005 (  0.5%)  Reaching Definitions Analysis
   0.0003 (  0.4%)   0.0002 (  0.8%)   0.0005 (  0.5%)   0.0005 (  0.5%)  Machine Register Class Info Analysis
   0.0005 (  0.6%)   0.0000 (  0.0%)   0.0005 (  0.5%)   0.0005 (  0.5%)  IPSCCPPass
   0.0004 (  0.5%)   0.0000 (  0.2%)   0.0005 (  0.5%)   0.0005 (  0.5%)  Canonicalize Freeze Instructions in Loops
   0.0004 (  0.5%)   0.0001 (  0.4%)   0.0005 (  0.4%)   0.0004 (  0.4%)  JumpThreadingPass
   0.0003 (  0.4%)   0.0002 (  0.7%)   0.0004 (  0.4%)   0.0004 (  0.4%)  Unnamed pass: implement Pass::getPassName() #2
   0.0003 (  0.4%)   0.0001 (  0.7%)   0.0004 (  0.4%)   0.0004 (  0.4%)  ConstraintEliminationPass
   0.0004 (  0.6%)   0.0000 (  0.0%)   0.0004 (  0.4%)   0.0004 (  0.4%)  LoopIdiomRecognizePass
   0.0004 (  0.5%)   0.0001 (  0.3%)   0.0004 (  0.4%)   0.0004 (  0.4%)  LoopDeletionPass
   0.0002 (  0.3%)   0.0002 (  0.9%)   0.0004 (  0.4%)   0.0004 (  0.4%)  Machine Copy Propagation Pass
   0.0002 (  0.3%)   0.0002 (  0.8%)   0.0004 (  0.4%)   0.0004 (  0.4%)  Peephole Optimizations
   0.0004 (  0.5%)   0.0000 (  0.1%)   0.0004 (  0.4%)   0.0004 (  0.4%)  LoopRotatePass
   0.0002 (  0.2%)   0.0002 (  0.7%)   0.0003 (  0.3%)   0.0003 (  0.3%)  Virtual Register Rewriter
   0.0002 (  0.2%)   0.0002 (  0.7%)   0.0004 (  0.3%)   0.0003 (  0.3%)  Prologue/Epilogue Insertion & Frame Finalization
   0.0002 (  0.3%)   0.0001 (  0.5%)   0.0003 (  0.3%)   0.0003 (  0.3%)  Machine code sinking
   0.0003 (  0.3%)   0.0001 (  0.3%)   0.0003 (  0.3%)   0.0003 (  0.3%)  Control Flow Optimizer
   0.0002 (  0.2%)   0.0001 (  0.5%)   0.0003 (  0.3%)   0.0003 (  0.3%)  ReassociatePass
   0.0003 (  0.3%)   0.0000 (  0.1%)   0.0003 (  0.3%)   0.0003 (  0.3%)  InferAlignmentPass
   0.0003 (  0.4%)   0.0000 (  0.0%)   0.0003 (  0.3%)   0.0003 (  0.3%)  VerifierPass
   0.0002 (  0.2%)   0.0001 (  0.5%)   0.0003 (  0.3%)   0.0003 (  0.3%)  Machine Copy Propagation Pass #2
   0.0001 (  0.1%)   0.0002 (  0.8%)   0.0003 (  0.3%)   0.0003 (  0.3%)  Early Machine Loop Invariant Code Motion
   0.0002 (  0.3%)   0.0000 (  0.2%)   0.0003 (  0.3%)   0.0003 (  0.3%)  Live Range Shrink
   0.0002 (  0.3%)   0.0001 (  0.3%)   0.0003 (  0.3%)   0.0003 (  0.3%)  BDCEPass
   0.0001 (  0.2%)   0.0001 (  0.6%)   0.0003 (  0.3%)   0.0003 (  0.3%)  Branch Probability Basic Block Placement
   0.0002 (  0.3%)   0.0001 (  0.2%)   0.0003 (  0.3%)   0.0003 (  0.3%)  MemCpyOptPass
   0.0002 (  0.2%)   0.0001 (  0.4%)   0.0003 (  0.3%)   0.0003 (  0.3%)  TailCallElimPass
   0.0002 (  0.2%)   0.0001 (  0.3%)   0.0003 (  0.3%)   0.0003 (  0.3%)  LoopSimplifyPass
   0.0002 (  0.2%)   0.0001 (  0.4%)   0.0003 (  0.3%)   0.0003 (  0.3%)  Machine Natural Loop Construction #3
   0.0001 (  0.1%)   0.0001 (  0.6%)   0.0002 (  0.2%)   0.0003 (  0.2%)  Merge disjoint stack slots
   0.0002 (  0.3%)   0.0000 (  0.2%)   0.0002 (  0.2%)   0.0002 (  0.2%)  LCSSAPass
   0.0002 (  0.3%)   0.0000 (  0.1%)   0.0002 (  0.2%)   0.0002 (  0.2%)  InstSimplifyPass
   0.0002 (  0.2%)   0.0000 (  0.2%)   0.0002 (  0.2%)   0.0002 (  0.2%)  Slot index numbering #2
   0.0002 (  0.2%)   0.0001 (  0.3%)   0.0002 (  0.2%)   0.0002 (  0.2%)  ADCEPass
   0.0002 (  0.3%)   0.0000 (  0.0%)   0.0002 (  0.2%)   0.0002 (  0.2%)  GlobalOptPass
   0.0001 (  0.2%)   0.0001 (  0.4%)   0.0002 (  0.2%)   0.0002 (  0.2%)  X86 Execution Dependency Fix
   0.0001 (  0.1%)   0.0001 (  0.4%)   0.0002 (  0.2%)   0.0002 (  0.2%)  Machine Late Instructions Cleanup Pass
   0.0002 (  0.3%)   0.0000 (  0.0%)   0.0002 (  0.2%)   0.0002 (  0.2%)  SimpleLoopUnswitchPass
   0.0001 (  0.1%)   0.0001 (  0.4%)   0.0002 (  0.2%)   0.0002 (  0.2%)  Remove dead machine instructions
   0.0001 (  0.1%)   0.0001 (  0.4%)   0.0002 (  0.2%)   0.0002 (  0.2%)  Dominator Tree Construction #2
   0.0001 (  0.1%)   0.0001 (  0.3%)   0.0002 (  0.2%)   0.0002 (  0.2%)  MachineDominator Tree Construction #5
   0.0001 (  0.1%)   0.0001 (  0.5%)   0.0002 (  0.2%)   0.0002 (  0.2%)  X86 Byte/Word Instruction Fixup
   0.0002 (  0.2%)   0.0000 (  0.0%)   0.0002 (  0.2%)   0.0002 (  0.2%)  LoopFullUnrollPass
   0.0001 (  0.1%)   0.0001 (  0.3%)   0.0002 (  0.2%)   0.0002 (  0.2%)  Constant Hoisting
   0.0001 (  0.2%)   0.0000 (  0.1%)   0.0002 (  0.2%)   0.0002 (  0.2%)  VectorCombinePass
   0.0001 (  0.2%)   0.0000 (  0.1%)   0.0002 (  0.2%)   0.0002 (  0.2%)  Natural Loop Information
   0.0001 (  0.1%)   0.0001 (  0.4%)   0.0002 (  0.2%)   0.0002 (  0.2%)  AggressiveInstCombinePass
   0.0001 (  0.1%)   0.0000 (  0.2%)   0.0002 (  0.2%)   0.0002 (  0.2%)  Greedy Register Allocator
   0.0002 (  0.2%)   0.0000 (  0.0%)   0.0002 (  0.2%)   0.0002 (  0.2%)  CalledValuePropagationPass
   0.0001 (  0.1%)   0.0000 (  0.2%)   0.0002 (  0.2%)   0.0002 (  0.2%)  Scalar Evolution Analysis
   0.0001 (  0.1%)   0.0001 (  0.3%)   0.0001 (  0.1%)   0.0001 (  0.1%)  Remove dead machine instructions #2
   0.0001 (  0.1%)   0.0000 (  0.1%)   0.0001 (  0.1%)   0.0001 (  0.1%)  Eliminate PHI nodes for register allocation
   0.0001 (  0.1%)   0.0000 (  0.2%)   0.0001 (  0.1%)   0.0001 (  0.1%)  Shrink Wrapping analysis
   0.0001 (  0.2%)   0.0000 (  0.0%)   0.0001 (  0.1%)   0.0001 (  0.1%)  LoopInstSimplifyPass
   0.0001 (  0.1%)   0.0000 (  0.2%)   0.0001 (  0.1%)   0.0001 (  0.1%)  Machine Block Frequency Analysis #3
   0.0001 (  0.1%)   0.0001 (  0.2%)   0.0001 (  0.1%)   0.0001 (  0.1%)  Machine InstCombiner
   0.0001 (  0.1%)   0.0001 (  0.2%)   0.0001 (  0.1%)   0.0001 (  0.1%)  BreakFalseDeps
   0.0001 (  0.1%)   0.0000 (  0.2%)   0.0001 (  0.1%)   0.0001 (  0.1%)  Slot index numbering
   0.0001 (  0.1%)   0.0001 (  0.2%)   0.0001 (  0.1%)   0.0001 (  0.1%)  X86 Fixup Vector Constants
   0.0001 (  0.1%)   0.0000 (  0.2%)   0.0001 (  0.1%)   0.0001 (  0.1%)  Expand IR instructions
   0.0001 (  0.1%)   0.0001 (  0.3%)   0.0001 (  0.1%)   0.0001 (  0.1%)  Stack Slot Coloring
   0.0001 (  0.1%)   0.0000 (  0.1%)   0.0001 (  0.1%)   0.0001 (  0.1%)  Finalize ISel and expand pseudo-instructions
   0.0001 (  0.1%)   0.0000 (  0.1%)   0.0001 (  0.1%)   0.0001 (  0.1%)  Canonicalize natural loops
   0.0000 (  0.1%)   0.0001 (  0.3%)   0.0001 (  0.1%)   0.0001 (  0.1%)  Live DEBUG_VALUE analysis
   0.0001 (  0.1%)   0.0000 (  0.2%)   0.0001 (  0.1%)   0.0001 (  0.1%)  Block Frequency Analysis
   0.0001 (  0.1%)   0.0000 (  0.0%)   0.0001 (  0.1%)   0.0001 (  0.1%)  InferFunctionAttrsPass
   0.0001 (  0.1%)   0.0000 (  0.0%)   0.0001 (  0.1%)   0.0001 (  0.1%)  LoopDistributePass
   0.0001 (  0.1%)   0.0000 (  0.1%)   0.0001 (  0.1%)   0.0001 (  0.1%)  Float2IntPass
   0.0001 (  0.1%)   0.0000 (  0.1%)   0.0001 (  0.1%)   0.0001 (  0.1%)  Branch Probability Analysis
   0.0001 (  0.1%)   0.0000 (  0.2%)   0.0001 (  0.1%)   0.0001 (  0.1%)  Machine Block Frequency Analysis
   0.0001 (  0.1%)   0.0000 (  0.1%)   0.0001 (  0.1%)   0.0001 (  0.1%)  X86 LEA Optimize
   0.0000 (  0.1%)   0.0000 (  0.2%)   0.0001 (  0.1%)   0.0001 (  0.1%)  Machine Block Frequency Analysis #4
   0.0000 (  0.0%)   0.0001 (  0.2%)   0.0001 (  0.1%)   0.0001 (  0.1%)  X86 LEA Fixup
   0.0001 (  0.1%)   0.0000 (  0.0%)   0.0001 (  0.1%)   0.0001 (  0.1%)  LoopSimplifyCFGPass
   0.0000 (  0.0%)   0.0001 (  0.3%)   0.0001 (  0.1%)   0.0001 (  0.1%)  Live Register Matrix
   0.0001 (  0.1%)   0.0000 (  0.1%)   0.0001 (  0.1%)   0.0001 (  0.1%)  X86 Optimize Call Frame
   0.0000 (  0.1%)   0.0000 (  0.2%)   0.0001 (  0.1%)   0.0001 (  0.1%)  Machine Dominance Frontier Construction
   0.0000 (  0.1%)   0.0000 (  0.1%)   0.0001 (  0.1%)   0.0001 (  0.1%)  MachineDominator Tree Construction #6
   0.0000 (  0.0%)   0.0000 (  0.2%)   0.0001 (  0.1%)   0.0001 (  0.1%)  Free MachineFunction
   0.0001 (  0.1%)   0.0000 (  0.2%)   0.0001 (  0.1%)   0.0001 (  0.1%)  Machine Loop Invariant Code Motion
   0.0000 (  0.1%)   0.0000 (  0.1%)   0.0001 (  0.1%)   0.0001 (  0.1%)  Post-Dominator Tree Construction
   0.0000 (  0.1%)   0.0000 (  0.1%)   0.0001 (  0.1%)   0.0001 (  0.1%)  Post-RA pseudo instruction expansion pass
   0.0000 (  0.1%)   0.0000 (  0.1%)   0.0001 (  0.1%)   0.0001 (  0.1%)  MachinePostDominator Tree Construction
   0.0001 (  0.1%)   0.0000 (  0.1%)   0.0001 (  0.1%)   0.0001 (  0.1%)  MachineDominator Tree Construction
   0.0000 (  0.0%)   0.0000 (  0.2%)   0.0001 (  0.1%)   0.0001 (  0.1%)  Machine Block Frequency Analysis #2
   0.0000 (  0.1%)   0.0000 (  0.1%)   0.0001 (  0.1%)   0.0001 (  0.1%)  LibCallsShrinkWrapPass
   0.0000 (  0.1%)   0.0000 (  0.1%)   0.0001 (  0.1%)   0.0001 (  0.1%)  Debug Variable Analysis
   0.0000 (  0.1%)   0.0000 (  0.1%)   0.0001 (  0.1%)   0.0001 (  0.1%)  Machine Natural Loop Construction #2
   0.0000 (  0.0%)   0.0001 (  0.3%)   0.0001 (  0.1%)   0.0001 (  0.1%)  RequireAnalysisPass<llvm::GlobalsAA, llvm::Module, llvm::AnalysisManager<Module>>
   0.0000 (  0.1%)   0.0000 (  0.1%)   0.0001 (  0.1%)   0.0001 (  0.1%)  Interleaved Access Pass
   0.0001 (  0.1%)   0.0000 (  0.1%)   0.0001 (  0.1%)   0.0001 (  0.1%)  Init Undef Pass
   0.0000 (  0.1%)   0.0000 (  0.1%)   0.0001 (  0.1%)   0.0001 (  0.1%)  Live Stack Slot Analysis
   0.0000 (  0.0%)   0.0000 (  0.1%)   0.0001 (  0.1%)   0.0001 (  0.1%)  Cycle Info Analysis
   0.0000 (  0.0%)   0.0000 (  0.1%)   0.0001 (  0.1%)   0.0001 (  0.1%)  PostRA Machine Sink
   0.0000 (  0.1%)   0.0000 (  0.0%)   0.0001 (  0.1%)   0.0001 (  0.1%)  X86 Fixup SetCC
   0.0001 (  0.1%)   0.0000 (  0.1%)   0.0001 (  0.1%)   0.0001 (  0.1%)  Branch Probability Analysis #3
   0.0001 (  0.1%)   0.0000 (  0.0%)   0.0001 (  0.1%)   0.0001 (  0.1%)  GlobalDCEPass
   0.0000 (  0.0%)   0.0000 (  0.1%)   0.0001 (  0.1%)   0.0001 (  0.1%)  Early Tail Duplication
   0.0000 (  0.0%)   0.0000 (  0.1%)   0.0001 (  0.1%)   0.0001 (  0.1%)  Bundle Machine CFG Edges
   0.0000 (  0.1%)   0.0000 (  0.1%)   0.0001 (  0.1%)   0.0001 (  0.1%)  Machine Trace Metrics
   0.0000 (  0.0%)   0.0000 (  0.1%)   0.0001 (  0.1%)   0.0001 (  0.1%)  Machine Natural Loop Construction
   0.0000 (  0.0%)   0.0000 (  0.1%)   0.0001 (  0.1%)   0.0001 (  0.1%)  Machine Block Frequency Analysis #5
   0.0000 (  0.0%)   0.0000 (  0.1%)   0.0001 (  0.1%)   0.0001 (  0.1%)  X86 pseudo instruction expansion pass
   0.0000 (  0.0%)   0.0000 (  0.1%)   0.0001 (  0.1%)   0.0001 (  0.1%)  X86 cmov Conversion
   0.0000 (  0.0%)   0.0000 (  0.1%)   0.0001 (  0.1%)   0.0001 (  0.1%)  Virtual Register Map
   0.0000 (  0.0%)   0.0000 (  0.1%)   0.0001 (  0.1%)   0.0001 (  0.1%)  MachinePostDominator Tree Construction #2
   0.0000 (  0.0%)   0.0000 (  0.1%)   0.0001 (  0.1%)   0.0001 (  0.1%)  Natural Loop Information #2
   0.0000 (  0.1%)   0.0000 (  0.1%)   0.0001 (  0.1%)   0.0001 (  0.1%)  Block Frequency Analysis #2
   0.0000 (  0.0%)   0.0000 (  0.1%)   0.0001 (  0.1%)   0.0001 (  0.1%)  Spill Code Placement Analysis
   0.0000 (  0.1%)   0.0000 (  0.1%)   0.0001 (  0.1%)   0.0001 (  0.1%)  Branch Probability Analysis #2
   0.0001 (  0.1%)   0.0000 (  0.0%)   0.0001 (  0.1%)   0.0001 (  0.1%)  RecomputeGlobalsAAPass
   0.0000 (  0.0%)   0.0000 (  0.1%)   0.0000 (  0.0%)   0.0001 (  0.1%)  Partially inline calls to library functions
   0.0000 (  0.1%)   0.0000 (  0.1%)   0.0001 (  0.1%)   0.0001 (  0.1%)  Remove unreachable machine basic blocks
   0.0000 (  0.0%)   0.0000 (  0.1%)   0.0000 (  0.0%)   0.0001 (  0.1%)  RequireAnalysisPass<llvm::ShouldNotRunFunctionPassesAnalysis, llvm::Function, llvm::AnalysisManager<Function>>
   0.0000 (  0.0%)   0.0000 (  0.1%)   0.0001 (  0.1%)   0.0001 (  0.1%)  Check CFA info and insert CFI instructions if needed
   0.0000 (  0.0%)   0.0000 (  0.1%)   0.0001 (  0.1%)   0.0001 (  0.0%)  Expand reduction intrinsics
   0.0000 (  0.0%)   0.0000 (  0.1%)   0.0001 (  0.1%)   0.0000 (  0.0%)  X86 Fixup Inst Tuning
   0.0000 (  0.0%)   0.0000 (  0.1%)   0.0001 (  0.1%)   0.0000 (  0.0%)  Remove unreachable blocks from the CFG
   0.0000 (  0.0%)   0.0000 (  0.1%)   0.0001 (  0.1%)   0.0000 (  0.0%)  Machine Cycle Info Analysis
   0.0000 (  0.1%)   0.0000 (  0.0%)   0.0000 (  0.0%)   0.0000 (  0.0%)  CallSiteSplittingPass
   0.0000 (  0.1%)   0.0000 (  0.1%)   0.0001 (  0.1%)   0.0000 (  0.0%)  Post-Dominator Tree Construction #3
   0.0000 (  0.0%)   0.0000 (  0.1%)   0.0000 (  0.0%)   0.0000 (  0.0%)  CoroAnnotationElidePass
   0.0000 (  0.1%)   0.0000 (  0.0%)   0.0000 (  0.0%)   0.0000 (  0.0%)  Dominator Tree Construction
   0.0000 (  0.0%)   0.0000 (  0.1%)   0.0000 (  0.0%)   0.0000 (  0.0%)  MachineDominator Tree Construction #2
   0.0000 (  0.0%)   0.0000 (  0.1%)   0.0000 (  0.0%)   0.0000 (  0.0%)  Machine Natural Loop Construction #4
   0.0000 (  0.1%)   0.0000 (  0.0%)   0.0000 (  0.0%)   0.0000 (  0.0%)  CGProfilePass
   0.0000 (  0.0%)   0.0000 (  0.1%)   0.0001 (  0.1%)   0.0000 (  0.0%)  Machine Optimization Remark Emitter
   0.0000 (  0.1%)   0.0000 (  0.0%)   0.0000 (  0.0%)   0.0000 (  0.0%)  LowerExpectIntrinsicPass
   0.0000 (  0.0%)   0.0000 (  0.1%)   0.0001 (  0.0%)   0.0000 (  0.0%)  Bundle Machine CFG Edges #2
   0.0000 (  0.0%)   0.0000 (  0.1%)   0.0000 (  0.0%)   0.0000 (  0.0%)  MachineDominator Tree Construction #7
   0.0000 (  0.0%)   0.0000 (  0.1%)   0.0000 (  0.0%)   0.0000 (  0.0%)  Tail Duplication
   0.0000 (  0.0%)   0.0000 (  0.1%)   0.0000 (  0.0%)   0.0000 (  0.0%)  Replace intrinsics with calls to vector library
   0.0000 (  0.0%)   0.0000 (  0.1%)   0.0000 (  0.0%)   0.0000 (  0.0%)  Expand Atomic instructions
   0.0000 (  0.0%)   0.0000 (  0.1%)   0.0000 (  0.0%)   0.0000 (  0.0%)  Natural Loop Information #4
   0.0000 (  0.0%)   0.0000 (  0.1%)   0.0000 (  0.0%)   0.0000 (  0.0%)  X86 Avoid Store Forwarding Blocks
   0.0000 (  0.0%)   0.0000 (  0.1%)   0.0000 (  0.0%)   0.0000 (  0.0%)  Cycle Info Analysis #3
   0.0000 (  0.0%)   0.0000 (  0.1%)   0.0000 (  0.0%)   0.0000 (  0.0%)  Scalarize Masked Memory Intrinsics
   0.0000 (  0.0%)   0.0000 (  0.0%)   0.0000 (  0.0%)   0.0000 (  0.0%)  X86 Domain Reassignment Pass
   0.0000 (  0.0%)   0.0000 (  0.1%)   0.0000 (  0.0%)   0.0000 (  0.0%)  MachinePostDominator Tree Construction #3
   0.0000 (  0.0%)   0.0000 (  0.1%)   0.0000 (  0.0%)   0.0000 (  0.0%)  Lower AMX type for load/store
   0.0000 (  0.0%)   0.0000 (  0.1%)   0.0000 (  0.0%)   0.0000 (  0.0%)  MachineDominator Tree Construction #4
   0.0000 (  0.0%)   0.0000 (  0.0%)   0.0000 (  0.0%)   0.0000 (  0.0%)  Early If-Conversion
   0.0000 (  0.1%)   0.0000 (  0.0%)   0.0000 (  0.0%)   0.0000 (  0.0%)  AnnotationRemarksPass
   0.0000 (  0.0%)   0.0000 (  0.1%)   0.0000 (  0.0%)   0.0000 (  0.0%)  Exception handling preparation
   0.0000 (  0.0%)   0.0000 (  0.1%)   0.0000 (  0.0%)   0.0000 (  0.0%)  Post-Dominator Tree Construction #2
   0.0000 (  0.1%)   0.0000 (  0.0%)   0.0000 (  0.0%)   0.0000 (  0.0%)  Basic Alias Analysis (stateless AA impl)
   0.0000 (  0.0%)   0.0000 (  0.0%)   0.0000 (  0.0%)   0.0000 (  0.0%)  Natural Loop Information #3
   0.0000 (  0.1%)   0.0000 (  0.0%)   0.0000 (  0.0%)   0.0000 (  0.0%)  Function Alias Analysis Results
   0.0000 (  0.0%)   0.0000 (  0.0%)   0.0000 (  0.0%)   0.0000 (  0.0%)  ReversePostOrderFunctionAttrsPass
   0.0000 (  0.0%)   0.0000 (  0.1%)   0.0000 (  0.0%)   0.0000 (  0.0%)  X86 Partial Reduction
   0.0000 (  0.0%)   0.0000 (  0.0%)   0.0000 (  0.0%)   0.0000 (  0.0%)  Process Implicit Definitions
   0.0000 (  0.0%)   0.0000 (  0.1%)   0.0000 (  0.0%)   0.0000 (  0.0%)  Compressing EVEX instrs when possible
   0.0000 (  0.0%)   0.0000 (  0.0%)   0.0000 (  0.0%)   0.0000 (  0.0%)  WarnMissedTransformationsPass
   0.0000 (  0.0%)   0.0000 (  0.1%)   0.0000 (  0.0%)   0.0000 (  0.0%)  Lazy Branch Probability Analysis #2
   0.0000 (  0.0%)   0.0000 (  0.0%)   0.0000 (  0.0%)   0.0000 (  0.0%)  ExpandMemCmpPass
   0.0000 (  0.0%)   0.0000 (  0.1%)   0.0000 (  0.0%)   0.0000 (  0.0%)  Machine Optimization Remark Emitter #2
   0.0000 (  0.0%)   0.0000 (  0.0%)   0.0000 (  0.0%)   0.0000 (  0.0%)  DFAJumpThreadingPass
   0.0000 (  0.0%)   0.0000 (  0.1%)   0.0000 (  0.0%)   0.0000 (  0.0%)  MachineDominator Tree Construction #3
   0.0000 (  0.0%)   0.0000 (  0.1%)   0.0000 (  0.0%)   0.0000 (  0.0%)  Assignment Tracking Analysis
   0.0000 (  0.0%)   0.0000 (  0.0%)   0.0000 (  0.0%)   0.0000 (  0.0%)  Lazy Machine Block Frequency Analysis #4
   0.0000 (  0.0%)   0.0000 (  0.0%)   0.0000 (  0.0%)   0.0000 (  0.0%)  LowerConstantIntrinsicsPass
   0.0000 (  0.0%)   0.0000 (  0.1%)   0.0000 (  0.0%)   0.0000 (  0.0%)  Optimize machine instruction PHIs
   0.0000 (  0.0%)   0.0000 (  0.0%)   0.0000 (  0.0%)   0.0000 (  0.0%)  Lazy Block Frequency Analysis #2
   0.0000 (  0.0%)   0.0000 (  0.0%)   0.0000 (  0.0%)   0.0000 (  0.0%)  Lazy Machine Block Frequency Analysis #2
   0.0000 (  0.0%)   0.0000 (  0.1%)   0.0000 (  0.0%)   0.0000 (  0.0%)  Insert XRay ops
   0.0000 (  0.0%)   0.0000 (  0.1%)   0.0000 (  0.0%)   0.0000 (  0.0%)  JumpTableToSwitchPass
   0.0000 (  0.0%)   0.0000 (  0.1%)   0.0000 (  0.0%)   0.0000 (  0.0%)  Shadow Stack GC Lowering
   0.0000 (  0.0%)   0.0000 (  0.1%)   0.0000 (  0.0%)   0.0000 (  0.0%)  Lazy Machine Block Frequency Analysis #8
   0.0000 (  0.0%)   0.0000 (  0.1%)   0.0000 (  0.0%)   0.0000 (  0.0%)  Insert stack protectors
   0.0000 (  0.0%)   0.0000 (  0.0%)   0.0000 (  0.0%)   0.0000 (  0.0%)  X86 EFLAGS copy lowering
   0.0000 (  0.0%)   0.0000 (  0.0%)   0.0000 (  0.0%)   0.0000 (  0.0%)  Cycle Info Analysis #2
   0.0000 (  0.0%)   0.0000 (  0.0%)   0.0000 (  0.0%)   0.0000 (  0.0%)  Local Dynamic TLS Access Clean-up
   0.0000 (  0.0%)   0.0000 (  0.1%)   0.0000 (  0.0%)   0.0000 (  0.0%)  Post RA top-down list latency scheduler
   0.0000 (  0.0%)   0.0000 (  0.0%)   0.0000 (  0.0%)   0.0000 (  0.0%)  DropUnnecessaryAssumesPass
   0.0000 (  0.0%)   0.0000 (  0.1%)   0.0000 (  0.0%)   0.0000 (  0.0%)  PromotePass
   0.0000 (  0.0%)   0.0000 (  0.1%)   0.0000 (  0.0%)   0.0000 (  0.0%)  Basic Alias Analysis (stateless AA impl) #2
   0.0000 (  0.0%)   0.0000 (  0.0%)   0.0000 (  0.0%)   0.0000 (  0.0%)  AllocTokenPass
   0.0000 (  0.0%)   0.0000 (  0.0%)   0.0000 (  0.0%)   0.0000 (  0.0%)  Local Stack Slot Allocation
   0.0000 (  0.0%)   0.0000 (  0.1%)   0.0000 (  0.0%)   0.0000 (  0.0%)  Instrument function entry/exit with calls to e.g. mcount() (post inlining)
   0.0000 (  0.0%)   0.0000 (  0.1%)   0.0000 (  0.0%)   0.0000 (  0.0%)  Stack Frame Layout Analysis
   0.0000 (  0.0%)   0.0000 (  0.0%)   0.0000 (  0.0%)   0.0000 (  0.0%)  Tile Register Pre-configure
   0.0000 (  0.0%)   0.0000 (  0.0%)   0.0000 (  0.0%)   0.0000 (  0.0%)  InjectTLIMappings
   0.0000 (  0.0%)   0.0000 (  0.0%)   0.0000 (  0.0%)   0.0000 (  0.0%)  ArgumentPromotionPass
   0.0000 (  0.0%)   0.0000 (  0.0%)   0.0000 (  0.0%)   0.0000 (  0.0%)  DivRemPairsPass
   0.0000 (  0.0%)   0.0000 (  0.1%)   0.0000 (  0.0%)   0.0000 (  0.0%)  Lazy Branch Probability Analysis
   0.0000 (  0.0%)   0.0000 (  0.0%)   0.0000 (  0.0%)   0.0000 (  0.0%)  ObjC ARC contraction
   0.0000 (  0.0%)   0.0000 (  0.1%)   0.0000 (  0.0%)   0.0000 (  0.0%)  Insert fentry calls
   0.0000 (  0.0%)   0.0000 (  0.0%)   0.0000 (  0.0%)   0.0000 (  0.0%)  X86 speculative load hardening
   0.0000 (  0.0%)   0.0000 (  0.1%)   0.0000 (  0.0%)   0.0000 (  0.0%)  StackMap Liveness Analysis
   0.0000 (  0.0%)   0.0000 (  0.1%)   0.0000 (  0.0%)   0.0000 (  0.0%)  X86 Atom pad short functions
   0.0000 (  0.0%)   0.0000 (  0.1%)   0.0000 (  0.0%)   0.0000 (  0.0%)  Expand indirectbr instructions
   0.0000 (  0.0%)   0.0000 (  0.0%)   0.0000 (  0.0%)   0.0000 (  0.0%)  Safe Stack instrumentation pass
   0.0000 (  0.0%)   0.0000 (  0.1%)   0.0000 (  0.0%)   0.0000 (  0.0%)  X86 Load Value Injection (LVI) Load Hardening
   0.0000 (  0.0%)   0.0000 (  0.1%)   0.0000 (  0.0%)   0.0000 (  0.0%)  X86 Indirect Thunks
   0.0000 (  0.0%)   0.0000 (  0.1%)   0.0000 (  0.0%)   0.0000 (  0.0%)  Unpack machine instruction bundles
   0.0000 (  0.0%)   0.0000 (  0.1%)   0.0000 (  0.0%)   0.0000 (  0.0%)  Insert KCFI indirect call checks
   0.0000 (  0.0%)   0.0000 (  0.1%)   0.0000 (  0.0%)   0.0000 (  0.0%)  X86 Speculative Execution Side Effect Suppression
   0.0000 (  0.0%)   0.0000 (  0.1%)   0.0000 (  0.0%)   0.0000 (  0.0%)  Optimization Remark Emitter
   0.0000 (  0.0%)   0.0000 (  0.0%)   0.0000 (  0.0%)   0.0000 (  0.0%)  Argument Stack Rebase
   0.0000 (  0.0%)   0.0000 (  0.0%)   0.0000 (  0.0%)   0.0000 (  0.0%)  Prepare inline asm insts
   0.0000 (  0.0%)   0.0000 (  0.0%)   0.0000 (  0.0%)   0.0000 (  0.0%)  X86 FP Stackifier
   0.0000 (  0.0%)   0.0000 (  0.0%)   0.0000 (  0.0%)   0.0000 (  0.0%)  Tile Register Configure
   0.0000 (  0.0%)   0.0000 (  0.0%)   0.0000 (  0.0%)   0.0000 (  0.0%)  X86 PIC Global Base Reg Initialization
   0.0000 (  0.0%)   0.0000 (  0.1%)   0.0000 (  0.0%)   0.0000 (  0.0%)  Lower AMX intrinsics
   0.0000 (  0.0%)   0.0000 (  0.0%)   0.0000 (  0.0%)   0.0000 (  0.0%)  Detect Dead Lanes
   0.0000 (  0.0%)   0.0000 (  0.1%)   0.0000 (  0.0%)   0.0000 (  0.0%)  Remove Loads Into Fake Uses
   0.0000 (  0.0%)   0.0000 (  0.1%)   0.0000 (  0.0%)   0.0000 (  0.0%)  X86 Load Value Injection (LVI) Ret-Hardening
   0.0000 (  0.0%)   0.0000 (  0.1%)   0.0000 (  0.0%)   0.0000 (  0.0%)  Implement the 'patchable-function' attribute
   0.0000 (  0.0%)   0.0000 (  0.1%)   0.0000 (  0.0%)   0.0000 (  0.0%)  X86 vzeroupper inserter
   0.0000 (  0.0%)   0.0000 (  0.1%)   0.0000 (  0.0%)   0.0000 (  0.0%)  X86 Indirect Branch Tracking
   0.0000 (  0.0%)   0.0000 (  0.1%)   0.0000 (  0.0%)   0.0000 (  0.0%)  X86 insert wait instruction
   0.0000 (  0.0%)   0.0000 (  0.0%)   0.0000 (  0.0%)   0.0000 (  0.0%)  Pseudo Probe Inserter
   0.0000 (  0.0%)   0.0000 (  0.0%)   0.0000 (  0.0%)   0.0000 (  0.0%)  MergeICmpsPass
   0.0000 (  0.0%)   0.0000 (  0.1%)   0.0000 (  0.0%)   0.0000 (  0.0%)  Machine Sanitizer Binary Metadata
   0.0000 (  0.0%)   0.0000 (  0.0%)   0.0000 (  0.0%)   0.0000 (  0.0%)  Rename Disconnected Subregister Components
   0.0000 (  0.0%)   0.0000 (  0.1%)   0.0000 (  0.0%)   0.0000 (  0.0%)  Fixup Statepoint Caller Saved
   0.0000 (  0.0%)   0.0000 (  0.1%)   0.0000 (  0.0%)   0.0000 (  0.0%)  Lazy Machine Block Frequency Analysis #7
   0.0000 (  0.0%)   0.0000 (  0.1%)   0.0000 (  0.0%)   0.0000 (  0.0%)  Lazy Block Frequency Analysis
   0.0000 (  0.0%)   0.0000 (  0.1%)   0.0000 (  0.0%)   0.0000 (  0.0%)  X86 Lower Tile Copy
   0.0000 (  0.0%)   0.0000 (  0.0%)   0.0000 (  0.0%)   0.0000 (  0.0%)  InvalidateAnalysisPass<llvm::ShouldNotRunFunctionPassesAnalysis>
   0.0000 (  0.0%)   0.0000 (  0.0%)   0.0000 (  0.0%)   0.0000 (  0.0%)  Remove Redundant DEBUG_VALUE analysis
   0.0000 (  0.0%)   0.0000 (  0.0%)   0.0000 (  0.0%)   0.0000 (  0.0%)  Lazy Machine Block Frequency Analysis #3
   0.0000 (  0.0%)   0.0000 (  0.1%)   0.0000 (  0.0%)   0.0000 (  0.0%)  Contiguously Lay Out Funclets
   0.0000 (  0.0%)   0.0000 (  0.0%)   0.0000 (  0.0%)   0.0000 (  0.0%)  X86 DynAlloca Expander
   0.0000 (  0.0%)   0.0000 (  0.1%)   0.0000 (  0.0%)   0.0000 (  0.0%)  X86 Return Thunks
   0.0000 (  0.0%)   0.0000 (  0.1%)   0.0000 (  0.0%)   0.0000 (  0.0%)  Register Allocation Pass Scoring
   0.0000 (  0.0%)   0.0000 (  0.0%)   0.0000 (  0.0%)   0.0000 (  0.0%)  Lazy Machine Block Frequency Analysis #5
   0.0000 (  0.0%)   0.0000 (  0.1%)   0.0000 (  0.0%)   0.0000 (  0.0%)  Lazy Machine Block Frequency Analysis #6
   0.0000 (  0.0%)   0.0000 (  0.1%)   0.0000 (  0.0%)   0.0000 (  0.0%)  Machine Optimization Remark Emitter #3
   0.0000 (  0.0%)   0.0000 (  0.0%)   0.0000 (  0.0%)   0.0000 (  0.0%)  X86 Suppress APX features for relocation
   0.0000 (  0.0%)   0.0000 (  0.0%)   0.0000 (  0.0%)   0.0000 (  0.0%)  MergedLoadStoreMotionPass
   0.0000 (  0.0%)   0.0000 (  0.1%)   0.0000 (  0.0%)   0.0000 (  0.0%)  Analyze Machine Code For Garbage Collection
   0.0000 (  0.0%)   0.0000 (  0.1%)   0.0000 (  0.0%)   0.0000 (  0.0%)  Machine Optimization Remark Emitter #4
   0.0000 (  0.0%)   0.0000 (  0.0%)   0.0000 (  0.0%)   0.0000 (  0.0%)  CoroSplitPass
   0.0000 (  0.0%)   0.0000 (  0.0%)   0.0000 (  0.0%)   0.0000 (  0.0%)  MoveAutoInitPass
   0.0000 (  0.0%)   0.0000 (  0.0%)   0.0000 (  0.0%)   0.0000 (  0.0%)  Lazy Machine Block Frequency Analysis
   0.0000 (  0.0%)   0.0000 (  0.1%)   0.0000 (  0.0%)   0.0000 (  0.0%)  Lower Garbage Collection Instructions
   0.0000 (  0.0%)   0.0000 (  0.1%)   0.0000 (  0.0%)   0.0000 (  0.0%)  InvalidateAnalysisPass<llvm::AAManager>
   0.0000 (  0.0%)   0.0000 (  0.0%)   0.0000 (  0.0%)   0.0000 (  0.0%)  Lazy Machine Block Frequency Analysis #9
   0.0000 (  0.0%)   0.0000 (  0.0%)   0.0000 (  0.0%)   0.0000 (  0.0%)  Lazy Machine Block Frequency Analysis #10
   0.0000 (  0.0%)   0.0000 (  0.0%)   0.0000 (  0.0%)   0.0000 (  0.0%)  SpeculativeExecutionPass
   0.0000 (  0.0%)   0.0000 (  0.1%)   0.0000 (  0.0%)   0.0000 (  0.0%)  CoroElidePass
   0.0000 (  0.0%)   0.0000 (  0.0%)   0.0000 (  0.0%)   0.0000 (  0.0%)  AlignmentFromAssumptionsPass
   0.0000 (  0.0%)   0.0000 (  0.0%)   0.0000 (  0.0%)   0.0000 (  0.0%)  OpenMPOptCGSCCPass
   0.0000 (  0.0%)   0.0000 (  0.0%)   0.0000 (  0.0%)   0.0000 (  0.0%)  EntryExitInstrumenterPass
   0.0000 (  0.0%)   0.0000 (  0.0%)   0.0000 (  0.0%)   0.0000 (  0.0%)  ControlHeightReductionPass
   0.0000 (  0.0%)   0.0000 (  0.1%)   0.0000 (  0.0%)   0.0000 (  0.0%)  AlwaysInlinerPass
   0.0000 (  0.0%)   0.0000 (  0.0%)   0.0000 (  0.0%)   0.0000 (  0.0%)  LoopSinkPass
   0.0000 (  0.0%)   0.0000 (  0.0%)   0.0000 (  0.0%)   0.0000 (  0.0%)  MemProfRemoveInfo
   0.0000 (  0.0%)   0.0000 (  0.0%)   0.0000 (  0.0%)   0.0000 (  0.0%)  Create Garbage Collector Module Metadata
   0.0000 (  0.0%)   0.0000 (  0.0%)   0.0000 (  0.0%)   0.0000 (  0.0%)  AssignmentTrackingPass
   0.0000 (  0.0%)   0.0000 (  0.0%)   0.0000 (  0.0%)   0.0000 (  0.0%)  Target Library Information
   0.0000 (  0.0%)   0.0000 (  0.0%)   0.0000 (  0.0%)   0.0000 (  0.0%)  DeadArgumentEliminationPass
   0.0000 (  0.0%)   0.0000 (  0.0%)   0.0000 (  0.0%)   0.0000 (  0.0%)  CoroEarlyPass
   0.0000 (  0.0%)   0.0000 (  0.0%)   0.0000 (  0.0%)   0.0000 (  0.0%)  RelLookupTableConverterPass
   0.0000 (  0.0%)   0.0000 (  0.0%)   0.0000 (  0.0%)   0.0000 (  0.0%)  ConstantMergePass
   0.0000 (  0.0%)   0.0000 (  0.0%)   0.0000 (  0.0%)   0.0000 (  0.0%)  Assumption Cache Tracker
   0.0000 (  0.0%)   0.0000 (  0.0%)   0.0000 (  0.0%)   0.0000 (  0.0%)  Pre-ISel Intrinsic Lowering
   0.0000 (  0.0%)   0.0000 (  0.0%)   0.0000 (  0.0%)   0.0000 (  0.0%)  EliminateAvailableExternallyPass
   0.0000 (  0.0%)   0.0000 (  0.0%)   0.0000 (  0.0%)   0.0000 (  0.0%)  CoroCleanupPass
   0.0000 (  0.0%)   0.0000 (  0.0%)   0.0000 (  0.0%)   0.0000 (  0.0%)  ForceFunctionAttrsPass
   0.0000 (  0.0%)   0.0000 (  0.0%)   0.0000 (  0.0%)   0.0000 (  0.0%)  Annotation2MetadataPass
   0.0000 (  0.0%)   0.0000 (  0.0%)   0.0000 (  0.0%)   0.0000 (  0.0%)  OpenMPOptPass
   0.0000 (  0.0%)   0.0000 (  0.0%)   0.0000 (  0.0%)   0.0000 (  0.0%)  LowerCommentStringPass
   0.0000 (  0.0%)   0.0000 (  0.0%)   0.0000 (  0.0%)   0.0000 (  0.0%)  RequireAnalysisPass<llvm::ProfileSummaryAnalysis, llvm::Module, llvm::AnalysisManager<Module>>
   0.0000 (  0.0%)   0.0000 (  0.0%)   0.0000 (  0.0%)   0.0000 (  0.0%)  Target Transform Information
   0.0000 (  0.0%)   0.0000 (  0.0%)   0.0000 (  0.0%)   0.0000 (  0.0%)  Default Regalloc Priority Advisor
   0.0000 (  0.0%)   0.0000 (  0.0%)   0.0000 (  0.0%)   0.0000 (  0.0%)  Library Function Lowering Analysis
   0.0000 (  0.0%)   0.0000 (  0.0%)   0.0000 (  0.0%)   0.0000 (  0.0%)  Machine Branch Probability Analysis
   0.0000 (  0.0%)   0.0000 (  0.0%)   0.0000 (  0.0%)   0.0000 (  0.0%)  Type-Based Alias Analysis
   0.0000 (  0.0%)   0.0000 (  0.0%)   0.0000 (  0.0%)   0.0000 (  0.0%)  Target Pass Configuration
   0.0000 (  0.0%)   0.0000 (  0.0%)   0.0000 (  0.0%)   0.0000 (  0.0%)  Profile summary info
   0.0000 (  0.0%)   0.0000 (  0.0%)   0.0000 (  0.0%)   0.0000 (  0.0%)  Scoped NoAlias Alias Analysis
   0.0000 (  0.0%)   0.0000 (  0.0%)   0.0000 (  0.0%)   0.0000 (  0.0%)  Default Regalloc Eviction Advisor
   0.0793 (100.0%)   0.0217 (100.0%)   0.1010 (100.0%)   0.1011 (100.0%)  Total

===-------------------------------------------------------------------------===
                               Clang time report
===-------------------------------------------------------------------------===
  Total Execution Time: 0.7022 seconds (0.6848 wall clock)

   ---User Time---   --System Time--   --User+System--   ---Wall Time---  --- Name ---
   0.5533 ( 85.9%)   0.0301 ( 51.7%)   0.5833 ( 83.1%)   0.5659 ( 82.6%)  Front end
   0.0507 (  7.9%)   0.0220 ( 37.9%)   0.0727 ( 10.4%)   0.0727 ( 10.6%)  Machine code generation
   0.0401 (  6.2%)   0.0060 ( 10.4%)   0.0462 (  6.6%)   0.0462 (  6.7%)  Optimizer
   0.6441 (100.0%)   0.0581 (100.0%)   0.7022 (100.0%)   0.6848 (100.0%)  Total

