COMMAND: /root/llvm-project/build/bin/clang-24 -fclangir -Xclang -clangir-enable-call-conv-lowering --gcc-install-dir=/usr/lib/gcc/x86_64-linux-gnu/13 -x hip --hip-path=/opt/rocm-7.0.2 --offload-arch=gfx942 --rocm-device-lib-path=/opt/rocm-7.0.2/core-7.14/lib/llvm/amdgcn/bitcode -D__AMDGCN_WAVEFRONT_SIZE=64 -I/root/polybenchGpu/CUDA/CORR -std=c++17 -O3 -ftime-report -mllvm -time-passes -c /root/polybenchGpu/HIP/CORR/correlation.hip.cpp -I/root/polybenchGpu -I/root/polybenchGpu/HIP/CORR -o /root/polybench-gpu-audit/temp/multiarch-hip-multi-j1/HIP_CORR_correlation.hip.cpp.cir.gfx942.o

SAMPLES (wall seconds): ['1.4958', '1.5048', '1.5007', '1.4958', '1.4912', '1.5046', '1.5361', '1.5303']

STDOUT (last sample):

STDERR (last sample):
/root/polybenchGpu/HIP/CORR/correlation.hip.cpp:141:2: warning: ignoring return value of type 'hipError_t' declared with 'nodiscard' attribute [-Wunused-value]
  141 |         hipGetDeviceProperties(&deviceProp, GPU_DEVICE);
      |         ^~~~~~~~~~~~~~~~~~~~~~~~~~~~~~~~~~~~~~~~~~~~~~~
/opt/rocm-7.0.2/include/hip/hip_runtime_api.h:102:32: note: expanded from macro 'hipGetDeviceProperties'
  102 | #define hipGetDeviceProperties hipGetDevicePropertiesR0600
      |                                ^
/root/polybenchGpu/HIP/CORR/correlation.hip.cpp:143:2: warning: ignoring return value of type 'hipError_t' declared with 'nodiscard' attribute [-Wunused-value]
  143 |         hipSetDevice( GPU_DEVICE );
      |         ^~~~~~~~~~~~~~~~~~~~~~~~~~
/root/polybenchGpu/HIP/CORR/correlation.hip.cpp:234:2: warning: ignoring return value of type 'hipError_t' declared with 'nodiscard' attribute [-Wunused-value]
  234 |         hipMalloc((void **)&data_gpu, sizeof(DATA_TYPE) * M * N);
      |         ^~~~~~~~~~~~~~~~~~~~~~~~~~~~~~~~~~~~~~~~~~~~~~~~~~~~~~~~
/root/polybenchGpu/HIP/CORR/correlation.hip.cpp:235:2: warning: ignoring return value of type 'hipError_t' declared with 'nodiscard' attribute [-Wunused-value]
  235 |         hipMalloc((void **)&symmat_gpu, sizeof(DATA_TYPE) * M * N);
      |         ^~~~~~~~~~~~~~~~~~~~~~~~~~~~~~~~~~~~~~~~~~~~~~~~~~~~~~~~~~
/root/polybenchGpu/HIP/CORR/correlation.hip.cpp:236:2: warning: ignoring return value of type 'hipError_t' declared with 'nodiscard' attribute [-Wunused-value]
  236 |         hipMalloc((void **)&stddev_gpu, sizeof(DATA_TYPE) * M);
      |         ^~~~~~~~~~~~~~~~~~~~~~~~~~~~~~~~~~~~~~~~~~~~~~~~~~~~~~
/root/polybenchGpu/HIP/CORR/correlation.hip.cpp:237:2: warning: ignoring return value of type 'hipError_t' declared with 'nodiscard' attribute [-Wunused-value]
  237 |         hipMalloc((void **)&mean_gpu, sizeof(DATA_TYPE) * M);
      |         ^~~~~~~~~~~~~~~~~~~~~~~~~~~~~~~~~~~~~~~~~~~~~~~~~~~~
/root/polybenchGpu/HIP/CORR/correlation.hip.cpp:238:2: warning: ignoring return value of type 'hipError_t' declared with 'nodiscard' attribute [-Wunused-value]
  238 |         hipMemcpy(data_gpu, data, sizeof(DATA_TYPE) * M * N, hipMemcpyHostToDevice);
      |         ^~~~~~~~~~~~~~~~~~~~~~~~~~~~~~~~~~~~~~~~~~~~~~~~~~~~~~~~~~~~~~~~~~~~~~~~~~~
/root/polybenchGpu/HIP/CORR/correlation.hip.cpp:239:2: warning: ignoring return value of type 'hipError_t' declared with 'nodiscard' attribute [-Wunused-value]
  239 |         hipMemcpy(symmat_gpu, symmat, sizeof(DATA_TYPE) * M * N, hipMemcpyHostToDevice);
      |         ^~~~~~~~~~~~~~~~~~~~~~~~~~~~~~~~~~~~~~~~~~~~~~~~~~~~~~~~~~~~~~~~~~~~~~~~~~~~~~~
/root/polybenchGpu/HIP/CORR/correlation.hip.cpp:240:2: warning: ignoring return value of type 'hipError_t' declared with 'nodiscard' attribute [-Wunused-value]
  240 |         hipMemcpy(stddev_gpu, stddev, sizeof(DATA_TYPE) * M, hipMemcpyHostToDevice);
      |         ^~~~~~~~~~~~~~~~~~~~~~~~~~~~~~~~~~~~~~~~~~~~~~~~~~~~~~~~~~~~~~~~~~~~~~~~~~~
/root/polybenchGpu/HIP/CORR/correlation.hip.cpp:241:2: warning: ignoring return value of type 'hipError_t' declared with 'nodiscard' attribute [-Wunused-value]
  241 |         hipMemcpy(mean_gpu, mean, sizeof(DATA_TYPE) * M, hipMemcpyHostToDevice);
      |         ^~~~~~~~~~~~~~~~~~~~~~~~~~~~~~~~~~~~~~~~~~~~~~~~~~~~~~~~~~~~~~~~~~~~~~~
/root/polybenchGpu/HIP/CORR/correlation.hip.cpp:259:2: warning: ignoring return value of type 'hipError_t' declared with 'nodiscard' attribute [-Wunused-value]
  259 |         hipDeviceSynchronize();
      |         ^~~~~~~~~~~~~~~~~~~~~~
/root/polybenchGpu/HIP/CORR/correlation.hip.cpp:261:2: warning: ignoring return value of type 'hipError_t' declared with 'nodiscard' attribute [-Wunused-value]
  261 |         hipDeviceSynchronize();
      |         ^~~~~~~~~~~~~~~~~~~~~~
/root/polybenchGpu/HIP/CORR/correlation.hip.cpp:263:2: warning: ignoring return value of type 'hipError_t' declared with 'nodiscard' attribute [-Wunused-value]
  263 |         hipDeviceSynchronize();
      |         ^~~~~~~~~~~~~~~~~~~~~~
/root/polybenchGpu/HIP/CORR/correlation.hip.cpp:265:2: warning: ignoring return value of type 'hipError_t' declared with 'nodiscard' attribute [-Wunused-value]
  265 |         hipDeviceSynchronize();
      |         ^~~~~~~~~~~~~~~~~~~~~~
/root/polybenchGpu/HIP/CORR/correlation.hip.cpp:273:2: warning: ignoring return value of type 'hipError_t' declared with 'nodiscard' attribute [-Wunused-value]
  273 |         hipMemcpy(&(symmat_gpu[(M-1)*M + (M-1)]), &valueAtSymmatIndexMTimesMPlus1PlusMPoint, sizeof(DATA_TYPE), hipMemcpyHostToDevice);
      |         ^~~~~~~~~~~~~~~~~~~~~~~~~~~~~~~~~~~~~~~~~~~~~~~~~~~~~~~~~~~~~~~~~~~~~~~~~~~~~~~~~~~~~~~~~~~~~~~~~~~~~~~~~~~~~~~~~~~~~~~~~~~~~~
/root/polybenchGpu/HIP/CORR/correlation.hip.cpp:275:2: warning: ignoring return value of type 'hipError_t' declared with 'nodiscard' attribute [-Wunused-value]
  275 |         hipMemcpy(symmat_outputFromGpu, symmat_gpu, sizeof(DATA_TYPE) * M * N, hipMemcpyDeviceToHost);
      |         ^~~~~~~~~~~~~~~~~~~~~~~~~~~~~~~~~~~~~~~~~~~~~~~~~~~~~~~~~~~~~~~~~~~~~~~~~~~~~~~~~~~~~~~~~~~~~
/root/polybenchGpu/HIP/CORR/correlation.hip.cpp:277:2: warning: ignoring return value of type 'hipError_t' declared with 'nodiscard' attribute [-Wunused-value]
  277 |         hipFree(data_gpu);
      |         ^~~~~~~~~~~~~~~~~
/root/polybenchGpu/HIP/CORR/correlation.hip.cpp:278:2: warning: ignoring return value of type 'hipError_t' declared with 'nodiscard' attribute [-Wunused-value]
  278 |         hipFree(symmat_gpu);
      |         ^~~~~~~~~~~~~~~~~~~
/root/polybenchGpu/HIP/CORR/correlation.hip.cpp:279:2: warning: ignoring return value of type 'hipError_t' declared with 'nodiscard' attribute [-Wunused-value]
  279 |         hipFree(stddev_gpu);
      |         ^~~~~~~~~~~~~~~~~~~
/root/polybenchGpu/HIP/CORR/correlation.hip.cpp:280:2: warning: ignoring return value of type 'hipError_t' declared with 'nodiscard' attribute [-Wunused-value]
  280 |         hipFree(mean_gpu);
      |         ^~~~~~~~~~~~~~~~~
warning: Linking two modules of different data layouts: '/opt/rocm-7.0.2/core-7.14/lib/llvm/amdgcn/bitcode/ocml.bc' is 'e-m:e-p:64:64-p1:64:64-p2:32:32-p3:32:32-p4:64:64-p5:32:32-p6:32:32-p7:160:256:256:32-p8:128:128:128:48-p9:192:256:256:32-i64:64-v16:16-v24:32-v32:32-v48:64-v96:128-v192:256-v256:256-v512:512-v1024:1024-v2048:2048-n32:64-S32-A5-G1-ni:7:8:9' whereas '/root/polybenchGpu/HIP/CORR/correlation.hip.cpp' is 'e-m:e-n32:64-S32-A5-G1-p0:64:64:64:64-p1:64:64:64:64-p2:32:32:32:32-p3:32:32:32:32-p4:64:64:64:64-p5:32:32:32:32-p6:32:32:32:32-p7:160:256:256:32-p8:128:128:128:48-p9:192:256:256:32-i64:64-i1:8-i8:8-i16:16-i32:32-f16:16-f64:64-f128:128'

warning: Linking two modules of different data layouts: '/opt/rocm-7.0.2/core-7.14/lib/llvm/amdgcn/bitcode/ockl.bc' is 'e-m:e-p:64:64-p1:64:64-p2:32:32-p3:32:32-p4:64:64-p5:32:32-p6:32:32-p7:160:256:256:32-p8:128:128:128:48-p9:192:256:256:32-i64:64-v16:16-v24:32-v32:32-v48:64-v96:128-v192:256-v256:256-v512:512-v1024:1024-v2048:2048-n32:64-S32-A5-G1-ni:7:8:9' whereas '/root/polybenchGpu/HIP/CORR/correlation.hip.cpp' is 'e-m:e-n32:64-S32-A5-G1-p0:64:64:64:64-p1:64:64:64:64-p2:32:32:32:32-p3:32:32:32:32-p4:64:64:64:64-p5:32:32:32:32-p6:32:32:32:32-p7:160:256:256:32-p8:128:128:128:48-p9:192:256:256:32-i64:64-i1:8-i8:8-i16:16-i32:32-f16:16-f64:64-f128:128'

warning: Linking two modules of different data layouts: '/opt/rocm-7.0.2/core-7.14/lib/llvm/amdgcn/bitcode/oclc_unsafe_math_off.bc' is 'e-m:e-p:64:64-p1:64:64-p2:32:32-p3:32:32-p4:64:64-p5:32:32-p6:32:32-p7:160:256:256:32-p8:128:128:128:48-p9:192:256:256:32-i64:64-v16:16-v24:32-v32:32-v48:64-v96:128-v192:256-v256:256-v512:512-v1024:1024-v2048:2048-n32:64-S32-A5-G1-ni:7:8:9' whereas '/root/polybenchGpu/HIP/CORR/correlation.hip.cpp' is 'e-m:e-n32:64-S32-A5-G1-p0:64:64:64:64-p1:64:64:64:64-p2:32:32:32:32-p3:32:32:32:32-p4:64:64:64:64-p5:32:32:32:32-p6:32:32:32:32-p7:160:256:256:32-p8:128:128:128:48-p9:192:256:256:32-i64:64-i1:8-i8:8-i16:16-i32:32-f16:16-f64:64-f128:128'

warning: Linking two modules of different data layouts: '/opt/rocm-7.0.2/core-7.14/lib/llvm/amdgcn/bitcode/oclc_finite_only_off.bc' is 'e-m:e-p:64:64-p1:64:64-p2:32:32-p3:32:32-p4:64:64-p5:32:32-p6:32:32-p7:160:256:256:32-p8:128:128:128:48-p9:192:256:256:32-i64:64-v16:16-v24:32-v32:32-v48:64-v96:128-v192:256-v256:256-v512:512-v1024:1024-v2048:2048-n32:64-S32-A5-G1-ni:7:8:9' whereas '/root/polybenchGpu/HIP/CORR/correlation.hip.cpp' is 'e-m:e-n32:64-S32-A5-G1-p0:64:64:64:64-p1:64:64:64:64-p2:32:32:32:32-p3:32:32:32:32-p4:64:64:64:64-p5:32:32:32:32-p6:32:32:32:32-p7:160:256:256:32-p8:128:128:128:48-p9:192:256:256:32-i64:64-i1:8-i8:8-i16:16-i32:32-f16:16-f64:64-f128:128'

warning: Linking two modules of different data layouts: '/opt/rocm-7.0.2/core-7.14/lib/llvm/amdgcn/bitcode/oclc_wavefrontsize64_on.bc' is 'e-m:e-p:64:64-p1:64:64-p2:32:32-p3:32:32-p4:64:64-p5:32:32-p6:32:32-p7:160:256:256:32-p8:128:128:128:48-p9:192:256:256:32-i64:64-v16:16-v24:32-v32:32-v48:64-v96:128-v192:256-v256:256-v512:512-v1024:1024-v2048:2048-n32:64-S32-A5-G1-ni:7:8:9' whereas '/root/polybenchGpu/HIP/CORR/correlation.hip.cpp' is 'e-m:e-n32:64-S32-A5-G1-p0:64:64:64:64-p1:64:64:64:64-p2:32:32:32:32-p3:32:32:32:32-p4:64:64:64:64-p5:32:32:32:32-p6:32:32:32:32-p7:160:256:256:32-p8:128:128:128:48-p9:192:256:256:32-i64:64-i1:8-i8:8-i16:16-i32:32-f16:16-f64:64-f128:128'

warning: Linking two modules of different data layouts: '/opt/rocm-7.0.2/core-7.14/lib/llvm/amdgcn/bitcode/oclc_isa_version_942.bc' is 'e-m:e-p:64:64-p1:64:64-p2:32:32-p3:32:32-p4:64:64-p5:32:32-p6:32:32-p7:160:256:256:32-p8:128:128:128:48-p9:192:256:256:32-i64:64-v16:16-v24:32-v32:32-v48:64-v96:128-v192:256-v256:256-v512:512-v1024:1024-v2048:2048-n32:64-S32-A5-G1-ni:7:8:9' whereas '/root/polybenchGpu/HIP/CORR/correlation.hip.cpp' is 'e-m:e-n32:64-S32-A5-G1-p0:64:64:64:64-p1:64:64:64:64-p2:32:32:32:32-p3:32:32:32:32-p4:64:64:64:64-p5:32:32:32:32-p6:32:32:32:32-p7:160:256:256:32-p8:128:128:128:48-p9:192:256:256:32-i64:64-i1:8-i8:8-i16:16-i32:32-f16:16-f64:64-f128:128'

warning: Linking two modules of different data layouts: '/opt/rocm-7.0.2/core-7.14/lib/llvm/amdgcn/bitcode/oclc_abi_version_600.bc' is 'e-m:e-p:64:64-p1:64:64-p2:32:32-p3:32:32-p4:64:64-p5:32:32-p6:32:32-p7:160:256:256:32-p8:128:128:128:48-p9:192:256:256:32-i64:64-v16:16-v24:32-v32:32-v48:64-v96:128-v192:256-v256:256-v512:512-v1024:1024-v2048:2048-n32:64-S32-A5-G1-ni:7:8:9' whereas '/root/polybenchGpu/HIP/CORR/correlation.hip.cpp' is 'e-m:e-n32:64-S32-A5-G1-p0:64:64:64:64-p1:64:64:64:64-p2:32:32:32:32-p3:32:32:32:32-p4:64:64:64:64-p5:32:32:32:32-p6:32:32:32:32-p7:160:256:256:32-p8:128:128:128:48-p9:192:256:256:32-i64:64-i1:8-i8:8-i16:16-i32:32-f16:16-f64:64-f128:128'

20 warnings generated when compiling for gfx942.
===-------------------------------------------------------------------------===
                        Analysis execution timing report
===-------------------------------------------------------------------------===
  Total Execution Time: 0.0099 seconds (0.0099 wall clock)

   ---User Time---   --System Time--   --User+System--   ---Wall Time---  --- Name ---
   0.0023 ( 28.8%)   0.0001 (  7.3%)   0.0025 ( 24.8%)   0.0025 ( 24.9%)  UniformityInfoAnalysis
   0.0016 ( 19.3%)   0.0002 ( 11.7%)   0.0018 ( 17.9%)   0.0018 ( 17.9%)  MemorySSAAnalysis
   0.0001 (  1.0%)   0.0010 ( 56.7%)   0.0011 ( 11.4%)   0.0011 ( 11.4%)  TargetIRAnalysis
   0.0009 ( 10.8%)   0.0000 (  1.4%)   0.0009 (  9.1%)   0.0009 (  9.1%)  VerifierAnalysis
   0.0004 (  4.9%)   0.0000 (  2.6%)   0.0004 (  4.5%)   0.0005 (  4.6%)  AAManager
   0.0003 (  4.1%)   0.0001 (  5.0%)   0.0004 (  4.2%)   0.0004 (  4.2%)  DominatorTreeAnalysis
   0.0003 (  3.9%)   0.0000 (  1.5%)   0.0003 (  3.4%)   0.0003 (  3.3%)  BranchProbabilityAnalysis
   0.0003 (  3.5%)   0.0000 (  2.4%)   0.0003 (  3.3%)   0.0003 (  3.2%)  LoopAnalysis
   0.0003 (  3.5%)   0.0000 (  2.4%)   0.0003 (  3.3%)   0.0003 (  3.2%)  BlockFrequencyAnalysis
   0.0003 (  3.4%)   0.0000 (  1.4%)   0.0003 (  3.0%)   0.0003 (  3.0%)  CycleAnalysis
   0.0002 (  3.0%)   0.0000 (  0.0%)   0.0002 (  2.5%)   0.0002 (  2.5%)  ModuleSummaryIndexAnalysis
   0.0002 (  2.6%)   0.0000 (  0.9%)   0.0002 (  2.2%)   0.0002 (  2.2%)  PostDominatorTreeAnalysis
   0.0001 (  1.7%)   0.0000 (  1.1%)   0.0002 (  1.6%)   0.0002 (  1.6%)  ScalarEvolutionAnalysis
   0.0001 (  1.5%)   0.0000 (  0.9%)   0.0001 (  1.4%)   0.0001 (  1.3%)  BasicAA
   0.0001 (  0.9%)   0.0000 (  0.4%)   0.0001 (  0.8%)   0.0001 (  0.7%)  LastRunTrackingAnalysis
   0.0001 (  0.8%)   0.0000 (  0.0%)   0.0001 (  0.7%)   0.0001 (  0.7%)  CallGraphAnalysis
   0.0000 (  0.6%)   0.0000 (  1.2%)   0.0001 (  0.7%)   0.0001 (  0.7%)  AssumptionAnalysis
   0.0000 (  0.5%)   0.0000 (  1.2%)   0.0001 (  0.7%)   0.0001 (  0.6%)  TargetLibraryAnalysis
   0.0001 (  0.7%)   0.0000 (  0.1%)   0.0001 (  0.6%)   0.0001 (  0.5%)  OuterAnalysisManagerProxy<ModuleAnalysisManager, Function>
   0.0000 (  0.4%)   0.0000 (  0.1%)   0.0000 (  0.4%)   0.0000 (  0.5%)  OptimizationRemarkEmitterAnalysis
   0.0000 (  0.4%)   0.0000 (  0.1%)   0.0000 (  0.4%)   0.0000 (  0.4%)  AMDGPUAA
   0.0000 (  0.5%)   0.0000 (  0.2%)   0.0000 (  0.4%)   0.0000 (  0.4%)  TypeBasedAA
   0.0000 (  0.5%)   0.0000 (  0.2%)   0.0000 (  0.4%)   0.0000 (  0.4%)  ScopedNoAliasAA
   0.0000 (  0.4%)   0.0000 (  0.0%)   0.0000 (  0.3%)   0.0000 (  0.3%)  LazyCallGraphAnalysis
   0.0000 (  0.3%)   0.0000 (  0.2%)   0.0000 (  0.3%)   0.0000 (  0.3%)  FunctionAnalysisManagerCGSCCProxy
   0.0000 (  0.3%)   0.0000 (  0.3%)   0.0000 (  0.3%)   0.0000 (  0.3%)  LazyValueAnalysis
   0.0000 (  0.3%)   0.0000 (  0.3%)   0.0000 (  0.3%)   0.0000 (  0.3%)  InnerAnalysisManagerProxy<LoopAnalysisManager, Function>
   0.0000 (  0.3%)   0.0000 (  0.1%)   0.0000 (  0.3%)   0.0000 (  0.3%)  DemandedBitsAnalysis
   0.0000 (  0.3%)   0.0000 (  0.0%)   0.0000 (  0.2%)   0.0000 (  0.2%)  GlobalsAA
   0.0000 (  0.1%)   0.0000 (  0.2%)   0.0000 (  0.2%)   0.0000 (  0.2%)  MemoryDependenceAnalysis
   0.0000 (  0.2%)   0.0000 (  0.3%)   0.0000 (  0.2%)   0.0000 (  0.2%)  EphemeralValuesAnalysis
   0.0000 (  0.2%)   0.0000 (  0.0%)   0.0000 (  0.1%)   0.0000 (  0.1%)  LoopAccessAnalysis
   0.0000 (  0.1%)   0.0000 (  0.1%)   0.0000 (  0.1%)   0.0000 (  0.1%)  OuterAnalysisManagerProxy<ModuleAnalysisManager, LazyCallGraph::SCC, LazyCallGraph &>
   0.0000 (  0.1%)   0.0000 (  0.1%)   0.0000 (  0.1%)   0.0000 (  0.1%)  ShouldNotRunFunctionPassesAnalysis
   0.0000 (  0.0%)   0.0000 (  0.0%)   0.0000 (  0.0%)   0.0000 (  0.0%)  InnerAnalysisManagerProxy<FunctionAnalysisManager, Module>
   0.0000 (  0.0%)   0.0000 (  0.0%)   0.0000 (  0.0%)   0.0000 (  0.0%)  InnerAnalysisManagerProxy<CGSCCAnalysisManager, Module>
   0.0000 (  0.0%)   0.0000 (  0.0%)   0.0000 (  0.0%)   0.0000 (  0.0%)  InlineAdvisorAnalysis
   0.0000 (  0.0%)   0.0000 (  0.0%)   0.0000 (  0.0%)   0.0000 (  0.0%)  ProfileSummaryAnalysis
   0.0081 (100.0%)   0.0018 (100.0%)   0.0099 (100.0%)   0.0099 (100.0%)  Total

===-------------------------------------------------------------------------===
                          Pass execution timing report
===-------------------------------------------------------------------------===
  Total Execution Time: 0.0908 seconds (0.0906 wall clock)

   ---User Time---   --System Time--   --User+System--   ---Wall Time---  --- Name ---
   0.0208 ( 25.2%)   0.0013 ( 15.6%)   0.0221 ( 24.3%)   0.0221 ( 24.3%)  InstCombinePass
   0.0063 (  7.7%)   0.0004 (  4.7%)   0.0067 (  7.4%)   0.0067 (  7.4%)  GVNPass
   0.0063 (  7.6%)   0.0000 (  0.0%)   0.0063 (  6.9%)   0.0063 (  6.9%)  LoopVectorizePass
   0.0054 (  6.6%)   0.0000 (  0.0%)   0.0054 (  6.0%)   0.0054 (  6.0%)  LoopUnrollPass
   0.0024 (  2.9%)   0.0018 ( 21.8%)   0.0042 (  4.6%)   0.0042 (  4.6%)  SimplifyCFGPass
   0.0030 (  3.6%)   0.0006 (  6.8%)   0.0036 (  3.9%)   0.0036 (  3.9%)  InlinerPass
   0.0032 (  3.8%)   0.0000 (  0.0%)   0.0032 (  3.5%)   0.0032 (  3.5%)  SLPVectorizerPass
   0.0029 (  3.5%)   0.0002 (  2.7%)   0.0031 (  3.4%)   0.0031 (  3.4%)  CorrelatedValuePropagationPass
   0.0024 (  3.0%)   0.0005 (  5.7%)   0.0029 (  3.2%)   0.0029 (  3.2%)  LICMPass
   0.0026 (  3.1%)   0.0000 (  0.3%)   0.0026 (  2.9%)   0.0026 (  2.9%)  DSEPass
   0.0024 (  2.9%)   0.0001 (  0.6%)   0.0024 (  2.7%)   0.0024 (  2.7%)  LoopDeletionPass
   0.0018 (  2.1%)   0.0006 (  7.7%)   0.0024 (  2.6%)   0.0024 (  2.6%)  EarlyCSEPass
   0.0021 (  2.6%)   0.0002 (  1.9%)   0.0023 (  2.5%)   0.0023 (  2.5%)  AMDGPUUniformIntrinsicCombinePass
   0.0021 (  2.5%)   0.0002 (  2.7%)   0.0023 (  2.5%)   0.0023 (  2.5%)  IndVarSimplifyPass
   0.0015 (  1.8%)   0.0001 (  1.5%)   0.0016 (  1.8%)   0.0016 (  1.8%)  LoopIdiomRecognizePass
   0.0016 (  1.9%)   0.0000 (  0.0%)   0.0016 (  1.7%)   0.0016 (  1.7%)  BitcodeWriterPass
   0.0014 (  1.7%)   0.0001 (  1.5%)   0.0015 (  1.7%)   0.0015 (  1.7%)  SCCPPass
   0.0009 (  1.1%)   0.0002 (  2.1%)   0.0011 (  1.2%)   0.0011 (  1.2%)  ReassociatePass
   0.0008 (  1.0%)   0.0001 (  1.5%)   0.0009 (  1.0%)   0.0009 (  1.0%)  LoopFullUnrollPass
   0.0009 (  1.1%)   0.0000 (  0.3%)   0.0009 (  1.0%)   0.0009 (  1.0%)  VerifierPass
   0.0006 (  0.7%)   0.0002 (  2.0%)   0.0008 (  0.8%)   0.0008 (  0.9%)  AMDGPUPromoteKernelArgumentsPass
   0.0007 (  0.8%)   0.0001 (  0.7%)   0.0008 (  0.8%)   0.0008 (  0.8%)  LCSSAPass
   0.0006 (  0.8%)   0.0001 (  1.3%)   0.0007 (  0.8%)   0.0007 (  0.8%)  LoopSimplifyPass
   0.0007 (  0.8%)   0.0001 (  0.7%)   0.0007 (  0.8%)   0.0007 (  0.8%)  BDCEPass
   0.0006 (  0.7%)   0.0002 (  1.8%)   0.0007 (  0.8%)   0.0007 (  0.8%)  ConstraintEliminationPass
   0.0007 (  0.8%)   0.0000 (  0.0%)   0.0007 (  0.8%)   0.0007 (  0.8%)  IPSCCPPass
   0.0005 (  0.6%)   0.0001 (  1.2%)   0.0006 (  0.7%)   0.0006 (  0.7%)  PostOrderFunctionAttrsPass
   0.0004 (  0.5%)   0.0002 (  2.0%)   0.0006 (  0.6%)   0.0006 (  0.6%)  LoopInstSimplifyPass
   0.0005 (  0.6%)   0.0001 (  0.6%)   0.0006 (  0.6%)   0.0006 (  0.6%)  InferAddressSpacesPass
   0.0003 (  0.3%)   0.0003 (  3.2%)   0.0005 (  0.6%)   0.0005 (  0.6%)  SROAPass
   0.0005 (  0.6%)   0.0000 (  0.0%)   0.0005 (  0.6%)   0.0005 (  0.6%)  InstSimplifyPass
   0.0005 (  0.6%)   0.0000 (  0.2%)   0.0005 (  0.6%)   0.0005 (  0.6%)  MemCpyOptPass
   0.0005 (  0.6%)   0.0000 (  0.1%)   0.0005 (  0.6%)   0.0005 (  0.6%)  ADCEPass
   0.0005 (  0.6%)   0.0000 (  0.0%)   0.0005 (  0.6%)   0.0005 (  0.6%)  InferAlignmentPass
   0.0003 (  0.4%)   0.0002 (  2.0%)   0.0005 (  0.5%)   0.0005 (  0.5%)  LoopRotatePass
   0.0005 (  0.6%)   0.0000 (  0.0%)   0.0005 (  0.5%)   0.0005 (  0.5%)  GlobalOptPass
   0.0004 (  0.5%)   0.0001 (  0.7%)   0.0004 (  0.5%)   0.0004 (  0.5%)  AggressiveInstCombinePass
   0.0003 (  0.4%)   0.0000 (  0.4%)   0.0003 (  0.4%)   0.0003 (  0.4%)  TailCallElimPass
   0.0003 (  0.4%)   0.0000 (  0.0%)   0.0003 (  0.3%)   0.0003 (  0.3%)  AlwaysInlinerPass
   0.0002 (  0.2%)   0.0001 (  1.1%)   0.0003 (  0.3%)   0.0003 (  0.3%)  LoopSimplifyCFGPass
   0.0002 (  0.3%)   0.0000 (  0.0%)   0.0002 (  0.2%)   0.0002 (  0.2%)  CalledValuePropagationPass
   0.0002 (  0.2%)   0.0000 (  0.2%)   0.0002 (  0.2%)   0.0002 (  0.2%)  VectorCombinePass
   0.0001 (  0.1%)   0.0001 (  0.8%)   0.0002 (  0.2%)   0.0002 (  0.2%)  SimpleLoopUnswitchPass
   0.0002 (  0.2%)   0.0000 (  0.2%)   0.0002 (  0.2%)   0.0002 (  0.2%)  AMDGPUSimplifyLibCallsPass
   0.0001 (  0.1%)   0.0000 (  0.5%)   0.0002 (  0.2%)   0.0001 (  0.2%)  SpeculativeExecutionPass
   0.0001 (  0.2%)   0.0000 (  0.0%)   0.0001 (  0.2%)   0.0001 (  0.2%)  LoopDistributePass
   0.0001 (  0.1%)   0.0000 (  0.4%)   0.0001 (  0.1%)   0.0001 (  0.1%)  LibCallsShrinkWrapPass
   0.0001 (  0.1%)   0.0000 (  0.4%)   0.0001 (  0.1%)   0.0001 (  0.1%)  AMDGPUPromoteAllocaToVectorPass
   0.0001 (  0.1%)   0.0000 (  0.0%)   0.0001 (  0.1%)   0.0001 (  0.1%)  Float2IntPass
   0.0001 (  0.1%)   0.0000 (  0.1%)   0.0001 (  0.1%)   0.0001 (  0.1%)  InferFunctionAttrsPass
   0.0001 (  0.1%)   0.0000 (  0.0%)   0.0001 (  0.1%)   0.0001 (  0.1%)  LoopLoadEliminationPass
   0.0001 (  0.1%)   0.0000 (  0.0%)   0.0001 (  0.1%)   0.0001 (  0.1%)  ReversePostOrderFunctionAttrsPass
   0.0001 (  0.1%)   0.0000 (  0.1%)   0.0001 (  0.1%)   0.0001 (  0.1%)  AMDGPUUseNativeCallsPass
   0.0001 (  0.1%)   0.0000 (  0.0%)   0.0001 (  0.1%)   0.0001 (  0.1%)  RequireAnalysisPass<llvm::GlobalsAA, llvm::Module, llvm::AnalysisManager<Module>>
   0.0000 (  0.0%)   0.0000 (  0.2%)   0.0001 (  0.1%)   0.0001 (  0.1%)  AMDGPULowerKernelAttributesPass
   0.0000 (  0.0%)   0.0000 (  0.5%)   0.0001 (  0.1%)   0.0001 (  0.1%)  LowerExpectIntrinsicPass
   0.0000 (  0.1%)   0.0000 (  0.0%)   0.0000 (  0.1%)   0.0000 (  0.1%)  DeadArgumentEliminationPass
   0.0000 (  0.1%)   0.0000 (  0.0%)   0.0000 (  0.0%)   0.0000 (  0.0%)  InjectTLIMappings
   0.0000 (  0.1%)   0.0000 (  0.0%)   0.0000 (  0.0%)   0.0000 (  0.0%)  RecomputeGlobalsAAPass
   0.0000 (  0.0%)   0.0000 (  0.0%)   0.0000 (  0.0%)   0.0000 (  0.0%)  WarnMissedTransformationsPass
   0.0000 (  0.0%)   0.0000 (  0.1%)   0.0000 (  0.0%)   0.0000 (  0.0%)  RequireAnalysisPass<llvm::ShouldNotRunFunctionPassesAnalysis, llvm::Function, llvm::AnalysisManager<Function>>
   0.0000 (  0.0%)   0.0000 (  0.2%)   0.0000 (  0.0%)   0.0000 (  0.0%)  ArgumentPromotionPass
   0.0000 (  0.0%)   0.0000 (  0.1%)   0.0000 (  0.0%)   0.0000 (  0.0%)  JumpTableToSwitchPass
   0.0000 (  0.0%)   0.0000 (  0.3%)   0.0000 (  0.0%)   0.0000 (  0.0%)  CallSiteSplittingPass
   0.0000 (  0.0%)   0.0000 (  0.0%)   0.0000 (  0.0%)   0.0000 (  0.0%)  GlobalDCEPass
   0.0000 (  0.0%)   0.0000 (  0.0%)   0.0000 (  0.0%)   0.0000 (  0.0%)  LowerConstantIntrinsicsPass
   0.0000 (  0.0%)   0.0000 (  0.0%)   0.0000 (  0.0%)   0.0000 (  0.0%)  CoroAnnotationElidePass
   0.0000 (  0.0%)   0.0000 (  0.0%)   0.0000 (  0.0%)   0.0000 (  0.0%)  PromotePass
   0.0000 (  0.0%)   0.0000 (  0.1%)   0.0000 (  0.0%)   0.0000 (  0.0%)  JumpThreadingPass
   0.0000 (  0.0%)   0.0000 (  0.0%)   0.0000 (  0.0%)   0.0000 (  0.0%)  ExpandMemCmpPass
   0.0000 (  0.0%)   0.0000 (  0.0%)   0.0000 (  0.0%)   0.0000 (  0.0%)  DFAJumpThreadingPass
   0.0000 (  0.0%)   0.0000 (  0.3%)   0.0000 (  0.0%)   0.0000 (  0.0%)  EntryExitInstrumenterPass
   0.0000 (  0.0%)   0.0000 (  0.1%)   0.0000 (  0.0%)   0.0000 (  0.0%)  MergedLoadStoreMotionPass
   0.0000 (  0.0%)   0.0000 (  0.0%)   0.0000 (  0.0%)   0.0000 (  0.0%)  DivRemPairsPass
   0.0000 (  0.0%)   0.0000 (  0.0%)   0.0000 (  0.0%)   0.0000 (  0.0%)  ControlHeightReductionPass
   0.0000 (  0.0%)   0.0000 (  0.0%)   0.0000 (  0.0%)   0.0000 (  0.0%)  MoveAutoInitPass
   0.0000 (  0.0%)   0.0000 (  0.0%)   0.0000 (  0.0%)   0.0000 (  0.0%)  CoroElidePass
   0.0000 (  0.0%)   0.0000 (  0.0%)   0.0000 (  0.0%)   0.0000 (  0.0%)  CoroSplitPass
   0.0000 (  0.0%)   0.0000 (  0.0%)   0.0000 (  0.0%)   0.0000 (  0.0%)  OpenMPOptCGSCCPass
   0.0000 (  0.0%)   0.0000 (  0.0%)   0.0000 (  0.0%)   0.0000 (  0.0%)  InvalidateAnalysisPass<llvm::AAManager>
   0.0000 (  0.0%)   0.0000 (  0.0%)   0.0000 (  0.0%)   0.0000 (  0.0%)  InvalidateAnalysisPass<llvm::ShouldNotRunFunctionPassesAnalysis>
   0.0000 (  0.0%)   0.0000 (  0.0%)   0.0000 (  0.0%)   0.0000 (  0.0%)  MergeICmpsPass
   0.0000 (  0.0%)   0.0000 (  0.0%)   0.0000 (  0.0%)   0.0000 (  0.0%)  AssignGUIDPass
   0.0000 (  0.0%)   0.0000 (  0.0%)   0.0000 (  0.0%)   0.0000 (  0.0%)  AlignmentFromAssumptionsPass
   0.0000 (  0.0%)   0.0000 (  0.0%)   0.0000 (  0.0%)   0.0000 (  0.0%)  LoopSinkPass
   0.0000 (  0.0%)   0.0000 (  0.0%)   0.0000 (  0.0%)   0.0000 (  0.0%)  AnnotationRemarksPass
   0.0000 (  0.0%)   0.0000 (  0.0%)   0.0000 (  0.0%)   0.0000 (  0.0%)  CoroEarlyPass
   0.0000 (  0.0%)   0.0000 (  0.0%)   0.0000 (  0.0%)   0.0000 (  0.0%)  ConstantMergePass
   0.0000 (  0.0%)   0.0000 (  0.0%)   0.0000 (  0.0%)   0.0000 (  0.0%)  NameAnonGlobalPass
   0.0000 (  0.0%)   0.0000 (  0.0%)   0.0000 (  0.0%)   0.0000 (  0.0%)  OpenMPOptPass
   0.0000 (  0.0%)   0.0000 (  0.0%)   0.0000 (  0.0%)   0.0000 (  0.0%)  Annotation2MetadataPass
   0.0000 (  0.0%)   0.0000 (  0.0%)   0.0000 (  0.0%)   0.0000 (  0.0%)  CoroCleanupPass
   0.0000 (  0.0%)   0.0000 (  0.0%)   0.0000 (  0.0%)   0.0000 (  0.0%)  ForceFunctionAttrsPass
   0.0000 (  0.0%)   0.0000 (  0.0%)   0.0000 (  0.0%)   0.0000 (  0.0%)  RequireAnalysisPass<llvm::ProfileSummaryAnalysis, llvm::Module, llvm::AnalysisManager<Module>>
   0.0000 (  0.0%)   0.0000 (  0.0%)   0.0000 (  0.0%)   0.0000 (  0.0%)  LowerCommentStringPass
   0.0000 (  0.0%)   0.0000 (  0.0%)   0.0000 (  0.0%)   0.0000 (  0.0%)  CanonicalizeAliasesPass
   0.0825 (100.0%)   0.0082 (100.0%)   0.0908 (100.0%)   0.0906 (100.0%)  Total

===-------------------------------------------------------------------------===
                               Clang time report
===-------------------------------------------------------------------------===
  Total Execution Time: 0.6865 seconds (0.6742 wall clock)

   ---User Time---   --System Time--   --User+System--   ---Wall Time---  --- Name ---
   0.5535 ( 86.5%)   0.0372 ( 80.3%)   0.5907 ( 86.0%)   0.5784 ( 85.8%)  Front end
   0.0867 ( 13.5%)   0.0091 ( 19.7%)   0.0958 ( 14.0%)   0.0958 ( 14.2%)  Optimizer
   0.6402 (100.0%)   0.0463 (100.0%)   0.6865 (100.0%)   0.6742 (100.0%)  Total

===-------------------------------------------------------------------------===
                          Pass execution timing report
===-------------------------------------------------------------------------===
  Total Execution Time: 0.0757 seconds (0.0756 wall clock)

   ---User Time---   --System Time--   --User+System--   ---Wall Time---  --- Name ---
   0.0075 ( 11.3%)   0.0001 (  0.8%)   0.0076 ( 10.0%)   0.0076 ( 10.0%)  AMDGPU DAG->DAG Pattern Instruction Selection
   0.0060 (  9.0%)   0.0006 (  6.4%)   0.0066 (  8.7%)   0.0066 (  8.7%)  LoopVectorizePass
   0.0043 (  6.4%)   0.0000 (  0.1%)   0.0043 (  5.7%)   0.0043 (  5.7%)  SLPVectorizerPass
   0.0034 (  5.1%)   0.0009 (  9.3%)   0.0043 (  5.6%)   0.0043 (  5.6%)  Straight line strength reduction
   0.0028 (  4.3%)   0.0008 (  8.8%)   0.0037 (  4.8%)   0.0037 (  4.9%)  InstCombinePass
   0.0032 (  4.8%)   0.0001 (  1.0%)   0.0033 (  4.3%)   0.0033 (  4.3%)  IndVarSimplifyPass
   0.0024 (  3.7%)   0.0000 (  0.0%)   0.0024 (  3.2%)   0.0024 (  3.2%)  Loop Strength Reduction
   0.0024 (  3.6%)   0.0000 (  0.0%)   0.0024 (  3.1%)   0.0024 (  3.1%)  Machine Instruction Scheduler
   0.0014 (  2.1%)   0.0007 (  7.0%)   0.0021 (  2.7%)   0.0020 (  2.7%)  Live Variable Analysis
   0.0017 (  2.6%)   0.0001 (  1.1%)   0.0018 (  2.4%)   0.0018 (  2.4%)  LoopUnrollPass
   0.0018 (  2.7%)   0.0000 (  0.1%)   0.0018 (  2.4%)   0.0018 (  2.4%)  PostRA Machine Instruction Scheduler
   0.0013 (  2.0%)   0.0000 (  0.2%)   0.0014 (  1.8%)   0.0014 (  1.8%)  Machine Register Class Info Analysis
   0.0013 (  1.9%)   0.0000 (  0.1%)   0.0013 (  1.7%)   0.0013 (  1.7%)  Nary reassociation
   0.0012 (  1.8%)   0.0000 (  0.0%)   0.0012 (  1.6%)   0.0012 (  1.6%)  GPU Load and Store Vectorizer
   0.0009 (  1.4%)   0.0002 (  1.7%)   0.0011 (  1.4%)   0.0011 (  1.4%)  Greedy Register Allocator
   0.0010 (  1.5%)   0.0000 (  0.0%)   0.0010 (  1.3%)   0.0010 (  1.3%)  CallSiteSplittingPass
   0.0010 (  1.5%)   0.0000 (  0.0%)   0.0010 (  1.3%)   0.0010 (  1.3%)  Greedy Register Allocator #3
   0.0008 (  1.2%)   0.0001 (  1.6%)   0.0009 (  1.2%)   0.0009 (  1.2%)  Prologue/Epilogue Insertion & Frame Finalization
   0.0006 (  0.9%)   0.0002 (  2.3%)   0.0008 (  1.1%)   0.0008 (  1.1%)  GVNPass
   0.0007 (  1.1%)   0.0000 (  0.2%)   0.0007 (  1.0%)   0.0007 (  1.0%)  AMDGPU Assembly Printer
   0.0006 (  0.9%)   0.0001 (  1.2%)   0.0007 (  0.9%)   0.0007 (  0.9%)  Function register usage analysis
   0.0007 (  1.0%)   0.0000 (  0.0%)   0.0007 (  0.9%)   0.0007 (  0.9%)  Post RA hazard recognizer
   0.0007 (  1.0%)   0.0000 (  0.0%)   0.0007 (  0.9%)   0.0007 (  0.9%)  Global Value Numbering #2
   0.0007 (  1.0%)   0.0000 (  0.1%)   0.0007 (  0.9%)   0.0007 (  0.9%)  Induction Variable Users
   0.0003 (  0.4%)   0.0003 (  3.5%)   0.0006 (  0.8%)   0.0006 (  0.8%)  Machine Common Subexpression Elimination
   0.0006 (  0.8%)   0.0000 (  0.5%)   0.0006 (  0.8%)   0.0006 (  0.8%)  Global Value Numbering
   0.0005 (  0.8%)   0.0000 (  0.0%)   0.0005 (  0.7%)   0.0005 (  0.7%)  Register Coalescer
   0.0001 (  0.1%)   0.0004 (  4.7%)   0.0005 (  0.7%)   0.0005 (  0.7%)  Live Register Matrix #2
   0.0000 (  0.0%)   0.0005 (  5.5%)   0.0005 (  0.7%)   0.0005 (  0.7%)  IPSCCPPass
   0.0004 (  0.5%)   0.0002 (  1.6%)   0.0005 (  0.7%)   0.0005 (  0.7%)  Greedy Register Allocator #2
   0.0001 (  0.1%)   0.0004 (  4.8%)   0.0005 (  0.7%)   0.0005 (  0.6%)  Live Register Matrix
   0.0002 (  0.3%)   0.0003 (  2.8%)   0.0005 (  0.6%)   0.0005 (  0.6%)  Machine Common Subexpression Elimination #2
   0.0004 (  0.6%)   0.0001 (  1.0%)   0.0005 (  0.7%)   0.0005 (  0.6%)  Machine Module Information
   0.0001 (  0.2%)   0.0004 (  3.9%)   0.0005 (  0.6%)   0.0005 (  0.6%)  Live Register Matrix #3
   0.0004 (  0.7%)   0.0000 (  0.1%)   0.0004 (  0.6%)   0.0004 (  0.6%)  SI insert wait instructions
   0.0004 (  0.7%)   0.0000 (  0.0%)   0.0004 (  0.6%)   0.0004 (  0.6%)  Finalize ISel and expand pseudo-instructions
   0.0004 (  0.5%)   0.0001 (  0.6%)   0.0004 (  0.6%)   0.0004 (  0.6%)  Dominator Tree Construction #11
   0.0004 (  0.5%)   0.0001 (  0.6%)   0.0004 (  0.5%)   0.0004 (  0.6%)  Function Alias Analysis Results #9
   0.0004 (  0.6%)   0.0000 (  0.1%)   0.0004 (  0.5%)   0.0004 (  0.5%)  SCCPPass
   0.0004 (  0.5%)   0.0001 (  0.6%)   0.0004 (  0.5%)   0.0004 (  0.5%)  Basic Alias Analysis (stateless AA impl) #9
   0.0003 (  0.4%)   0.0001 (  1.3%)   0.0004 (  0.5%)   0.0004 (  0.5%)  AMDGPUUniformIntrinsicCombinePass
   0.0004 (  0.6%)   0.0000 (  0.0%)   0.0004 (  0.5%)   0.0004 (  0.5%)  Branch relaxation pass
   0.0003 (  0.4%)   0.0001 (  1.3%)   0.0004 (  0.5%)   0.0004 (  0.5%)  Live Interval Analysis
   0.0003 (  0.5%)   0.0000 (  0.0%)   0.0003 (  0.5%)   0.0003 (  0.4%)  Structurize control flow
   0.0003 (  0.5%)   0.0000 (  0.0%)   0.0003 (  0.4%)   0.0003 (  0.4%)  EarlyCSEPass
   0.0002 (  0.3%)   0.0001 (  1.3%)   0.0003 (  0.4%)   0.0003 (  0.4%)  PostOrderFunctionAttrsPass
   0.0002 (  0.3%)   0.0001 (  1.2%)   0.0003 (  0.4%)   0.0003 (  0.4%)  VerifierPass
   0.0002 (  0.3%)   0.0000 (  0.4%)   0.0003 (  0.4%)   0.0003 (  0.4%)  LICMPass
   0.0001 (  0.2%)   0.0001 (  1.3%)   0.0003 (  0.3%)   0.0003 (  0.3%)  SI Fold Operands
   0.0002 (  0.4%)   0.0000 (  0.0%)   0.0002 (  0.3%)   0.0002 (  0.3%)  SI Form memory clauses
   0.0002 (  0.4%)   0.0000 (  0.0%)   0.0002 (  0.3%)   0.0002 (  0.3%)  InferAddressSpacesPass
   0.0002 (  0.4%)   0.0000 (  0.0%)   0.0002 (  0.3%)   0.0002 (  0.3%)  AMDGPUAttributorPass
   0.0002 (  0.3%)   0.0000 (  0.0%)   0.0002 (  0.3%)   0.0002 (  0.3%)  CodeGen Prepare
   0.0002 (  0.3%)   0.0000 (  0.0%)   0.0002 (  0.3%)   0.0002 (  0.3%)  Early CSE
   0.0001 (  0.1%)   0.0001 (  1.3%)   0.0002 (  0.3%)   0.0002 (  0.3%)  Early Machine Loop Invariant Code Motion
   0.0001 (  0.1%)   0.0001 (  1.3%)   0.0002 (  0.3%)   0.0002 (  0.3%)  Machine code sinking
   0.0001 (  0.2%)   0.0001 (  0.9%)   0.0002 (  0.3%)   0.0002 (  0.3%)  Machine Register Class Info Analysis #2
   0.0001 (  0.1%)   0.0001 (  1.2%)   0.0002 (  0.3%)   0.0002 (  0.3%)  Peephole Optimizations
   0.0001 (  0.2%)   0.0001 (  1.0%)   0.0002 (  0.3%)   0.0002 (  0.3%)  SI lower SGPR spill instructions
   0.0001 (  0.2%)   0.0000 (  0.5%)   0.0002 (  0.2%)   0.0002 (  0.2%)  SI Shrink Instructions
   0.0002 (  0.3%)   0.0000 (  0.1%)   0.0002 (  0.2%)   0.0002 (  0.2%)  SimplifyCFGPass
   0.0002 (  0.3%)   0.0000 (  0.0%)   0.0002 (  0.2%)   0.0002 (  0.2%)  Machine Copy Propagation Pass
   0.0002 (  0.2%)   0.0000 (  0.0%)   0.0002 (  0.2%)   0.0002 (  0.2%)  AMDGPU Rewrite AGPR-Copy-MFMA
   0.0002 (  0.2%)   0.0000 (  0.0%)   0.0002 (  0.2%)   0.0002 (  0.2%)  Control Flow Optimizer
   0.0001 (  0.2%)   0.0000 (  0.1%)   0.0002 (  0.2%)   0.0002 (  0.2%)  Canonicalize Freeze Instructions in Loops
   0.0001 (  0.1%)   0.0000 (  0.5%)   0.0001 (  0.2%)   0.0001 (  0.2%)  DSEPass
   0.0001 (  0.2%)   0.0000 (  0.1%)   0.0001 (  0.2%)   0.0001 (  0.2%)  BDCEPass
   0.0001 (  0.2%)   0.0000 (  0.2%)   0.0001 (  0.2%)   0.0001 (  0.2%)  LoopSimplifyPass
   0.0001 (  0.2%)   0.0000 (  0.0%)   0.0001 (  0.2%)   0.0001 (  0.2%)  Split GEPs to a variadic base and a constant offset for better CSE
   0.0001 (  0.2%)   0.0000 (  0.3%)   0.0001 (  0.2%)   0.0001 (  0.2%)  LoopFullUnrollPass
   0.0001 (  0.2%)   0.0000 (  0.0%)   0.0001 (  0.2%)   0.0001 (  0.2%)  AMDGPUPromoteKernelArgumentsPass
   0.0001 (  0.2%)   0.0000 (  0.0%)   0.0001 (  0.2%)   0.0001 (  0.2%)  ConstraintEliminationPass
   0.0001 (  0.2%)   0.0000 (  0.0%)   0.0001 (  0.2%)   0.0001 (  0.2%)  Branch Probability Basic Block Placement
   0.0001 (  0.2%)   0.0000 (  0.0%)   0.0001 (  0.2%)   0.0001 (  0.2%)  Code sinking
   0.0001 (  0.2%)   0.0000 (  0.0%)   0.0001 (  0.2%)   0.0001 (  0.2%)  Virtual Register Rewriter #3
   0.0001 (  0.1%)   0.0000 (  0.3%)   0.0001 (  0.2%)   0.0001 (  0.2%)  Uniformity Analysis #8
   0.0001 (  0.2%)   0.0000 (  0.0%)   0.0001 (  0.2%)   0.0001 (  0.2%)  Virtual Register Rewriter
   0.0001 (  0.2%)   0.0000 (  0.1%)   0.0001 (  0.1%)   0.0001 (  0.1%)  InferAlignmentPass
   0.0001 (  0.1%)   0.0000 (  0.2%)   0.0001 (  0.1%)   0.0001 (  0.1%)  LCSSAPass
   0.0001 (  0.2%)   0.0000 (  0.0%)   0.0001 (  0.1%)   0.0001 (  0.1%)  Loop Invariant Code Motion
   0.0001 (  0.1%)   0.0000 (  0.4%)   0.0001 (  0.1%)   0.0001 (  0.1%)  Analysis if a function is memory bound
   0.0001 (  0.1%)   0.0000 (  0.2%)   0.0001 (  0.1%)   0.0001 (  0.1%)  MachineDominator Tree Construction #5
   0.0001 (  0.1%)   0.0000 (  0.4%)   0.0001 (  0.1%)   0.0001 (  0.1%)  Two-Address instruction pass
   0.0000 (  0.1%)   0.0001 (  0.7%)   0.0001 (  0.1%)   0.0001 (  0.1%)  Early Machine Loop Invariant Code Motion #2
   0.0001 (  0.1%)   0.0000 (  0.2%)   0.0001 (  0.1%)   0.0001 (  0.1%)  Detect Dead Lanes
   0.0001 (  0.1%)   0.0000 (  0.2%)   0.0001 (  0.1%)   0.0001 (  0.1%)  Slot index numbering #2
   0.0001 (  0.1%)   0.0000 (  0.0%)   0.0001 (  0.1%)   0.0001 (  0.1%)  SI Fix SGPR copies
   0.0000 (  0.1%)   0.0001 (  0.6%)   0.0001 (  0.1%)   0.0001 (  0.1%)  SI Fold Operands #2
   0.0001 (  0.1%)   0.0000 (  0.0%)   0.0001 (  0.1%)   0.0001 (  0.1%)  Uniformity Analysis #2
   0.0001 (  0.1%)   0.0000 (  0.0%)   0.0001 (  0.1%)   0.0001 (  0.1%)  Uniformity Analysis #3
   0.0000 (  0.0%)   0.0001 (  0.9%)   0.0001 (  0.1%)   0.0001 (  0.1%)  CalledValuePropagationPass
   0.0001 (  0.1%)   0.0000 (  0.0%)   0.0001 (  0.1%)   0.0001 (  0.1%)  Memory SSA
   0.0001 (  0.1%)   0.0000 (  0.0%)   0.0001 (  0.1%)   0.0001 (  0.1%)  Machine Copy Propagation Pass #2
   0.0001 (  0.1%)   0.0000 (  0.2%)   0.0001 (  0.1%)   0.0001 (  0.1%)  Machine Block Frequency Analysis #3
   0.0001 (  0.1%)   0.0000 (  0.0%)   0.0001 (  0.1%)   0.0001 (  0.1%)  Uniformity Analysis #4
   0.0001 (  0.1%)   0.0000 (  0.2%)   0.0001 (  0.1%)   0.0001 (  0.1%)  Machine Natural Loop Construction
   0.0001 (  0.1%)   0.0000 (  0.0%)   0.0001 (  0.1%)   0.0001 (  0.1%)  Uniformity Analysis
   0.0000 (  0.1%)   0.0000 (  0.3%)   0.0001 (  0.1%)   0.0001 (  0.1%)  Eliminate PHI nodes for register allocation
   0.0001 (  0.1%)   0.0000 (  0.0%)   0.0001 (  0.1%)   0.0001 (  0.1%)  Lower buffer fat pointer operations to buffer resources
   0.0001 (  0.1%)   0.0000 (  0.0%)   0.0001 (  0.1%)   0.0001 (  0.1%)  Uniformity Analysis #7
   0.0001 (  0.1%)   0.0000 (  0.0%)   0.0001 (  0.1%)   0.0001 (  0.1%)  Natural Loop Information
   0.0001 (  0.1%)   0.0000 (  0.0%)   0.0001 (  0.1%)   0.0001 (  0.1%)  SI Shrink Instructions #2
   0.0001 (  0.1%)   0.0000 (  0.0%)   0.0001 (  0.1%)   0.0001 (  0.1%)  Uniformity Analysis #6
   0.0001 (  0.1%)   0.0000 (  0.0%)   0.0001 (  0.1%)   0.0001 (  0.1%)  Machine Late Instructions Cleanup Pass
   0.0000 (  0.1%)   0.0000 (  0.4%)   0.0001 (  0.1%)   0.0001 (  0.1%)  SI Load Store Optimizer
   0.0001 (  0.1%)   0.0000 (  0.0%)   0.0001 (  0.1%)   0.0001 (  0.1%)  LoopDeletionPass
   0.0001 (  0.1%)   0.0000 (  0.0%)   0.0001 (  0.1%)   0.0001 (  0.1%)  Dominator Tree Construction #4
   0.0001 (  0.1%)   0.0000 (  0.2%)   0.0001 (  0.1%)   0.0001 (  0.1%)  Remove dead machine instructions
   0.0001 (  0.1%)   0.0000 (  0.0%)   0.0001 (  0.1%)   0.0001 (  0.1%)  SI optimize exec mask operations pre-RA
   0.0001 (  0.1%)   0.0000 (  0.0%)   0.0001 (  0.1%)   0.0001 (  0.1%)  Memory SSA #2
   0.0001 (  0.1%)   0.0000 (  0.0%)   0.0001 (  0.1%)   0.0001 (  0.1%)  SI Whole Quad Mode
   0.0001 (  0.1%)   0.0000 (  0.0%)   0.0001 (  0.1%)   0.0001 (  0.1%)  Machine Block Frequency Analysis #4
   0.0000 (  0.0%)   0.0000 (  0.3%)   0.0001 (  0.1%)   0.0001 (  0.1%)  MemCpyOptPass
   0.0001 (  0.1%)   0.0000 (  0.0%)   0.0001 (  0.1%)   0.0001 (  0.1%)  AMDGPU IR optimizations
   0.0001 (  0.1%)   0.0000 (  0.0%)   0.0001 (  0.1%)   0.0001 (  0.1%)  Machine Natural Loop Construction #3
   0.0000 (  0.0%)   0.0000 (  0.5%)   0.0001 (  0.1%)   0.0001 (  0.1%)  AggressiveInstCombinePass
   0.0000 (  0.0%)   0.0000 (  0.3%)   0.0001 (  0.1%)   0.0001 (  0.1%)  Remove dead machine instructions #2
   0.0001 (  0.1%)   0.0000 (  0.0%)   0.0001 (  0.1%)   0.0001 (  0.1%)  Uniformity Analysis #5
   0.0000 (  0.1%)   0.0000 (  0.2%)   0.0001 (  0.1%)   0.0001 (  0.1%)  Machine Block Frequency Analysis #5
   0.0000 (  0.1%)   0.0000 (  0.1%)   0.0001 (  0.1%)   0.0001 (  0.1%)  SI Lower control flow pseudo instructions
   0.0000 (  0.0%)   0.0000 (  0.3%)   0.0000 (  0.1%)   0.0000 (  0.1%)  GlobalOptPass
   0.0000 (  0.1%)   0.0000 (  0.0%)   0.0000 (  0.1%)   0.0000 (  0.1%)  Remove dead machine instructions #4
   0.0001 (  0.1%)   0.0000 (  0.0%)   0.0001 (  0.1%)   0.0000 (  0.1%)  Canonicalize natural loops
   0.0000 (  0.1%)   0.0000 (  0.0%)   0.0000 (  0.1%)   0.0000 (  0.1%)  Scalar Evolution Analysis #3
   0.0000 (  0.0%)   0.0000 (  0.3%)   0.0000 (  0.1%)   0.0000 (  0.1%)  Remove dead machine instructions #3
   0.0000 (  0.0%)   0.0000 (  0.2%)   0.0000 (  0.1%)   0.0000 (  0.1%)  Machine Block Frequency Analysis #2
   0.0000 (  0.1%)   0.0000 (  0.0%)   0.0000 (  0.1%)   0.0000 (  0.1%)  SI annotate control flow
   0.0000 (  0.1%)   0.0000 (  0.0%)   0.0000 (  0.1%)   0.0000 (  0.1%)  Block Frequency Analysis
   0.0000 (  0.1%)   0.0000 (  0.1%)   0.0000 (  0.1%)   0.0000 (  0.1%)  Slot index numbering
   0.0000 (  0.1%)   0.0000 (  0.0%)   0.0000 (  0.1%)   0.0000 (  0.1%)  Scalar Evolution Analysis
   0.0000 (  0.1%)   0.0000 (  0.0%)   0.0000 (  0.1%)   0.0000 (  0.1%)  AMDGPU Lower Kernel Arguments
   0.0000 (  0.0%)   0.0000 (  0.4%)   0.0000 (  0.1%)   0.0000 (  0.1%)  PromotePass
   0.0000 (  0.1%)   0.0000 (  0.0%)   0.0000 (  0.1%)   0.0000 (  0.1%)  Machine Loop Invariant Code Motion
   0.0000 (  0.0%)   0.0000 (  0.1%)   0.0000 (  0.1%)   0.0000 (  0.1%)  Machine Block Frequency Analysis
   0.0000 (  0.1%)   0.0000 (  0.0%)   0.0000 (  0.1%)   0.0000 (  0.1%)  SI post-RA bundler
   0.0000 (  0.1%)   0.0000 (  0.0%)   0.0000 (  0.1%)   0.0000 (  0.1%)  PGOIndirectCallPromotion
   0.0000 (  0.1%)   0.0000 (  0.0%)   0.0000 (  0.1%)   0.0000 (  0.1%)  PostRA Machine Sink
   0.0000 (  0.1%)   0.0000 (  0.0%)   0.0000 (  0.1%)   0.0000 (  0.1%)  Constant Hoisting
   0.0000 (  0.1%)   0.0000 (  0.1%)   0.0000 (  0.1%)   0.0000 (  0.1%)  Machine Natural Loop Construction #5
   0.0000 (  0.0%)   0.0000 (  0.1%)   0.0000 (  0.0%)   0.0000 (  0.0%)  VectorCombinePass
   0.0000 (  0.1%)   0.0000 (  0.0%)   0.0000 (  0.0%)   0.0000 (  0.0%)  Virtual Register Rewriter #2
   0.0000 (  0.1%)   0.0000 (  0.0%)   0.0000 (  0.1%)   0.0000 (  0.0%)  Dominator Tree Construction #10
   0.0000 (  0.1%)   0.0000 (  0.0%)   0.0000 (  0.0%)   0.0000 (  0.0%)  Scalar Evolution Analysis #2
   0.0000 (  0.1%)   0.0000 (  0.0%)   0.0000 (  0.0%)   0.0000 (  0.0%)  RequireAnalysisPass<llvm::GlobalsAA, llvm::Module, llvm::AnalysisManager<Module>>
   0.0000 (  0.0%)   0.0000 (  0.4%)   0.0000 (  0.0%)   0.0000 (  0.0%)  NoRecurseLTOInferencePass
   0.0000 (  0.0%)   0.0000 (  0.0%)   0.0000 (  0.0%)   0.0000 (  0.0%)  Debug Variable Analysis
   0.0000 (  0.0%)   0.0000 (  0.0%)   0.0000 (  0.0%)   0.0000 (  0.0%)  Free MachineFunction
   0.0000 (  0.0%)   0.0000 (  0.1%)   0.0000 (  0.0%)   0.0000 (  0.0%)  Branch Probability Analysis #3
   0.0000 (  0.1%)   0.0000 (  0.0%)   0.0000 (  0.0%)   0.0000 (  0.0%)  Loop-Closed SSA Form Pass
   0.0000 (  0.0%)   0.0000 (  0.3%)   0.0000 (  0.0%)   0.0000 (  0.0%)  InferFunctionAttrsPass
   0.0000 (  0.0%)   0.0000 (  0.0%)   0.0000 (  0.0%)   0.0000 (  0.0%)  Bundle Machine CFG Edges
   0.0000 (  0.0%)   0.0000 (  0.0%)   0.0000 (  0.0%)   0.0000 (  0.0%)  SI Memory Legalizer
   0.0000 (  0.0%)   0.0000 (  0.0%)   0.0000 (  0.0%)   0.0000 (  0.0%)  AMDGPULowerModuleLDSPass
   0.0000 (  0.0%)   0.0000 (  0.1%)   0.0000 (  0.0%)   0.0000 (  0.0%)  Spill Code Placement Analysis
   0.0000 (  0.0%)   0.0000 (  0.2%)   0.0000 (  0.0%)   0.0000 (  0.0%)  LoopDistributePass
   0.0000 (  0.0%)   0.0000 (  0.0%)   0.0000 (  0.0%)   0.0000 (  0.0%)  MachineDominator Tree Construction
   0.0000 (  0.0%)   0.0000 (  0.0%)   0.0000 (  0.0%)   0.0000 (  0.0%)  AMDGPUPromoteAllocaToVectorPass
   0.0000 (  0.0%)   0.0000 (  0.0%)   0.0000 (  0.0%)   0.0000 (  0.0%)  Machine Optimization Remark Emitter
   0.0000 (  0.0%)   0.0000 (  0.0%)   0.0000 (  0.0%)   0.0000 (  0.0%)  Branch Probability Analysis
   0.0000 (  0.0%)   0.0000 (  0.1%)   0.0000 (  0.0%)   0.0000 (  0.0%)  SROAPass
   0.0000 (  0.0%)   0.0000 (  0.0%)   0.0000 (  0.0%)   0.0000 (  0.0%)  Machine Block Frequency Analysis #6
   0.0000 (  0.0%)   0.0000 (  0.0%)   0.0000 (  0.0%)   0.0000 (  0.0%)  Rename Disconnected Subregister Components
   0.0000 (  0.0%)   0.0000 (  0.0%)   0.0000 (  0.0%)   0.0000 (  0.0%)  AMDGPU Remove Incompatible Functions
   0.0000 (  0.0%)   0.0000 (  0.0%)   0.0000 (  0.0%)   0.0000 (  0.0%)  SI optimize exec mask operations
   0.0000 (  0.0%)   0.0000 (  0.0%)   0.0000 (  0.0%)   0.0000 (  0.0%)  SI Lower i1 Copies
   0.0000 (  0.0%)   0.0000 (  0.0%)   0.0000 (  0.0%)   0.0000 (  0.0%)  Block Frequency Analysis #2
   0.0000 (  0.0%)   0.0000 (  0.0%)   0.0000 (  0.0%)   0.0000 (  0.0%)  Live DEBUG_VALUE analysis
   0.0000 (  0.0%)   0.0000 (  0.0%)   0.0000 (  0.0%)   0.0000 (  0.0%)  DivRemPairsPass
   0.0000 (  0.0%)   0.0000 (  0.0%)   0.0000 (  0.0%)   0.0000 (  0.0%)  Machine Natural Loop Construction #2
   0.0000 (  0.0%)   0.0000 (  0.0%)   0.0000 (  0.0%)   0.0000 (  0.0%)  MachinePostDominator Tree Construction
   0.0000 (  0.0%)   0.0000 (  0.0%)   0.0000 (  0.0%)   0.0000 (  0.0%)  Post-RA pseudo instruction expansion pass
   0.0000 (  0.0%)   0.0000 (  0.0%)   0.0000 (  0.0%)   0.0000 (  0.0%)  Scalar Evolution Analysis #4
   0.0000 (  0.0%)   0.0000 (  0.1%)   0.0000 (  0.0%)   0.0000 (  0.0%)  AMDGPUSimplifyLibCallsPass
   0.0000 (  0.0%)   0.0000 (  0.0%)   0.0000 (  0.0%)   0.0000 (  0.0%)  Branch Probability Analysis #2
   0.0000 (  0.0%)   0.0000 (  0.0%)   0.0000 (  0.0%)   0.0000 (  0.0%)  Loop-Closed SSA Form Pass #2
   0.0000 (  0.0%)   0.0000 (  0.0%)   0.0000 (  0.0%)   0.0000 (  0.0%)  Early Tail Duplication
   0.0000 (  0.0%)   0.0000 (  0.0%)   0.0000 (  0.0%)   0.0000 (  0.0%)  Post-Dominator Tree Construction #5
   0.0000 (  0.0%)   0.0000 (  0.0%)   0.0000 (  0.0%)   0.0000 (  0.0%)  Detect single entry single exit regions
   0.0000 (  0.0%)   0.0000 (  0.1%)   0.0000 (  0.0%)   0.0000 (  0.0%)  SI Peephole SDWA
   0.0000 (  0.0%)   0.0000 (  0.1%)   0.0000 (  0.0%)   0.0000 (  0.0%)  AMDGPUUseNativeCallsPass
   0.0000 (  0.0%)   0.0000 (  0.0%)   0.0000 (  0.0%)   0.0000 (  0.0%)  SI peephole optimizations
   0.0000 (  0.0%)   0.0000 (  0.1%)   0.0000 (  0.0%)   0.0000 (  0.0%)  GlobalDCEPass
   0.0000 (  0.0%)   0.0000 (  0.0%)   0.0000 (  0.0%)   0.0000 (  0.0%)  Post-Dominator Tree Construction
   0.0000 (  0.0%)   0.0000 (  0.1%)   0.0000 (  0.0%)   0.0000 (  0.0%)  MachineDominator Tree Construction #8
   0.0000 (  0.0%)   0.0000 (  0.0%)   0.0000 (  0.0%)   0.0000 (  0.0%)  AMDGPU Pre-RA Long Branch Reg
   0.0000 (  0.0%)   0.0000 (  0.0%)   0.0000 (  0.0%)   0.0000 (  0.0%)  Live Stack Slot Analysis #2
   0.0000 (  0.0%)   0.0000 (  0.0%)   0.0000 (  0.0%)   0.0000 (  0.0%)  Natural Loop Information #9
   0.0000 (  0.0%)   0.0000 (  0.1%)   0.0000 (  0.0%)   0.0000 (  0.0%)  DummyCGSCCPass
   0.0000 (  0.0%)   0.0000 (  0.0%)   0.0000 (  0.0%)   0.0000 (  0.0%)  Target Library Information
   0.0000 (  0.0%)   0.0000 (  0.0%)   0.0000 (  0.0%)   0.0000 (  0.0%)  AMDGPULowerExecSyncPass
   0.0000 (  0.0%)   0.0000 (  0.0%)   0.0000 (  0.0%)   0.0000 (  0.0%)  MachinePostDominator Tree Construction #3
   0.0000 (  0.0%)   0.0000 (  0.0%)   0.0000 (  0.0%)   0.0000 (  0.0%)  Function Alias Analysis Results #3
   0.0000 (  0.0%)   0.0000 (  0.0%)   0.0000 (  0.0%)   0.0000 (  0.0%)  TailCallElimPass
   0.0000 (  0.0%)   0.0000 (  0.0%)   0.0000 (  0.0%)   0.0000 (  0.0%)  AMDGPULowerKernelAttributesPass
   0.0000 (  0.0%)   0.0000 (  0.0%)   0.0000 (  0.0%)   0.0000 (  0.0%)  AMDGPU IR late optimizations
   0.0000 (  0.0%)   0.0000 (  0.0%)   0.0000 (  0.0%)   0.0000 (  0.0%)  Natural Loop Information #10
   0.0000 (  0.0%)   0.0000 (  0.0%)   0.0000 (  0.0%)   0.0000 (  0.0%)  Insert required mode register values
   0.0000 (  0.0%)   0.0000 (  0.0%)   0.0000 (  0.0%)   0.0000 (  0.0%)  Lazy Machine Block Frequency Analysis
   0.0000 (  0.0%)   0.0000 (  0.0%)   0.0000 (  0.0%)   0.0000 (  0.0%)  SI Lower WWM Copies
   0.0000 (  0.0%)   0.0000 (  0.0%)   0.0000 (  0.0%)   0.0000 (  0.0%)  Remove unreachable machine basic blocks
   0.0000 (  0.0%)   0.0000 (  0.0%)   0.0000 (  0.0%)   0.0000 (  0.0%)  Dominance Frontier Construction
   0.0000 (  0.0%)   0.0000 (  0.0%)   0.0000 (  0.0%)   0.0000 (  0.0%)  AMDGPU lowering of execution synchronization
   0.0000 (  0.0%)   0.0000 (  0.0%)   0.0000 (  0.0%)   0.0000 (  0.0%)  CallGraph Construction
   0.0000 (  0.0%)   0.0000 (  0.0%)   0.0000 (  0.0%)   0.0000 (  0.0%)  Cycle Info Analysis #13
   0.0000 (  0.0%)   0.0000 (  0.0%)   0.0000 (  0.0%)   0.0000 (  0.0%)  AMDGPU Pre-RA optimizations
   0.0000 (  0.0%)   0.0000 (  0.0%)   0.0000 (  0.0%)   0.0000 (  0.0%)  MachineDominator Tree Construction #6
   0.0000 (  0.0%)   0.0000 (  0.0%)   0.0000 (  0.0%)   0.0000 (  0.0%)  Tail Duplication
   0.0000 (  0.0%)   0.0000 (  0.0%)   0.0000 (  0.0%)   0.0000 (  0.0%)  Natural Loop Information #2
   0.0000 (  0.0%)   0.0000 (  0.1%)   0.0000 (  0.0%)   0.0000 (  0.0%)  MachinePostDominator Tree Construction #2
   0.0000 (  0.0%)   0.0000 (  0.1%)   0.0000 (  0.0%)   0.0000 (  0.0%)  Machine Cycle Info Analysis
   0.0000 (  0.0%)   0.0000 (  0.0%)   0.0000 (  0.0%)   0.0000 (  0.0%)  Virtual Register Map
   0.0000 (  0.0%)   0.0000 (  0.0%)   0.0000 (  0.0%)   0.0000 (  0.0%)  Rewrite Partial Register Uses
   0.0000 (  0.0%)   0.0000 (  0.0%)   0.0000 (  0.0%)   0.0000 (  0.0%)  SI Pre-allocate WWM Registers
   0.0000 (  0.0%)   0.0000 (  0.1%)   0.0000 (  0.0%)   0.0000 (  0.0%)  Optimize machine instruction PHIs
   0.0000 (  0.0%)   0.0000 (  0.0%)   0.0000 (  0.0%)   0.0000 (  0.0%)  Expand IR instructions
   0.0000 (  0.0%)   0.0000 (  0.0%)   0.0000 (  0.0%)   0.0000 (  0.0%)  Live Stack Slot Analysis
   0.0000 (  0.0%)   0.0000 (  0.0%)   0.0000 (  0.0%)   0.0000 (  0.0%)  Assumption Cache Tracker
   0.0000 (  0.0%)   0.0000 (  0.0%)   0.0000 (  0.0%)   0.0000 (  0.0%)  Dominator Tree Construction #3
   0.0000 (  0.0%)   0.0000 (  0.0%)   0.0000 (  0.0%)   0.0000 (  0.0%)  Cycle Info Analysis #6
   0.0000 (  0.0%)   0.0000 (  0.0%)   0.0000 (  0.0%)   0.0000 (  0.0%)  AMDGPU Annotate Uniform Values
   0.0000 (  0.0%)   0.0000 (  0.0%)   0.0000 (  0.0%)   0.0000 (  0.0%)  Basic Alias Analysis (stateless AA impl) #3
   0.0000 (  0.0%)   0.0000 (  0.0%)   0.0000 (  0.0%)   0.0000 (  0.0%)  AMDGPU Promote Alloca
   0.0000 (  0.0%)   0.0000 (  0.0%)   0.0000 (  0.0%)   0.0000 (  0.0%)  Scalarize Masked Memory Intrinsics
   0.0000 (  0.0%)   0.0000 (  0.0%)   0.0000 (  0.0%)   0.0000 (  0.0%)  Partially inline calls to library functions
   0.0000 (  0.0%)   0.0000 (  0.1%)   0.0000 (  0.0%)   0.0000 (  0.0%)  OpenMPOptCGSCCPass
   0.0000 (  0.0%)   0.0000 (  0.0%)   0.0000 (  0.0%)   0.0000 (  0.0%)  InlinerPass
   0.0000 (  0.0%)   0.0000 (  0.0%)   0.0000 (  0.0%)   0.0000 (  0.0%)  Basic Alias Analysis (stateless AA impl)
   0.0000 (  0.0%)   0.0000 (  0.0%)   0.0000 (  0.0%)   0.0000 (  0.0%)  MachinePostDominator Tree Construction #4
   0.0000 (  0.0%)   0.0000 (  0.0%)   0.0000 (  0.0%)   0.0000 (  0.0%)  Post-Dominator Tree Construction #3
   0.0000 (  0.0%)   0.0000 (  0.0%)   0.0000 (  0.0%)   0.0000 (  0.0%)  Cycle Info Analysis #9
   0.0000 (  0.0%)   0.0000 (  0.0%)   0.0000 (  0.0%)   0.0000 (  0.0%)  MachineDominator Tree Construction #7
   0.0000 (  0.0%)   0.0000 (  0.0%)   0.0000 (  0.0%)   0.0000 (  0.0%)  Post-Dominator Tree Construction #2
   0.0000 (  0.0%)   0.0000 (  0.0%)   0.0000 (  0.0%)   0.0000 (  0.0%)  MachinePostDominator Tree Construction #5
   0.0000 (  0.0%)   0.0000 (  0.0%)   0.0000 (  0.0%)   0.0000 (  0.0%)  Dominator Tree Construction
   0.0000 (  0.0%)   0.0000 (  0.0%)   0.0000 (  0.0%)   0.0000 (  0.0%)  Dominator Tree Construction #9
   0.0000 (  0.0%)   0.0000 (  0.2%)   0.0000 (  0.0%)   0.0000 (  0.0%)  WholeProgramDevirtPass
   0.0000 (  0.0%)   0.0000 (  0.0%)   0.0000 (  0.0%)   0.0000 (  0.0%)  Machine Natural Loop Construction #4
   0.0000 (  0.0%)   0.0000 (  0.0%)   0.0000 (  0.0%)   0.0000 (  0.0%)  Virtual Register Map #2
   0.0000 (  0.0%)   0.0000 (  0.0%)   0.0000 (  0.0%)   0.0000 (  0.0%)  Function Alias Analysis Results #2
   0.0000 (  0.0%)   0.0000 (  0.0%)   0.0000 (  0.0%)   0.0000 (  0.0%)  CGProfilePass
   0.0000 (  0.0%)   0.0000 (  0.0%)   0.0000 (  0.0%)   0.0000 (  0.0%)  Virtual Register Map #3
   0.0000 (  0.0%)   0.0000 (  0.0%)   0.0000 (  0.0%)   0.0000 (  0.0%)  Cycle Info Analysis
   0.0000 (  0.0%)   0.0000 (  0.0%)   0.0000 (  0.0%)   0.0000 (  0.0%)  Assignment Tracking Analysis
   0.0000 (  0.0%)   0.0000 (  0.0%)   0.0000 (  0.0%)   0.0000 (  0.0%)  Expand Atomic instructions
   0.0000 (  0.0%)   0.0000 (  0.0%)   0.0000 (  0.0%)   0.0000 (  0.0%)  MachineDominator Tree Construction #2
   0.0000 (  0.0%)   0.0000 (  0.0%)   0.0000 (  0.0%)   0.0000 (  0.0%)  Create Garbage Collector Module Metadata
   0.0000 (  0.0%)   0.0000 (  0.0%)   0.0000 (  0.0%)   0.0000 (  0.0%)  Remove unreachable blocks from the CFG
   0.0000 (  0.0%)   0.0000 (  0.0%)   0.0000 (  0.0%)   0.0000 (  0.0%)  AMDGPU atomic optimizations
   0.0000 (  0.0%)   0.0000 (  0.0%)   0.0000 (  0.0%)   0.0000 (  0.0%)  Process Implicit Definitions
   0.0000 (  0.0%)   0.0000 (  0.0%)   0.0000 (  0.0%)   0.0000 (  0.0%)  SI Fix VGPR copies
   0.0000 (  0.0%)   0.0000 (  0.0%)   0.0000 (  0.0%)   0.0000 (  0.0%)  Lower uses of LDS variables from non-kernel functions
   0.0000 (  0.0%)   0.0000 (  0.0%)   0.0000 (  0.0%)   0.0000 (  0.0%)  Function Alias Analysis Results
   0.0000 (  0.0%)   0.0000 (  0.1%)   0.0000 (  0.0%)   0.0000 (  0.0%)  GCN DPP Combine
   0.0000 (  0.0%)   0.0000 (  0.0%)   0.0000 (  0.0%)   0.0000 (  0.0%)  Replace intrinsics with calls to vector library
   0.0000 (  0.0%)   0.0000 (  0.0%)   0.0000 (  0.0%)   0.0000 (  0.0%)  Expand reduction intrinsics
   0.0000 (  0.0%)   0.0000 (  0.1%)   0.0000 (  0.0%)   0.0000 (  0.0%)  MachineDominator Tree Construction #3
   0.0000 (  0.0%)   0.0000 (  0.0%)   0.0000 (  0.0%)   0.0000 (  0.0%)  LCSSA Verifier
   0.0000 (  0.0%)   0.0000 (  0.0%)   0.0000 (  0.0%)   0.0000 (  0.0%)  Dominator Tree Construction #6
   0.0000 (  0.0%)   0.0000 (  0.0%)   0.0000 (  0.0%)   0.0000 (  0.0%)  AnnotationRemarksPass
   0.0000 (  0.0%)   0.0000 (  0.0%)   0.0000 (  0.0%)   0.0000 (  0.0%)  Machine Cycle Info Analysis #2
   0.0000 (  0.0%)   0.0000 (  0.0%)   0.0000 (  0.0%)   0.0000 (  0.0%)  Natural Loop Information #7
   0.0000 (  0.0%)   0.0000 (  0.0%)   0.0000 (  0.0%)   0.0000 (  0.0%)  Dominator Tree Construction #5
   0.0000 (  0.0%)   0.0000 (  0.0%)   0.0000 (  0.0%)   0.0000 (  0.0%)  Natural Loop Information #5
   0.0000 (  0.0%)   0.0000 (  0.0%)   0.0000 (  0.0%)   0.0000 (  0.0%)  Dominator Tree Construction #2
   0.0000 (  0.0%)   0.0000 (  0.0%)   0.0000 (  0.0%)   0.0000 (  0.0%)  Function Alias Analysis Results #4
   0.0000 (  0.0%)   0.0000 (  0.0%)   0.0000 (  0.0%)   0.0000 (  0.0%)  Lazy Branch Probability Analysis #5
   0.0000 (  0.0%)   0.0000 (  0.0%)   0.0000 (  0.0%)   0.0000 (  0.0%)  Cycle Info Analysis #10
   0.0000 (  0.0%)   0.0000 (  0.0%)   0.0000 (  0.0%)   0.0000 (  0.0%)  AMDGPU Reserve WWM Registers
   0.0000 (  0.0%)   0.0000 (  0.0%)   0.0000 (  0.0%)   0.0000 (  0.0%)  Cycle Info Analysis #12
   0.0000 (  0.0%)   0.0000 (  0.0%)   0.0000 (  0.0%)   0.0000 (  0.0%)  JumpThreadingPass
   0.0000 (  0.0%)   0.0000 (  0.1%)   0.0000 (  0.0%)   0.0000 (  0.0%)  MachineDominator Tree Construction #4
   0.0000 (  0.0%)   0.0000 (  0.0%)   0.0000 (  0.0%)   0.0000 (  0.0%)  Cycle Info Analysis #8
   0.0000 (  0.0%)   0.0000 (  0.0%)   0.0000 (  0.0%)   0.0000 (  0.0%)  Flatten the CFG
   0.0000 (  0.0%)   0.0000 (  0.0%)   0.0000 (  0.0%)   0.0000 (  0.0%)  Natural Loop Information #3
   0.0000 (  0.0%)   0.0000 (  0.0%)   0.0000 (  0.0%)   0.0000 (  0.0%)  Natural Loop Information #8
   0.0000 (  0.0%)   0.0000 (  0.1%)   0.0000 (  0.0%)   0.0000 (  0.0%)  WarnMissedTransformationsPass
   0.0000 (  0.0%)   0.0000 (  0.0%)   0.0000 (  0.0%)   0.0000 (  0.0%)  DropUnnecessaryAssumesPass
   0.0000 (  0.0%)   0.0000 (  0.0%)   0.0000 (  0.0%)   0.0000 (  0.0%)  Cycle Info Analysis #3
   0.0000 (  0.0%)   0.0000 (  0.0%)   0.0000 (  0.0%)   0.0000 (  0.0%)  Function Alias Analysis Results #5
   0.0000 (  0.0%)   0.0000 (  0.0%)   0.0000 (  0.0%)   0.0000 (  0.0%)  Function Alias Analysis Results #6
   0.0000 (  0.0%)   0.0000 (  0.0%)   0.0000 (  0.0%)   0.0000 (  0.0%)  Lazy Block Frequency Analysis #5
   0.0000 (  0.0%)   0.0000 (  0.0%)   0.0000 (  0.0%)   0.0000 (  0.0%)  Lazy Branch Probability Analysis #2
   0.0000 (  0.0%)   0.0000 (  0.0%)   0.0000 (  0.0%)   0.0000 (  0.0%)  SI Final Branch Preparation
   0.0000 (  0.0%)   0.0000 (  0.0%)   0.0000 (  0.0%)   0.0000 (  0.0%)  Target Transform Information
   0.0000 (  0.0%)   0.0000 (  0.0%)   0.0000 (  0.0%)   0.0000 (  0.0%)  SI Optimize VGPR LiveRange
   0.0000 (  0.0%)   0.0000 (  0.0%)   0.0000 (  0.0%)   0.0000 (  0.0%)  Library Function Lowering Analysis
   0.0000 (  0.0%)   0.0000 (  0.0%)   0.0000 (  0.0%)   0.0000 (  0.0%)  Cycle Info Analysis #4
   0.0000 (  0.0%)   0.0000 (  0.0%)   0.0000 (  0.0%)   0.0000 (  0.0%)  Fixup each natural loop to have a single exit block
   0.0000 (  0.0%)   0.0000 (  0.0%)   0.0000 (  0.0%)   0.0000 (  0.0%)  Natural Loop Information #4
   0.0000 (  0.0%)   0.0000 (  0.0%)   0.0000 (  0.0%)   0.0000 (  0.0%)  Cycle Info Analysis #5
   0.0000 (  0.0%)   0.0000 (  0.0%)   0.0000 (  0.0%)   0.0000 (  0.0%)  Stack Slot Coloring
   0.0000 (  0.0%)   0.0000 (  0.0%)   0.0000 (  0.0%)   0.0000 (  0.0%)  Machine Optimization Remark Emitter #2
   0.0000 (  0.0%)   0.0000 (  0.0%)   0.0000 (  0.0%)   0.0000 (  0.0%)  Scoped NoAlias Alias Analysis
   0.0000 (  0.0%)   0.0000 (  0.0%)   0.0000 (  0.0%)   0.0000 (  0.0%)  Remove unreachable blocks from the CFG #2
   0.0000 (  0.0%)   0.0000 (  0.0%)   0.0000 (  0.0%)   0.0000 (  0.0%)  Insert stack protectors
   0.0000 (  0.0%)   0.0000 (  0.0%)   0.0000 (  0.0%)   0.0000 (  0.0%)  Memory Dependence Analysis
   0.0000 (  0.0%)   0.0000 (  0.0%)   0.0000 (  0.0%)   0.0000 (  0.0%)  Basic Alias Analysis (stateless AA impl) #5
   0.0000 (  0.0%)   0.0000 (  0.0%)   0.0000 (  0.0%)   0.0000 (  0.0%)  Lazy Machine Block Frequency Analysis #2
   0.0000 (  0.0%)   0.0000 (  0.0%)   0.0000 (  0.0%)   0.0000 (  0.0%)  Insert XRay ops
   0.0000 (  0.0%)   0.0000 (  0.0%)   0.0000 (  0.0%)   0.0000 (  0.0%)  Cycle Info Analysis #2
   0.0000 (  0.0%)   0.0000 (  0.0%)   0.0000 (  0.0%)   0.0000 (  0.0%)  Basic Alias Analysis (stateless AA impl) #7
   0.0000 (  0.0%)   0.0000 (  0.0%)   0.0000 (  0.0%)   0.0000 (  0.0%)  Post-Dominator Tree Construction #4
   0.0000 (  0.0%)   0.0000 (  0.0%)   0.0000 (  0.0%)   0.0000 (  0.0%)  Machine Branch Probability Analysis
   0.0000 (  0.0%)   0.0000 (  0.0%)   0.0000 (  0.0%)   0.0000 (  0.0%)  Default Regalloc Eviction Advisor
   0.0000 (  0.0%)   0.0000 (  0.0%)   0.0000 (  0.0%)   0.0000 (  0.0%)  Merge disjoint stack slots
   0.0000 (  0.0%)   0.0000 (  0.0%)   0.0000 (  0.0%)   0.0000 (  0.0%)  Shrink Wrapping analysis
   0.0000 (  0.0%)   0.0000 (  0.0%)   0.0000 (  0.0%)   0.0000 (  0.0%)  LCSSA Verifier #2
   0.0000 (  0.0%)   0.0000 (  0.0%)   0.0000 (  0.0%)   0.0000 (  0.0%)  External Alias Analysis
   0.0000 (  0.0%)   0.0000 (  0.0%)   0.0000 (  0.0%)   0.0000 (  0.0%)  Target Pass Configuration
   0.0000 (  0.0%)   0.0000 (  0.0%)   0.0000 (  0.0%)   0.0000 (  0.0%)  Memory Dependence Analysis #2
   0.0000 (  0.0%)   0.0000 (  0.0%)   0.0000 (  0.0%)   0.0000 (  0.0%)  Lazy Block Frequency Analysis #2
   0.0000 (  0.0%)   0.0000 (  0.0%)   0.0000 (  0.0%)   0.0000 (  0.0%)  ArgumentPromotionPass
   0.0000 (  0.0%)   0.0000 (  0.0%)   0.0000 (  0.0%)   0.0000 (  0.0%)  AMDGPU Uniform Intrinsic Combine
   0.0000 (  0.0%)   0.0000 (  0.0%)   0.0000 (  0.0%)   0.0000 (  0.0%)  Cycle Info Analysis #11
   0.0000 (  0.0%)   0.0000 (  0.0%)   0.0000 (  0.0%)   0.0000 (  0.0%)  Function Alias Analysis Results #7
   0.0000 (  0.0%)   0.0000 (  0.0%)   0.0000 (  0.0%)   0.0000 (  0.0%)  ObjC ARC contraction
   0.0000 (  0.0%)   0.0000 (  0.0%)   0.0000 (  0.0%)   0.0000 (  0.0%)  Default Regalloc Priority Advisor
   0.0000 (  0.0%)   0.0000 (  0.0%)   0.0000 (  0.0%)   0.0000 (  0.0%)  Basic Alias Analysis (stateless AA impl) #2
   0.0000 (  0.0%)   0.0000 (  0.0%)   0.0000 (  0.0%)   0.0000 (  0.0%)  Dominator Tree Construction #8
   0.0000 (  0.0%)   0.0000 (  0.0%)   0.0000 (  0.0%)   0.0000 (  0.0%)  Profile summary info
   0.0000 (  0.0%)   0.0000 (  0.0%)   0.0000 (  0.0%)   0.0000 (  0.0%)  Type-Based Alias Analysis
   0.0000 (  0.0%)   0.0000 (  0.0%)   0.0000 (  0.0%)   0.0000 (  0.0%)  AMDGPU Rewrite Undef for PHI
   0.0000 (  0.0%)   0.0000 (  0.0%)   0.0000 (  0.0%)   0.0000 (  0.0%)  Function Alias Analysis Results #8
   0.0000 (  0.0%)   0.0000 (  0.0%)   0.0000 (  0.0%)   0.0000 (  0.0%)  Register Usage Information Storage
   0.0000 (  0.0%)   0.0000 (  0.0%)   0.0000 (  0.0%)   0.0000 (  0.0%)  Local Stack Slot Allocation
   0.0000 (  0.0%)   0.0000 (  0.0%)   0.0000 (  0.0%)   0.0000 (  0.0%)  Stack Slot Coloring #2
   0.0000 (  0.0%)   0.0000 (  0.0%)   0.0000 (  0.0%)   0.0000 (  0.0%)  Unify divergent function exit nodes
   0.0000 (  0.0%)   0.0000 (  0.0%)   0.0000 (  0.0%)   0.0000 (  0.0%)  Cycle Info Analysis #7
   0.0000 (  0.0%)   0.0000 (  0.0%)   0.0000 (  0.0%)   0.0000 (  0.0%)  Register Usage Information Propagation
   0.0000 (  0.0%)   0.0000 (  0.0%)   0.0000 (  0.0%)   0.0000 (  0.0%)  AMDGPU Image Intrinsic Optimizer
   0.0000 (  0.0%)   0.0000 (  0.0%)   0.0000 (  0.0%)   0.0000 (  0.0%)  Init Undef Pass
   0.0000 (  0.0%)   0.0000 (  0.0%)   0.0000 (  0.0%)   0.0000 (  0.0%)  AMDGPU Mark Last Scratch Load
   0.0000 (  0.0%)   0.0000 (  0.0%)   0.0000 (  0.0%)   0.0000 (  0.0%)  Scalar Evolution Analysis #5
   0.0000 (  0.0%)   0.0000 (  0.0%)   0.0000 (  0.0%)   0.0000 (  0.0%)  Stack Frame Layout Analysis
   0.0000 (  0.0%)   0.0000 (  0.0%)   0.0000 (  0.0%)   0.0000 (  0.0%)  Lazy Branch Probability Analysis
   0.0000 (  0.0%)   0.0000 (  0.0%)   0.0000 (  0.0%)   0.0000 (  0.0%)  Lower SwitchInst's to branches
   0.0000 (  0.0%)   0.0000 (  0.0%)   0.0000 (  0.0%)   0.0000 (  0.0%)  AMDGPU Insert waits for SGPR read hazards
   0.0000 (  0.0%)   0.0000 (  0.0%)   0.0000 (  0.0%)   0.0000 (  0.0%)  Instrument function entry/exit with calls to e.g. mcount() (post inlining)
   0.0000 (  0.0%)   0.0000 (  0.0%)   0.0000 (  0.0%)   0.0000 (  0.0%)  AMDGPU Prepare AGPR Alloc
   0.0000 (  0.0%)   0.0000 (  0.0%)   0.0000 (  0.0%)   0.0000 (  0.0%)  InvalidateAnalysisPass<llvm::AAManager>
   0.0000 (  0.0%)   0.0000 (  0.0%)   0.0000 (  0.0%)   0.0000 (  0.0%)  Register Usage Information Collector Pass
   0.0000 (  0.0%)   0.0000 (  0.0%)   0.0000 (  0.0%)   0.0000 (  0.0%)  Dominator Tree Construction #7
   0.0000 (  0.0%)   0.0000 (  0.0%)   0.0000 (  0.0%)   0.0000 (  0.0%)  Basic Alias Analysis (stateless AA impl) #4
   0.0000 (  0.0%)   0.0000 (  0.0%)   0.0000 (  0.0%)   0.0000 (  0.0%)  Natural Loop Information #6
   0.0000 (  0.0%)   0.0000 (  0.0%)   0.0000 (  0.0%)   0.0000 (  0.0%)  CoroAnnotationElidePass
   0.0000 (  0.0%)   0.0000 (  0.0%)   0.0000 (  0.0%)   0.0000 (  0.0%)  SI Insert Hard Clauses
   0.0000 (  0.0%)   0.0000 (  0.0%)   0.0000 (  0.0%)   0.0000 (  0.0%)  Basic Alias Analysis (stateless AA impl) #6
   0.0000 (  0.0%)   0.0000 (  0.0%)   0.0000 (  0.0%)   0.0000 (  0.0%)  Machine Sanitizer Binary Metadata
   0.0000 (  0.0%)   0.0000 (  0.0%)   0.0000 (  0.0%)   0.0000 (  0.0%)  AMDGPU Insert Delay ALU
   0.0000 (  0.0%)   0.0000 (  0.0%)   0.0000 (  0.0%)   0.0000 (  0.0%)  GCN NSA Reassign
   0.0000 (  0.0%)   0.0000 (  0.0%)   0.0000 (  0.0%)   0.0000 (  0.0%)  Remove Redundant DEBUG_VALUE analysis
   0.0000 (  0.0%)   0.0000 (  0.0%)   0.0000 (  0.0%)   0.0000 (  0.0%)  Fixup Statepoint Caller Saved
   0.0000 (  0.0%)   0.0000 (  0.0%)   0.0000 (  0.0%)   0.0000 (  0.0%)  LowerTypeTestsPass
   0.0000 (  0.0%)   0.0000 (  0.0%)   0.0000 (  0.0%)   0.0000 (  0.0%)  MergedLoadStoreMotionPass
   0.0000 (  0.0%)   0.0000 (  0.0%)   0.0000 (  0.0%)   0.0000 (  0.0%)  Lazy Block Frequency Analysis #3
   0.0000 (  0.0%)   0.0000 (  0.0%)   0.0000 (  0.0%)   0.0000 (  0.0%)  Lazy Branch Probability Analysis #4
   0.0000 (  0.0%)   0.0000 (  0.0%)   0.0000 (  0.0%)   0.0000 (  0.0%)  Convert irreducible control-flow into natural loops
   0.0000 (  0.0%)   0.0000 (  0.0%)   0.0000 (  0.0%)   0.0000 (  0.0%)  Optimization Remark Emitter
   0.0000 (  0.0%)   0.0000 (  0.0%)   0.0000 (  0.0%)   0.0000 (  0.0%)  Lazy Machine Block Frequency Analysis #3
   0.0000 (  0.0%)   0.0000 (  0.0%)   0.0000 (  0.0%)   0.0000 (  0.0%)  Remove Loads Into Fake Uses
   0.0000 (  0.0%)   0.0000 (  0.0%)   0.0000 (  0.0%)   0.0000 (  0.0%)  Lazy Branch Probability Analysis #3
   0.0000 (  0.0%)   0.0000 (  0.0%)   0.0000 (  0.0%)   0.0000 (  0.0%)  Lower invoke and unwind, for unwindless code generators
   0.0000 (  0.0%)   0.0000 (  0.0%)   0.0000 (  0.0%)   0.0000 (  0.0%)  Safe Stack instrumentation pass
   0.0000 (  0.0%)   0.0000 (  0.0%)   0.0000 (  0.0%)   0.0000 (  0.0%)  Insert fentry calls
   0.0000 (  0.0%)   0.0000 (  0.0%)   0.0000 (  0.0%)   0.0000 (  0.0%)  Prepare inline asm insts
   0.0000 (  0.0%)   0.0000 (  0.0%)   0.0000 (  0.0%)   0.0000 (  0.0%)  AMDGPU Lower VGPR Encoding
   0.0000 (  0.0%)   0.0000 (  0.0%)   0.0000 (  0.0%)   0.0000 (  0.0%)  GCN Create VOPD Instructions
   0.0000 (  0.0%)   0.0000 (  0.0%)   0.0000 (  0.0%)   0.0000 (  0.0%)  Expand variadic functions
   0.0000 (  0.0%)   0.0000 (  0.0%)   0.0000 (  0.0%)   0.0000 (  0.0%)  Basic Alias Analysis (stateless AA impl) #8
   0.0000 (  0.0%)   0.0000 (  0.0%)   0.0000 (  0.0%)   0.0000 (  0.0%)  Lazy Machine Block Frequency Analysis #4
   0.0000 (  0.0%)   0.0000 (  0.0%)   0.0000 (  0.0%)   0.0000 (  0.0%)  AMDGPU Preload Kernel Arguments Prolog
   0.0000 (  0.0%)   0.0000 (  0.0%)   0.0000 (  0.0%)   0.0000 (  0.0%)  Lazy Block Frequency Analysis
   0.0000 (  0.0%)   0.0000 (  0.0%)   0.0000 (  0.0%)   0.0000 (  0.0%)  Lazy Value Information Analysis
   0.0000 (  0.0%)   0.0000 (  0.0%)   0.0000 (  0.0%)   0.0000 (  0.0%)  MoveAutoInitPass
   0.0000 (  0.0%)   0.0000 (  0.0%)   0.0000 (  0.0%)   0.0000 (  0.0%)  AlignmentFromAssumptionsPass
   0.0000 (  0.0%)   0.0000 (  0.0%)   0.0000 (  0.0%)   0.0000 (  0.0%)  Machine Optimization Remark Emitter #3
   0.0000 (  0.0%)   0.0000 (  0.0%)   0.0000 (  0.0%)   0.0000 (  0.0%)  Optimization Remark Emitter #3
   0.0000 (  0.0%)   0.0000 (  0.0%)   0.0000 (  0.0%)   0.0000 (  0.0%)  Lazy Machine Block Frequency Analysis #5
   0.0000 (  0.0%)   0.0000 (  0.0%)   0.0000 (  0.0%)   0.0000 (  0.0%)  Optimization Remark Emitter #2
   0.0000 (  0.0%)   0.0000 (  0.0%)   0.0000 (  0.0%)   0.0000 (  0.0%)  Lazy Block Frequency Analysis #4
   0.0000 (  0.0%)   0.0000 (  0.0%)   0.0000 (  0.0%)   0.0000 (  0.0%)  AMDGPU Preload Kernel Arguments
   0.0000 (  0.0%)   0.0000 (  0.0%)   0.0000 (  0.0%)   0.0000 (  0.0%)  Unnamed pass: implement Pass::getPassName()
   0.0000 (  0.0%)   0.0000 (  0.0%)   0.0000 (  0.0%)   0.0000 (  0.0%)  CoroSplitPass
   0.0000 (  0.0%)   0.0000 (  0.0%)   0.0000 (  0.0%)   0.0000 (  0.0%)  AllocTokenPass
   0.0000 (  0.0%)   0.0000 (  0.0%)   0.0000 (  0.0%)   0.0000 (  0.0%)  MemProfRemoveInfo
   0.0000 (  0.0%)   0.0000 (  0.0%)   0.0000 (  0.0%)   0.0000 (  0.0%)  ExpandVariadicsPass
   0.0000 (  0.0%)   0.0000 (  0.0%)   0.0000 (  0.0%)   0.0000 (  0.0%)  DeadArgumentEliminationPass
   0.0000 (  0.0%)   0.0000 (  0.0%)   0.0000 (  0.0%)   0.0000 (  0.0%)  LoopSinkPass
   0.0000 (  0.0%)   0.0000 (  0.0%)   0.0000 (  0.0%)   0.0000 (  0.0%)  OpenMPOptPass
   0.0000 (  0.0%)   0.0000 (  0.0%)   0.0000 (  0.0%)   0.0000 (  0.0%)  CrossDSOCFIPass
   0.0000 (  0.0%)   0.0000 (  0.0%)   0.0000 (  0.0%)   0.0000 (  0.0%)  KernelInfoPrinter
   0.0000 (  0.0%)   0.0000 (  0.0%)   0.0000 (  0.0%)   0.0000 (  0.0%)  CoroEarlyPass
   0.0000 (  0.0%)   0.0000 (  0.0%)   0.0000 (  0.0%)   0.0000 (  0.0%)  Pre-ISel Intrinsic Lowering
   0.0000 (  0.0%)   0.0000 (  0.0%)   0.0000 (  0.0%)   0.0000 (  0.0%)  CoroCleanupPass
   0.0000 (  0.0%)   0.0000 (  0.0%)   0.0000 (  0.0%)   0.0000 (  0.0%)  RelLookupTableConverterPass
   0.0000 (  0.0%)   0.0000 (  0.0%)   0.0000 (  0.0%)   0.0000 (  0.0%)  AMDGPU Software lowering of LDS
   0.0000 (  0.0%)   0.0000 (  0.0%)   0.0000 (  0.0%)   0.0000 (  0.0%)  GlobalSplitPass
   0.0000 (  0.0%)   0.0000 (  0.0%)   0.0000 (  0.0%)   0.0000 (  0.0%)  ReversePostOrderFunctionAttrsPass
   0.0000 (  0.0%)   0.0000 (  0.0%)   0.0000 (  0.0%)   0.0000 (  0.0%)  AMDGPU lower intrinsics
   0.0000 (  0.0%)   0.0000 (  0.0%)   0.0000 (  0.0%)   0.0000 (  0.0%)  AMDGPU Inline All Functions
   0.0000 (  0.0%)   0.0000 (  0.0%)   0.0000 (  0.0%)   0.0000 (  0.0%)  ConstantMergePass
   0.0000 (  0.0%)   0.0000 (  0.0%)   0.0000 (  0.0%)   0.0000 (  0.0%)  AMDGPU Printf lowering
   0.0000 (  0.0%)   0.0000 (  0.0%)   0.0000 (  0.0%)   0.0000 (  0.0%)  Lower ctors and dtors for AMDGPU
   0.0000 (  0.0%)   0.0000 (  0.0%)   0.0000 (  0.0%)   0.0000 (  0.0%)  Externalize enqueued block runtime handles
   0.0000 (  0.0%)   0.0000 (  0.0%)   0.0000 (  0.0%)   0.0000 (  0.0%)  EliminateAvailableExternallyPass
   0.0000 (  0.0%)   0.0000 (  0.0%)   0.0000 (  0.0%)   0.0000 (  0.0%)  AMDGPUSwLowerLDSPass
   0.0000 (  0.0%)   0.0000 (  0.0%)   0.0000 (  0.0%)   0.0000 (  0.0%)  DropTypeTestsPass
   0.0664 (100.0%)   0.0093 (100.0%)   0.0757 (100.0%)   0.0756 (100.0%)  Total

===-------------------------------------------------------------------------===
                      Instruction Selection and Scheduling
===-------------------------------------------------------------------------===
  Total Execution Time: 0.0056 seconds (0.0056 wall clock)

   ---User Time---   --System Time--   --User+System--   ---Wall Time---  --- Name ---
   0.0017 ( 30.0%)   0.0000 ( 10.9%)   0.0017 ( 29.9%)   0.0017 ( 29.9%)  Instruction Selection
   0.0011 ( 19.4%)   0.0000 ( 17.4%)   0.0011 ( 19.4%)   0.0011 ( 19.3%)  Instruction Scheduling
   0.0009 ( 15.4%)   0.0000 ( 37.0%)   0.0009 ( 15.5%)   0.0009 ( 15.5%)  DAG Combining 1
   0.0007 ( 12.7%)   0.0000 (  8.7%)   0.0007 ( 12.7%)   0.0007 ( 12.6%)  DAG Combining 2
   0.0005 (  9.5%)   0.0000 ( 10.9%)   0.0005 (  9.6%)   0.0005 (  9.5%)  Instruction Creation
   0.0005 (  8.2%)   0.0000 (  4.3%)   0.0005 (  8.2%)   0.0005 (  8.2%)  DAG Legalization
   0.0001 (  2.2%)   0.0000 (  6.5%)   0.0001 (  2.3%)   0.0001 (  2.3%)  Type Legalization
   0.0001 (  1.5%)   0.0000 (  4.3%)   0.0001 (  1.6%)   0.0001 (  1.7%)  Vector Legalization
   0.0001 (  1.0%)   0.0000 (  0.0%)   0.0001 (  0.9%)   0.0001 (  1.0%)  Instruction Scheduling Cleanup
   0.0056 (100.0%)   0.0000 (100.0%)   0.0056 (100.0%)   0.0056 (100.0%)  Total

===-------------------------------------------------------------------------===
                              Register Allocation
===-------------------------------------------------------------------------===
  Total Execution Time: 0.0001 seconds (0.0001 wall clock)

   ---User Time---   --User+System--   ---Wall Time---  --- Name ---
   0.0001 (100.0%)   0.0001 (100.0%)   0.0001 (100.0%)  Seed Live Regs
   0.0001 (100.0%)   0.0001 (100.0%)   0.0001 (100.0%)  Total

===-------------------------------------------------------------------------===
                        Analysis execution timing report
===-------------------------------------------------------------------------===
  Total Execution Time: 0.0025 seconds (0.0025 wall clock)

   ---User Time---   --System Time--   --User+System--   ---Wall Time---  --- Name ---
   0.0010 ( 47.3%)   0.0000 (  1.6%)   0.0010 ( 39.3%)   0.0010 ( 39.5%)  TargetIRAnalysis
   0.0003 ( 14.0%)   0.0001 ( 22.1%)   0.0004 ( 15.4%)   0.0004 ( 15.5%)  UniformityInfoAnalysis
   0.0002 (  8.6%)   0.0001 ( 25.1%)   0.0003 ( 11.4%)   0.0003 ( 11.5%)  VerifierAnalysis
   0.0002 (  9.9%)   0.0000 (  4.2%)   0.0002 (  8.9%)   0.0002 (  8.9%)  MemorySSAAnalysis
   0.0001 (  3.5%)   0.0001 ( 12.1%)   0.0001 (  5.0%)   0.0001 (  5.1%)  AAManager
   0.0001 (  2.6%)   0.0000 (  2.6%)   0.0001 (  2.6%)   0.0001 (  2.8%)  DominatorTreeAnalysis
   0.0000 (  1.6%)   0.0000 (  3.0%)   0.0000 (  1.9%)   0.0000 (  1.9%)  CycleAnalysis
   0.0000 (  1.5%)   0.0000 (  1.9%)   0.0000 (  1.6%)   0.0000 (  1.6%)  ScalarEvolutionAnalysis
   0.0000 (  1.4%)   0.0000 (  3.0%)   0.0000 (  1.7%)   0.0000 (  1.5%)  BasicAA
   0.0000 (  1.5%)   0.0000 (  1.2%)   0.0000 (  1.5%)   0.0000 (  1.4%)  LoopAnalysis
   0.0000 (  0.9%)   0.0000 (  2.6%)   0.0000 (  1.2%)   0.0000 (  1.2%)  LazyCallGraphAnalysis
   0.0000 (  1.2%)   0.0000 (  0.7%)   0.0000 (  1.1%)   0.0000 (  1.0%)  FunctionAnalysisManagerCGSCCProxy
   0.0000 (  0.6%)   0.0000 (  2.6%)   0.0000 (  0.9%)   0.0000 (  0.9%)  PostDominatorTreeAnalysis
   0.0000 (  0.6%)   0.0000 (  2.6%)   0.0000 (  0.9%)   0.0000 (  0.9%)  TargetLibraryAnalysis
   0.0000 (  0.5%)   0.0000 (  2.1%)   0.0000 (  0.8%)   0.0000 (  0.8%)  AssumptionAnalysis
   0.0000 (  0.9%)   0.0000 (  0.0%)   0.0000 (  0.7%)   0.0000 (  0.7%)  GlobalsAA
   0.0000 (  0.3%)   0.0000 (  1.9%)   0.0000 (  0.6%)   0.0000 (  0.5%)  LastRunTrackingAnalysis
   0.0000 (  0.6%)   0.0000 (  0.0%)   0.0000 (  0.5%)   0.0000 (  0.5%)  CallGraphAnalysis
   0.0000 (  0.6%)   0.0000 (  0.5%)   0.0000 (  0.6%)   0.0000 (  0.5%)  OuterAnalysisManagerProxy<ModuleAnalysisManager, LazyCallGraph::SCC, LazyCallGraph &>
   0.0000 (  0.2%)   0.0000 (  0.9%)   0.0000 (  0.3%)   0.0000 (  0.4%)  OptimizationRemarkEmitterAnalysis
   0.0000 (  0.1%)   0.0000 (  1.9%)   0.0000 (  0.4%)   0.0000 (  0.4%)  TypeBasedAA
   0.0000 (  0.1%)   0.0000 (  1.9%)   0.0000 (  0.4%)   0.0000 (  0.4%)  AMDGPUAA
   0.0000 (  0.3%)   0.0000 (  0.5%)   0.0000 (  0.3%)   0.0000 (  0.3%)  DemandedBitsAnalysis
   0.0000 (  0.3%)   0.0000 (  0.2%)   0.0000 (  0.3%)   0.0000 (  0.3%)  InnerAnalysisManagerProxy<LoopAnalysisManager, Function>
   0.0000 (  0.1%)   0.0000 (  1.6%)   0.0000 (  0.4%)   0.0000 (  0.3%)  OuterAnalysisManagerProxy<ModuleAnalysisManager, Function>
   0.0000 (  0.1%)   0.0000 (  1.4%)   0.0000 (  0.3%)   0.0000 (  0.3%)  ScopedNoAliasAA
   0.0000 (  0.3%)   0.0000 (  0.9%)   0.0000 (  0.4%)   0.0000 (  0.3%)  LoopAccessAnalysis
   0.0000 (  0.1%)   0.0000 (  0.7%)   0.0000 (  0.2%)   0.0000 (  0.2%)  MemoryDependenceAnalysis
   0.0000 (  0.2%)   0.0000 (  0.0%)   0.0000 (  0.2%)   0.0000 (  0.2%)  InnerAnalysisManagerProxy<CGSCCAnalysisManager, Module>
   0.0000 (  0.1%)   0.0000 (  0.5%)   0.0000 (  0.2%)   0.0000 (  0.1%)  InnerAnalysisManagerProxy<FunctionAnalysisManager, Module>
   0.0000 (  0.0%)   0.0000 (  0.0%)   0.0000 (  0.0%)   0.0000 (  0.1%)  ProfileSummaryAnalysis
   0.0000 (  0.0%)   0.0000 (  0.0%)   0.0000 (  0.0%)   0.0000 (  0.0%)  InlineAdvisorAnalysis
   0.0020 (100.0%)   0.0004 (100.0%)   0.0025 (100.0%)   0.0025 (100.0%)  Total

/root/polybenchGpu/HIP/CORR/correlation.hip.cpp:141:2: warning: ignoring return value of type 'hipError_t' declared with 'nodiscard' attribute [-Wunused-value]
  141 |         hipGetDeviceProperties(&deviceProp, GPU_DEVICE);
      |         ^~~~~~~~~~~~~~~~~~~~~~~~~~~~~~~~~~~~~~~~~~~~~~~
/opt/rocm-7.0.2/include/hip/hip_runtime_api.h:102:32: note: expanded from macro 'hipGetDeviceProperties'
  102 | #define hipGetDeviceProperties hipGetDevicePropertiesR0600
      |                                ^
/root/polybenchGpu/HIP/CORR/correlation.hip.cpp:143:2: warning: ignoring return value of type 'hipError_t' declared with 'nodiscard' attribute [-Wunused-value]
  143 |         hipSetDevice( GPU_DEVICE );
      |         ^~~~~~~~~~~~~~~~~~~~~~~~~~
/root/polybenchGpu/HIP/CORR/correlation.hip.cpp:234:2: warning: ignoring return value of type 'hipError_t' declared with 'nodiscard' attribute [-Wunused-value]
  234 |         hipMalloc((void **)&data_gpu, sizeof(DATA_TYPE) * M * N);
      |         ^~~~~~~~~~~~~~~~~~~~~~~~~~~~~~~~~~~~~~~~~~~~~~~~~~~~~~~~
/root/polybenchGpu/HIP/CORR/correlation.hip.cpp:235:2: warning: ignoring return value of type 'hipError_t' declared with 'nodiscard' attribute [-Wunused-value]
  235 |         hipMalloc((void **)&symmat_gpu, sizeof(DATA_TYPE) * M * N);
      |         ^~~~~~~~~~~~~~~~~~~~~~~~~~~~~~~~~~~~~~~~~~~~~~~~~~~~~~~~~~
/root/polybenchGpu/HIP/CORR/correlation.hip.cpp:236:2: warning: ignoring return value of type 'hipError_t' declared with 'nodiscard' attribute [-Wunused-value]
  236 |         hipMalloc((void **)&stddev_gpu, sizeof(DATA_TYPE) * M);
      |         ^~~~~~~~~~~~~~~~~~~~~~~~~~~~~~~~~~~~~~~~~~~~~~~~~~~~~~
/root/polybenchGpu/HIP/CORR/correlation.hip.cpp:237:2: warning: ignoring return value of type 'hipError_t' declared with 'nodiscard' attribute [-Wunused-value]
  237 |         hipMalloc((void **)&mean_gpu, sizeof(DATA_TYPE) * M);
      |         ^~~~~~~~~~~~~~~~~~~~~~~~~~~~~~~~~~~~~~~~~~~~~~~~~~~~
/root/polybenchGpu/HIP/CORR/correlation.hip.cpp:238:2: warning: ignoring return value of type 'hipError_t' declared with 'nodiscard' attribute [-Wunused-value]
  238 |         hipMemcpy(data_gpu, data, sizeof(DATA_TYPE) * M * N, hipMemcpyHostToDevice);
      |         ^~~~~~~~~~~~~~~~~~~~~~~~~~~~~~~~~~~~~~~~~~~~~~~~~~~~~~~~~~~~~~~~~~~~~~~~~~~
/root/polybenchGpu/HIP/CORR/correlation.hip.cpp:239:2: warning: ignoring return value of type 'hipError_t' declared with 'nodiscard' attribute [-Wunused-value]
  239 |         hipMemcpy(symmat_gpu, symmat, sizeof(DATA_TYPE) * M * N, hipMemcpyHostToDevice);
      |         ^~~~~~~~~~~~~~~~~~~~~~~~~~~~~~~~~~~~~~~~~~~~~~~~~~~~~~~~~~~~~~~~~~~~~~~~~~~~~~~
/root/polybenchGpu/HIP/CORR/correlation.hip.cpp:240:2: warning: ignoring return value of type 'hipError_t' declared with 'nodiscard' attribute [-Wunused-value]
  240 |         hipMemcpy(stddev_gpu, stddev, sizeof(DATA_TYPE) * M, hipMemcpyHostToDevice);
      |         ^~~~~~~~~~~~~~~~~~~~~~~~~~~~~~~~~~~~~~~~~~~~~~~~~~~~~~~~~~~~~~~~~~~~~~~~~~~
/root/polybenchGpu/HIP/CORR/correlation.hip.cpp:241:2: warning: ignoring return value of type 'hipError_t' declared with 'nodiscard' attribute [-Wunused-value]
  241 |         hipMemcpy(mean_gpu, mean, sizeof(DATA_TYPE) * M, hipMemcpyHostToDevice);
      |         ^~~~~~~~~~~~~~~~~~~~~~~~~~~~~~~~~~~~~~~~~~~~~~~~~~~~~~~~~~~~~~~~~~~~~~~
/root/polybenchGpu/HIP/CORR/correlation.hip.cpp:259:2: warning: ignoring return value of type 'hipError_t' declared with 'nodiscard' attribute [-Wunused-value]
  259 |         hipDeviceSynchronize();
      |         ^~~~~~~~~~~~~~~~~~~~~~
/root/polybenchGpu/HIP/CORR/correlation.hip.cpp:261:2: warning: ignoring return value of type 'hipError_t' declared with 'nodiscard' attribute [-Wunused-value]
  261 |         hipDeviceSynchronize();
      |         ^~~~~~~~~~~~~~~~~~~~~~
/root/polybenchGpu/HIP/CORR/correlation.hip.cpp:263:2: warning: ignoring return value of type 'hipError_t' declared with 'nodiscard' attribute [-Wunused-value]
  263 |         hipDeviceSynchronize();
      |         ^~~~~~~~~~~~~~~~~~~~~~
/root/polybenchGpu/HIP/CORR/correlation.hip.cpp:265:2: warning: ignoring return value of type 'hipError_t' declared with 'nodiscard' attribute [-Wunused-value]
  265 |         hipDeviceSynchronize();
      |         ^~~~~~~~~~~~~~~~~~~~~~
/root/polybenchGpu/HIP/CORR/correlation.hip.cpp:273:2: warning: ignoring return value of type 'hipError_t' declared with 'nodiscard' attribute [-Wunused-value]
  273 |         hipMemcpy(&(symmat_gpu[(M-1)*M + (M-1)]), &valueAtSymmatIndexMTimesMPlus1PlusMPoint, sizeof(DATA_TYPE), hipMemcpyHostToDevice);
      |         ^~~~~~~~~~~~~~~~~~~~~~~~~~~~~~~~~~~~~~~~~~~~~~~~~~~~~~~~~~~~~~~~~~~~~~~~~~~~~~~~~~~~~~~~~~~~~~~~~~~~~~~~~~~~~~~~~~~~~~~~~~~~~~
/root/polybenchGpu/HIP/CORR/correlation.hip.cpp:275:2: warning: ignoring return value of type 'hipError_t' declared with 'nodiscard' attribute [-Wunused-value]
  275 |         hipMemcpy(symmat_outputFromGpu, symmat_gpu, sizeof(DATA_TYPE) * M * N, hipMemcpyDeviceToHost);
      |         ^~~~~~~~~~~~~~~~~~~~~~~~~~~~~~~~~~~~~~~~~~~~~~~~~~~~~~~~~~~~~~~~~~~~~~~~~~~~~~~~~~~~~~~~~~~~~
/root/polybenchGpu/HIP/CORR/correlation.hip.cpp:277:2: warning: ignoring return value of type 'hipError_t' declared with 'nodiscard' attribute [-Wunused-value]
  277 |         hipFree(data_gpu);
      |         ^~~~~~~~~~~~~~~~~
/root/polybenchGpu/HIP/CORR/correlation.hip.cpp:278:2: warning: ignoring return value of type 'hipError_t' declared with 'nodiscard' attribute [-Wunused-value]
  278 |         hipFree(symmat_gpu);
      |         ^~~~~~~~~~~~~~~~~~~
/root/polybenchGpu/HIP/CORR/correlation.hip.cpp:279:2: warning: ignoring return value of type 'hipError_t' declared with 'nodiscard' attribute [-Wunused-value]
  279 |         hipFree(stddev_gpu);
      |         ^~~~~~~~~~~~~~~~~~~
/root/polybenchGpu/HIP/CORR/correlation.hip.cpp:280:2: warning: ignoring return value of type 'hipError_t' declared with 'nodiscard' attribute [-Wunused-value]
  280 |         hipFree(mean_gpu);
      |         ^~~~~~~~~~~~~~~~~
20 warnings generated when compiling for host.
===-------------------------------------------------------------------------===
                              Register Allocation
===-------------------------------------------------------------------------===
  Total Execution Time: 0.0012 seconds (0.0012 wall clock)

   ---User Time---   --System Time--   --User+System--   ---Wall Time---  --- Name ---
   0.0007 ( 67.0%)   0.0000 (  5.5%)   0.0008 ( 63.2%)   0.0008 ( 63.2%)  Global Splitting
   0.0002 ( 13.6%)   0.0000 (  8.2%)   0.0002 ( 13.3%)   0.0002 ( 13.5%)  Evict
   0.0001 ( 13.4%)   0.0000 (  1.4%)   0.0001 ( 12.6%)   0.0001 ( 12.5%)  Spiller
   0.0001 (  6.0%)   0.0000 ( 39.7%)   0.0001 (  8.1%)   0.0001 (  8.1%)  Seed Live Regs
   0.0000 (  0.0%)   0.0000 ( 45.2%)   0.0000 (  2.8%)   0.0000 (  2.8%)  Local Splitting
   0.0011 (100.0%)   0.0001 (100.0%)   0.0012 (100.0%)   0.0012 (100.0%)  Total

===-------------------------------------------------------------------------===
                      Instruction Selection and Scheduling
===-------------------------------------------------------------------------===
  Total Execution Time: 0.0138 seconds (0.0138 wall clock)

   ---User Time---   --System Time--   --User+System--   ---Wall Time---  --- Name ---
   0.0019 ( 17.5%)   0.0005 ( 21.0%)   0.0025 ( 18.1%)   0.0025 ( 18.2%)  DAG Combining 1
   0.0019 ( 17.1%)   0.0005 ( 20.5%)   0.0024 ( 17.7%)   0.0024 ( 17.7%)  Instruction Selection
   0.0016 ( 14.5%)   0.0003 ( 10.6%)   0.0019 ( 13.8%)   0.0019 ( 13.8%)  DAG Combining 2
   0.0010 (  8.8%)   0.0003 ( 13.1%)   0.0013 (  9.6%)   0.0013 (  9.5%)  Instruction Scheduling
   0.0009 (  8.3%)   0.0002 (  9.2%)   0.0012 (  8.5%)   0.0012 (  8.4%)  DAG Legalization
   0.0009 (  7.8%)   0.0002 (  9.1%)   0.0011 (  8.1%)   0.0011 (  8.1%)  Instruction Creation
   0.0009 (  8.3%)   0.0002 (  6.3%)   0.0011 (  8.0%)   0.0011 (  7.9%)  Type Legalization
   0.0009 (  7.7%)   0.0002 (  5.9%)   0.0010 (  7.4%)   0.0010 (  7.3%)  DAG Combining after legalize types
   0.0007 (  6.6%)   0.0000 (  0.9%)   0.0008 (  5.5%)   0.0008 (  5.5%)  DAG Combining after legalize vectors
   0.0003 (  2.2%)   0.0000 (  1.8%)   0.0003 (  2.2%)   0.0003 (  2.2%)  Vector Legalization
   0.0001 (  1.0%)   0.0000 (  1.5%)   0.0001 (  1.1%)   0.0001 (  1.1%)  Instruction Scheduling Cleanup
   0.0000 (  0.2%)   0.0000 (  0.0%)   0.0000 (  0.2%)   0.0000 (  0.2%)  Type Legalization 2
   0.0112 (100.0%)   0.0026 (100.0%)   0.0138 (100.0%)   0.0138 (100.0%)  Total

===-------------------------------------------------------------------------===
                        Analysis execution timing report
===-------------------------------------------------------------------------===
  Total Execution Time: 0.0033 seconds (0.0033 wall clock)

   ---User Time---   --System Time--   --User+System--   ---Wall Time---  --- Name ---
   0.0005 ( 21.2%)   0.0000 (  0.0%)   0.0005 ( 16.5%)   0.0005 ( 16.4%)  TargetIRAnalysis
   0.0003 ( 12.3%)   0.0002 ( 22.0%)   0.0005 ( 14.5%)   0.0005 ( 14.6%)  MemorySSAAnalysis
   0.0003 ( 11.5%)   0.0000 (  2.2%)   0.0003 (  9.5%)   0.0003 (  9.4%)  VerifierAnalysis
   0.0002 (  8.9%)   0.0000 (  6.6%)   0.0003 (  8.4%)   0.0003 (  8.3%)  AAManager
   0.0001 (  5.6%)   0.0000 (  4.7%)   0.0002 (  5.4%)   0.0002 (  5.4%)  DominatorTreeAnalysis
   0.0001 (  2.9%)   0.0001 ( 12.7%)   0.0002 (  5.1%)   0.0002 (  5.0%)  BlockFrequencyAnalysis
   0.0001 (  5.2%)   0.0000 (  3.0%)   0.0002 (  4.7%)   0.0002 (  4.5%)  ScalarEvolutionAnalysis
   0.0001 (  2.2%)   0.0001 ( 10.7%)   0.0001 (  4.1%)   0.0001 (  4.1%)  BranchProbabilityAnalysis
   0.0001 (  3.4%)   0.0000 (  5.9%)   0.0001 (  3.9%)   0.0001 (  3.9%)  LoopAnalysis
   0.0001 (  3.2%)   0.0000 (  6.2%)   0.0001 (  3.8%)   0.0001 (  3.8%)  PostDominatorTreeAnalysis
   0.0001 (  2.7%)   0.0000 (  4.8%)   0.0001 (  3.2%)   0.0001 (  3.2%)  BasicAA
   0.0000 (  1.7%)   0.0000 (  4.1%)   0.0001 (  2.2%)   0.0001 (  2.4%)  CycleAnalysis
   0.0001 (  2.5%)   0.0000 (  2.9%)   0.0001 (  2.6%)   0.0001 (  2.3%)  LastRunTrackingAnalysis
   0.0001 (  2.3%)   0.0000 (  0.0%)   0.0001 (  1.8%)   0.0001 (  1.8%)  CallGraphAnalysis
   0.0000 (  1.4%)   0.0000 (  0.8%)   0.0000 (  1.3%)   0.0001 (  1.6%)  TargetLibraryAnalysis
   0.0000 (  1.2%)   0.0000 (  2.2%)   0.0000 (  1.4%)   0.0000 (  1.3%)  FunctionAnalysisManagerCGSCCProxy
   0.0000 (  1.4%)   0.0000 (  1.1%)   0.0000 (  1.3%)   0.0000 (  1.2%)  DemandedBitsAnalysis
   0.0000 (  1.2%)   0.0000 (  2.1%)   0.0000 (  1.4%)   0.0000 (  1.2%)  LazyValueAnalysis
   0.0000 (  0.7%)   0.0000 (  1.9%)   0.0000 (  0.9%)   0.0000 (  1.1%)  MemoryDependenceAnalysis
   0.0000 (  1.3%)   0.0000 (  0.0%)   0.0000 (  1.0%)   0.0000 (  1.0%)  GlobalsAA
   0.0000 (  0.3%)   0.0000 (  2.6%)   0.0000 (  0.8%)   0.0000 (  0.9%)  EphemeralValuesAnalysis
   0.0000 (  0.6%)   0.0000 (  0.8%)   0.0000 (  0.7%)   0.0000 (  0.6%)  UniformityInfoAnalysis
   0.0000 (  0.7%)   0.0000 (  0.0%)   0.0000 (  0.5%)   0.0000 (  0.6%)  AssumptionAnalysis
   0.0000 (  0.4%)   0.0000 (  1.1%)   0.0000 (  0.5%)   0.0000 (  0.6%)  OuterAnalysisManagerProxy<ModuleAnalysisManager, LazyCallGraph::SCC, LazyCallGraph &>
   0.0000 (  0.7%)   0.0000 (  0.0%)   0.0000 (  0.6%)   0.0000 (  0.6%)  LazyCallGraphAnalysis
   0.0000 (  0.5%)   0.0000 (  0.8%)   0.0000 (  0.5%)   0.0000 (  0.5%)  ShouldNotRunFunctionPassesAnalysis
   0.0000 (  0.7%)   0.0000 (  0.3%)   0.0000 (  0.6%)   0.0000 (  0.5%)  LoopAccessAnalysis
   0.0000 (  0.5%)   0.0000 (  0.0%)   0.0000 (  0.4%)   0.0000 (  0.5%)  OptimizationRemarkEmitterAnalysis
   0.0000 (  0.6%)   0.0000 (  0.0%)   0.0000 (  0.5%)   0.0000 (  0.5%)  TypeBasedAA
   0.0000 (  0.5%)   0.0000 (  0.5%)   0.0000 (  0.5%)   0.0000 (  0.5%)  InnerAnalysisManagerProxy<LoopAnalysisManager, Function>
   0.0000 (  0.7%)   0.0000 (  0.0%)   0.0000 (  0.5%)   0.0000 (  0.5%)  OuterAnalysisManagerProxy<ModuleAnalysisManager, Function>
   0.0000 (  0.6%)   0.0000 (  0.0%)   0.0000 (  0.5%)   0.0000 (  0.5%)  ScopedNoAliasAA
   0.0000 (  0.2%)   0.0000 (  0.0%)   0.0000 (  0.2%)   0.0000 (  0.3%)  ShouldRunExtraVectorPasses
   0.0000 (  0.0%)   0.0000 (  0.1%)   0.0000 (  0.1%)   0.0000 (  0.1%)  ShouldRunExtraSimpleLoopUnswitch
   0.0000 (  0.0%)   0.0000 (  0.0%)   0.0000 (  0.0%)   0.0000 (  0.1%)  InnerAnalysisManagerProxy<CGSCCAnalysisManager, Module>
   0.0000 (  0.1%)   0.0000 (  0.0%)   0.0000 (  0.1%)   0.0000 (  0.0%)  InnerAnalysisManagerProxy<FunctionAnalysisManager, Module>
   0.0000 (  0.0%)   0.0000 (  0.0%)   0.0000 (  0.0%)   0.0000 (  0.0%)  ProfileSummaryAnalysis
   0.0000 (  0.0%)   0.0000 (  0.0%)   0.0000 (  0.0%)   0.0000 (  0.0%)  InlineAdvisorAnalysis
   0.0026 (100.0%)   0.0007 (100.0%)   0.0033 (100.0%)   0.0033 (100.0%)  Total

===-------------------------------------------------------------------------===
                          Pass execution timing report
===-------------------------------------------------------------------------===
  Total Execution Time: 0.1043 seconds (0.1044 wall clock)

   ---User Time---   --System Time--   --User+System--   ---Wall Time---  --- Name ---
   0.0141 ( 17.2%)   0.0036 ( 15.9%)   0.0176 ( 16.9%)   0.0176 ( 16.9%)  X86 DAG->DAG Instruction Selection
   0.0079 (  9.7%)   0.0006 (  2.7%)   0.0085 (  8.2%)   0.0085 (  8.2%)  InstCombinePass
   0.0058 (  7.1%)   0.0003 (  1.2%)   0.0061 (  5.8%)   0.0061 (  5.8%)  LoopVectorizePass
   0.0043 (  5.2%)   0.0008 (  3.5%)   0.0051 (  4.9%)   0.0051 (  4.9%)  Loop Strength Reduction
   0.0032 (  3.9%)   0.0001 (  0.4%)   0.0033 (  3.1%)   0.0033 (  3.1%)  IndVarSimplifyPass
   0.0032 (  3.9%)   0.0000 (  0.0%)   0.0032 (  3.1%)   0.0032 (  3.1%)  LoopUnrollPass
   0.0018 (  2.2%)   0.0008 (  3.5%)   0.0026 (  2.5%)   0.0026 (  2.5%)  Machine Instruction Scheduler
   0.0022 (  2.7%)   0.0004 (  1.7%)   0.0026 (  2.5%)   0.0026 (  2.5%)  Greedy Register Allocator #2
   0.0022 (  2.7%)   0.0003 (  1.5%)   0.0025 (  2.4%)   0.0025 (  2.4%)  SLPVectorizerPass
   0.0019 (  2.3%)   0.0002 (  0.7%)   0.0021 (  2.0%)   0.0021 (  2.0%)  SimplifyCFGPass
   0.0006 (  0.7%)   0.0013 (  5.8%)   0.0019 (  1.8%)   0.0019 (  1.8%)  InlinerPass
   0.0008 (  1.0%)   0.0007 (  3.0%)   0.0015 (  1.5%)   0.0016 (  1.5%)  Machine Module Information
   0.0012 (  1.5%)   0.0001 (  0.5%)   0.0013 (  1.3%)   0.0013 (  1.3%)  Induction Variable Users
   0.0012 (  1.4%)   0.0001 (  0.5%)   0.0013 (  1.2%)   0.0013 (  1.2%)  GVNPass
   0.0008 (  0.9%)   0.0005 (  2.3%)   0.0013 (  1.2%)   0.0013 (  1.2%)  EarlyCSEPass
   0.0011 (  1.3%)   0.0002 (  0.7%)   0.0013 (  1.2%)   0.0013 (  1.2%)  SROAPass
   0.0006 (  0.8%)   0.0005 (  2.4%)   0.0012 (  1.1%)   0.0012 (  1.2%)  Dominator Tree Construction #3
   0.0006 (  0.7%)   0.0005 (  2.4%)   0.0011 (  1.1%)   0.0011 (  1.1%)  Function Alias Analysis Results #2
   0.0006 (  0.7%)   0.0005 (  2.3%)   0.0011 (  1.1%)   0.0011 (  1.1%)  Basic Alias Analysis (stateless AA impl) #3
   0.0007 (  0.8%)   0.0004 (  2.0%)   0.0011 (  1.1%)   0.0011 (  1.1%)  Register Coalescer
   0.0006 (  0.7%)   0.0006 (  2.5%)   0.0011 (  1.1%)   0.0011 (  1.1%)  Live Variable Analysis
   0.0003 (  0.4%)   0.0008 (  3.7%)   0.0011 (  1.1%)   0.0011 (  1.1%)  Two-Address instruction pass
   0.0006 (  0.7%)   0.0003 (  1.4%)   0.0009 (  0.9%)   0.0009 (  0.9%)  LICMPass
   0.0005 (  0.6%)   0.0004 (  1.7%)   0.0009 (  0.9%)   0.0009 (  0.9%)  X86 Assembly Printer
   0.0008 (  0.9%)   0.0001 (  0.5%)   0.0009 (  0.8%)   0.0009 (  0.8%)  Canonicalize Freeze Instructions in Loops
   0.0009 (  1.0%)   0.0000 (  0.1%)   0.0009 (  0.8%)   0.0009 (  0.8%)  LoopIdiomRecognizePass
   0.0007 (  0.8%)   0.0001 (  0.6%)   0.0008 (  0.8%)   0.0008 (  0.8%)  Machine Common Subexpression Elimination
   0.0008 (  1.0%)   0.0000 (  0.1%)   0.0008 (  0.8%)   0.0008 (  0.8%)  LoopLoadEliminationPass
   0.0005 (  0.6%)   0.0003 (  1.4%)   0.0008 (  0.8%)   0.0008 (  0.8%)  CorrelatedValuePropagationPass
   0.0005 (  0.6%)   0.0003 (  1.1%)   0.0007 (  0.7%)   0.0008 (  0.7%)  Live Interval Analysis
   0.0007 (  0.9%)   0.0000 (  0.2%)   0.0007 (  0.7%)   0.0008 (  0.7%)  DSEPass
   0.0005 (  0.6%)   0.0002 (  1.1%)   0.0007 (  0.7%)   0.0007 (  0.7%)  PostOrderFunctionAttrsPass
   0.0006 (  0.7%)   0.0001 (  0.5%)   0.0007 (  0.7%)   0.0007 (  0.7%)  LoopDeletionPass
   0.0004 (  0.5%)   0.0002 (  1.0%)   0.0007 (  0.6%)   0.0007 (  0.6%)  CodeGen Prepare
   0.0003 (  0.4%)   0.0003 (  1.3%)   0.0006 (  0.6%)   0.0006 (  0.6%)  SimpleLoopUnswitchPass
   0.0003 (  0.4%)   0.0003 (  1.3%)   0.0006 (  0.6%)   0.0006 (  0.6%)  LoopRotatePass
   0.0005 (  0.6%)   0.0001 (  0.4%)   0.0006 (  0.6%)   0.0006 (  0.6%)  SCCPPass
   0.0004 (  0.5%)   0.0002 (  0.8%)   0.0006 (  0.6%)   0.0006 (  0.6%)  Unnamed pass: implement Pass::getPassName()
   0.0005 (  0.6%)   0.0001 (  0.3%)   0.0006 (  0.6%)   0.0006 (  0.6%)  Reaching Definitions Analysis
   0.0006 (  0.7%)   0.0000 (  0.0%)   0.0006 (  0.5%)   0.0006 (  0.5%)  IPSCCPPass
   0.0003 (  0.3%)   0.0003 (  1.2%)   0.0005 (  0.5%)   0.0006 (  0.5%)  Machine Register Class Info Analysis
   0.0004 (  0.5%)   0.0002 (  0.7%)   0.0005 (  0.5%)   0.0005 (  0.5%)  JumpThreadingPass
   0.0003 (  0.4%)   0.0001 (  0.6%)   0.0004 (  0.4%)   0.0004 (  0.4%)  ConstraintEliminationPass
   0.0003 (  0.4%)   0.0001 (  0.4%)   0.0004 (  0.4%)   0.0004 (  0.4%)  Machine Copy Propagation Pass
   0.0004 (  0.4%)   0.0001 (  0.3%)   0.0004 (  0.4%)   0.0004 (  0.4%)  Unnamed pass: implement Pass::getPassName() #2
   0.0003 (  0.4%)   0.0001 (  0.4%)   0.0004 (  0.4%)   0.0004 (  0.4%)  Machine code sinking
   0.0003 (  0.4%)   0.0001 (  0.4%)   0.0004 (  0.4%)   0.0004 (  0.4%)  Peephole Optimizations
   0.0003 (  0.3%)   0.0001 (  0.4%)   0.0004 (  0.3%)   0.0004 (  0.3%)  Prologue/Epilogue Insertion & Frame Finalization
   0.0003 (  0.3%)   0.0001 (  0.3%)   0.0004 (  0.3%)   0.0004 (  0.3%)  Early Machine Loop Invariant Code Motion
   0.0003 (  0.3%)   0.0001 (  0.3%)   0.0004 (  0.3%)   0.0003 (  0.3%)  Virtual Register Rewriter
   0.0003 (  0.3%)   0.0001 (  0.3%)   0.0003 (  0.3%)   0.0003 (  0.3%)  LoopSimplifyPass
   0.0003 (  0.4%)   0.0000 (  0.1%)   0.0003 (  0.3%)   0.0003 (  0.3%)  Branch Probability Basic Block Placement
   0.0003 (  0.4%)   0.0000 (  0.1%)   0.0003 (  0.3%)   0.0003 (  0.3%)  VerifierPass
   0.0003 (  0.3%)   0.0000 (  0.2%)   0.0003 (  0.3%)   0.0003 (  0.3%)  LCSSAPass
   0.0003 (  0.4%)   0.0000 (  0.0%)   0.0003 (  0.3%)   0.0003 (  0.3%)  LoopFullUnrollPass
   0.0003 (  0.3%)   0.0000 (  0.1%)   0.0003 (  0.3%)   0.0003 (  0.3%)  Control Flow Optimizer
   0.0002 (  0.3%)   0.0001 (  0.4%)   0.0003 (  0.3%)   0.0003 (  0.3%)  ReassociatePass
   0.0002 (  0.3%)   0.0000 (  0.2%)   0.0003 (  0.3%)   0.0003 (  0.3%)  Machine Copy Propagation Pass #2
   0.0001 (  0.2%)   0.0001 (  0.6%)   0.0003 (  0.3%)   0.0003 (  0.3%)  Machine Natural Loop Construction #3
   0.0002 (  0.3%)   0.0000 (  0.2%)   0.0003 (  0.3%)   0.0003 (  0.3%)  MemCpyOptPass
   0.0002 (  0.3%)   0.0000 (  0.2%)   0.0003 (  0.3%)   0.0003 (  0.3%)  BDCEPass
   0.0002 (  0.3%)   0.0000 (  0.2%)   0.0003 (  0.3%)   0.0003 (  0.3%)  ADCEPass
   0.0002 (  0.2%)   0.0001 (  0.3%)   0.0003 (  0.3%)   0.0003 (  0.3%)  Live Range Shrink
   0.0003 (  0.3%)   0.0000 (  0.0%)   0.0003 (  0.2%)   0.0003 (  0.2%)  GlobalOptPass
   0.0002 (  0.3%)   0.0000 (  0.2%)   0.0002 (  0.2%)   0.0002 (  0.2%)  TailCallElimPass
   0.0002 (  0.3%)   0.0000 (  0.0%)   0.0002 (  0.2%)   0.0002 (  0.2%)  InferAlignmentPass
   0.0002 (  0.3%)   0.0000 (  0.0%)   0.0002 (  0.2%)   0.0002 (  0.2%)  InstSimplifyPass
   0.0001 (  0.2%)   0.0001 (  0.5%)   0.0002 (  0.2%)   0.0002 (  0.2%)  Slot index numbering #2
   0.0001 (  0.1%)   0.0001 (  0.4%)   0.0002 (  0.2%)   0.0002 (  0.2%)  Dominator Tree Construction #2
   0.0001 (  0.1%)   0.0001 (  0.5%)   0.0002 (  0.2%)   0.0002 (  0.2%)  LoopInstSimplifyPass
   0.0002 (  0.2%)   0.0000 (  0.1%)   0.0002 (  0.2%)   0.0002 (  0.2%)  X86 Execution Dependency Fix
   0.0001 (  0.1%)   0.0001 (  0.5%)   0.0002 (  0.2%)   0.0002 (  0.2%)  MachineDominator Tree Construction #5
   0.0002 (  0.2%)   0.0000 (  0.2%)   0.0002 (  0.2%)   0.0002 (  0.2%)  Natural Loop Information
   0.0001 (  0.1%)   0.0001 (  0.4%)   0.0002 (  0.2%)   0.0002 (  0.2%)  LoopSimplifyCFGPass
   0.0002 (  0.2%)   0.0001 (  0.2%)   0.0002 (  0.2%)   0.0002 (  0.2%)  Remove dead machine instructions
   0.0001 (  0.2%)   0.0001 (  0.2%)   0.0002 (  0.2%)   0.0002 (  0.2%)  X86 Byte/Word Instruction Fixup
   0.0002 (  0.2%)   0.0000 (  0.2%)   0.0002 (  0.2%)   0.0002 (  0.2%)  AggressiveInstCombinePass
   0.0002 (  0.2%)   0.0000 (  0.1%)   0.0002 (  0.2%)   0.0002 (  0.2%)  Merge disjoint stack slots
   0.0002 (  0.2%)   0.0000 (  0.2%)   0.0002 (  0.2%)   0.0002 (  0.2%)  Machine Late Instructions Cleanup Pass
   0.0001 (  0.1%)   0.0001 (  0.4%)   0.0002 (  0.2%)   0.0002 (  0.2%)  Scalar Evolution Analysis
   0.0001 (  0.1%)   0.0001 (  0.3%)   0.0002 (  0.2%)   0.0002 (  0.2%)  Eliminate PHI nodes for register allocation
   0.0001 (  0.1%)   0.0001 (  0.3%)   0.0002 (  0.2%)   0.0002 (  0.2%)  Constant Hoisting
   0.0001 (  0.2%)   0.0000 (  0.1%)   0.0002 (  0.2%)   0.0002 (  0.2%)  VectorCombinePass
   0.0001 (  0.1%)   0.0001 (  0.4%)   0.0002 (  0.2%)   0.0002 (  0.2%)  Greedy Register Allocator
   0.0001 (  0.1%)   0.0000 (  0.2%)   0.0002 (  0.2%)   0.0002 (  0.1%)  Remove dead machine instructions #2
   0.0001 (  0.1%)   0.0001 (  0.3%)   0.0002 (  0.1%)   0.0001 (  0.1%)  Machine Block Frequency Analysis #3
   0.0001 (  0.1%)   0.0000 (  0.1%)   0.0002 (  0.1%)   0.0001 (  0.1%)  Shrink Wrapping analysis
   0.0001 (  0.2%)   0.0000 (  0.0%)   0.0001 (  0.1%)   0.0001 (  0.1%)  CalledValuePropagationPass
   0.0001 (  0.1%)   0.0000 (  0.2%)   0.0001 (  0.1%)   0.0001 (  0.1%)  Machine InstCombiner
   0.0001 (  0.1%)   0.0000 (  0.2%)   0.0001 (  0.1%)   0.0001 (  0.1%)  BreakFalseDeps
   0.0001 (  0.1%)   0.0000 (  0.2%)   0.0001 (  0.1%)   0.0001 (  0.1%)  Finalize ISel and expand pseudo-instructions
   0.0001 (  0.1%)   0.0000 (  0.0%)   0.0001 (  0.1%)   0.0001 (  0.1%)  InferFunctionAttrsPass
   0.0001 (  0.1%)   0.0000 (  0.2%)   0.0001 (  0.1%)   0.0001 (  0.1%)  Block Frequency Analysis
   0.0001 (  0.1%)   0.0000 (  0.1%)   0.0001 (  0.1%)   0.0001 (  0.1%)  Live DEBUG_VALUE analysis
   0.0001 (  0.1%)   0.0000 (  0.1%)   0.0001 (  0.1%)   0.0001 (  0.1%)  Machine Block Frequency Analysis #4
   0.0001 (  0.1%)   0.0000 (  0.2%)   0.0001 (  0.1%)   0.0001 (  0.1%)  Branch Probability Analysis
   0.0001 (  0.1%)   0.0000 (  0.1%)   0.0001 (  0.1%)   0.0001 (  0.1%)  Float2IntPass
   0.0001 (  0.1%)   0.0000 (  0.2%)   0.0001 (  0.1%)   0.0001 (  0.1%)  Machine Block Frequency Analysis
   0.0001 (  0.1%)   0.0000 (  0.0%)   0.0001 (  0.1%)   0.0001 (  0.1%)  LoopDistributePass
   0.0000 (  0.0%)   0.0001 (  0.3%)   0.0001 (  0.1%)   0.0001 (  0.1%)  Live Register Matrix
   0.0001 (  0.1%)   0.0000 (  0.2%)   0.0001 (  0.1%)   0.0001 (  0.1%)  Expand IR instructions
   0.0001 (  0.1%)   0.0000 (  0.1%)   0.0001 (  0.1%)   0.0001 (  0.1%)  Canonicalize natural loops
   0.0001 (  0.1%)   0.0000 (  0.1%)   0.0001 (  0.1%)   0.0001 (  0.1%)  Slot index numbering
   0.0001 (  0.1%)   0.0000 (  0.1%)   0.0001 (  0.1%)   0.0001 (  0.1%)  Machine Loop Invariant Code Motion
   0.0001 (  0.1%)   0.0000 (  0.1%)   0.0001 (  0.1%)   0.0001 (  0.1%)  Machine Dominance Frontier Construction
   0.0001 (  0.1%)   0.0000 (  0.2%)   0.0001 (  0.1%)   0.0001 (  0.1%)  MachineDominator Tree Construction #6
   0.0000 (  0.1%)   0.0000 (  0.2%)   0.0001 (  0.1%)   0.0001 (  0.1%)  X86 LEA Optimize
   0.0000 (  0.1%)   0.0000 (  0.2%)   0.0001 (  0.1%)   0.0001 (  0.1%)  X86 Optimize Call Frame
   0.0000 (  0.1%)   0.0000 (  0.2%)   0.0001 (  0.1%)   0.0001 (  0.1%)  X86 LEA Fixup
   0.0001 (  0.1%)   0.0000 (  0.1%)   0.0001 (  0.1%)   0.0001 (  0.1%)  Free MachineFunction
   0.0000 (  0.1%)   0.0000 (  0.1%)   0.0001 (  0.1%)   0.0001 (  0.1%)  Post-Dominator Tree Construction
   0.0001 (  0.1%)   0.0000 (  0.1%)   0.0001 (  0.1%)   0.0001 (  0.1%)  Machine Block Frequency Analysis #2
   0.0001 (  0.1%)   0.0000 (  0.1%)   0.0001 (  0.1%)   0.0001 (  0.1%)  Post-RA pseudo instruction expansion pass
   0.0001 (  0.1%)   0.0000 (  0.1%)   0.0001 (  0.1%)   0.0001 (  0.1%)  LibCallsShrinkWrapPass
   0.0000 (  0.1%)   0.0000 (  0.1%)   0.0001 (  0.1%)   0.0001 (  0.1%)  Machine Natural Loop Construction #2
   0.0001 (  0.1%)   0.0000 (  0.1%)   0.0001 (  0.1%)   0.0001 (  0.1%)  MachineDominator Tree Construction
   0.0001 (  0.1%)   0.0000 (  0.1%)   0.0001 (  0.1%)   0.0001 (  0.1%)  Early Tail Duplication
   0.0000 (  0.0%)   0.0000 (  0.2%)   0.0001 (  0.1%)   0.0001 (  0.1%)  Partially inline calls to library functions
   0.0001 (  0.1%)   0.0000 (  0.1%)   0.0001 (  0.1%)   0.0001 (  0.1%)  X86 Fixup Vector Constants
   0.0000 (  0.0%)   0.0000 (  0.1%)   0.0001 (  0.1%)   0.0001 (  0.1%)  MachinePostDominator Tree Construction
   0.0001 (  0.1%)   0.0000 (  0.1%)   0.0001 (  0.1%)   0.0001 (  0.1%)  PostRA Machine Sink
   0.0000 (  0.1%)   0.0000 (  0.1%)   0.0001 (  0.1%)   0.0001 (  0.1%)  Machine Trace Metrics
   0.0000 (  0.0%)   0.0000 (  0.2%)   0.0001 (  0.1%)   0.0001 (  0.1%)  Init Undef Pass
   0.0001 (  0.1%)   0.0000 (  0.0%)   0.0001 (  0.1%)   0.0001 (  0.1%)  RequireAnalysisPass<llvm::GlobalsAA, llvm::Module, llvm::AnalysisManager<Module>>
   0.0000 (  0.1%)   0.0000 (  0.1%)   0.0001 (  0.1%)   0.0001 (  0.1%)  X86 Fixup SetCC
   0.0000 (  0.1%)   0.0000 (  0.1%)   0.0001 (  0.1%)   0.0001 (  0.1%)  Machine Natural Loop Construction
   0.0000 (  0.0%)   0.0000 (  0.1%)   0.0001 (  0.1%)   0.0001 (  0.1%)  Cycle Info Analysis
   0.0000 (  0.1%)   0.0000 (  0.1%)   0.0001 (  0.1%)   0.0001 (  0.1%)  Stack Slot Coloring
   0.0000 (  0.0%)   0.0000 (  0.2%)   0.0001 (  0.1%)   0.0001 (  0.1%)  Live Stack Slot Analysis
   0.0001 (  0.1%)   0.0000 (  0.0%)   0.0001 (  0.1%)   0.0001 (  0.1%)  Machine Block Frequency Analysis #5
   0.0001 (  0.1%)   0.0000 (  0.1%)   0.0001 (  0.1%)   0.0001 (  0.1%)  Branch Probability Analysis #3
   0.0000 (  0.0%)   0.0000 (  0.1%)   0.0001 (  0.1%)   0.0001 (  0.1%)  Bundle Machine CFG Edges
   0.0000 (  0.0%)   0.0000 (  0.1%)   0.0001 (  0.1%)   0.0001 (  0.1%)  Debug Variable Analysis
   0.0000 (  0.1%)   0.0000 (  0.0%)   0.0001 (  0.1%)   0.0001 (  0.1%)  X86 pseudo instruction expansion pass
   0.0000 (  0.0%)   0.0000 (  0.1%)   0.0001 (  0.1%)   0.0001 (  0.1%)  Natural Loop Information #2
   0.0000 (  0.0%)   0.0000 (  0.1%)   0.0001 (  0.1%)   0.0001 (  0.1%)  X86 cmov Conversion
   0.0000 (  0.0%)   0.0000 (  0.1%)   0.0001 (  0.1%)   0.0001 (  0.1%)  Virtual Register Map
   0.0000 (  0.1%)   0.0000 (  0.1%)   0.0001 (  0.1%)   0.0001 (  0.1%)  MachinePostDominator Tree Construction #2
   0.0001 (  0.1%)   0.0000 (  0.0%)   0.0001 (  0.1%)   0.0001 (  0.1%)  CGProfilePass
   0.0000 (  0.0%)   0.0000 (  0.1%)   0.0001 (  0.1%)   0.0001 (  0.1%)  Spill Code Placement Analysis
   0.0000 (  0.0%)   0.0000 (  0.1%)   0.0001 (  0.1%)   0.0001 (  0.1%)  RequireAnalysisPass<llvm::ShouldNotRunFunctionPassesAnalysis, llvm::Function, llvm::AnalysisManager<Function>>
   0.0000 (  0.0%)   0.0000 (  0.1%)   0.0001 (  0.1%)   0.0001 (  0.1%)  Block Frequency Analysis #2
   0.0000 (  0.0%)   0.0000 (  0.2%)   0.0001 (  0.1%)   0.0001 (  0.1%)  Remove unreachable machine basic blocks
   0.0000 (  0.0%)   0.0000 (  0.1%)   0.0000 (  0.0%)   0.0001 (  0.1%)  X86 Fixup Inst Tuning
   0.0001 (  0.1%)   0.0000 (  0.0%)   0.0001 (  0.1%)   0.0001 (  0.1%)  RecomputeGlobalsAAPass
   0.0000 (  0.0%)   0.0000 (  0.1%)   0.0001 (  0.1%)   0.0001 (  0.1%)  Interleaved Access Pass
   0.0000 (  0.0%)   0.0000 (  0.1%)   0.0001 (  0.1%)   0.0001 (  0.1%)  Machine Cycle Info Analysis
   0.0000 (  0.0%)   0.0000 (  0.1%)   0.0001 (  0.0%)   0.0001 (  0.1%)  Branch Probability Analysis #2
   0.0001 (  0.1%)   0.0000 (  0.0%)   0.0001 (  0.1%)   0.0001 (  0.1%)  GlobalDCEPass
   0.0001 (  0.1%)   0.0000 (  0.0%)   0.0001 (  0.1%)   0.0001 (  0.1%)  Basic Alias Analysis (stateless AA impl)
   0.0000 (  0.0%)   0.0000 (  0.1%)   0.0001 (  0.1%)   0.0001 (  0.1%)  Remove unreachable blocks from the CFG
   0.0000 (  0.1%)   0.0000 (  0.0%)   0.0000 (  0.0%)   0.0001 (  0.1%)  Dominator Tree Construction
   0.0000 (  0.0%)   0.0000 (  0.1%)   0.0001 (  0.0%)   0.0001 (  0.1%)  Expand reduction intrinsics
   0.0000 (  0.1%)   0.0000 (  0.0%)   0.0000 (  0.0%)   0.0001 (  0.1%)  CallSiteSplittingPass
   0.0000 (  0.0%)   0.0000 (  0.1%)   0.0001 (  0.1%)   0.0001 (  0.1%)  Post-Dominator Tree Construction #3
   0.0000 (  0.0%)   0.0000 (  0.1%)   0.0001 (  0.1%)   0.0001 (  0.1%)  Machine Natural Loop Construction #4
   0.0000 (  0.0%)   0.0000 (  0.1%)   0.0000 (  0.0%)   0.0001 (  0.0%)  DFAJumpThreadingPass
   0.0000 (  0.0%)   0.0000 (  0.1%)   0.0001 (  0.1%)   0.0001 (  0.0%)  MachineDominator Tree Construction #7
   0.0000 (  0.0%)   0.0000 (  0.1%)   0.0000 (  0.0%)   0.0000 (  0.0%)  MachineDominator Tree Construction #2
   0.0000 (  0.0%)   0.0000 (  0.1%)   0.0000 (  0.0%)   0.0000 (  0.0%)  Tail Duplication
   0.0001 (  0.1%)   0.0000 (  0.0%)   0.0001 (  0.1%)   0.0000 (  0.0%)  LowerExpectIntrinsicPass
   0.0000 (  0.0%)   0.0000 (  0.1%)   0.0001 (  0.0%)   0.0000 (  0.0%)  Replace intrinsics with calls to vector library
   0.0000 (  0.0%)   0.0000 (  0.1%)   0.0000 (  0.0%)   0.0000 (  0.0%)  Natural Loop Information #4
   0.0000 (  0.0%)   0.0000 (  0.1%)   0.0000 (  0.0%)   0.0000 (  0.0%)  Machine Optimization Remark Emitter
   0.0000 (  0.0%)   0.0000 (  0.0%)   0.0000 (  0.0%)   0.0000 (  0.0%)  MachinePostDominator Tree Construction #3
   0.0000 (  0.0%)   0.0000 (  0.1%)   0.0000 (  0.0%)   0.0000 (  0.0%)  Check CFA info and insert CFI instructions if needed
   0.0000 (  0.0%)   0.0000 (  0.1%)   0.0000 (  0.0%)   0.0000 (  0.0%)  Expand Atomic instructions
   0.0000 (  0.0%)   0.0000 (  0.1%)   0.0000 (  0.0%)   0.0000 (  0.0%)  Lazy Machine Block Frequency Analysis #2
   0.0000 (  0.0%)   0.0000 (  0.1%)   0.0000 (  0.0%)   0.0000 (  0.0%)  Scalarize Masked Memory Intrinsics
   0.0000 (  0.0%)   0.0000 (  0.1%)   0.0000 (  0.0%)   0.0000 (  0.0%)  Cycle Info Analysis #3
   0.0000 (  0.0%)   0.0000 (  0.1%)   0.0000 (  0.0%)   0.0000 (  0.0%)  X86 Avoid Store Forwarding Blocks
   0.0000 (  0.0%)   0.0000 (  0.1%)   0.0000 (  0.0%)   0.0000 (  0.0%)  Bundle Machine CFG Edges #2
   0.0000 (  0.0%)   0.0000 (  0.1%)   0.0000 (  0.0%)   0.0000 (  0.0%)  Exception handling preparation
   0.0000 (  0.0%)   0.0000 (  0.1%)   0.0000 (  0.0%)   0.0000 (  0.0%)  Post-Dominator Tree Construction #2
   0.0000 (  0.1%)   0.0000 (  0.0%)   0.0000 (  0.0%)   0.0000 (  0.0%)  ReversePostOrderFunctionAttrsPass
   0.0000 (  0.0%)   0.0000 (  0.1%)   0.0000 (  0.0%)   0.0000 (  0.0%)  MachineDominator Tree Construction #4
   0.0000 (  0.0%)   0.0000 (  0.1%)   0.0000 (  0.0%)   0.0000 (  0.0%)  Lazy Machine Block Frequency Analysis #10
   0.0000 (  0.0%)   0.0000 (  0.1%)   0.0000 (  0.0%)   0.0000 (  0.0%)  X86 Partial Reduction
   0.0000 (  0.0%)   0.0000 (  0.1%)   0.0000 (  0.0%)   0.0000 (  0.0%)  Lower AMX type for load/store
   0.0000 (  0.0%)   0.0000 (  0.1%)   0.0000 (  0.0%)   0.0000 (  0.0%)  Process Implicit Definitions
   0.0000 (  0.0%)   0.0000 (  0.0%)   0.0000 (  0.0%)   0.0000 (  0.0%)  Function Alias Analysis Results
   0.0000 (  0.0%)   0.0000 (  0.1%)   0.0000 (  0.0%)   0.0000 (  0.0%)  Optimize machine instruction PHIs
   0.0000 (  0.0%)   0.0000 (  0.0%)   0.0000 (  0.0%)   0.0000 (  0.0%)  InvalidateAnalysisPass<llvm::ShouldNotRunFunctionPassesAnalysis>
   0.0000 (  0.0%)   0.0000 (  0.1%)   0.0000 (  0.0%)   0.0000 (  0.0%)  CoroAnnotationElidePass
   0.0000 (  0.0%)   0.0000 (  0.1%)   0.0000 (  0.0%)   0.0000 (  0.0%)  Lazy Branch Probability Analysis #2
   0.0000 (  0.0%)   0.0000 (  0.1%)   0.0000 (  0.0%)   0.0000 (  0.0%)  Assignment Tracking Analysis
   0.0000 (  0.0%)   0.0000 (  0.0%)   0.0000 (  0.0%)   0.0000 (  0.0%)  WarnMissedTransformationsPass
   0.0000 (  0.0%)   0.0000 (  0.1%)   0.0000 (  0.0%)   0.0000 (  0.0%)  Natural Loop Information #3
   0.0000 (  0.0%)   0.0000 (  0.1%)   0.0000 (  0.0%)   0.0000 (  0.0%)  Machine Optimization Remark Emitter #2
   0.0000 (  0.0%)   0.0000 (  0.1%)   0.0000 (  0.0%)   0.0000 (  0.0%)  Early If-Conversion
   0.0000 (  0.0%)   0.0000 (  0.1%)   0.0000 (  0.0%)   0.0000 (  0.0%)  Tile Register Configure
   0.0000 (  0.0%)   0.0000 (  0.0%)   0.0000 (  0.0%)   0.0000 (  0.0%)  LowerConstantIntrinsicsPass
   0.0000 (  0.0%)   0.0000 (  0.1%)   0.0000 (  0.0%)   0.0000 (  0.0%)  Lazy Machine Block Frequency Analysis #4
   0.0000 (  0.0%)   0.0000 (  0.0%)   0.0000 (  0.0%)   0.0000 (  0.0%)  DropUnnecessaryAssumesPass
   0.0000 (  0.0%)   0.0000 (  0.1%)   0.0000 (  0.0%)   0.0000 (  0.0%)  Lazy Block Frequency Analysis #2
   0.0000 (  0.0%)   0.0000 (  0.0%)   0.0000 (  0.0%)   0.0000 (  0.0%)  Lazy Machine Block Frequency Analysis #8
   0.0000 (  0.0%)   0.0000 (  0.1%)   0.0000 (  0.0%)   0.0000 (  0.0%)  Local Dynamic TLS Access Clean-up
   0.0000 (  0.0%)   0.0000 (  0.0%)   0.0000 (  0.0%)   0.0000 (  0.0%)  ExpandMemCmpPass
   0.0000 (  0.0%)   0.0000 (  0.1%)   0.0000 (  0.0%)   0.0000 (  0.0%)  Shadow Stack GC Lowering
   0.0000 (  0.0%)   0.0000 (  0.0%)   0.0000 (  0.0%)   0.0000 (  0.0%)  JumpTableToSwitchPass
   0.0000 (  0.0%)   0.0000 (  0.1%)   0.0000 (  0.0%)   0.0000 (  0.0%)  MachineDominator Tree Construction #3
   0.0000 (  0.0%)   0.0000 (  0.1%)   0.0000 (  0.0%)   0.0000 (  0.0%)  Insert stack protectors
   0.0000 (  0.0%)   0.0000 (  0.0%)   0.0000 (  0.0%)   0.0000 (  0.0%)  Post RA top-down list latency scheduler
   0.0000 (  0.0%)   0.0000 (  0.1%)   0.0000 (  0.0%)   0.0000 (  0.0%)  Basic Alias Analysis (stateless AA impl) #2
   0.0000 (  0.0%)   0.0000 (  0.0%)   0.0000 (  0.0%)   0.0000 (  0.0%)  ArgumentPromotionPass
   0.0000 (  0.0%)   0.0000 (  0.1%)   0.0000 (  0.0%)   0.0000 (  0.0%)  X86 EFLAGS copy lowering
   0.0000 (  0.0%)   0.0000 (  0.0%)   0.0000 (  0.0%)   0.0000 (  0.0%)  Insert XRay ops
   0.0000 (  0.0%)   0.0000 (  0.0%)   0.0000 (  0.0%)   0.0000 (  0.0%)  AllocTokenPass
   0.0000 (  0.0%)   0.0000 (  0.1%)   0.0000 (  0.0%)   0.0000 (  0.0%)  Tile Register Pre-configure
   0.0000 (  0.0%)   0.0000 (  0.1%)   0.0000 (  0.0%)   0.0000 (  0.0%)  Cycle Info Analysis #2
   0.0000 (  0.0%)   0.0000 (  0.1%)   0.0000 (  0.0%)   0.0000 (  0.0%)  X86 Domain Reassignment Pass
   0.0000 (  0.0%)   0.0000 (  0.1%)   0.0000 (  0.0%)   0.0000 (  0.0%)  Stack Frame Layout Analysis
   0.0000 (  0.0%)   0.0000 (  0.0%)   0.0000 (  0.0%)   0.0000 (  0.0%)  Unpack machine instruction bundles
   0.0000 (  0.0%)   0.0000 (  0.1%)   0.0000 (  0.0%)   0.0000 (  0.0%)  Argument Stack Rebase
   0.0000 (  0.0%)   0.0000 (  0.1%)   0.0000 (  0.0%)   0.0000 (  0.0%)  X86 speculative load hardening
   0.0000 (  0.0%)   0.0000 (  0.0%)   0.0000 (  0.0%)   0.0000 (  0.0%)  Compressing EVEX instrs when possible
   0.0000 (  0.0%)   0.0000 (  0.0%)   0.0000 (  0.0%)   0.0000 (  0.0%)  ObjC ARC contraction
   0.0000 (  0.0%)   0.0000 (  0.0%)   0.0000 (  0.0%)   0.0000 (  0.0%)  Instrument function entry/exit with calls to e.g. mcount() (post inlining)
   0.0000 (  0.0%)   0.0000 (  0.1%)   0.0000 (  0.0%)   0.0000 (  0.0%)  Lazy Branch Probability Analysis
   0.0000 (  0.0%)   0.0000 (  0.0%)   0.0000 (  0.0%)   0.0000 (  0.0%)  Fixup Statepoint Caller Saved
   0.0000 (  0.0%)   0.0000 (  0.0%)   0.0000 (  0.0%)   0.0000 (  0.0%)  Remove Loads Into Fake Uses
   0.0000 (  0.0%)   0.0000 (  0.0%)   0.0000 (  0.0%)   0.0000 (  0.0%)  X86 Atom pad short functions
   0.0000 (  0.0%)   0.0000 (  0.0%)   0.0000 (  0.0%)   0.0000 (  0.0%)  Insert fentry calls
   0.0000 (  0.0%)   0.0000 (  0.0%)   0.0000 (  0.0%)   0.0000 (  0.0%)  InjectTLIMappings
   0.0000 (  0.0%)   0.0000 (  0.0%)   0.0000 (  0.0%)   0.0000 (  0.0%)  X86 Indirect Branch Tracking
   0.0000 (  0.0%)   0.0000 (  0.1%)   0.0000 (  0.0%)   0.0000 (  0.0%)  Detect Dead Lanes
   0.0000 (  0.0%)   0.0000 (  0.0%)   0.0000 (  0.0%)   0.0000 (  0.0%)  Local Stack Slot Allocation
   0.0000 (  0.0%)   0.0000 (  0.0%)   0.0000 (  0.0%)   0.0000 (  0.0%)  X86 Indirect Thunks
   0.0000 (  0.0%)   0.0000 (  0.0%)   0.0000 (  0.0%)   0.0000 (  0.0%)  Insert KCFI indirect call checks
   0.0000 (  0.0%)   0.0000 (  0.0%)   0.0000 (  0.0%)   0.0000 (  0.0%)  X86 PIC Global Base Reg Initialization
   0.0000 (  0.0%)   0.0000 (  0.0%)   0.0000 (  0.0%)   0.0000 (  0.0%)  Expand indirectbr instructions
   0.0000 (  0.0%)   0.0000 (  0.1%)   0.0000 (  0.0%)   0.0000 (  0.0%)  X86 DynAlloca Expander
   0.0000 (  0.0%)   0.0000 (  0.0%)   0.0000 (  0.0%)   0.0000 (  0.0%)  StackMap Liveness Analysis
   0.0000 (  0.0%)   0.0000 (  0.0%)   0.0000 (  0.0%)   0.0000 (  0.0%)  PromotePass
   0.0000 (  0.0%)   0.0000 (  0.0%)   0.0000 (  0.0%)   0.0000 (  0.0%)  Machine Sanitizer Binary Metadata
   0.0000 (  0.0%)   0.0000 (  0.1%)   0.0000 (  0.0%)   0.0000 (  0.0%)  Register Allocation Pass Scoring
   0.0000 (  0.0%)   0.0000 (  0.0%)   0.0000 (  0.0%)   0.0000 (  0.0%)  Implement the 'patchable-function' attribute
   0.0000 (  0.0%)   0.0000 (  0.1%)   0.0000 (  0.0%)   0.0000 (  0.0%)  Rename Disconnected Subregister Components
   0.0000 (  0.0%)   0.0000 (  0.0%)   0.0000 (  0.0%)   0.0000 (  0.0%)  DivRemPairsPass
   0.0000 (  0.0%)   0.0000 (  0.0%)   0.0000 (  0.0%)   0.0000 (  0.0%)  X86 Load Value Injection (LVI) Load Hardening
   0.0000 (  0.0%)   0.0000 (  0.0%)   0.0000 (  0.0%)   0.0000 (  0.0%)  MergeICmpsPass
   0.0000 (  0.0%)   0.0000 (  0.0%)   0.0000 (  0.0%)   0.0000 (  0.0%)  X86 Speculative Execution Side Effect Suppression
   0.0000 (  0.0%)   0.0000 (  0.0%)   0.0000 (  0.0%)   0.0000 (  0.0%)  Analyze Machine Code For Garbage Collection
   0.0000 (  0.0%)   0.0000 (  0.1%)   0.0000 (  0.0%)   0.0000 (  0.0%)  CoroSplitPass
   0.0000 (  0.0%)   0.0000 (  0.1%)   0.0000 (  0.0%)   0.0000 (  0.0%)  X86 Suppress APX features for relocation
   0.0000 (  0.0%)   0.0000 (  0.0%)   0.0000 (  0.0%)   0.0000 (  0.0%)  MoveAutoInitPass
   0.0000 (  0.0%)   0.0000 (  0.0%)   0.0000 (  0.0%)   0.0000 (  0.0%)  InvalidateAnalysisPass<llvm::AAManager>
   0.0000 (  0.0%)   0.0000 (  0.0%)   0.0000 (  0.0%)   0.0000 (  0.0%)  Optimization Remark Emitter
   0.0000 (  0.0%)   0.0000 (  0.0%)   0.0000 (  0.0%)   0.0000 (  0.0%)  Safe Stack instrumentation pass
   0.0000 (  0.0%)   0.0000 (  0.0%)   0.0000 (  0.0%)   0.0000 (  0.0%)  X86 FP Stackifier
   0.0000 (  0.0%)   0.0000 (  0.1%)   0.0000 (  0.0%)   0.0000 (  0.0%)  Lazy Machine Block Frequency Analysis
   0.0000 (  0.0%)   0.0000 (  0.0%)   0.0000 (  0.0%)   0.0000 (  0.0%)  MergedLoadStoreMotionPass
   0.0000 (  0.0%)   0.0000 (  0.0%)   0.0000 (  0.0%)   0.0000 (  0.0%)  Prepare inline asm insts
   0.0000 (  0.0%)   0.0000 (  0.0%)   0.0000 (  0.0%)   0.0000 (  0.0%)  X86 Lower Tile Copy
   0.0000 (  0.0%)   0.0000 (  0.1%)   0.0000 (  0.0%)   0.0000 (  0.0%)  Lazy Block Frequency Analysis
   0.0000 (  0.0%)   0.0000 (  0.0%)   0.0000 (  0.0%)   0.0000 (  0.0%)  X86 vzeroupper inserter
   0.0000 (  0.0%)   0.0000 (  0.0%)   0.0000 (  0.0%)   0.0000 (  0.0%)  X86 Load Value Injection (LVI) Ret-Hardening
   0.0000 (  0.0%)   0.0000 (  0.0%)   0.0000 (  0.0%)   0.0000 (  0.0%)  SpeculativeExecutionPass
   0.0000 (  0.0%)   0.0000 (  0.0%)   0.0000 (  0.0%)   0.0000 (  0.0%)  Remove Redundant DEBUG_VALUE analysis
   0.0000 (  0.0%)   0.0000 (  0.0%)   0.0000 (  0.0%)   0.0000 (  0.0%)  X86 insert wait instruction
   0.0000 (  0.0%)   0.0000 (  0.0%)   0.0000 (  0.0%)   0.0000 (  0.0%)  Contiguously Lay Out Funclets
   0.0000 (  0.0%)   0.0000 (  0.0%)   0.0000 (  0.0%)   0.0000 (  0.0%)  Pseudo Probe Inserter
   0.0000 (  0.0%)   0.0000 (  0.0%)   0.0000 (  0.0%)   0.0000 (  0.0%)  X86 Return Thunks
   0.0000 (  0.0%)   0.0000 (  0.0%)   0.0000 (  0.0%)   0.0000 (  0.0%)  Machine Optimization Remark Emitter #3
   0.0000 (  0.0%)   0.0000 (  0.1%)   0.0000 (  0.0%)   0.0000 (  0.0%)  Lower AMX intrinsics
   0.0000 (  0.0%)   0.0000 (  0.1%)   0.0000 (  0.0%)   0.0000 (  0.0%)  Machine Optimization Remark Emitter #4
   0.0000 (  0.0%)   0.0000 (  0.1%)   0.0000 (  0.0%)   0.0000 (  0.0%)  Lazy Machine Block Frequency Analysis #3
   0.0000 (  0.0%)   0.0000 (  0.0%)   0.0000 (  0.0%)   0.0000 (  0.0%)  Lazy Machine Block Frequency Analysis #6
   0.0000 (  0.0%)   0.0000 (  0.0%)   0.0000 (  0.0%)   0.0000 (  0.0%)  Lazy Machine Block Frequency Analysis #5
   0.0000 (  0.0%)   0.0000 (  0.0%)   0.0000 (  0.0%)   0.0000 (  0.0%)  Lazy Machine Block Frequency Analysis #7
   0.0000 (  0.0%)   0.0000 (  0.0%)   0.0000 (  0.0%)   0.0000 (  0.0%)  Lower Garbage Collection Instructions
   0.0000 (  0.0%)   0.0000 (  0.0%)   0.0000 (  0.0%)   0.0000 (  0.0%)  CoroElidePass
   0.0000 (  0.0%)   0.0000 (  0.0%)   0.0000 (  0.0%)   0.0000 (  0.0%)  Lazy Machine Block Frequency Analysis #9
   0.0000 (  0.0%)   0.0000 (  0.0%)   0.0000 (  0.0%)   0.0000 (  0.0%)  OpenMPOptCGSCCPass
   0.0000 (  0.0%)   0.0000 (  0.0%)   0.0000 (  0.0%)   0.0000 (  0.0%)  AlignmentFromAssumptionsPass
   0.0000 (  0.0%)   0.0000 (  0.0%)   0.0000 (  0.0%)   0.0000 (  0.0%)  Pre-ISel Intrinsic Lowering
   0.0000 (  0.0%)   0.0000 (  0.0%)   0.0000 (  0.0%)   0.0000 (  0.0%)  EntryExitInstrumenterPass
   0.0000 (  0.0%)   0.0000 (  0.0%)   0.0000 (  0.0%)   0.0000 (  0.0%)  ControlHeightReductionPass
   0.0000 (  0.0%)   0.0000 (  0.0%)   0.0000 (  0.0%)   0.0000 (  0.0%)  AlwaysInlinerPass
   0.0000 (  0.0%)   0.0000 (  0.0%)   0.0000 (  0.0%)   0.0000 (  0.0%)  LoopSinkPass
   0.0000 (  0.0%)   0.0000 (  0.0%)   0.0000 (  0.0%)   0.0000 (  0.0%)  MemProfRemoveInfo
   0.0000 (  0.0%)   0.0000 (  0.0%)   0.0000 (  0.0%)   0.0000 (  0.0%)  AnnotationRemarksPass
   0.0000 (  0.0%)   0.0000 (  0.0%)   0.0000 (  0.0%)   0.0000 (  0.0%)  AssignmentTrackingPass
   0.0000 (  0.0%)   0.0000 (  0.0%)   0.0000 (  0.0%)   0.0000 (  0.0%)  Create Garbage Collector Module Metadata
   0.0000 (  0.0%)   0.0000 (  0.0%)   0.0000 (  0.0%)   0.0000 (  0.0%)  Target Library Information
   0.0000 (  0.0%)   0.0000 (  0.0%)   0.0000 (  0.0%)   0.0000 (  0.0%)  DeadArgumentEliminationPass
   0.0000 (  0.0%)   0.0000 (  0.0%)   0.0000 (  0.0%)   0.0000 (  0.0%)  ConstantMergePass
   0.0000 (  0.0%)   0.0000 (  0.0%)   0.0000 (  0.0%)   0.0000 (  0.0%)  Assumption Cache Tracker
   0.0000 (  0.0%)   0.0000 (  0.0%)   0.0000 (  0.0%)   0.0000 (  0.0%)  CoroEarlyPass
   0.0000 (  0.0%)   0.0000 (  0.0%)   0.0000 (  0.0%)   0.0000 (  0.0%)  RelLookupTableConverterPass
   0.0000 (  0.0%)   0.0000 (  0.0%)   0.0000 (  0.0%)   0.0000 (  0.0%)  Annotation2MetadataPass
   0.0000 (  0.0%)   0.0000 (  0.0%)   0.0000 (  0.0%)   0.0000 (  0.0%)  CoroCleanupPass
   0.0000 (  0.0%)   0.0000 (  0.0%)   0.0000 (  0.0%)   0.0000 (  0.0%)  EliminateAvailableExternallyPass
   0.0000 (  0.0%)   0.0000 (  0.0%)   0.0000 (  0.0%)   0.0000 (  0.0%)  ForceFunctionAttrsPass
   0.0000 (  0.0%)   0.0000 (  0.0%)   0.0000 (  0.0%)   0.0000 (  0.0%)  OpenMPOptPass
   0.0000 (  0.0%)   0.0000 (  0.0%)   0.0000 (  0.0%)   0.0000 (  0.0%)  RequireAnalysisPass<llvm::ProfileSummaryAnalysis, llvm::Module, llvm::AnalysisManager<Module>>
   0.0000 (  0.0%)   0.0000 (  0.0%)   0.0000 (  0.0%)   0.0000 (  0.0%)  LowerCommentStringPass
   0.0000 (  0.0%)   0.0000 (  0.0%)   0.0000 (  0.0%)   0.0000 (  0.0%)  Default Regalloc Priority Advisor
   0.0000 (  0.0%)   0.0000 (  0.0%)   0.0000 (  0.0%)   0.0000 (  0.0%)  Library Function Lowering Analysis
   0.0000 (  0.0%)   0.0000 (  0.0%)   0.0000 (  0.0%)   0.0000 (  0.0%)  Target Pass Configuration
   0.0000 (  0.0%)   0.0000 (  0.0%)   0.0000 (  0.0%)   0.0000 (  0.0%)  Scoped NoAlias Alias Analysis
   0.0000 (  0.0%)   0.0000 (  0.0%)   0.0000 (  0.0%)   0.0000 (  0.0%)  Machine Branch Probability Analysis
   0.0000 (  0.0%)   0.0000 (  0.0%)   0.0000 (  0.0%)   0.0000 (  0.0%)  Default Regalloc Eviction Advisor
   0.0000 (  0.0%)   0.0000 (  0.0%)   0.0000 (  0.0%)   0.0000 (  0.0%)  Target Transform Information
   0.0000 (  0.0%)   0.0000 (  0.0%)   0.0000 (  0.0%)   0.0000 (  0.0%)  Type-Based Alias Analysis
   0.0000 (  0.0%)   0.0000 (  0.0%)   0.0000 (  0.0%)   0.0000 (  0.0%)  Profile summary info
   0.0820 (100.0%)   0.0223 (100.0%)   0.1043 (100.0%)   0.1044 (100.0%)  Total

===-------------------------------------------------------------------------===
                               Clang time report
===-------------------------------------------------------------------------===
  Total Execution Time: 0.7247 seconds (0.7070 wall clock)

   ---User Time---   --System Time--   --User+System--   ---Wall Time---  --- Name ---
   0.5756 ( 86.0%)   0.0255 ( 46.3%)   0.6011 ( 82.9%)   0.5834 ( 82.5%)  Front end
   0.0514 (  7.7%)   0.0224 ( 40.6%)   0.0737 ( 10.2%)   0.0737 ( 10.4%)  Machine code generation
   0.0427 (  6.4%)   0.0072 ( 13.0%)   0.0499 (  6.9%)   0.0499 (  7.1%)  Optimizer
   0.6696 (100.0%)   0.0550 (100.0%)   0.7247 (100.0%)   0.7070 (100.0%)  Total

