COMMAND: /root/llvm-project/build/bin/clang-24 --gcc-install-dir=/usr/lib/gcc/x86_64-linux-gnu/13 -x hip --hip-path=/opt/rocm-7.0.2 --offload-arch=gfx90a --rocm-device-lib-path=/opt/rocm-7.0.2/core-7.14/lib/llvm/amdgcn/bitcode -D__AMDGCN_WAVEFRONT_SIZE=64 -I/root/polybenchGpu/CUDA/GRAMSCHM -std=c++17 -O3 -ftime-report -mllvm -time-passes -c /root/polybenchGpu/HIP/GRAMSCHM/gramschmidt.hip.cpp -I/root/polybenchGpu -I/root/polybenchGpu/HIP/GRAMSCHM -o /root/polybench-gpu-audit/temp/multiarch-hip-multi-j1/HIP_GRAMSCHM_gramschmidt.hip.cpp.og.gfx90a.o

SAMPLES (wall seconds): ['1.4474', '1.4501', '1.4457', '1.4813', '1.4550', '1.4541', '1.4322', '1.4519']

STDOUT (last sample):

STDERR (last sample):
/root/polybenchGpu/HIP/GRAMSCHM/gramschmidt.hip.cpp:118:2: warning: ignoring return value of type 'hipError_t' declared with 'nodiscard' attribute [-Wunused-value]
  118 |         hipGetDeviceProperties(&deviceProp, GPU_DEVICE);
      |         ^~~~~~~~~~~~~~~~~~~~~~~~~~~~~~~~~~~~~~~~~~~~~~~
/opt/rocm-7.0.2/include/hip/hip_runtime_api.h:102:32: note: expanded from macro 'hipGetDeviceProperties'
  102 | #define hipGetDeviceProperties hipGetDevicePropertiesR0600
      |                                ^
/root/polybenchGpu/HIP/GRAMSCHM/gramschmidt.hip.cpp:120:2: warning: ignoring return value of type 'hipError_t' declared with 'nodiscard' attribute [-Wunused-value]
  120 |         hipSetDevice( GPU_DEVICE );     
      |         ^~~~~~~~~~~~~~~~~~~~~~~~~~
/root/polybenchGpu/HIP/GRAMSCHM/gramschmidt.hip.cpp:186:2: warning: ignoring return value of type 'hipError_t' declared with 'nodiscard' attribute [-Wunused-value]
  186 |         hipMalloc((void **)&A_gpu, sizeof(DATA_TYPE) * NI * NJ);
      |         ^~~~~~~~~~~~~~~~~~~~~~~~~~~~~~~~~~~~~~~~~~~~~~~~~~~~~~~
/root/polybenchGpu/HIP/GRAMSCHM/gramschmidt.hip.cpp:187:2: warning: ignoring return value of type 'hipError_t' declared with 'nodiscard' attribute [-Wunused-value]
  187 |         hipMalloc((void **)&R_gpu, sizeof(DATA_TYPE) * NJ * NJ);
      |         ^~~~~~~~~~~~~~~~~~~~~~~~~~~~~~~~~~~~~~~~~~~~~~~~~~~~~~~
/root/polybenchGpu/HIP/GRAMSCHM/gramschmidt.hip.cpp:188:2: warning: ignoring return value of type 'hipError_t' declared with 'nodiscard' attribute [-Wunused-value]
  188 |         hipMalloc((void **)&Q_gpu, sizeof(DATA_TYPE) * NI * NJ);
      |         ^~~~~~~~~~~~~~~~~~~~~~~~~~~~~~~~~~~~~~~~~~~~~~~~~~~~~~~
/root/polybenchGpu/HIP/GRAMSCHM/gramschmidt.hip.cpp:189:2: warning: ignoring return value of type 'hipError_t' declared with 'nodiscard' attribute [-Wunused-value]
  189 |         hipMemcpy(A_gpu, A, sizeof(DATA_TYPE) * NI * NJ, hipMemcpyHostToDevice);
      |         ^~~~~~~~~~~~~~~~~~~~~~~~~~~~~~~~~~~~~~~~~~~~~~~~~~~~~~~~~~~~~~~~~~~~~~~
/root/polybenchGpu/HIP/GRAMSCHM/gramschmidt.hip.cpp:197:3: warning: ignoring return value of type 'hipError_t' declared with 'nodiscard' attribute [-Wunused-value]
  197 |                 hipDeviceSynchronize();
      |                 ^~~~~~~~~~~~~~~~~~~~~~
/root/polybenchGpu/HIP/GRAMSCHM/gramschmidt.hip.cpp:199:3: warning: ignoring return value of type 'hipError_t' declared with 'nodiscard' attribute [-Wunused-value]
  199 |                 hipDeviceSynchronize();
      |                 ^~~~~~~~~~~~~~~~~~~~~~
/root/polybenchGpu/HIP/GRAMSCHM/gramschmidt.hip.cpp:201:3: warning: ignoring return value of type 'hipError_t' declared with 'nodiscard' attribute [-Wunused-value]
  201 |                 hipDeviceSynchronize();
      |                 ^~~~~~~~~~~~~~~~~~~~~~
/root/polybenchGpu/HIP/GRAMSCHM/gramschmidt.hip.cpp:207:2: warning: ignoring return value of type 'hipError_t' declared with 'nodiscard' attribute [-Wunused-value]
  207 |         hipMemcpy(A_outputFromGpu, A_gpu, sizeof(DATA_TYPE) * NI * NJ, hipMemcpyDeviceToHost);    
      |         ^~~~~~~~~~~~~~~~~~~~~~~~~~~~~~~~~~~~~~~~~~~~~~~~~~~~~~~~~~~~~~~~~~~~~~~~~~~~~~~~~~~~~
/root/polybenchGpu/HIP/GRAMSCHM/gramschmidt.hip.cpp:209:2: warning: ignoring return value of type 'hipError_t' declared with 'nodiscard' attribute [-Wunused-value]
  209 |         hipFree(A_gpu);
      |         ^~~~~~~~~~~~~~
/root/polybenchGpu/HIP/GRAMSCHM/gramschmidt.hip.cpp:210:2: warning: ignoring return value of type 'hipError_t' declared with 'nodiscard' attribute [-Wunused-value]
  210 |         hipFree(R_gpu);
      |         ^~~~~~~~~~~~~~
/root/polybenchGpu/HIP/GRAMSCHM/gramschmidt.hip.cpp:211:2: warning: ignoring return value of type 'hipError_t' declared with 'nodiscard' attribute [-Wunused-value]
  211 |         hipFree(Q_gpu);
      |         ^~~~~~~~~~~~~~
13 warnings generated when compiling for gfx90a.
===-------------------------------------------------------------------------===
                        Analysis execution timing report
===-------------------------------------------------------------------------===
  Total Execution Time: 0.0085 seconds (0.0086 wall clock)

   ---User Time---   --System Time--   --User+System--   ---Wall Time---  --- Name ---
   0.0022 ( 29.2%)   0.0000 (  1.5%)   0.0023 ( 26.5%)   0.0023 ( 26.3%)  UniformityInfoAnalysis
   0.0017 ( 21.7%)   0.0001 (  7.1%)   0.0017 ( 20.2%)   0.0017 ( 20.2%)  MemorySSAAnalysis
   0.0010 ( 12.9%)   0.0000 (  0.0%)   0.0010 ( 11.6%)   0.0010 ( 11.6%)  VerifierAnalysis
   0.0001 (  0.8%)   0.0007 ( 76.0%)   0.0007 (  8.3%)   0.0007 (  8.3%)  TargetIRAnalysis
   0.0003 (  4.5%)   0.0000 (  4.3%)   0.0004 (  4.5%)   0.0004 (  4.4%)  DominatorTreeAnalysis
   0.0003 (  3.5%)   0.0000 (  2.2%)   0.0003 (  3.4%)   0.0003 (  3.3%)  LoopAnalysis
   0.0003 (  3.3%)   0.0000 (  1.6%)   0.0003 (  3.1%)   0.0003 (  3.2%)  AAManager
   0.0003 (  3.4%)   0.0000 (  0.1%)   0.0003 (  3.0%)   0.0003 (  3.1%)  BranchProbabilityAnalysis
   0.0003 (  3.4%)   0.0000 (  0.0%)   0.0003 (  3.1%)   0.0003 (  3.1%)  BlockFrequencyAnalysis
   0.0002 (  3.2%)   0.0000 (  0.1%)   0.0002 (  2.9%)   0.0003 (  2.9%)  CycleAnalysis
   0.0002 (  3.2%)   0.0000 (  0.0%)   0.0002 (  2.8%)   0.0002 (  2.8%)  ModuleSummaryIndexAnalysis
   0.0002 (  2.7%)   0.0000 (  0.1%)   0.0002 (  2.4%)   0.0002 (  2.4%)  PostDominatorTreeAnalysis
   0.0001 (  1.8%)   0.0000 (  0.8%)   0.0001 (  1.7%)   0.0001 (  1.7%)  ScalarEvolutionAnalysis
   0.0001 (  0.9%)   0.0000 (  0.5%)   0.0001 (  0.9%)   0.0001 (  0.9%)  BasicAA
   0.0000 (  0.4%)   0.0000 (  0.4%)   0.0000 (  0.4%)   0.0001 (  0.8%)  TargetLibraryAnalysis
   0.0000 (  0.4%)   0.0000 (  3.0%)   0.0001 (  0.7%)   0.0001 (  0.7%)  CallGraphAnalysis
   0.0000 (  0.5%)   0.0000 (  0.1%)   0.0000 (  0.5%)   0.0000 (  0.5%)  LastRunTrackingAnalysis
   0.0000 (  0.5%)   0.0000 (  0.6%)   0.0000 (  0.5%)   0.0000 (  0.5%)  AssumptionAnalysis
   0.0000 (  0.3%)   0.0000 (  0.0%)   0.0000 (  0.2%)   0.0000 (  0.3%)  OptimizationRemarkEmitterAnalysis
   0.0000 (  0.2%)   0.0000 (  0.1%)   0.0000 (  0.2%)   0.0000 (  0.3%)  AMDGPUAA
   0.0000 (  0.3%)   0.0000 (  0.1%)   0.0000 (  0.3%)   0.0000 (  0.3%)  ScopedNoAliasAA
   0.0000 (  0.3%)   0.0000 (  0.2%)   0.0000 (  0.3%)   0.0000 (  0.3%)  OuterAnalysisManagerProxy<ModuleAnalysisManager, Function>
   0.0000 (  0.3%)   0.0000 (  0.0%)   0.0000 (  0.3%)   0.0000 (  0.3%)  FunctionAnalysisManagerCGSCCProxy
   0.0000 (  0.3%)   0.0000 (  0.0%)   0.0000 (  0.3%)   0.0000 (  0.3%)  TypeBasedAA
   0.0000 (  0.3%)   0.0000 (  0.0%)   0.0000 (  0.3%)   0.0000 (  0.3%)  GlobalsAA
   0.0000 (  0.3%)   0.0000 (  0.1%)   0.0000 (  0.3%)   0.0000 (  0.3%)  LazyValueAnalysis
   0.0000 (  0.2%)   0.0000 (  0.2%)   0.0000 (  0.2%)   0.0000 (  0.2%)  LazyCallGraphAnalysis
   0.0000 (  0.2%)   0.0000 (  0.1%)   0.0000 (  0.2%)   0.0000 (  0.2%)  DemandedBitsAnalysis
   0.0000 (  0.2%)   0.0000 (  0.2%)   0.0000 (  0.2%)   0.0000 (  0.2%)  InnerAnalysisManagerProxy<LoopAnalysisManager, Function>
   0.0000 (  0.2%)   0.0000 (  0.0%)   0.0000 (  0.2%)   0.0000 (  0.1%)  EphemeralValuesAnalysis
   0.0000 (  0.2%)   0.0000 (  0.0%)   0.0000 (  0.1%)   0.0000 (  0.1%)  MemoryDependenceAnalysis
   0.0000 (  0.1%)   0.0000 (  0.0%)   0.0000 (  0.1%)   0.0000 (  0.1%)  OuterAnalysisManagerProxy<ModuleAnalysisManager, LazyCallGraph::SCC, LazyCallGraph &>
   0.0000 (  0.1%)   0.0000 (  0.0%)   0.0000 (  0.1%)   0.0000 (  0.1%)  ShouldNotRunFunctionPassesAnalysis
   0.0000 (  0.1%)   0.0000 (  0.4%)   0.0000 (  0.1%)   0.0000 (  0.1%)  LoopAccessAnalysis
   0.0000 (  0.0%)   0.0000 (  0.0%)   0.0000 (  0.0%)   0.0000 (  0.0%)  InnerAnalysisManagerProxy<FunctionAnalysisManager, Module>
   0.0000 (  0.0%)   0.0000 (  0.0%)   0.0000 (  0.0%)   0.0000 (  0.0%)  ProfileSummaryAnalysis
   0.0000 (  0.0%)   0.0000 (  0.0%)   0.0000 (  0.0%)   0.0000 (  0.0%)  InnerAnalysisManagerProxy<CGSCCAnalysisManager, Module>
   0.0000 (  0.0%)   0.0000 (  0.0%)   0.0000 (  0.0%)   0.0000 (  0.0%)  InlineAdvisorAnalysis
   0.0077 (100.0%)   0.0009 (100.0%)   0.0085 (100.0%)   0.0086 (100.0%)  Total

===-------------------------------------------------------------------------===
                          Pass execution timing report
===-------------------------------------------------------------------------===
  Total Execution Time: 0.0806 seconds (0.0805 wall clock)

   ---User Time---   --System Time--   --User+System--   ---Wall Time---  --- Name ---
   0.0197 ( 25.6%)   0.0003 (  6.7%)   0.0199 ( 24.7%)   0.0199 ( 24.7%)  InstCombinePass
   0.0059 (  7.6%)   0.0002 (  6.5%)   0.0061 (  7.6%)   0.0061 (  7.6%)  GVNPass
   0.0055 (  7.1%)   0.0000 (  0.1%)   0.0055 (  6.8%)   0.0055 (  6.8%)  LoopVectorizePass
   0.0049 (  6.4%)   0.0000 (  0.4%)   0.0049 (  6.1%)   0.0049 (  6.1%)  LoopUnrollPass
   0.0028 (  3.6%)   0.0008 ( 22.1%)   0.0036 (  4.5%)   0.0036 (  4.5%)  SimplifyCFGPass
   0.0032 (  4.2%)   0.0000 (  0.3%)   0.0032 (  4.0%)   0.0032 (  4.0%)  InlinerPass
   0.0027 (  3.6%)   0.0000 (  0.1%)   0.0027 (  3.4%)   0.0027 (  3.4%)  CorrelatedValuePropagationPass
   0.0026 (  3.3%)   0.0002 (  4.0%)   0.0027 (  3.4%)   0.0027 (  3.3%)  LICMPass
   0.0025 (  3.3%)   0.0000 (  0.5%)   0.0025 (  3.2%)   0.0025 (  3.2%)  SLPVectorizerPass
   0.0020 (  2.7%)   0.0001 (  2.1%)   0.0021 (  2.6%)   0.0021 (  2.6%)  EarlyCSEPass
   0.0017 (  2.2%)   0.0003 (  8.3%)   0.0020 (  2.5%)   0.0020 (  2.5%)  IndVarSimplifyPass
   0.0020 (  2.6%)   0.0000 (  0.2%)   0.0020 (  2.5%)   0.0020 (  2.5%)  AMDGPUUniformIntrinsicCombinePass
   0.0015 (  2.0%)   0.0005 ( 12.7%)   0.0020 (  2.5%)   0.0020 (  2.5%)  LoopDeletionPass
   0.0017 (  2.2%)   0.0002 (  5.5%)   0.0019 (  2.3%)   0.0019 (  2.3%)  DSEPass
   0.0016 (  2.0%)   0.0000 (  0.0%)   0.0016 (  1.9%)   0.0016 (  1.9%)  BitcodeWriterPass
   0.0014 (  1.9%)   0.0000 (  0.4%)   0.0014 (  1.8%)   0.0014 (  1.8%)  SCCPPass
   0.0012 (  1.6%)   0.0001 (  3.4%)   0.0014 (  1.7%)   0.0014 (  1.7%)  LoopIdiomRecognizePass
   0.0010 (  1.3%)   0.0000 (  0.0%)   0.0010 (  1.3%)   0.0010 (  1.3%)  ReassociatePass
   0.0010 (  1.3%)   0.0000 (  0.0%)   0.0010 (  1.2%)   0.0010 (  1.2%)  VerifierPass
   0.0007 (  0.9%)   0.0001 (  3.3%)   0.0008 (  1.0%)   0.0008 (  1.0%)  LoopFullUnrollPass
   0.0006 (  0.8%)   0.0001 (  2.8%)   0.0007 (  0.9%)   0.0007 (  0.9%)  LCSSAPass
   0.0007 (  0.9%)   0.0000 (  0.0%)   0.0007 (  0.9%)   0.0007 (  0.9%)  BDCEPass
   0.0006 (  0.7%)   0.0001 (  3.0%)   0.0007 (  0.8%)   0.0007 (  0.8%)  LoopSimplifyPass
   0.0007 (  0.8%)   0.0000 (  0.0%)   0.0007 (  0.8%)   0.0007 (  0.8%)  ConstraintEliminationPass
   0.0006 (  0.8%)   0.0000 (  0.1%)   0.0006 (  0.8%)   0.0007 (  0.8%)  AMDGPUPromoteKernelArgumentsPass
   0.0006 (  0.8%)   0.0000 (  0.0%)   0.0006 (  0.7%)   0.0006 (  0.7%)  IPSCCPPass
   0.0006 (  0.7%)   0.0000 (  0.0%)   0.0006 (  0.7%)   0.0006 (  0.7%)  LoopInstSimplifyPass
   0.0004 (  0.6%)   0.0001 (  1.8%)   0.0005 (  0.6%)   0.0005 (  0.6%)  MemCpyOptPass
   0.0005 (  0.7%)   0.0000 (  0.1%)   0.0005 (  0.6%)   0.0005 (  0.6%)  InstSimplifyPass
   0.0004 (  0.6%)   0.0001 (  2.2%)   0.0005 (  0.6%)   0.0005 (  0.6%)  ADCEPass
   0.0005 (  0.6%)   0.0000 (  0.1%)   0.0005 (  0.6%)   0.0005 (  0.6%)  PostOrderFunctionAttrsPass
   0.0004 (  0.6%)   0.0000 (  0.6%)   0.0005 (  0.6%)   0.0005 (  0.6%)  InferAddressSpacesPass
   0.0004 (  0.6%)   0.0000 (  0.1%)   0.0004 (  0.5%)   0.0004 (  0.5%)  InferAlignmentPass
   0.0003 (  0.3%)   0.0002 (  4.7%)   0.0004 (  0.5%)   0.0004 (  0.5%)  SROAPass
   0.0004 (  0.5%)   0.0000 (  0.0%)   0.0004 (  0.5%)   0.0004 (  0.5%)  AggressiveInstCombinePass
   0.0003 (  0.4%)   0.0000 (  0.9%)   0.0004 (  0.4%)   0.0004 (  0.4%)  LoopRotatePass
   0.0003 (  0.4%)   0.0000 (  0.0%)   0.0003 (  0.4%)   0.0003 (  0.4%)  GlobalOptPass
   0.0003 (  0.4%)   0.0000 (  0.1%)   0.0003 (  0.4%)   0.0003 (  0.4%)  TailCallElimPass
   0.0002 (  0.3%)   0.0000 (  0.0%)   0.0002 (  0.3%)   0.0002 (  0.3%)  LoopSimplifyCFGPass
   0.0002 (  0.3%)   0.0000 (  0.0%)   0.0002 (  0.3%)   0.0002 (  0.3%)  AlwaysInlinerPass
   0.0002 (  0.2%)   0.0000 (  0.0%)   0.0002 (  0.2%)   0.0002 (  0.2%)  CalledValuePropagationPass
   0.0002 (  0.2%)   0.0000 (  0.0%)   0.0002 (  0.2%)   0.0002 (  0.2%)  SimpleLoopUnswitchPass
   0.0001 (  0.2%)   0.0000 (  0.4%)   0.0002 (  0.2%)   0.0002 (  0.2%)  VectorCombinePass
   0.0001 (  0.2%)   0.0000 (  0.0%)   0.0001 (  0.2%)   0.0001 (  0.2%)  SpeculativeExecutionPass
   0.0001 (  0.2%)   0.0000 (  0.0%)   0.0001 (  0.2%)   0.0001 (  0.2%)  AMDGPUSimplifyLibCallsPass
   0.0001 (  0.2%)   0.0000 (  0.0%)   0.0001 (  0.1%)   0.0001 (  0.1%)  AMDGPUPromoteAllocaToVectorPass
   0.0001 (  0.1%)   0.0000 (  0.0%)   0.0001 (  0.1%)   0.0001 (  0.1%)  LibCallsShrinkWrapPass
   0.0001 (  0.1%)   0.0000 (  0.8%)   0.0001 (  0.1%)   0.0001 (  0.1%)  LoopDistributePass
   0.0000 (  0.0%)   0.0001 (  2.2%)   0.0001 (  0.1%)   0.0001 (  0.1%)  ReversePostOrderFunctionAttrsPass
   0.0001 (  0.1%)   0.0000 (  0.1%)   0.0001 (  0.1%)   0.0001 (  0.1%)  LoopLoadEliminationPass
   0.0000 (  0.1%)   0.0000 (  0.8%)   0.0001 (  0.1%)   0.0001 (  0.1%)  Float2IntPass
   0.0001 (  0.1%)   0.0000 (  0.0%)   0.0001 (  0.1%)   0.0001 (  0.1%)  WarnMissedTransformationsPass
   0.0001 (  0.1%)   0.0000 (  0.0%)   0.0001 (  0.1%)   0.0001 (  0.1%)  RequireAnalysisPass<llvm::GlobalsAA, llvm::Module, llvm::AnalysisManager<Module>>
   0.0001 (  0.1%)   0.0000 (  0.0%)   0.0001 (  0.1%)   0.0001 (  0.1%)  AMDGPULowerKernelAttributesPass
   0.0001 (  0.1%)   0.0000 (  0.0%)   0.0001 (  0.1%)   0.0001 (  0.1%)  DeadArgumentEliminationPass
   0.0001 (  0.1%)   0.0000 (  0.0%)   0.0001 (  0.1%)   0.0001 (  0.1%)  AMDGPUUseNativeCallsPass
   0.0000 (  0.1%)   0.0000 (  0.0%)   0.0000 (  0.1%)   0.0000 (  0.1%)  InferFunctionAttrsPass
   0.0000 (  0.0%)   0.0000 (  1.1%)   0.0000 (  0.1%)   0.0000 (  0.1%)  RecomputeGlobalsAAPass
   0.0000 (  0.1%)   0.0000 (  0.0%)   0.0000 (  0.0%)   0.0000 (  0.0%)  GlobalDCEPass
   0.0000 (  0.0%)   0.0000 (  0.2%)   0.0000 (  0.0%)   0.0000 (  0.0%)  LowerExpectIntrinsicPass
   0.0000 (  0.0%)   0.0000 (  0.5%)   0.0000 (  0.0%)   0.0000 (  0.0%)  LowerConstantIntrinsicsPass
   0.0000 (  0.0%)   0.0000 (  0.0%)   0.0000 (  0.0%)   0.0000 (  0.0%)  ArgumentPromotionPass
   0.0000 (  0.0%)   0.0000 (  0.0%)   0.0000 (  0.0%)   0.0000 (  0.0%)  JumpTableToSwitchPass
   0.0000 (  0.0%)   0.0000 (  0.0%)   0.0000 (  0.0%)   0.0000 (  0.0%)  RequireAnalysisPass<llvm::ShouldNotRunFunctionPassesAnalysis, llvm::Function, llvm::AnalysisManager<Function>>
   0.0000 (  0.0%)   0.0000 (  0.1%)   0.0000 (  0.0%)   0.0000 (  0.0%)  ExpandMemCmpPass
   0.0000 (  0.0%)   0.0000 (  0.0%)   0.0000 (  0.0%)   0.0000 (  0.0%)  CoroAnnotationElidePass
   0.0000 (  0.0%)   0.0000 (  0.0%)   0.0000 (  0.0%)   0.0000 (  0.0%)  MoveAutoInitPass
   0.0000 (  0.0%)   0.0000 (  0.1%)   0.0000 (  0.0%)   0.0000 (  0.0%)  InjectTLIMappings
   0.0000 (  0.0%)   0.0000 (  0.0%)   0.0000 (  0.0%)   0.0000 (  0.0%)  DFAJumpThreadingPass
   0.0000 (  0.0%)   0.0000 (  0.1%)   0.0000 (  0.0%)   0.0000 (  0.0%)  DivRemPairsPass
   0.0000 (  0.0%)   0.0000 (  0.1%)   0.0000 (  0.0%)   0.0000 (  0.0%)  CallSiteSplittingPass
   0.0000 (  0.0%)   0.0000 (  0.0%)   0.0000 (  0.0%)   0.0000 (  0.0%)  JumpThreadingPass
   0.0000 (  0.0%)   0.0000 (  0.0%)   0.0000 (  0.0%)   0.0000 (  0.0%)  PromotePass
   0.0000 (  0.0%)   0.0000 (  0.1%)   0.0000 (  0.0%)   0.0000 (  0.0%)  MergedLoadStoreMotionPass
   0.0000 (  0.0%)   0.0000 (  0.0%)   0.0000 (  0.0%)   0.0000 (  0.0%)  OpenMPOptCGSCCPass
   0.0000 (  0.0%)   0.0000 (  0.1%)   0.0000 (  0.0%)   0.0000 (  0.0%)  ControlHeightReductionPass
   0.0000 (  0.0%)   0.0000 (  0.0%)   0.0000 (  0.0%)   0.0000 (  0.0%)  CoroElidePass
   0.0000 (  0.0%)   0.0000 (  0.0%)   0.0000 (  0.0%)   0.0000 (  0.0%)  EntryExitInstrumenterPass
   0.0000 (  0.0%)   0.0000 (  0.0%)   0.0000 (  0.0%)   0.0000 (  0.0%)  AssignGUIDPass
   0.0000 (  0.0%)   0.0000 (  0.0%)   0.0000 (  0.0%)   0.0000 (  0.0%)  CoroSplitPass
   0.0000 (  0.0%)   0.0000 (  0.0%)   0.0000 (  0.0%)   0.0000 (  0.0%)  InvalidateAnalysisPass<llvm::ShouldNotRunFunctionPassesAnalysis>
   0.0000 (  0.0%)   0.0000 (  0.0%)   0.0000 (  0.0%)   0.0000 (  0.0%)  InvalidateAnalysisPass<llvm::AAManager>
   0.0000 (  0.0%)   0.0000 (  0.1%)   0.0000 (  0.0%)   0.0000 (  0.0%)  MergeICmpsPass
   0.0000 (  0.0%)   0.0000 (  0.1%)   0.0000 (  0.0%)   0.0000 (  0.0%)  AlignmentFromAssumptionsPass
   0.0000 (  0.0%)   0.0000 (  0.0%)   0.0000 (  0.0%)   0.0000 (  0.0%)  Annotation2MetadataPass
   0.0000 (  0.0%)   0.0000 (  0.0%)   0.0000 (  0.0%)   0.0000 (  0.0%)  AnnotationRemarksPass
   0.0000 (  0.0%)   0.0000 (  0.1%)   0.0000 (  0.0%)   0.0000 (  0.0%)  LoopSinkPass
   0.0000 (  0.0%)   0.0000 (  0.0%)   0.0000 (  0.0%)   0.0000 (  0.0%)  CoroEarlyPass
   0.0000 (  0.0%)   0.0000 (  0.0%)   0.0000 (  0.0%)   0.0000 (  0.0%)  ConstantMergePass
   0.0000 (  0.0%)   0.0000 (  0.0%)   0.0000 (  0.0%)   0.0000 (  0.0%)  CoroCleanupPass
   0.0000 (  0.0%)   0.0000 (  0.0%)   0.0000 (  0.0%)   0.0000 (  0.0%)  NameAnonGlobalPass
   0.0000 (  0.0%)   0.0000 (  0.0%)   0.0000 (  0.0%)   0.0000 (  0.0%)  OpenMPOptPass
   0.0000 (  0.0%)   0.0000 (  0.0%)   0.0000 (  0.0%)   0.0000 (  0.0%)  ForceFunctionAttrsPass
   0.0000 (  0.0%)   0.0000 (  0.0%)   0.0000 (  0.0%)   0.0000 (  0.0%)  LowerCommentStringPass
   0.0000 (  0.0%)   0.0000 (  0.0%)   0.0000 (  0.0%)   0.0000 (  0.0%)  RequireAnalysisPass<llvm::ProfileSummaryAnalysis, llvm::Module, llvm::AnalysisManager<Module>>
   0.0000 (  0.0%)   0.0000 (  0.0%)   0.0000 (  0.0%)   0.0000 (  0.0%)  CanonicalizeAliasesPass
   0.0768 (100.0%)   0.0038 (100.0%)   0.0806 (100.0%)   0.0805 (100.0%)  Total

===-------------------------------------------------------------------------===
                               Clang time report
===-------------------------------------------------------------------------===
  Total Execution Time: 0.6367 seconds (0.6364 wall clock)

   ---User Time---   --System Time--   --User+System--   ---Wall Time---  --- Name ---
   0.5091 ( 84.6%)   0.0303 ( 87.3%)   0.5394 ( 84.7%)   0.5390 ( 84.7%)  Front end
   0.0803 ( 13.3%)   0.0040 ( 11.5%)   0.0843 ( 13.2%)   0.0843 ( 13.2%)  Optimizer
   0.0126 (  2.1%)   0.0004 (  1.1%)   0.0130 (  2.0%)   0.0131 (  2.1%)  LLVM IR generation
   0.6020 (100.0%)   0.0346 (100.0%)   0.6367 (100.0%)   0.6364 (100.0%)  Total

===-------------------------------------------------------------------------===
                          Pass execution timing report
===-------------------------------------------------------------------------===
  Total Execution Time: 0.0603 seconds (0.0602 wall clock)

   ---User Time---   --System Time--   --User+System--   ---Wall Time---  --- Name ---
   0.0050 ( 10.0%)   0.0011 (  9.7%)   0.0060 ( 10.0%)   0.0060 ( 10.0%)  AMDGPU DAG->DAG Pattern Instruction Selection
   0.0038 (  7.8%)   0.0005 (  4.6%)   0.0043 (  7.2%)   0.0043 (  7.2%)  LoopVectorizePass
   0.0023 (  4.8%)   0.0014 ( 12.8%)   0.0037 (  6.2%)   0.0037 (  6.2%)  Straight line strength reduction
   0.0035 (  7.1%)   0.0000 (  0.1%)   0.0035 (  5.9%)   0.0035 (  5.9%)  SLPVectorizerPass
   0.0033 (  6.7%)   0.0001 (  1.2%)   0.0034 (  5.7%)   0.0034 (  5.7%)  InstCombinePass
   0.0022 (  4.5%)   0.0002 (  2.1%)   0.0024 (  4.0%)   0.0024 (  4.0%)  IndVarSimplifyPass
   0.0023 (  4.6%)   0.0000 (  0.0%)   0.0023 (  3.8%)   0.0023 (  3.8%)  Loop Strength Reduction
   0.0017 (  3.4%)   0.0000 (  0.1%)   0.0017 (  2.8%)   0.0017 (  2.8%)  Machine Instruction Scheduler
   0.0015 (  3.0%)   0.0001 (  0.5%)   0.0015 (  2.6%)   0.0015 (  2.6%)  Live Variable Analysis
   0.0013 (  2.7%)   0.0001 (  1.0%)   0.0014 (  2.4%)   0.0014 (  2.4%)  LoopUnrollPass
   0.0012 (  2.4%)   0.0001 (  0.9%)   0.0013 (  2.1%)   0.0013 (  2.1%)  Machine Register Class Info Analysis
   0.0004 (  0.7%)   0.0009 (  8.2%)   0.0013 (  2.1%)   0.0013 (  2.1%)  PostRA Machine Instruction Scheduler
   0.0009 (  1.8%)   0.0001 (  0.8%)   0.0010 (  1.6%)   0.0010 (  1.6%)  Nary reassociation
   0.0000 (  0.0%)   0.0009 (  8.6%)   0.0009 (  1.6%)   0.0009 (  1.6%)  CallSiteSplittingPass
   0.0008 (  1.7%)   0.0001 (  0.7%)   0.0009 (  1.5%)   0.0009 (  1.5%)  Prologue/Epilogue Insertion & Frame Finalization
   0.0008 (  1.5%)   0.0001 (  1.3%)   0.0009 (  1.5%)   0.0009 (  1.5%)  Greedy Register Allocator
   0.0006 (  1.1%)   0.0003 (  2.5%)   0.0008 (  1.4%)   0.0008 (  1.4%)  GVNPass
   0.0008 (  1.5%)   0.0000 (  0.0%)   0.0008 (  1.3%)   0.0008 (  1.3%)  Global Value Numbering #2
   0.0006 (  1.2%)   0.0001 (  1.1%)   0.0007 (  1.2%)   0.0007 (  1.2%)  Greedy Register Allocator #3
   0.0006 (  1.2%)   0.0001 (  0.6%)   0.0006 (  1.1%)   0.0006 (  1.1%)  Global Value Numbering
   0.0002 (  0.5%)   0.0004 (  3.4%)   0.0006 (  1.0%)   0.0006 (  1.0%)  AMDGPU Assembly Printer
   0.0002 (  0.4%)   0.0003 (  3.1%)   0.0006 (  0.9%)   0.0006 (  0.9%)  Function register usage analysis
   0.0005 (  1.0%)   0.0000 (  0.0%)   0.0005 (  0.9%)   0.0005 (  0.9%)  Register Coalescer
   0.0005 (  0.9%)   0.0000 (  0.1%)   0.0005 (  0.8%)   0.0005 (  0.8%)  Live Register Matrix #2
   0.0005 (  0.9%)   0.0000 (  0.0%)   0.0005 (  0.7%)   0.0005 (  0.7%)  IPSCCPPass
   0.0004 (  0.8%)   0.0001 (  0.5%)   0.0005 (  0.7%)   0.0004 (  0.7%)  Greedy Register Allocator #2
   0.0004 (  0.9%)   0.0000 (  0.1%)   0.0004 (  0.7%)   0.0004 (  0.7%)  Live Register Matrix #3
   0.0004 (  0.9%)   0.0000 (  0.0%)   0.0004 (  0.7%)   0.0004 (  0.7%)  Induction Variable Users
   0.0004 (  0.8%)   0.0000 (  0.0%)   0.0004 (  0.7%)   0.0004 (  0.7%)  Machine Common Subexpression Elimination
   0.0003 (  0.7%)   0.0001 (  0.6%)   0.0004 (  0.7%)   0.0004 (  0.7%)  Finalize ISel and expand pseudo-instructions
   0.0002 (  0.4%)   0.0002 (  1.8%)   0.0004 (  0.6%)   0.0004 (  0.6%)  Post RA hazard recognizer
   0.0004 (  0.7%)   0.0000 (  0.2%)   0.0004 (  0.6%)   0.0004 (  0.6%)  Live Register Matrix
   0.0003 (  0.5%)   0.0001 (  1.1%)   0.0004 (  0.6%)   0.0004 (  0.6%)  Machine Module Information
   0.0003 (  0.7%)   0.0000 (  0.0%)   0.0003 (  0.6%)   0.0003 (  0.6%)  SCCPPass
   0.0002 (  0.5%)   0.0001 (  0.8%)   0.0003 (  0.5%)   0.0003 (  0.6%)  Basic Alias Analysis (stateless AA impl) #9
   0.0003 (  0.5%)   0.0001 (  0.7%)   0.0003 (  0.6%)   0.0003 (  0.6%)  VerifierPass
   0.0003 (  0.7%)   0.0000 (  0.0%)   0.0003 (  0.5%)   0.0003 (  0.5%)  AMDGPUPromoteKernelArgumentsPass
   0.0002 (  0.3%)   0.0002 (  1.6%)   0.0003 (  0.5%)   0.0003 (  0.5%)  SI insert wait instructions
   0.0002 (  0.5%)   0.0001 (  0.9%)   0.0003 (  0.5%)   0.0003 (  0.5%)  Dominator Tree Construction #11
   0.0002 (  0.4%)   0.0001 (  0.8%)   0.0003 (  0.5%)   0.0003 (  0.5%)  Function Alias Analysis Results #9
   0.0003 (  0.6%)   0.0000 (  0.1%)   0.0003 (  0.5%)   0.0003 (  0.5%)  Machine Common Subexpression Elimination #2
   0.0003 (  0.6%)   0.0000 (  0.0%)   0.0003 (  0.5%)   0.0003 (  0.5%)  EarlyCSEPass
   0.0003 (  0.6%)   0.0000 (  0.1%)   0.0003 (  0.5%)   0.0003 (  0.5%)  Live Interval Analysis
   0.0001 (  0.2%)   0.0002 (  1.7%)   0.0003 (  0.5%)   0.0003 (  0.5%)  Branch relaxation pass
   0.0001 (  0.1%)   0.0002 (  1.8%)   0.0003 (  0.4%)   0.0003 (  0.4%)  Structurize control flow
   0.0003 (  0.5%)   0.0000 (  0.1%)   0.0003 (  0.4%)   0.0003 (  0.4%)  AMDGPUUniformIntrinsicCombinePass
   0.0001 (  0.2%)   0.0002 (  1.5%)   0.0002 (  0.4%)   0.0002 (  0.4%)  PostOrderFunctionAttrsPass
   0.0002 (  0.5%)   0.0000 (  0.0%)   0.0002 (  0.4%)   0.0002 (  0.4%)  AMDGPUAttributorPass
   0.0001 (  0.2%)   0.0001 (  0.8%)   0.0002 (  0.3%)   0.0002 (  0.3%)  SI lower SGPR spill instructions
   0.0002 (  0.4%)   0.0000 (  0.0%)   0.0002 (  0.3%)   0.0002 (  0.3%)  Canonicalize Freeze Instructions in Loops
   0.0002 (  0.4%)   0.0000 (  0.0%)   0.0002 (  0.3%)   0.0002 (  0.3%)  SI Form memory clauses
   0.0001 (  0.2%)   0.0001 (  0.8%)   0.0002 (  0.3%)   0.0002 (  0.3%)  Machine Register Class Info Analysis #2
   0.0002 (  0.3%)   0.0000 (  0.2%)   0.0002 (  0.3%)   0.0002 (  0.3%)  Early CSE
   0.0002 (  0.4%)   0.0000 (  0.0%)   0.0002 (  0.3%)   0.0002 (  0.3%)  CodeGen Prepare
   0.0002 (  0.3%)   0.0000 (  0.0%)   0.0002 (  0.3%)   0.0002 (  0.3%)  SI Fold Operands
   0.0002 (  0.3%)   0.0000 (  0.0%)   0.0002 (  0.3%)   0.0002 (  0.3%)  AMDGPU Rewrite AGPR-Copy-MFMA
   0.0001 (  0.3%)   0.0000 (  0.2%)   0.0002 (  0.3%)   0.0002 (  0.3%)  LICMPass
   0.0002 (  0.3%)   0.0000 (  0.0%)   0.0002 (  0.3%)   0.0002 (  0.3%)  Early Machine Loop Invariant Code Motion
   0.0001 (  0.3%)   0.0000 (  0.1%)   0.0002 (  0.2%)   0.0002 (  0.3%)  SimplifyCFGPass
   0.0001 (  0.3%)   0.0000 (  0.0%)   0.0001 (  0.2%)   0.0001 (  0.2%)  GPU Load and Store Vectorizer
   0.0001 (  0.3%)   0.0000 (  0.1%)   0.0001 (  0.2%)   0.0001 (  0.2%)  Machine Copy Propagation Pass
   0.0001 (  0.3%)   0.0000 (  0.0%)   0.0001 (  0.2%)   0.0001 (  0.2%)  Machine code sinking
   0.0001 (  0.3%)   0.0000 (  0.1%)   0.0001 (  0.2%)   0.0001 (  0.2%)  BDCEPass
   0.0001 (  0.3%)   0.0000 (  0.0%)   0.0001 (  0.2%)   0.0001 (  0.2%)  Peephole Optimizations
   0.0000 (  0.0%)   0.0001 (  1.0%)   0.0001 (  0.2%)   0.0001 (  0.2%)  Control Flow Optimizer
   0.0001 (  0.2%)   0.0000 (  0.0%)   0.0001 (  0.2%)   0.0001 (  0.2%)  ConstraintEliminationPass
   0.0001 (  0.1%)   0.0000 (  0.4%)   0.0001 (  0.2%)   0.0001 (  0.2%)  Split GEPs to a variadic base and a constant offset for better CSE
   0.0001 (  0.2%)   0.0000 (  0.0%)   0.0001 (  0.2%)   0.0001 (  0.2%)  Virtual Register Rewriter
   0.0000 (  0.0%)   0.0001 (  1.0%)   0.0001 (  0.2%)   0.0001 (  0.2%)  Code sinking
   0.0000 (  0.1%)   0.0001 (  0.7%)   0.0001 (  0.2%)   0.0001 (  0.2%)  Branch Probability Basic Block Placement
   0.0001 (  0.2%)   0.0000 (  0.2%)   0.0001 (  0.2%)   0.0001 (  0.2%)  DSEPass
   0.0001 (  0.2%)   0.0000 (  0.1%)   0.0001 (  0.2%)   0.0001 (  0.2%)  InferAlignmentPass
   0.0001 (  0.2%)   0.0000 (  0.0%)   0.0001 (  0.2%)   0.0001 (  0.2%)  SI Shrink Instructions
   0.0001 (  0.2%)   0.0000 (  0.0%)   0.0001 (  0.1%)   0.0001 (  0.1%)  Two-Address instruction pass
   0.0001 (  0.2%)   0.0000 (  0.0%)   0.0001 (  0.1%)   0.0001 (  0.1%)  SI Fix SGPR copies
   0.0000 (  0.1%)   0.0001 (  0.5%)   0.0001 (  0.1%)   0.0001 (  0.1%)  Uniformity Analysis #8
   0.0000 (  0.1%)   0.0000 (  0.4%)   0.0001 (  0.1%)   0.0001 (  0.1%)  Analysis if a function is memory bound
   0.0000 (  0.0%)   0.0001 (  0.8%)   0.0001 (  0.1%)   0.0001 (  0.1%)  SI Shrink Instructions #2
   0.0001 (  0.1%)   0.0000 (  0.1%)   0.0001 (  0.1%)   0.0001 (  0.1%)  LoopFullUnrollPass
   0.0001 (  0.2%)   0.0000 (  0.0%)   0.0001 (  0.1%)   0.0001 (  0.1%)  Memory SSA
   0.0001 (  0.1%)   0.0000 (  0.1%)   0.0001 (  0.1%)   0.0001 (  0.1%)  Slot index numbering #2
   0.0001 (  0.2%)   0.0000 (  0.0%)   0.0001 (  0.1%)   0.0001 (  0.1%)  Detect Dead Lanes
   0.0001 (  0.1%)   0.0000 (  0.2%)   0.0001 (  0.1%)   0.0001 (  0.1%)  MachineDominator Tree Construction #5
   0.0001 (  0.1%)   0.0000 (  0.1%)   0.0001 (  0.1%)   0.0001 (  0.1%)  Virtual Register Rewriter #3
   0.0001 (  0.1%)   0.0000 (  0.0%)   0.0001 (  0.1%)   0.0001 (  0.1%)  Loop Invariant Code Motion
   0.0000 (  0.1%)   0.0000 (  0.2%)   0.0001 (  0.1%)   0.0001 (  0.1%)  LCSSAPass
   0.0001 (  0.1%)   0.0000 (  0.2%)   0.0001 (  0.1%)   0.0001 (  0.1%)  LoopSimplifyPass
   0.0001 (  0.1%)   0.0000 (  0.0%)   0.0001 (  0.1%)   0.0001 (  0.1%)  CalledValuePropagationPass
   0.0000 (  0.1%)   0.0000 (  0.2%)   0.0001 (  0.1%)   0.0001 (  0.1%)  Uniformity Analysis #2
   0.0001 (  0.1%)   0.0000 (  0.2%)   0.0001 (  0.1%)   0.0001 (  0.1%)  Natural Loop Information
   0.0001 (  0.1%)   0.0000 (  0.1%)   0.0001 (  0.1%)   0.0001 (  0.1%)  Uniformity Analysis #3
   0.0000 (  0.0%)   0.0001 (  0.6%)   0.0001 (  0.1%)   0.0001 (  0.1%)  Machine Copy Propagation Pass #2
   0.0001 (  0.1%)   0.0000 (  0.0%)   0.0001 (  0.1%)   0.0001 (  0.1%)  InferAddressSpacesPass
   0.0001 (  0.1%)   0.0000 (  0.0%)   0.0001 (  0.1%)   0.0001 (  0.1%)  Uniformity Analysis
   0.0001 (  0.1%)   0.0000 (  0.0%)   0.0001 (  0.1%)   0.0001 (  0.1%)  Lower buffer fat pointer operations to buffer resources
   0.0000 (  0.1%)   0.0000 (  0.1%)   0.0001 (  0.1%)   0.0001 (  0.1%)  Dominator Tree Construction #4
   0.0001 (  0.1%)   0.0000 (  0.1%)   0.0001 (  0.1%)   0.0001 (  0.1%)  Machine Block Frequency Analysis #3
   0.0000 (  0.0%)   0.0001 (  0.5%)   0.0001 (  0.1%)   0.0001 (  0.1%)  Uniformity Analysis #4
   0.0001 (  0.1%)   0.0000 (  0.0%)   0.0001 (  0.1%)   0.0001 (  0.1%)  SI Fold Operands #2
   0.0001 (  0.1%)   0.0000 (  0.0%)   0.0001 (  0.1%)   0.0001 (  0.1%)  SI Load Store Optimizer
   0.0000 (  0.1%)   0.0000 (  0.1%)   0.0001 (  0.1%)   0.0001 (  0.1%)  Machine Natural Loop Construction
   0.0001 (  0.1%)   0.0000 (  0.0%)   0.0001 (  0.1%)   0.0001 (  0.1%)  Early Machine Loop Invariant Code Motion #2
   0.0001 (  0.1%)   0.0000 (  0.0%)   0.0001 (  0.1%)   0.0001 (  0.1%)  Eliminate PHI nodes for register allocation
   0.0000 (  0.0%)   0.0001 (  0.5%)   0.0001 (  0.1%)   0.0001 (  0.1%)  Machine Late Instructions Cleanup Pass
   0.0000 (  0.1%)   0.0000 (  0.2%)   0.0001 (  0.1%)   0.0001 (  0.1%)  Uniformity Analysis #7
   0.0000 (  0.1%)   0.0000 (  0.2%)   0.0001 (  0.1%)   0.0001 (  0.1%)  Uniformity Analysis #6
   0.0000 (  0.1%)   0.0000 (  0.2%)   0.0001 (  0.1%)   0.0001 (  0.1%)  Memory SSA #2
   0.0001 (  0.1%)   0.0000 (  0.0%)   0.0001 (  0.1%)   0.0001 (  0.1%)  Remove dead machine instructions
   0.0000 (  0.1%)   0.0000 (  0.1%)   0.0000 (  0.1%)   0.0000 (  0.1%)  Machine Block Frequency Analysis #4
   0.0000 (  0.1%)   0.0000 (  0.0%)   0.0000 (  0.1%)   0.0000 (  0.1%)  SI Whole Quad Mode
   0.0000 (  0.1%)   0.0000 (  0.1%)   0.0000 (  0.1%)   0.0000 (  0.1%)  LoopDeletionPass
   0.0000 (  0.0%)   0.0000 (  0.4%)   0.0000 (  0.1%)   0.0000 (  0.1%)  SI post-RA bundler
   0.0000 (  0.0%)   0.0000 (  0.2%)   0.0000 (  0.1%)   0.0000 (  0.1%)  MemCpyOptPass
   0.0000 (  0.1%)   0.0000 (  0.1%)   0.0000 (  0.1%)   0.0000 (  0.1%)  AMDGPU Annotate Uniform Values
   0.0000 (  0.0%)   0.0000 (  0.4%)   0.0000 (  0.1%)   0.0000 (  0.1%)  Uniformity Analysis #5
   0.0000 (  0.1%)   0.0000 (  0.1%)   0.0000 (  0.1%)   0.0000 (  0.1%)  Machine Block Frequency Analysis #2
   0.0000 (  0.1%)   0.0000 (  0.1%)   0.0000 (  0.1%)   0.0000 (  0.1%)  Machine Natural Loop Construction #3
   0.0000 (  0.1%)   0.0000 (  0.1%)   0.0000 (  0.1%)   0.0000 (  0.1%)  VectorCombinePass
   0.0000 (  0.1%)   0.0000 (  0.0%)   0.0000 (  0.1%)   0.0000 (  0.1%)  AggressiveInstCombinePass
   0.0000 (  0.1%)   0.0000 (  0.0%)   0.0000 (  0.1%)   0.0000 (  0.1%)  AMDGPU IR optimizations
   0.0000 (  0.1%)   0.0000 (  0.0%)   0.0000 (  0.1%)   0.0000 (  0.1%)  Scalar Evolution Analysis #3
   0.0000 (  0.1%)   0.0000 (  0.0%)   0.0000 (  0.1%)   0.0000 (  0.1%)  Remove dead machine instructions #2
   0.0000 (  0.1%)   0.0000 (  0.0%)   0.0000 (  0.1%)   0.0000 (  0.1%)  GlobalOptPass
   0.0000 (  0.0%)   0.0000 (  0.2%)   0.0000 (  0.0%)   0.0000 (  0.1%)  SI peephole optimizations
   0.0000 (  0.1%)   0.0000 (  0.0%)   0.0000 (  0.1%)   0.0000 (  0.1%)  AMDGPU Lower Kernel Arguments
   0.0000 (  0.1%)   0.0000 (  0.0%)   0.0000 (  0.1%)   0.0000 (  0.1%)  Slot index numbering
   0.0000 (  0.1%)   0.0000 (  0.1%)   0.0000 (  0.1%)   0.0000 (  0.1%)  Constant Hoisting
   0.0000 (  0.1%)   0.0000 (  0.1%)   0.0000 (  0.1%)   0.0000 (  0.1%)  Block Frequency Analysis
   0.0000 (  0.1%)   0.0000 (  0.1%)   0.0000 (  0.1%)   0.0000 (  0.1%)  Scalar Evolution Analysis
   0.0000 (  0.0%)   0.0000 (  0.3%)   0.0000 (  0.1%)   0.0000 (  0.1%)  PGOIndirectCallPromotion
   0.0000 (  0.1%)   0.0000 (  0.0%)   0.0000 (  0.1%)   0.0000 (  0.1%)  Canonicalize natural loops
   0.0000 (  0.1%)   0.0000 (  0.0%)   0.0000 (  0.0%)   0.0000 (  0.1%)  Machine Block Frequency Analysis
   0.0000 (  0.1%)   0.0000 (  0.0%)   0.0000 (  0.1%)   0.0000 (  0.1%)  PromotePass
   0.0000 (  0.1%)   0.0000 (  0.0%)   0.0000 (  0.0%)   0.0000 (  0.1%)  Scalar Evolution Analysis #2
   0.0000 (  0.1%)   0.0000 (  0.0%)   0.0000 (  0.0%)   0.0000 (  0.0%)  SI optimize exec mask operations pre-RA
   0.0000 (  0.1%)   0.0000 (  0.0%)   0.0000 (  0.1%)   0.0000 (  0.0%)  Remove dead machine instructions #3
   0.0000 (  0.0%)   0.0000 (  0.2%)   0.0000 (  0.1%)   0.0000 (  0.0%)  SI annotate control flow
   0.0000 (  0.1%)   0.0000 (  0.0%)   0.0000 (  0.0%)   0.0000 (  0.0%)  Rename Disconnected Subregister Components
   0.0000 (  0.0%)   0.0000 (  0.2%)   0.0000 (  0.1%)   0.0000 (  0.0%)  Dominator Tree Construction #10
   0.0000 (  0.0%)   0.0000 (  0.1%)   0.0000 (  0.0%)   0.0000 (  0.0%)  Machine Block Frequency Analysis #5
   0.0000 (  0.1%)   0.0000 (  0.0%)   0.0000 (  0.0%)   0.0000 (  0.0%)  NoRecurseLTOInferencePass
   0.0000 (  0.1%)   0.0000 (  0.0%)   0.0000 (  0.0%)   0.0000 (  0.0%)  Virtual Register Rewriter #2
   0.0000 (  0.1%)   0.0000 (  0.0%)   0.0000 (  0.0%)   0.0000 (  0.0%)  RequireAnalysisPass<llvm::GlobalsAA, llvm::Module, llvm::AnalysisManager<Module>>
   0.0000 (  0.0%)   0.0000 (  0.1%)   0.0000 (  0.0%)   0.0000 (  0.0%)  Branch Probability Analysis #3
   0.0000 (  0.0%)   0.0000 (  0.1%)   0.0000 (  0.0%)   0.0000 (  0.0%)  Free MachineFunction
   0.0000 (  0.0%)   0.0000 (  0.0%)   0.0000 (  0.0%)   0.0000 (  0.0%)  Machine Loop Invariant Code Motion
   0.0000 (  0.0%)   0.0000 (  0.0%)   0.0000 (  0.0%)   0.0000 (  0.0%)  Branch Probability Analysis
   0.0000 (  0.0%)   0.0000 (  0.1%)   0.0000 (  0.0%)   0.0000 (  0.0%)  SI Memory Legalizer
   0.0000 (  0.1%)   0.0000 (  0.0%)   0.0000 (  0.0%)   0.0000 (  0.0%)  AMDGPULowerModuleLDSPass
   0.0000 (  0.1%)   0.0000 (  0.0%)   0.0000 (  0.0%)   0.0000 (  0.0%)  SI Lower control flow pseudo instructions
   0.0000 (  0.0%)   0.0000 (  0.0%)   0.0000 (  0.0%)   0.0000 (  0.0%)  Remove dead machine instructions #4
   0.0000 (  0.0%)   0.0000 (  0.0%)   0.0000 (  0.0%)   0.0000 (  0.0%)  PostRA Machine Sink
   0.0000 (  0.0%)   0.0000 (  0.0%)   0.0000 (  0.0%)   0.0000 (  0.0%)  Early Tail Duplication
   0.0000 (  0.1%)   0.0000 (  0.0%)   0.0000 (  0.0%)   0.0000 (  0.0%)  Loop-Closed SSA Form Pass
   0.0000 (  0.0%)   0.0000 (  0.1%)   0.0000 (  0.0%)   0.0000 (  0.0%)  LoopDistributePass
   0.0000 (  0.0%)   0.0000 (  0.0%)   0.0000 (  0.0%)   0.0000 (  0.0%)  AMDGPULowerKernelAttributesPass
   0.0000 (  0.0%)   0.0000 (  0.0%)   0.0000 (  0.0%)   0.0000 (  0.0%)  Bundle Machine CFG Edges
   0.0000 (  0.0%)   0.0000 (  0.1%)   0.0000 (  0.1%)   0.0000 (  0.0%)  Spill Code Placement Analysis
   0.0000 (  0.0%)   0.0000 (  0.0%)   0.0000 (  0.0%)   0.0000 (  0.0%)  Debug Variable Analysis
   0.0000 (  0.0%)   0.0000 (  0.1%)   0.0000 (  0.0%)   0.0000 (  0.0%)  Machine Block Frequency Analysis #6
   0.0000 (  0.0%)   0.0000 (  0.0%)   0.0000 (  0.0%)   0.0000 (  0.0%)  MachineDominator Tree Construction
   0.0000 (  0.0%)   0.0000 (  0.1%)   0.0000 (  0.0%)   0.0000 (  0.0%)  Machine Optimization Remark Emitter
   0.0000 (  0.0%)   0.0000 (  0.1%)   0.0000 (  0.0%)   0.0000 (  0.0%)  InferFunctionAttrsPass
   0.0000 (  0.0%)   0.0000 (  0.1%)   0.0000 (  0.0%)   0.0000 (  0.0%)  Machine Natural Loop Construction #5
   0.0000 (  0.0%)   0.0000 (  0.0%)   0.0000 (  0.0%)   0.0000 (  0.0%)  DivRemPairsPass
   0.0000 (  0.0%)   0.0000 (  0.0%)   0.0000 (  0.0%)   0.0000 (  0.0%)  SI optimize exec mask operations
   0.0000 (  0.0%)   0.0000 (  0.2%)   0.0000 (  0.0%)   0.0000 (  0.0%)  Live DEBUG_VALUE analysis
   0.0000 (  0.0%)   0.0000 (  0.2%)   0.0000 (  0.0%)   0.0000 (  0.0%)  Post-RA pseudo instruction expansion pass
   0.0000 (  0.0%)   0.0000 (  0.0%)   0.0000 (  0.0%)   0.0000 (  0.0%)  AMDGPU Pre-RA Long Branch Reg
   0.0000 (  0.0%)   0.0000 (  0.0%)   0.0000 (  0.0%)   0.0000 (  0.0%)  Branch Probability Analysis #2
   0.0000 (  0.0%)   0.0000 (  0.0%)   0.0000 (  0.0%)   0.0000 (  0.0%)  Block Frequency Analysis #2
   0.0000 (  0.0%)   0.0000 (  0.0%)   0.0000 (  0.0%)   0.0000 (  0.0%)  GlobalDCEPass
   0.0000 (  0.0%)   0.0000 (  0.0%)   0.0000 (  0.0%)   0.0000 (  0.0%)  SI Lower i1 Copies
   0.0000 (  0.0%)   0.0000 (  0.0%)   0.0000 (  0.0%)   0.0000 (  0.0%)  AMDGPUPromoteAllocaToVectorPass
   0.0000 (  0.0%)   0.0000 (  0.0%)   0.0000 (  0.0%)   0.0000 (  0.0%)  AMDGPULowerExecSyncPass
   0.0000 (  0.0%)   0.0000 (  0.0%)   0.0000 (  0.0%)   0.0000 (  0.0%)  MachinePostDominator Tree Construction
   0.0000 (  0.0%)   0.0000 (  0.0%)   0.0000 (  0.0%)   0.0000 (  0.0%)  Post-Dominator Tree Construction
   0.0000 (  0.0%)   0.0000 (  0.0%)   0.0000 (  0.0%)   0.0000 (  0.0%)  Function Alias Analysis Results #3
   0.0000 (  0.0%)   0.0000 (  0.1%)   0.0000 (  0.0%)   0.0000 (  0.0%)  Post-Dominator Tree Construction #5
   0.0000 (  0.0%)   0.0000 (  0.0%)   0.0000 (  0.0%)   0.0000 (  0.0%)  AMDGPU Remove Incompatible Functions
   0.0000 (  0.0%)   0.0000 (  0.0%)   0.0000 (  0.0%)   0.0000 (  0.0%)  Live Stack Slot Analysis #2
   0.0000 (  0.0%)   0.0000 (  0.1%)   0.0000 (  0.0%)   0.0000 (  0.0%)  Detect single entry single exit regions
   0.0000 (  0.0%)   0.0000 (  0.0%)   0.0000 (  0.0%)   0.0000 (  0.0%)  AMDGPUSimplifyLibCallsPass
   0.0000 (  0.0%)   0.0000 (  0.1%)   0.0000 (  0.0%)   0.0000 (  0.0%)  Loop-Closed SSA Form Pass #2
   0.0000 (  0.0%)   0.0000 (  0.0%)   0.0000 (  0.0%)   0.0000 (  0.0%)  Target Library Information
   0.0000 (  0.0%)   0.0000 (  0.1%)   0.0000 (  0.0%)   0.0000 (  0.0%)  MachineDominator Tree Construction #8
   0.0000 (  0.0%)   0.0000 (  0.0%)   0.0000 (  0.0%)   0.0000 (  0.0%)  DummyCGSCCPass
   0.0000 (  0.0%)   0.0000 (  0.0%)   0.0000 (  0.0%)   0.0000 (  0.0%)  Machine Natural Loop Construction #2
   0.0000 (  0.0%)   0.0000 (  0.1%)   0.0000 (  0.0%)   0.0000 (  0.0%)  SROAPass
   0.0000 (  0.0%)   0.0000 (  0.0%)   0.0000 (  0.0%)   0.0000 (  0.0%)  AMDGPU lowering of execution synchronization
   0.0000 (  0.0%)   0.0000 (  0.1%)   0.0000 (  0.0%)   0.0000 (  0.0%)  Natural Loop Information #9
   0.0000 (  0.0%)   0.0000 (  0.0%)   0.0000 (  0.0%)   0.0000 (  0.0%)  SI Peephole SDWA
   0.0000 (  0.0%)   0.0000 (  0.0%)   0.0000 (  0.0%)   0.0000 (  0.0%)  TailCallElimPass
   0.0000 (  0.0%)   0.0000 (  0.0%)   0.0000 (  0.0%)   0.0000 (  0.0%)  MachinePostDominator Tree Construction #3
   0.0000 (  0.0%)   0.0000 (  0.1%)   0.0000 (  0.0%)   0.0000 (  0.0%)  AMDGPU IR late optimizations
   0.0000 (  0.0%)   0.0000 (  0.0%)   0.0000 (  0.0%)   0.0000 (  0.0%)  Natural Loop Information #2
   0.0000 (  0.0%)   0.0000 (  0.1%)   0.0000 (  0.0%)   0.0000 (  0.0%)  Dominance Frontier Construction
   0.0000 (  0.0%)   0.0000 (  0.0%)   0.0000 (  0.0%)   0.0000 (  0.0%)  MachineDominator Tree Construction #6
   0.0000 (  0.0%)   0.0000 (  0.1%)   0.0000 (  0.0%)   0.0000 (  0.0%)  Insert required mode register values
   0.0000 (  0.0%)   0.0000 (  0.0%)   0.0000 (  0.0%)   0.0000 (  0.0%)  Expand IR instructions
   0.0000 (  0.0%)   0.0000 (  0.0%)   0.0000 (  0.0%)   0.0000 (  0.0%)  Remove unreachable machine basic blocks
   0.0000 (  0.0%)   0.0000 (  0.0%)   0.0000 (  0.0%)   0.0000 (  0.0%)  WholeProgramDevirtPass
   0.0000 (  0.0%)   0.0000 (  0.0%)   0.0000 (  0.0%)   0.0000 (  0.0%)  Expand reduction intrinsics
   0.0000 (  0.0%)   0.0000 (  0.0%)   0.0000 (  0.0%)   0.0000 (  0.0%)  Rewrite Partial Register Uses
   0.0000 (  0.0%)   0.0000 (  0.1%)   0.0000 (  0.0%)   0.0000 (  0.0%)  MachineDominator Tree Construction #7
   0.0000 (  0.0%)   0.0000 (  0.0%)   0.0000 (  0.0%)   0.0000 (  0.0%)  CallGraph Construction
   0.0000 (  0.0%)   0.0000 (  0.0%)   0.0000 (  0.0%)   0.0000 (  0.0%)  Basic Alias Analysis (stateless AA impl)
   0.0000 (  0.0%)   0.0000 (  0.0%)   0.0000 (  0.0%)   0.0000 (  0.0%)  SI Pre-allocate WWM Registers
   0.0000 (  0.0%)   0.0000 (  0.0%)   0.0000 (  0.0%)   0.0000 (  0.0%)  Cycle Info Analysis #13
   0.0000 (  0.0%)   0.0000 (  0.0%)   0.0000 (  0.0%)   0.0000 (  0.0%)  Basic Alias Analysis (stateless AA impl) #3
   0.0000 (  0.0%)   0.0000 (  0.1%)   0.0000 (  0.0%)   0.0000 (  0.0%)  Tail Duplication
   0.0000 (  0.0%)   0.0000 (  0.0%)   0.0000 (  0.0%)   0.0000 (  0.0%)  Cycle Info Analysis #6
   0.0000 (  0.0%)   0.0000 (  0.0%)   0.0000 (  0.0%)   0.0000 (  0.0%)  Scalarize Masked Memory Intrinsics
   0.0000 (  0.0%)   0.0000 (  0.0%)   0.0000 (  0.0%)   0.0000 (  0.0%)  Assumption Cache Tracker
   0.0000 (  0.0%)   0.0000 (  0.0%)   0.0000 (  0.0%)   0.0000 (  0.0%)  AMDGPU Pre-RA optimizations
   0.0000 (  0.0%)   0.0000 (  0.1%)   0.0000 (  0.0%)   0.0000 (  0.0%)  MachinePostDominator Tree Construction #5
   0.0000 (  0.0%)   0.0000 (  0.0%)   0.0000 (  0.0%)   0.0000 (  0.0%)  Machine Cycle Info Analysis
   0.0000 (  0.0%)   0.0000 (  0.0%)   0.0000 (  0.0%)   0.0000 (  0.0%)  Live Stack Slot Analysis
   0.0000 (  0.0%)   0.0000 (  0.0%)   0.0000 (  0.0%)   0.0000 (  0.0%)  AMDGPU Promote Alloca
   0.0000 (  0.0%)   0.0000 (  0.1%)   0.0000 (  0.0%)   0.0000 (  0.0%)  Natural Loop Information #10
   0.0000 (  0.0%)   0.0000 (  0.0%)   0.0000 (  0.0%)   0.0000 (  0.0%)  MachinePostDominator Tree Construction #2
   0.0000 (  0.0%)   0.0000 (  0.0%)   0.0000 (  0.0%)   0.0000 (  0.0%)  Partially inline calls to library functions
   0.0000 (  0.0%)   0.0000 (  0.0%)   0.0000 (  0.0%)   0.0000 (  0.0%)  Dominator Tree Construction
   0.0000 (  0.0%)   0.0000 (  0.1%)   0.0000 (  0.0%)   0.0000 (  0.0%)  MachinePostDominator Tree Construction #4
   0.0000 (  0.0%)   0.0000 (  0.0%)   0.0000 (  0.0%)   0.0000 (  0.0%)  InlinerPass
   0.0000 (  0.0%)   0.0000 (  0.1%)   0.0000 (  0.0%)   0.0000 (  0.0%)  Machine Natural Loop Construction #4
   0.0000 (  0.0%)   0.0000 (  0.0%)   0.0000 (  0.0%)   0.0000 (  0.0%)  Virtual Register Map #3
   0.0000 (  0.0%)   0.0000 (  0.0%)   0.0000 (  0.0%)   0.0000 (  0.0%)  Lower uses of LDS variables from non-kernel functions
   0.0000 (  0.0%)   0.0000 (  0.0%)   0.0000 (  0.0%)   0.0000 (  0.0%)  Virtual Register Map
   0.0000 (  0.0%)   0.0000 (  0.1%)   0.0000 (  0.0%)   0.0000 (  0.0%)  Dominator Tree Construction #3
   0.0000 (  0.0%)   0.0000 (  0.0%)   0.0000 (  0.0%)   0.0000 (  0.0%)  Scalar Evolution Analysis #4
   0.0000 (  0.0%)   0.0000 (  0.0%)   0.0000 (  0.0%)   0.0000 (  0.0%)  AMDGPU atomic optimizations
   0.0000 (  0.0%)   0.0000 (  0.0%)   0.0000 (  0.0%)   0.0000 (  0.0%)  Virtual Register Map #2
   0.0000 (  0.0%)   0.0000 (  0.0%)   0.0000 (  0.0%)   0.0000 (  0.0%)  Remove unreachable blocks from the CFG
   0.0000 (  0.0%)   0.0000 (  0.0%)   0.0000 (  0.0%)   0.0000 (  0.0%)  CGProfilePass
   0.0000 (  0.0%)   0.0000 (  0.0%)   0.0000 (  0.0%)   0.0000 (  0.0%)  Cycle Info Analysis
   0.0000 (  0.0%)   0.0000 (  0.0%)   0.0000 (  0.0%)   0.0000 (  0.0%)  Post-Dominator Tree Construction #2
   0.0000 (  0.0%)   0.0000 (  0.0%)   0.0000 (  0.0%)   0.0000 (  0.0%)  Expand Atomic instructions
   0.0000 (  0.0%)   0.0000 (  0.1%)   0.0000 (  0.0%)   0.0000 (  0.0%)  Dominator Tree Construction #9
   0.0000 (  0.0%)   0.0000 (  0.0%)   0.0000 (  0.0%)   0.0000 (  0.0%)  Replace intrinsics with calls to vector library
   0.0000 (  0.0%)   0.0000 (  0.0%)   0.0000 (  0.0%)   0.0000 (  0.0%)  Function Alias Analysis Results
   0.0000 (  0.0%)   0.0000 (  0.0%)   0.0000 (  0.0%)   0.0000 (  0.0%)  Dominator Tree Construction #5
   0.0000 (  0.0%)   0.0000 (  0.0%)   0.0000 (  0.0%)   0.0000 (  0.0%)  Function Alias Analysis Results #2
   0.0000 (  0.0%)   0.0000 (  0.0%)   0.0000 (  0.0%)   0.0000 (  0.0%)  Optimize machine instruction PHIs
   0.0000 (  0.0%)   0.0000 (  0.0%)   0.0000 (  0.0%)   0.0000 (  0.0%)  AMDGPUUseNativeCallsPass
   0.0000 (  0.0%)   0.0000 (  0.0%)   0.0000 (  0.0%)   0.0000 (  0.0%)  Natural Loop Information #8
   0.0000 (  0.0%)   0.0000 (  0.0%)   0.0000 (  0.0%)   0.0000 (  0.0%)  MachineDominator Tree Construction #3
   0.0000 (  0.0%)   0.0000 (  0.0%)   0.0000 (  0.0%)   0.0000 (  0.0%)  Dominator Tree Construction #6
   0.0000 (  0.0%)   0.0000 (  0.0%)   0.0000 (  0.0%)   0.0000 (  0.0%)  Natural Loop Information #3
   0.0000 (  0.0%)   0.0000 (  0.0%)   0.0000 (  0.0%)   0.0000 (  0.0%)  SI Lower WWM Copies
   0.0000 (  0.0%)   0.0000 (  0.0%)   0.0000 (  0.0%)   0.0000 (  0.0%)  Machine Cycle Info Analysis #2
   0.0000 (  0.0%)   0.0000 (  0.0%)   0.0000 (  0.0%)   0.0000 (  0.0%)  Cycle Info Analysis #3
   0.0000 (  0.0%)   0.0000 (  0.0%)   0.0000 (  0.0%)   0.0000 (  0.0%)  Create Garbage Collector Module Metadata
   0.0000 (  0.0%)   0.0000 (  0.0%)   0.0000 (  0.0%)   0.0000 (  0.0%)  Function Alias Analysis Results #4
   0.0000 (  0.0%)   0.0000 (  0.1%)   0.0000 (  0.0%)   0.0000 (  0.0%)  Natural Loop Information #7
   0.0000 (  0.0%)   0.0000 (  0.0%)   0.0000 (  0.0%)   0.0000 (  0.0%)  GCN DPP Combine
   0.0000 (  0.0%)   0.0000 (  0.0%)   0.0000 (  0.0%)   0.0000 (  0.0%)  Natural Loop Information #5
   0.0000 (  0.0%)   0.0000 (  0.0%)   0.0000 (  0.0%)   0.0000 (  0.0%)  MachineDominator Tree Construction #2
   0.0000 (  0.0%)   0.0000 (  0.0%)   0.0000 (  0.0%)   0.0000 (  0.0%)  LCSSA Verifier
   0.0000 (  0.0%)   0.0000 (  0.0%)   0.0000 (  0.0%)   0.0000 (  0.0%)  Process Implicit Definitions
   0.0000 (  0.0%)   0.0000 (  0.1%)   0.0000 (  0.0%)   0.0000 (  0.0%)  Post-Dominator Tree Construction #3
   0.0000 (  0.0%)   0.0000 (  0.0%)   0.0000 (  0.0%)   0.0000 (  0.0%)  AnnotationRemarksPass
   0.0000 (  0.0%)   0.0000 (  0.1%)   0.0000 (  0.0%)   0.0000 (  0.0%)  SI Final Branch Preparation
   0.0000 (  0.0%)   0.0000 (  0.0%)   0.0000 (  0.0%)   0.0000 (  0.0%)  Dominator Tree Construction #2
   0.0000 (  0.0%)   0.0000 (  0.0%)   0.0000 (  0.0%)   0.0000 (  0.0%)  Cycle Info Analysis #4
   0.0000 (  0.0%)   0.0000 (  0.1%)   0.0000 (  0.0%)   0.0000 (  0.0%)  Flatten the CFG
   0.0000 (  0.0%)   0.0000 (  0.1%)   0.0000 (  0.0%)   0.0000 (  0.0%)  Remove unreachable blocks from the CFG #2
   0.0000 (  0.0%)   0.0000 (  0.0%)   0.0000 (  0.0%)   0.0000 (  0.0%)  AMDGPU Uniform Intrinsic Combine
   0.0000 (  0.0%)   0.0000 (  0.0%)   0.0000 (  0.0%)   0.0000 (  0.0%)  Lazy Branch Probability Analysis #2
   0.0000 (  0.0%)   0.0000 (  0.0%)   0.0000 (  0.0%)   0.0000 (  0.0%)  Merge disjoint stack slots
   0.0000 (  0.0%)   0.0000 (  0.0%)   0.0000 (  0.0%)   0.0000 (  0.0%)  Memory Dependence Analysis
   0.0000 (  0.0%)   0.0000 (  0.0%)   0.0000 (  0.0%)   0.0000 (  0.0%)  Lazy Branch Probability Analysis #5
   0.0000 (  0.0%)   0.0000 (  0.1%)   0.0000 (  0.0%)   0.0000 (  0.0%)  Cycle Info Analysis #9
   0.0000 (  0.0%)   0.0000 (  0.1%)   0.0000 (  0.0%)   0.0000 (  0.0%)  Insert stack protectors
   0.0000 (  0.0%)   0.0000 (  0.0%)   0.0000 (  0.0%)   0.0000 (  0.0%)  SI Fix VGPR copies
   0.0000 (  0.0%)   0.0000 (  0.0%)   0.0000 (  0.0%)   0.0000 (  0.0%)  Library Function Lowering Analysis
   0.0000 (  0.0%)   0.0000 (  0.0%)   0.0000 (  0.0%)   0.0000 (  0.0%)  DropUnnecessaryAssumesPass
   0.0000 (  0.0%)   0.0000 (  0.0%)   0.0000 (  0.0%)   0.0000 (  0.0%)  Basic Alias Analysis (stateless AA impl) #5
   0.0000 (  0.0%)   0.0000 (  0.0%)   0.0000 (  0.0%)   0.0000 (  0.0%)  ObjC ARC contraction
   0.0000 (  0.0%)   0.0000 (  0.1%)   0.0000 (  0.0%)   0.0000 (  0.0%)  Cycle Info Analysis #10
   0.0000 (  0.0%)   0.0000 (  0.0%)   0.0000 (  0.0%)   0.0000 (  0.0%)  External Alias Analysis
   0.0000 (  0.0%)   0.0000 (  0.0%)   0.0000 (  0.0%)   0.0000 (  0.0%)  Natural Loop Information #4
   0.0000 (  0.0%)   0.0000 (  0.0%)   0.0000 (  0.0%)   0.0000 (  0.0%)  Cycle Info Analysis #8
   0.0000 (  0.0%)   0.0000 (  0.0%)   0.0000 (  0.0%)   0.0000 (  0.0%)  Basic Alias Analysis (stateless AA impl) #2
   0.0000 (  0.0%)   0.0000 (  0.0%)   0.0000 (  0.0%)   0.0000 (  0.0%)  Cycle Info Analysis #2
   0.0000 (  0.0%)   0.0000 (  0.0%)   0.0000 (  0.0%)   0.0000 (  0.0%)  AMDGPU Reserve WWM Registers
   0.0000 (  0.0%)   0.0000 (  0.0%)   0.0000 (  0.0%)   0.0000 (  0.0%)  Function Alias Analysis Results #5
   0.0000 (  0.0%)   0.0000 (  0.0%)   0.0000 (  0.0%)   0.0000 (  0.0%)  Cycle Info Analysis #12
   0.0000 (  0.0%)   0.0000 (  0.0%)   0.0000 (  0.0%)   0.0000 (  0.0%)  Profile summary info
   0.0000 (  0.0%)   0.0000 (  0.0%)   0.0000 (  0.0%)   0.0000 (  0.0%)  Register Usage Information Storage
   0.0000 (  0.0%)   0.0000 (  0.0%)   0.0000 (  0.0%)   0.0000 (  0.0%)  SI Optimize VGPR LiveRange
   0.0000 (  0.0%)   0.0000 (  0.0%)   0.0000 (  0.0%)   0.0000 (  0.0%)  Memory Dependence Analysis #2
   0.0000 (  0.0%)   0.0000 (  0.1%)   0.0000 (  0.0%)   0.0000 (  0.0%)  Fixup each natural loop to have a single exit block
   0.0000 (  0.0%)   0.0000 (  0.0%)   0.0000 (  0.0%)   0.0000 (  0.0%)  WarnMissedTransformationsPass
   0.0000 (  0.0%)   0.0000 (  0.1%)   0.0000 (  0.0%)   0.0000 (  0.0%)  Cycle Info Analysis #11
   0.0000 (  0.0%)   0.0000 (  0.0%)   0.0000 (  0.0%)   0.0000 (  0.0%)  JumpThreadingPass
   0.0000 (  0.0%)   0.0000 (  0.0%)   0.0000 (  0.0%)   0.0000 (  0.0%)  Stack Slot Coloring
   0.0000 (  0.0%)   0.0000 (  0.0%)   0.0000 (  0.0%)   0.0000 (  0.0%)  Lazy Block Frequency Analysis #2
   0.0000 (  0.0%)   0.0000 (  0.1%)   0.0000 (  0.0%)   0.0000 (  0.0%)  Post-Dominator Tree Construction #4
   0.0000 (  0.0%)   0.0000 (  0.0%)   0.0000 (  0.0%)   0.0000 (  0.0%)  LowerTypeTestsPass
   0.0000 (  0.0%)   0.0000 (  0.0%)   0.0000 (  0.0%)   0.0000 (  0.0%)  Machine Branch Probability Analysis
   0.0000 (  0.0%)   0.0000 (  0.0%)   0.0000 (  0.0%)   0.0000 (  0.0%)  Assignment Tracking Analysis
   0.0000 (  0.0%)   0.0000 (  0.0%)   0.0000 (  0.0%)   0.0000 (  0.0%)  Machine Optimization Remark Emitter #2
   0.0000 (  0.0%)   0.0000 (  0.1%)   0.0000 (  0.0%)   0.0000 (  0.0%)  Function Alias Analysis Results #8
   0.0000 (  0.0%)   0.0000 (  0.0%)   0.0000 (  0.0%)   0.0000 (  0.0%)  MachineDominator Tree Construction #4
   0.0000 (  0.0%)   0.0000 (  0.0%)   0.0000 (  0.0%)   0.0000 (  0.0%)  Stack Slot Coloring #2
   0.0000 (  0.0%)   0.0000 (  0.0%)   0.0000 (  0.0%)   0.0000 (  0.0%)  Scoped NoAlias Alias Analysis
   0.0000 (  0.0%)   0.0000 (  0.0%)   0.0000 (  0.0%)   0.0000 (  0.0%)  Function Alias Analysis Results #7
   0.0000 (  0.0%)   0.0000 (  0.0%)   0.0000 (  0.0%)   0.0000 (  0.0%)  Insert XRay ops
   0.0000 (  0.0%)   0.0000 (  0.0%)   0.0000 (  0.0%)   0.0000 (  0.0%)  Basic Alias Analysis (stateless AA impl) #7
   0.0000 (  0.0%)   0.0000 (  0.0%)   0.0000 (  0.0%)   0.0000 (  0.0%)  Lazy Block Frequency Analysis #5
   0.0000 (  0.0%)   0.0000 (  0.0%)   0.0000 (  0.0%)   0.0000 (  0.0%)  Target Pass Configuration
   0.0000 (  0.0%)   0.0000 (  0.0%)   0.0000 (  0.0%)   0.0000 (  0.0%)  Target Transform Information
   0.0000 (  0.0%)   0.0000 (  0.0%)   0.0000 (  0.0%)   0.0000 (  0.0%)  Insert fentry calls
   0.0000 (  0.0%)   0.0000 (  0.0%)   0.0000 (  0.0%)   0.0000 (  0.0%)  Type-Based Alias Analysis
   0.0000 (  0.0%)   0.0000 (  0.0%)   0.0000 (  0.0%)   0.0000 (  0.0%)  Dominator Tree Construction #8
   0.0000 (  0.0%)   0.0000 (  0.1%)   0.0000 (  0.0%)   0.0000 (  0.0%)  Function Alias Analysis Results #6
   0.0000 (  0.0%)   0.0000 (  0.0%)   0.0000 (  0.0%)   0.0000 (  0.0%)  Scalar Evolution Analysis #5
   0.0000 (  0.0%)   0.0000 (  0.2%)   0.0000 (  0.0%)   0.0000 (  0.0%)  AMDGPU Insert Delay ALU
   0.0000 (  0.0%)   0.0000 (  0.0%)   0.0000 (  0.0%)   0.0000 (  0.0%)  Cycle Info Analysis #5
   0.0000 (  0.0%)   0.0000 (  0.0%)   0.0000 (  0.0%)   0.0000 (  0.0%)  Cycle Info Analysis #7
   0.0000 (  0.0%)   0.0000 (  0.0%)   0.0000 (  0.0%)   0.0000 (  0.0%)  AMDGPU Image Intrinsic Optimizer
   0.0000 (  0.0%)   0.0000 (  0.0%)   0.0000 (  0.0%)   0.0000 (  0.0%)  Default Regalloc Priority Advisor
   0.0000 (  0.0%)   0.0000 (  0.0%)   0.0000 (  0.0%)   0.0000 (  0.0%)  LCSSA Verifier #2
   0.0000 (  0.0%)   0.0000 (  0.0%)   0.0000 (  0.0%)   0.0000 (  0.0%)  Default Regalloc Eviction Advisor
   0.0000 (  0.0%)   0.0000 (  0.0%)   0.0000 (  0.0%)   0.0000 (  0.0%)  OpenMPOptCGSCCPass
   0.0000 (  0.0%)   0.0000 (  0.0%)   0.0000 (  0.0%)   0.0000 (  0.0%)  Init Undef Pass
   0.0000 (  0.0%)   0.0000 (  0.0%)   0.0000 (  0.0%)   0.0000 (  0.0%)  Expand variadic functions
   0.0000 (  0.0%)   0.0000 (  0.0%)   0.0000 (  0.0%)   0.0000 (  0.0%)  Unify divergent function exit nodes
   0.0000 (  0.0%)   0.0000 (  0.0%)   0.0000 (  0.0%)   0.0000 (  0.0%)  Lazy Machine Block Frequency Analysis #2
   0.0000 (  0.0%)   0.0000 (  0.0%)   0.0000 (  0.0%)   0.0000 (  0.0%)  GCN NSA Reassign
   0.0000 (  0.0%)   0.0000 (  0.0%)   0.0000 (  0.0%)   0.0000 (  0.0%)  Register Usage Information Collector Pass
   0.0000 (  0.0%)   0.0000 (  0.0%)   0.0000 (  0.0%)   0.0000 (  0.0%)  Lazy Branch Probability Analysis #3
   0.0000 (  0.0%)   0.0000 (  0.0%)   0.0000 (  0.0%)   0.0000 (  0.0%)  Stack Frame Layout Analysis
   0.0000 (  0.0%)   0.0000 (  0.0%)   0.0000 (  0.0%)   0.0000 (  0.0%)  Basic Alias Analysis (stateless AA impl) #4
   0.0000 (  0.0%)   0.0000 (  0.0%)   0.0000 (  0.0%)   0.0000 (  0.0%)  ArgumentPromotionPass
   0.0000 (  0.0%)   0.0000 (  0.0%)   0.0000 (  0.0%)   0.0000 (  0.0%)  GCN Create VOPD Instructions
   0.0000 (  0.0%)   0.0000 (  0.0%)   0.0000 (  0.0%)   0.0000 (  0.0%)  AMDGPU Lower VGPR Encoding
   0.0000 (  0.0%)   0.0000 (  0.0%)   0.0000 (  0.0%)   0.0000 (  0.0%)  Shrink Wrapping analysis
   0.0000 (  0.0%)   0.0000 (  0.0%)   0.0000 (  0.0%)   0.0000 (  0.0%)  Lazy Machine Block Frequency Analysis
   0.0000 (  0.0%)   0.0000 (  0.0%)   0.0000 (  0.0%)   0.0000 (  0.0%)  InvalidateAnalysisPass<llvm::AAManager>
   0.0000 (  0.0%)   0.0000 (  0.0%)   0.0000 (  0.0%)   0.0000 (  0.0%)  SI Insert Hard Clauses
   0.0000 (  0.0%)   0.0000 (  0.0%)   0.0000 (  0.0%)   0.0000 (  0.0%)  Convert irreducible control-flow into natural loops
   0.0000 (  0.0%)   0.0000 (  0.0%)   0.0000 (  0.0%)   0.0000 (  0.0%)  Register Usage Information Propagation
   0.0000 (  0.0%)   0.0000 (  0.0%)   0.0000 (  0.0%)   0.0000 (  0.0%)  Prepare inline asm insts
   0.0000 (  0.0%)   0.0000 (  0.0%)   0.0000 (  0.0%)   0.0000 (  0.0%)  Remove Loads Into Fake Uses
   0.0000 (  0.0%)   0.0000 (  0.0%)   0.0000 (  0.0%)   0.0000 (  0.0%)  AMDGPU Rewrite Undef for PHI
   0.0000 (  0.0%)   0.0000 (  0.0%)   0.0000 (  0.0%)   0.0000 (  0.0%)  MemProfRemoveInfo
   0.0000 (  0.0%)   0.0000 (  0.0%)   0.0000 (  0.0%)   0.0000 (  0.0%)  AMDGPU Mark Last Scratch Load
   0.0000 (  0.0%)   0.0000 (  0.0%)   0.0000 (  0.0%)   0.0000 (  0.0%)  Basic Alias Analysis (stateless AA impl) #6
   0.0000 (  0.0%)   0.0000 (  0.0%)   0.0000 (  0.0%)   0.0000 (  0.0%)  Safe Stack instrumentation pass
   0.0000 (  0.0%)   0.0000 (  0.0%)   0.0000 (  0.0%)   0.0000 (  0.0%)  CoroAnnotationElidePass
   0.0000 (  0.0%)   0.0000 (  0.0%)   0.0000 (  0.0%)   0.0000 (  0.0%)  Local Stack Slot Allocation
   0.0000 (  0.0%)   0.0000 (  0.0%)   0.0000 (  0.0%)   0.0000 (  0.0%)  Machine Sanitizer Binary Metadata
   0.0000 (  0.0%)   0.0000 (  0.0%)   0.0000 (  0.0%)   0.0000 (  0.0%)  Instrument function entry/exit with calls to e.g. mcount() (post inlining)
   0.0000 (  0.0%)   0.0000 (  0.0%)   0.0000 (  0.0%)   0.0000 (  0.0%)  Remove Redundant DEBUG_VALUE analysis
   0.0000 (  0.0%)   0.0000 (  0.0%)   0.0000 (  0.0%)   0.0000 (  0.0%)  Lazy Branch Probability Analysis #4
   0.0000 (  0.0%)   0.0000 (  0.0%)   0.0000 (  0.0%)   0.0000 (  0.0%)  Lazy Value Information Analysis
   0.0000 (  0.0%)   0.0000 (  0.0%)   0.0000 (  0.0%)   0.0000 (  0.0%)  Lazy Branch Probability Analysis
   0.0000 (  0.0%)   0.0000 (  0.0%)   0.0000 (  0.0%)   0.0000 (  0.0%)  Lazy Machine Block Frequency Analysis #5
   0.0000 (  0.0%)   0.0000 (  0.0%)   0.0000 (  0.0%)   0.0000 (  0.0%)  Lazy Block Frequency Analysis #3
   0.0000 (  0.0%)   0.0000 (  0.0%)   0.0000 (  0.0%)   0.0000 (  0.0%)  Dominator Tree Construction #7
   0.0000 (  0.0%)   0.0000 (  0.0%)   0.0000 (  0.0%)   0.0000 (  0.0%)  Lower SwitchInst's to branches
   0.0000 (  0.0%)   0.0000 (  0.0%)   0.0000 (  0.0%)   0.0000 (  0.0%)  AMDGPU Prepare AGPR Alloc
   0.0000 (  0.0%)   0.0000 (  0.0%)   0.0000 (  0.0%)   0.0000 (  0.0%)  Fixup Statepoint Caller Saved
   0.0000 (  0.0%)   0.0000 (  0.0%)   0.0000 (  0.0%)   0.0000 (  0.0%)  AMDGPU Preload Kernel Arguments Prolog
   0.0000 (  0.0%)   0.0000 (  0.0%)   0.0000 (  0.0%)   0.0000 (  0.0%)  Unnamed pass: implement Pass::getPassName()
   0.0000 (  0.0%)   0.0000 (  0.0%)   0.0000 (  0.0%)   0.0000 (  0.0%)  AMDGPU Insert waits for SGPR read hazards
   0.0000 (  0.0%)   0.0000 (  0.0%)   0.0000 (  0.0%)   0.0000 (  0.0%)  Optimization Remark Emitter
   0.0000 (  0.0%)   0.0000 (  0.0%)   0.0000 (  0.0%)   0.0000 (  0.0%)  Basic Alias Analysis (stateless AA impl) #8
   0.0000 (  0.0%)   0.0000 (  0.0%)   0.0000 (  0.0%)   0.0000 (  0.0%)  Lazy Machine Block Frequency Analysis #3
   0.0000 (  0.0%)   0.0000 (  0.0%)   0.0000 (  0.0%)   0.0000 (  0.0%)  Lazy Block Frequency Analysis
   0.0000 (  0.0%)   0.0000 (  0.0%)   0.0000 (  0.0%)   0.0000 (  0.0%)  Optimization Remark Emitter #2
   0.0000 (  0.0%)   0.0000 (  0.0%)   0.0000 (  0.0%)   0.0000 (  0.0%)  Lower invoke and unwind, for unwindless code generators
   0.0000 (  0.0%)   0.0000 (  0.0%)   0.0000 (  0.0%)   0.0000 (  0.0%)  MoveAutoInitPass
   0.0000 (  0.0%)   0.0000 (  0.0%)   0.0000 (  0.0%)   0.0000 (  0.0%)  AllocTokenPass
   0.0000 (  0.0%)   0.0000 (  0.0%)   0.0000 (  0.0%)   0.0000 (  0.0%)  Lazy Block Frequency Analysis #4
   0.0000 (  0.0%)   0.0000 (  0.0%)   0.0000 (  0.0%)   0.0000 (  0.0%)  Machine Optimization Remark Emitter #3
   0.0000 (  0.0%)   0.0000 (  0.0%)   0.0000 (  0.0%)   0.0000 (  0.0%)  AMDGPU Preload Kernel Arguments
   0.0000 (  0.0%)   0.0000 (  0.0%)   0.0000 (  0.0%)   0.0000 (  0.0%)  Optimization Remark Emitter #3
   0.0000 (  0.0%)   0.0000 (  0.0%)   0.0000 (  0.0%)   0.0000 (  0.0%)  AlignmentFromAssumptionsPass
   0.0000 (  0.0%)   0.0000 (  0.1%)   0.0000 (  0.0%)   0.0000 (  0.0%)  Lazy Machine Block Frequency Analysis #4
   0.0000 (  0.0%)   0.0000 (  0.0%)   0.0000 (  0.0%)   0.0000 (  0.0%)  ExpandVariadicsPass
   0.0000 (  0.0%)   0.0000 (  0.0%)   0.0000 (  0.0%)   0.0000 (  0.0%)  Natural Loop Information #6
   0.0000 (  0.0%)   0.0000 (  0.0%)   0.0000 (  0.0%)   0.0000 (  0.0%)  MergedLoadStoreMotionPass
   0.0000 (  0.0%)   0.0000 (  0.0%)   0.0000 (  0.0%)   0.0000 (  0.0%)  DeadArgumentEliminationPass
   0.0000 (  0.0%)   0.0000 (  0.0%)   0.0000 (  0.0%)   0.0000 (  0.0%)  OpenMPOptPass
   0.0000 (  0.0%)   0.0000 (  0.0%)   0.0000 (  0.0%)   0.0000 (  0.0%)  CoroSplitPass
   0.0000 (  0.0%)   0.0000 (  0.0%)   0.0000 (  0.0%)   0.0000 (  0.0%)  KernelInfoPrinter
   0.0000 (  0.0%)   0.0000 (  0.0%)   0.0000 (  0.0%)   0.0000 (  0.0%)  CrossDSOCFIPass
   0.0000 (  0.0%)   0.0000 (  0.0%)   0.0000 (  0.0%)   0.0000 (  0.0%)  LoopSinkPass
   0.0000 (  0.0%)   0.0000 (  0.0%)   0.0000 (  0.0%)   0.0000 (  0.0%)  CoroEarlyPass
   0.0000 (  0.0%)   0.0000 (  0.0%)   0.0000 (  0.0%)   0.0000 (  0.0%)  Pre-ISel Intrinsic Lowering
   0.0000 (  0.0%)   0.0000 (  0.0%)   0.0000 (  0.0%)   0.0000 (  0.0%)  CoroCleanupPass
   0.0000 (  0.0%)   0.0000 (  0.0%)   0.0000 (  0.0%)   0.0000 (  0.0%)  RelLookupTableConverterPass
   0.0000 (  0.0%)   0.0000 (  0.0%)   0.0000 (  0.0%)   0.0000 (  0.0%)  AMDGPU Inline All Functions
   0.0000 (  0.0%)   0.0000 (  0.0%)   0.0000 (  0.0%)   0.0000 (  0.0%)  ReversePostOrderFunctionAttrsPass
   0.0000 (  0.0%)   0.0000 (  0.0%)   0.0000 (  0.0%)   0.0000 (  0.0%)  Externalize enqueued block runtime handles
   0.0000 (  0.0%)   0.0000 (  0.0%)   0.0000 (  0.0%)   0.0000 (  0.0%)  AMDGPU lower intrinsics
   0.0000 (  0.0%)   0.0000 (  0.0%)   0.0000 (  0.0%)   0.0000 (  0.0%)  Lower ctors and dtors for AMDGPU
   0.0000 (  0.0%)   0.0000 (  0.0%)   0.0000 (  0.0%)   0.0000 (  0.0%)  ConstantMergePass
   0.0000 (  0.0%)   0.0000 (  0.0%)   0.0000 (  0.0%)   0.0000 (  0.0%)  AMDGPU Printf lowering
   0.0000 (  0.0%)   0.0000 (  0.0%)   0.0000 (  0.0%)   0.0000 (  0.0%)  DropTypeTestsPass
   0.0000 (  0.0%)   0.0000 (  0.0%)   0.0000 (  0.0%)   0.0000 (  0.0%)  GlobalSplitPass
   0.0000 (  0.0%)   0.0000 (  0.0%)   0.0000 (  0.0%)   0.0000 (  0.0%)  EliminateAvailableExternallyPass
   0.0000 (  0.0%)   0.0000 (  0.0%)   0.0000 (  0.0%)   0.0000 (  0.0%)  AMDGPU Software lowering of LDS
   0.0000 (  0.0%)   0.0000 (  0.0%)   0.0000 (  0.0%)   0.0000 (  0.0%)  AMDGPUSwLowerLDSPass
   0.0494 (100.0%)   0.0109 (100.0%)   0.0603 (100.0%)   0.0602 (100.0%)  Total

===-------------------------------------------------------------------------===
                      Instruction Selection and Scheduling
===-------------------------------------------------------------------------===
  Total Execution Time: 0.0044 seconds (0.0044 wall clock)

   ---User Time---   --System Time--   --User+System--   ---Wall Time---  --- Name ---
   0.0012 ( 31.2%)   0.0001 ( 11.2%)   0.0012 ( 28.1%)   0.0012 ( 28.0%)  Instruction Selection
   0.0006 ( 16.5%)   0.0003 ( 38.0%)   0.0009 ( 19.8%)   0.0009 ( 19.7%)  Instruction Scheduling
   0.0006 ( 16.2%)   0.0002 ( 22.6%)   0.0008 ( 17.2%)   0.0008 ( 17.4%)  DAG Combining 1
   0.0005 ( 12.2%)   0.0001 (  9.6%)   0.0005 ( 11.8%)   0.0005 ( 11.7%)  DAG Combining 2
   0.0003 (  8.6%)   0.0000 (  5.5%)   0.0004 (  8.1%)   0.0004 (  8.1%)  Instruction Creation
   0.0003 (  7.9%)   0.0001 (  8.3%)   0.0003 (  7.9%)   0.0003 (  7.9%)  DAG Legalization
   0.0001 (  2.4%)   0.0000 (  2.0%)   0.0001 (  2.3%)   0.0001 (  2.3%)  Type Legalization
   0.0001 (  1.7%)   0.0000 (  2.0%)   0.0001 (  1.8%)   0.0001 (  1.9%)  Vector Legalization
   0.0001 (  2.2%)   0.0000 (  0.0%)   0.0001 (  1.8%)   0.0001 (  1.8%)  DAG Combining after legalize vectors
   0.0000 (  1.0%)   0.0000 (  0.6%)   0.0000 (  0.9%)   0.0000 (  1.0%)  Instruction Scheduling Cleanup
   0.0000 (  0.1%)   0.0000 (  0.0%)   0.0000 (  0.1%)   0.0000 (  0.1%)  Type Legalization 2
   0.0037 (100.0%)   0.0007 (100.0%)   0.0044 (100.0%)   0.0044 (100.0%)  Total

===-------------------------------------------------------------------------===
                              Register Allocation
===-------------------------------------------------------------------------===
  Total Execution Time: 0.0001 seconds (0.0001 wall clock)

   ---User Time---   --System Time--   --User+System--   ---Wall Time---  --- Name ---
   0.0001 (100.0%)   0.0000 (100.0%)   0.0001 (100.0%)   0.0001 (100.0%)  Seed Live Regs
   0.0001 (100.0%)   0.0000 (100.0%)   0.0001 (100.0%)   0.0001 (100.0%)  Total

===-------------------------------------------------------------------------===
                        Analysis execution timing report
===-------------------------------------------------------------------------===
  Total Execution Time: 0.0021 seconds (0.0021 wall clock)

   ---User Time---   --System Time--   --User+System--   ---Wall Time---  --- Name ---
   0.0000 (  1.3%)   0.0009 ( 77.2%)   0.0009 ( 42.9%)   0.0009 ( 43.2%)  TargetIRAnalysis
   0.0003 ( 26.2%)   0.0001 (  6.5%)   0.0003 ( 15.4%)   0.0003 ( 15.6%)  VerifierAnalysis
   0.0002 ( 23.7%)   0.0000 (  1.8%)   0.0002 ( 11.7%)   0.0002 ( 11.8%)  UniformityInfoAnalysis
   0.0002 ( 16.1%)   0.0000 (  1.3%)   0.0002 (  8.0%)   0.0002 (  7.8%)  MemorySSAAnalysis
   0.0001 (  6.2%)   0.0000 (  2.3%)   0.0001 (  4.1%)   0.0001 (  4.1%)  AAManager
   0.0000 (  4.1%)   0.0000 (  1.5%)   0.0001 (  2.7%)   0.0001 (  2.5%)  DominatorTreeAnalysis
   0.0000 (  2.8%)   0.0000 (  0.3%)   0.0000 (  1.5%)   0.0000 (  1.5%)  CycleAnalysis
   0.0000 (  1.6%)   0.0000 (  1.3%)   0.0000 (  1.4%)   0.0000 (  1.4%)  BasicAA
   0.0000 (  2.4%)   0.0000 (  0.5%)   0.0000 (  1.4%)   0.0000 (  1.4%)  ScalarEvolutionAnalysis
   0.0000 (  1.8%)   0.0000 (  0.9%)   0.0000 (  1.3%)   0.0000 (  1.3%)  LazyCallGraphAnalysis
   0.0000 (  2.0%)   0.0000 (  0.3%)   0.0000 (  1.0%)   0.0000 (  1.1%)  LoopAnalysis
   0.0000 (  1.4%)   0.0000 (  0.5%)   0.0000 (  0.9%)   0.0000 (  0.9%)  FunctionAnalysisManagerCGSCCProxy
   0.0000 (  1.0%)   0.0000 (  0.9%)   0.0000 (  1.0%)   0.0000 (  0.9%)  TargetLibraryAnalysis
   0.0000 (  1.3%)   0.0000 (  0.4%)   0.0000 (  0.8%)   0.0000 (  0.8%)  AssumptionAnalysis
   0.0000 (  0.8%)   0.0000 (  0.8%)   0.0000 (  0.8%)   0.0000 (  0.7%)  PostDominatorTreeAnalysis
   0.0000 (  1.5%)   0.0000 (  0.0%)   0.0000 (  0.7%)   0.0000 (  0.7%)  GlobalsAA
   0.0000 (  1.0%)   0.0000 (  0.1%)   0.0000 (  0.5%)   0.0000 (  0.5%)  LastRunTrackingAnalysis
   0.0000 (  0.9%)   0.0000 (  0.0%)   0.0000 (  0.4%)   0.0000 (  0.5%)  CallGraphAnalysis
   0.0000 (  0.3%)   0.0000 (  0.4%)   0.0000 (  0.4%)   0.0000 (  0.4%)  DemandedBitsAnalysis
   0.0000 (  0.5%)   0.0000 (  0.2%)   0.0000 (  0.3%)   0.0000 (  0.4%)  OuterAnalysisManagerProxy<ModuleAnalysisManager, LazyCallGraph::SCC, LazyCallGraph &>
   0.0000 (  0.5%)   0.0000 (  0.4%)   0.0000 (  0.5%)   0.0000 (  0.3%)  AMDGPUAA
   0.0000 (  0.2%)   0.0000 (  0.4%)   0.0000 (  0.3%)   0.0000 (  0.3%)  OptimizationRemarkEmitterAnalysis
   0.0000 (  0.3%)   0.0000 (  0.3%)   0.0000 (  0.3%)   0.0000 (  0.3%)  TypeBasedAA
   0.0000 (  0.2%)   0.0000 (  0.3%)   0.0000 (  0.2%)   0.0000 (  0.3%)  LoopAccessAnalysis
   0.0000 (  0.2%)   0.0000 (  0.2%)   0.0000 (  0.2%)   0.0000 (  0.3%)  ScopedNoAliasAA
   0.0000 (  0.4%)   0.0000 (  0.3%)   0.0000 (  0.4%)   0.0000 (  0.3%)  OuterAnalysisManagerProxy<ModuleAnalysisManager, Function>
   0.0000 (  0.4%)   0.0000 (  0.2%)   0.0000 (  0.3%)   0.0000 (  0.2%)  InnerAnalysisManagerProxy<LoopAnalysisManager, Function>
   0.0000 (  0.2%)   0.0000 (  0.1%)   0.0000 (  0.1%)   0.0000 (  0.2%)  InnerAnalysisManagerProxy<FunctionAnalysisManager, Module>
   0.0000 (  0.3%)   0.0000 (  0.2%)   0.0000 (  0.2%)   0.0000 (  0.2%)  MemoryDependenceAnalysis
   0.0000 (  0.3%)   0.0000 (  0.2%)   0.0000 (  0.2%)   0.0000 (  0.2%)  InnerAnalysisManagerProxy<CGSCCAnalysisManager, Module>
   0.0000 (  0.0%)   0.0000 (  0.1%)   0.0000 (  0.0%)   0.0000 (  0.1%)  ProfileSummaryAnalysis
   0.0000 (  0.0%)   0.0000 (  0.0%)   0.0000 (  0.0%)   0.0000 (  0.1%)  InlineAdvisorAnalysis
   0.0010 (100.0%)   0.0012 (100.0%)   0.0021 (100.0%)   0.0021 (100.0%)  Total

/root/polybenchGpu/HIP/GRAMSCHM/gramschmidt.hip.cpp:118:2: warning: ignoring return value of type 'hipError_t' declared with 'nodiscard' attribute [-Wunused-value]
  118 |         hipGetDeviceProperties(&deviceProp, GPU_DEVICE);
      |         ^~~~~~~~~~~~~~~~~~~~~~~~~~~~~~~~~~~~~~~~~~~~~~~
/opt/rocm-7.0.2/include/hip/hip_runtime_api.h:102:32: note: expanded from macro 'hipGetDeviceProperties'
  102 | #define hipGetDeviceProperties hipGetDevicePropertiesR0600
      |                                ^
/root/polybenchGpu/HIP/GRAMSCHM/gramschmidt.hip.cpp:120:2: warning: ignoring return value of type 'hipError_t' declared with 'nodiscard' attribute [-Wunused-value]
  120 |         hipSetDevice( GPU_DEVICE );     
      |         ^~~~~~~~~~~~~~~~~~~~~~~~~~
/root/polybenchGpu/HIP/GRAMSCHM/gramschmidt.hip.cpp:186:2: warning: ignoring return value of type 'hipError_t' declared with 'nodiscard' attribute [-Wunused-value]
  186 |         hipMalloc((void **)&A_gpu, sizeof(DATA_TYPE) * NI * NJ);
      |         ^~~~~~~~~~~~~~~~~~~~~~~~~~~~~~~~~~~~~~~~~~~~~~~~~~~~~~~
/root/polybenchGpu/HIP/GRAMSCHM/gramschmidt.hip.cpp:187:2: warning: ignoring return value of type 'hipError_t' declared with 'nodiscard' attribute [-Wunused-value]
  187 |         hipMalloc((void **)&R_gpu, sizeof(DATA_TYPE) * NJ * NJ);
      |         ^~~~~~~~~~~~~~~~~~~~~~~~~~~~~~~~~~~~~~~~~~~~~~~~~~~~~~~
/root/polybenchGpu/HIP/GRAMSCHM/gramschmidt.hip.cpp:188:2: warning: ignoring return value of type 'hipError_t' declared with 'nodiscard' attribute [-Wunused-value]
  188 |         hipMalloc((void **)&Q_gpu, sizeof(DATA_TYPE) * NI * NJ);
      |         ^~~~~~~~~~~~~~~~~~~~~~~~~~~~~~~~~~~~~~~~~~~~~~~~~~~~~~~
/root/polybenchGpu/HIP/GRAMSCHM/gramschmidt.hip.cpp:189:2: warning: ignoring return value of type 'hipError_t' declared with 'nodiscard' attribute [-Wunused-value]
  189 |         hipMemcpy(A_gpu, A, sizeof(DATA_TYPE) * NI * NJ, hipMemcpyHostToDevice);
      |         ^~~~~~~~~~~~~~~~~~~~~~~~~~~~~~~~~~~~~~~~~~~~~~~~~~~~~~~~~~~~~~~~~~~~~~~
/root/polybenchGpu/HIP/GRAMSCHM/gramschmidt.hip.cpp:197:3: warning: ignoring return value of type 'hipError_t' declared with 'nodiscard' attribute [-Wunused-value]
  197 |                 hipDeviceSynchronize();
      |                 ^~~~~~~~~~~~~~~~~~~~~~
/root/polybenchGpu/HIP/GRAMSCHM/gramschmidt.hip.cpp:199:3: warning: ignoring return value of type 'hipError_t' declared with 'nodiscard' attribute [-Wunused-value]
  199 |                 hipDeviceSynchronize();
      |                 ^~~~~~~~~~~~~~~~~~~~~~
/root/polybenchGpu/HIP/GRAMSCHM/gramschmidt.hip.cpp:201:3: warning: ignoring return value of type 'hipError_t' declared with 'nodiscard' attribute [-Wunused-value]
  201 |                 hipDeviceSynchronize();
      |                 ^~~~~~~~~~~~~~~~~~~~~~
/root/polybenchGpu/HIP/GRAMSCHM/gramschmidt.hip.cpp:207:2: warning: ignoring return value of type 'hipError_t' declared with 'nodiscard' attribute [-Wunused-value]
  207 |         hipMemcpy(A_outputFromGpu, A_gpu, sizeof(DATA_TYPE) * NI * NJ, hipMemcpyDeviceToHost);    
      |         ^~~~~~~~~~~~~~~~~~~~~~~~~~~~~~~~~~~~~~~~~~~~~~~~~~~~~~~~~~~~~~~~~~~~~~~~~~~~~~~~~~~~~
/root/polybenchGpu/HIP/GRAMSCHM/gramschmidt.hip.cpp:209:2: warning: ignoring return value of type 'hipError_t' declared with 'nodiscard' attribute [-Wunused-value]
  209 |         hipFree(A_gpu);
      |         ^~~~~~~~~~~~~~
/root/polybenchGpu/HIP/GRAMSCHM/gramschmidt.hip.cpp:210:2: warning: ignoring return value of type 'hipError_t' declared with 'nodiscard' attribute [-Wunused-value]
  210 |         hipFree(R_gpu);
      |         ^~~~~~~~~~~~~~
/root/polybenchGpu/HIP/GRAMSCHM/gramschmidt.hip.cpp:211:2: warning: ignoring return value of type 'hipError_t' declared with 'nodiscard' attribute [-Wunused-value]
  211 |         hipFree(Q_gpu);
      |         ^~~~~~~~~~~~~~
13 warnings generated when compiling for host.
===-------------------------------------------------------------------------===
                              Register Allocation
===-------------------------------------------------------------------------===
  Total Execution Time: 0.0021 seconds (0.0021 wall clock)

   ---User Time---   --System Time--   --User+System--   ---Wall Time---  --- Name ---
   0.0015 ( 71.3%)   0.0000 (  0.0%)   0.0015 ( 70.6%)   0.0015 ( 70.5%)  Global Splitting
   0.0003 ( 13.9%)   0.0000 (  0.0%)   0.0003 ( 13.8%)   0.0003 ( 13.8%)  Spiller
   0.0002 ( 10.3%)   0.0000 (  0.0%)   0.0002 ( 10.2%)   0.0002 ( 10.2%)  Evict
   0.0001 (  3.6%)   0.0000 (100.0%)   0.0001 (  4.6%)   0.0001 (  4.6%)  Seed Live Regs
   0.0000 (  0.9%)   0.0000 (  0.0%)   0.0000 (  0.9%)   0.0000 (  0.9%)  Local Splitting
   0.0021 (100.0%)   0.0000 (100.0%)   0.0021 (100.0%)   0.0021 (100.0%)  Total

===-------------------------------------------------------------------------===
                      Instruction Selection and Scheduling
===-------------------------------------------------------------------------===
  Total Execution Time: 0.0166 seconds (0.0166 wall clock)

   ---User Time---   --System Time--   --User+System--   ---Wall Time---  --- Name ---
   0.0027 ( 17.2%)   0.0002 ( 29.6%)   0.0029 ( 17.6%)   0.0029 ( 17.7%)  DAG Combining 1
   0.0028 ( 17.3%)   0.0001 (  8.8%)   0.0028 ( 17.0%)   0.0028 ( 17.0%)  DAG Combining 2
   0.0025 ( 15.5%)   0.0001 ( 22.1%)   0.0026 ( 15.8%)   0.0026 ( 15.8%)  Instruction Selection
   0.0015 (  9.6%)   0.0001 (  9.0%)   0.0016 (  9.6%)   0.0016 (  9.5%)  Instruction Scheduling
   0.0014 (  8.6%)   0.0001 (  9.6%)   0.0014 (  8.6%)   0.0014 (  8.6%)  DAG Legalization
   0.0013 (  8.1%)   0.0000 (  6.4%)   0.0013 (  8.1%)   0.0013 (  8.0%)  Instruction Creation
   0.0012 (  7.8%)   0.0000 (  2.9%)   0.0013 (  7.6%)   0.0012 (  7.5%)  DAG Combining after legalize types
   0.0012 (  7.4%)   0.0000 (  7.2%)   0.0012 (  7.4%)   0.0012 (  7.3%)  Type Legalization
   0.0009 (  5.6%)   0.0000 (  0.0%)   0.0009 (  5.4%)   0.0009 (  5.4%)  DAG Combining after legalize vectors
   0.0003 (  2.1%)   0.0000 (  3.5%)   0.0004 (  2.1%)   0.0004 (  2.1%)  Vector Legalization
   0.0001 (  0.8%)   0.0000 (  1.0%)   0.0001 (  0.8%)   0.0001 (  0.8%)  Instruction Scheduling Cleanup
   0.0000 (  0.2%)   0.0000 (  0.0%)   0.0000 (  0.2%)   0.0000 (  0.2%)  Type Legalization 2
   0.0159 (100.0%)   0.0006 (100.0%)   0.0166 (100.0%)   0.0166 (100.0%)  Total

===-------------------------------------------------------------------------===
                        Analysis execution timing report
===-------------------------------------------------------------------------===
  Total Execution Time: 0.0039 seconds (0.0039 wall clock)

   ---User Time---   --System Time--   --User+System--   ---Wall Time---  --- Name ---
   0.0004 ( 12.9%)   0.0005 ( 58.9%)   0.0009 ( 22.1%)   0.0009 ( 22.1%)  TargetIRAnalysis
   0.0005 ( 17.6%)   0.0001 (  6.9%)   0.0006 ( 15.5%)   0.0006 ( 15.4%)  MemorySSAAnalysis
   0.0005 ( 16.7%)   0.0000 (  0.0%)   0.0005 ( 13.4%)   0.0005 ( 13.3%)  VerifierAnalysis
   0.0002 (  7.6%)   0.0000 (  2.5%)   0.0003 (  6.6%)   0.0003 (  6.6%)  AAManager
   0.0001 (  4.7%)   0.0001 (  6.6%)   0.0002 (  5.1%)   0.0002 (  5.0%)  DominatorTreeAnalysis
   0.0002 (  4.9%)   0.0000 (  1.7%)   0.0002 (  4.2%)   0.0002 (  4.4%)  LoopAnalysis
   0.0001 (  4.7%)   0.0000 (  1.0%)   0.0002 (  4.0%)   0.0002 (  4.0%)  ScalarEvolutionAnalysis
   0.0001 (  3.7%)   0.0000 (  4.3%)   0.0001 (  3.8%)   0.0002 (  4.0%)  BlockFrequencyAnalysis
   0.0001 (  3.6%)   0.0000 (  4.3%)   0.0001 (  3.8%)   0.0001 (  3.7%)  BranchProbabilityAnalysis
   0.0001 (  2.7%)   0.0000 (  2.3%)   0.0001 (  2.6%)   0.0001 (  2.7%)  PostDominatorTreeAnalysis
   0.0001 (  2.3%)   0.0000 (  0.8%)   0.0001 (  2.0%)   0.0001 (  1.9%)  BasicAA
   0.0001 (  1.9%)   0.0000 (  1.7%)   0.0001 (  1.9%)   0.0001 (  1.9%)  CycleAnalysis
   0.0001 (  1.8%)   0.0000 (  1.8%)   0.0001 (  1.8%)   0.0001 (  1.9%)  TargetLibraryAnalysis
   0.0001 (  2.2%)   0.0000 (  0.0%)   0.0001 (  1.8%)   0.0001 (  1.7%)  CallGraphAnalysis
   0.0001 (  1.6%)   0.0000 (  0.7%)   0.0001 (  1.4%)   0.0000 (  1.2%)  LastRunTrackingAnalysis
   0.0000 (  0.7%)   0.0000 (  1.2%)   0.0000 (  0.8%)   0.0000 (  1.1%)  FunctionAnalysisManagerCGSCCProxy
   0.0000 (  1.3%)   0.0000 (  0.0%)   0.0000 (  1.0%)   0.0000 (  1.0%)  GlobalsAA
   0.0000 (  0.7%)   0.0000 (  1.6%)   0.0000 (  0.9%)   0.0000 (  0.9%)  AssumptionAnalysis
   0.0000 (  0.8%)   0.0000 (  0.4%)   0.0000 (  0.7%)   0.0000 (  0.8%)  DemandedBitsAnalysis
   0.0000 (  0.6%)   0.0000 (  0.5%)   0.0000 (  0.6%)   0.0000 (  0.7%)  LazyValueAnalysis
   0.0000 (  0.8%)   0.0000 (  0.0%)   0.0000 (  0.6%)   0.0000 (  0.6%)  LoopAccessAnalysis
   0.0000 (  0.8%)   0.0000 (  0.0%)   0.0000 (  0.7%)   0.0000 (  0.6%)  LazyCallGraphAnalysis
   0.0000 (  0.6%)   0.0000 (  0.1%)   0.0000 (  0.5%)   0.0000 (  0.6%)  ScopedNoAliasAA
   0.0000 (  0.9%)   0.0000 (  0.0%)   0.0000 (  0.7%)   0.0000 (  0.5%)  TypeBasedAA
   0.0000 (  0.7%)   0.0000 (  0.0%)   0.0000 (  0.5%)   0.0000 (  0.5%)  OptimizationRemarkEmitterAnalysis
   0.0000 (  0.5%)   0.0000 (  0.1%)   0.0000 (  0.4%)   0.0000 (  0.5%)  OuterAnalysisManagerProxy<ModuleAnalysisManager, Function>
   0.0000 (  0.5%)   0.0000 (  0.5%)   0.0000 (  0.5%)   0.0000 (  0.4%)  MemoryDependenceAnalysis
   0.0000 (  0.3%)   0.0000 (  0.8%)   0.0000 (  0.4%)   0.0000 (  0.4%)  EphemeralValuesAnalysis
   0.0000 (  0.5%)   0.0000 (  0.0%)   0.0000 (  0.4%)   0.0000 (  0.4%)  InnerAnalysisManagerProxy<LoopAnalysisManager, Function>
   0.0000 (  0.3%)   0.0000 (  0.4%)   0.0000 (  0.3%)   0.0000 (  0.4%)  UniformityInfoAnalysis
   0.0000 (  0.3%)   0.0000 (  0.5%)   0.0000 (  0.3%)   0.0000 (  0.3%)  OuterAnalysisManagerProxy<ModuleAnalysisManager, LazyCallGraph::SCC, LazyCallGraph &>
   0.0000 (  0.4%)   0.0000 (  0.4%)   0.0000 (  0.4%)   0.0000 (  0.3%)  ShouldNotRunFunctionPassesAnalysis
   0.0000 (  0.2%)   0.0000 (  0.0%)   0.0000 (  0.2%)   0.0000 (  0.2%)  ShouldRunExtraVectorPasses
   0.0000 (  0.1%)   0.0000 (  0.0%)   0.0000 (  0.1%)   0.0000 (  0.1%)  InnerAnalysisManagerProxy<FunctionAnalysisManager, Module>
   0.0000 (  0.0%)   0.0000 (  0.0%)   0.0000 (  0.0%)   0.0000 (  0.0%)  ShouldRunExtraSimpleLoopUnswitch
   0.0000 (  0.0%)   0.0000 (  0.0%)   0.0000 (  0.0%)   0.0000 (  0.0%)  InnerAnalysisManagerProxy<CGSCCAnalysisManager, Module>
   0.0000 (  0.0%)   0.0000 (  0.0%)   0.0000 (  0.0%)   0.0000 (  0.0%)  ProfileSummaryAnalysis
   0.0000 (  0.0%)   0.0000 (  0.0%)   0.0000 (  0.0%)   0.0000 (  0.0%)  InlineAdvisorAnalysis
   0.0031 (100.0%)   0.0008 (100.0%)   0.0039 (100.0%)   0.0039 (100.0%)  Total

===-------------------------------------------------------------------------===
                          Pass execution timing report
===-------------------------------------------------------------------------===
  Total Execution Time: 0.1210 seconds (0.1209 wall clock)

   ---User Time---   --System Time--   --User+System--   ---Wall Time---  --- Name ---
   0.0196 ( 17.7%)   0.0010 ( 10.1%)   0.0206 ( 17.0%)   0.0206 ( 17.1%)  X86 DAG->DAG Instruction Selection
   0.0103 (  9.3%)   0.0000 (  0.0%)   0.0103 (  8.5%)   0.0103 (  8.5%)  LoopVectorizePass
   0.0097 (  8.7%)   0.0003 (  2.9%)   0.0100 (  8.2%)   0.0100 (  8.2%)  InstCombinePass
   0.0089 (  8.0%)   0.0001 (  0.8%)   0.0090 (  7.4%)   0.0090 (  7.4%)  Loop Strength Reduction
   0.0045 (  4.1%)   0.0000 (  0.0%)   0.0045 (  3.7%)   0.0045 (  3.7%)  SLPVectorizerPass
   0.0045 (  4.0%)   0.0000 (  0.0%)   0.0045 (  3.7%)   0.0045 (  3.7%)  LoopUnrollPass
   0.0035 (  3.2%)   0.0002 (  2.1%)   0.0037 (  3.1%)   0.0037 (  3.1%)  Greedy Register Allocator #2
   0.0026 (  2.3%)   0.0003 (  3.3%)   0.0029 (  2.4%)   0.0029 (  2.4%)  Machine Instruction Scheduler
   0.0027 (  2.4%)   0.0001 (  0.8%)   0.0027 (  2.3%)   0.0027 (  2.3%)  IndVarSimplifyPass
   0.0019 (  1.7%)   0.0006 (  6.4%)   0.0026 (  2.1%)   0.0026 (  2.1%)  SimplifyCFGPass
   0.0020 (  1.8%)   0.0000 (  0.0%)   0.0020 (  1.6%)   0.0020 (  1.6%)  LoopLoadEliminationPass
   0.0019 (  1.7%)   0.0001 (  0.6%)   0.0020 (  1.6%)   0.0019 (  1.6%)  Induction Variable Users
   0.0019 (  1.7%)   0.0000 (  0.1%)   0.0019 (  1.6%)   0.0019 (  1.6%)  LICMPass
   0.0012 (  1.1%)   0.0004 (  4.4%)   0.0017 (  1.4%)   0.0017 (  1.4%)  InlinerPass
   0.0011 (  1.0%)   0.0002 (  1.7%)   0.0013 (  1.1%)   0.0013 (  1.1%)  Register Coalescer
   0.0012 (  1.1%)   0.0000 (  0.4%)   0.0013 (  1.0%)   0.0013 (  1.0%)  GVNPass
   0.0007 (  0.6%)   0.0006 (  5.6%)   0.0012 (  1.0%)   0.0012 (  1.0%)  SROAPass
   0.0008 (  0.7%)   0.0004 (  3.7%)   0.0011 (  0.9%)   0.0011 (  0.9%)  EarlyCSEPass
   0.0010 (  0.9%)   0.0001 (  1.2%)   0.0011 (  0.9%)   0.0011 (  0.9%)  Live Variable Analysis
   0.0010 (  0.9%)   0.0001 (  0.7%)   0.0011 (  0.9%)   0.0011 (  0.9%)  Two-Address instruction pass
   0.0007 (  0.6%)   0.0003 (  2.9%)   0.0010 (  0.8%)   0.0009 (  0.8%)  Machine Module Information
   0.0008 (  0.8%)   0.0001 (  0.6%)   0.0009 (  0.7%)   0.0009 (  0.7%)  Machine Common Subexpression Elimination
   0.0007 (  0.6%)   0.0002 (  2.3%)   0.0009 (  0.7%)   0.0009 (  0.7%)  X86 Assembly Printer
   0.0007 (  0.7%)   0.0001 (  1.1%)   0.0009 (  0.7%)   0.0009 (  0.7%)  Live Interval Analysis
   0.0008 (  0.7%)   0.0000 (  0.1%)   0.0008 (  0.7%)   0.0008 (  0.7%)  LoopDeletionPass
   0.0007 (  0.6%)   0.0001 (  1.5%)   0.0008 (  0.7%)   0.0008 (  0.7%)  CodeGen Prepare
   0.0008 (  0.7%)   0.0000 (  0.2%)   0.0008 (  0.7%)   0.0008 (  0.6%)  Canonicalize Freeze Instructions in Loops
   0.0006 (  0.5%)   0.0002 (  2.1%)   0.0008 (  0.6%)   0.0008 (  0.6%)  Dominator Tree Construction #3
   0.0006 (  0.6%)   0.0001 (  1.0%)   0.0007 (  0.6%)   0.0007 (  0.6%)  CorrelatedValuePropagationPass
   0.0007 (  0.6%)   0.0000 (  0.2%)   0.0007 (  0.6%)   0.0007 (  0.6%)  LoopIdiomRecognizePass
   0.0005 (  0.5%)   0.0002 (  1.9%)   0.0007 (  0.6%)   0.0007 (  0.6%)  Function Alias Analysis Results #2
   0.0005 (  0.5%)   0.0002 (  1.9%)   0.0007 (  0.6%)   0.0007 (  0.6%)  Unnamed pass: implement Pass::getPassName()
   0.0005 (  0.4%)   0.0002 (  1.9%)   0.0007 (  0.6%)   0.0007 (  0.6%)  Basic Alias Analysis (stateless AA impl) #3
   0.0006 (  0.5%)   0.0001 (  0.9%)   0.0006 (  0.5%)   0.0006 (  0.5%)  Reaching Definitions Analysis
   0.0006 (  0.5%)   0.0000 (  0.5%)   0.0006 (  0.5%)   0.0006 (  0.5%)  DSEPass
   0.0006 (  0.5%)   0.0000 (  0.2%)   0.0006 (  0.5%)   0.0006 (  0.5%)  SCCPPass
   0.0005 (  0.5%)   0.0000 (  0.4%)   0.0006 (  0.5%)   0.0006 (  0.5%)  JumpThreadingPass
   0.0005 (  0.5%)   0.0001 (  0.8%)   0.0006 (  0.5%)   0.0006 (  0.5%)  PostOrderFunctionAttrsPass
   0.0005 (  0.5%)   0.0000 (  0.1%)   0.0006 (  0.5%)   0.0006 (  0.5%)  LoopRotatePass
   0.0005 (  0.5%)   0.0000 (  0.0%)   0.0005 (  0.4%)   0.0005 (  0.4%)  VerifierPass
   0.0004 (  0.3%)   0.0001 (  1.3%)   0.0005 (  0.4%)   0.0005 (  0.4%)  Unnamed pass: implement Pass::getPassName() #2
   0.0005 (  0.4%)   0.0000 (  0.2%)   0.0005 (  0.4%)   0.0005 (  0.4%)  Early Machine Loop Invariant Code Motion
   0.0000 (  0.0%)   0.0005 (  4.9%)   0.0005 (  0.4%)   0.0005 (  0.4%)  IPSCCPPass
   0.0004 (  0.4%)   0.0000 (  0.2%)   0.0005 (  0.4%)   0.0005 (  0.4%)  Machine code sinking
   0.0004 (  0.4%)   0.0000 (  0.3%)   0.0004 (  0.4%)   0.0004 (  0.4%)  Machine Copy Propagation Pass
   0.0004 (  0.3%)   0.0000 (  0.4%)   0.0004 (  0.3%)   0.0004 (  0.3%)  ConstraintEliminationPass
   0.0004 (  0.4%)   0.0000 (  0.1%)   0.0004 (  0.3%)   0.0004 (  0.3%)  LoopSimplifyPass
   0.0004 (  0.3%)   0.0000 (  0.3%)   0.0004 (  0.3%)   0.0004 (  0.3%)  Virtual Register Rewriter
   0.0003 (  0.3%)   0.0000 (  0.3%)   0.0004 (  0.3%)   0.0004 (  0.3%)  Peephole Optimizations
   0.0003 (  0.3%)   0.0001 (  0.6%)   0.0004 (  0.3%)   0.0004 (  0.3%)  Branch Probability Basic Block Placement
   0.0003 (  0.3%)   0.0001 (  0.6%)   0.0004 (  0.3%)   0.0004 (  0.3%)  Prologue/Epilogue Insertion & Frame Finalization
   0.0003 (  0.2%)   0.0001 (  0.8%)   0.0003 (  0.3%)   0.0004 (  0.3%)  Machine Register Class Info Analysis
   0.0003 (  0.3%)   0.0000 (  0.0%)   0.0003 (  0.3%)   0.0004 (  0.3%)  LoopFullUnrollPass
   0.0003 (  0.3%)   0.0000 (  0.1%)   0.0003 (  0.3%)   0.0003 (  0.3%)  LCSSAPass
   0.0003 (  0.3%)   0.0000 (  0.1%)   0.0003 (  0.3%)   0.0003 (  0.3%)  SimpleLoopUnswitchPass
   0.0003 (  0.3%)   0.0000 (  0.0%)   0.0003 (  0.3%)   0.0003 (  0.3%)  InstSimplifyPass
   0.0003 (  0.2%)   0.0000 (  0.2%)   0.0003 (  0.2%)   0.0003 (  0.2%)  ReassociatePass
   0.0002 (  0.2%)   0.0001 (  0.5%)   0.0003 (  0.2%)   0.0003 (  0.2%)  Machine Copy Propagation Pass #2
   0.0003 (  0.2%)   0.0000 (  0.4%)   0.0003 (  0.2%)   0.0003 (  0.2%)  Control Flow Optimizer
   0.0003 (  0.3%)   0.0000 (  0.0%)   0.0003 (  0.2%)   0.0003 (  0.2%)  InferAlignmentPass
   0.0002 (  0.2%)   0.0000 (  0.5%)   0.0003 (  0.2%)   0.0003 (  0.2%)  X86 Execution Dependency Fix
   0.0002 (  0.2%)   0.0000 (  0.4%)   0.0003 (  0.2%)   0.0003 (  0.2%)  Live Range Shrink
   0.0003 (  0.2%)   0.0000 (  0.1%)   0.0003 (  0.2%)   0.0003 (  0.2%)  LoopInstSimplifyPass
   0.0002 (  0.2%)   0.0000 (  0.3%)   0.0003 (  0.2%)   0.0003 (  0.2%)  TailCallElimPass
   0.0002 (  0.2%)   0.0000 (  0.1%)   0.0002 (  0.2%)   0.0002 (  0.2%)  VectorCombinePass
   0.0002 (  0.2%)   0.0000 (  0.2%)   0.0002 (  0.2%)   0.0002 (  0.2%)  ADCEPass
   0.0002 (  0.2%)   0.0000 (  0.1%)   0.0002 (  0.2%)   0.0002 (  0.2%)  BDCEPass
   0.0002 (  0.2%)   0.0000 (  0.5%)   0.0002 (  0.2%)   0.0002 (  0.2%)  GlobalOptPass
   0.0002 (  0.2%)   0.0000 (  0.0%)   0.0002 (  0.2%)   0.0002 (  0.2%)  LoopDistributePass
   0.0002 (  0.2%)   0.0000 (  0.1%)   0.0002 (  0.2%)   0.0002 (  0.2%)  MemCpyOptPass
   0.0002 (  0.2%)   0.0000 (  0.1%)   0.0002 (  0.2%)   0.0002 (  0.2%)  Merge disjoint stack slots
   0.0002 (  0.2%)   0.0000 (  0.1%)   0.0002 (  0.2%)   0.0002 (  0.2%)  Natural Loop Information
   0.0002 (  0.2%)   0.0000 (  0.3%)   0.0002 (  0.2%)   0.0002 (  0.2%)  Scalar Evolution Analysis
   0.0002 (  0.2%)   0.0000 (  0.3%)   0.0002 (  0.2%)   0.0002 (  0.2%)  Machine Late Instructions Cleanup Pass
   0.0002 (  0.1%)   0.0000 (  0.3%)   0.0002 (  0.2%)   0.0002 (  0.2%)  Eliminate PHI nodes for register allocation
   0.0002 (  0.1%)   0.0000 (  0.4%)   0.0002 (  0.2%)   0.0002 (  0.2%)  X86 Byte/Word Instruction Fixup
   0.0002 (  0.2%)   0.0000 (  0.3%)   0.0002 (  0.2%)   0.0002 (  0.2%)  Remove dead machine instructions
   0.0002 (  0.1%)   0.0000 (  0.3%)   0.0002 (  0.1%)   0.0002 (  0.2%)  Slot index numbering #2
   0.0001 (  0.1%)   0.0000 (  0.5%)   0.0002 (  0.1%)   0.0002 (  0.1%)  Constant Hoisting
   0.0001 (  0.1%)   0.0000 (  0.4%)   0.0002 (  0.1%)   0.0002 (  0.1%)  Machine Natural Loop Construction #3
   0.0002 (  0.1%)   0.0000 (  0.0%)   0.0002 (  0.1%)   0.0002 (  0.1%)  LoopSimplifyCFGPass
   0.0002 (  0.1%)   0.0000 (  0.0%)   0.0002 (  0.1%)   0.0002 (  0.1%)  InferFunctionAttrsPass
   0.0001 (  0.1%)   0.0000 (  0.4%)   0.0001 (  0.1%)   0.0001 (  0.1%)  Greedy Register Allocator
   0.0001 (  0.1%)   0.0000 (  0.4%)   0.0001 (  0.1%)   0.0001 (  0.1%)  Dominator Tree Construction #2
   0.0001 (  0.1%)   0.0000 (  0.3%)   0.0001 (  0.1%)   0.0001 (  0.1%)  BreakFalseDeps
   0.0001 (  0.1%)   0.0000 (  0.1%)   0.0001 (  0.1%)   0.0001 (  0.1%)  Remove dead machine instructions #2
   0.0001 (  0.1%)   0.0000 (  0.0%)   0.0001 (  0.1%)   0.0001 (  0.1%)  DropUnnecessaryAssumesPass
   0.0001 (  0.1%)   0.0000 (  0.4%)   0.0001 (  0.1%)   0.0001 (  0.1%)  MachineDominator Tree Construction #5
   0.0001 (  0.1%)   0.0000 (  0.2%)   0.0001 (  0.1%)   0.0001 (  0.1%)  Machine InstCombiner
   0.0001 (  0.1%)   0.0000 (  0.4%)   0.0001 (  0.1%)   0.0001 (  0.1%)  Shrink Wrapping analysis
   0.0001 (  0.1%)   0.0000 (  0.3%)   0.0001 (  0.1%)   0.0001 (  0.1%)  Machine Block Frequency Analysis #3
   0.0001 (  0.1%)   0.0000 (  0.0%)   0.0001 (  0.1%)   0.0001 (  0.1%)  Float2IntPass
   0.0001 (  0.1%)   0.0000 (  0.2%)   0.0001 (  0.1%)   0.0001 (  0.1%)  Machine Loop Invariant Code Motion
   0.0001 (  0.1%)   0.0000 (  0.1%)   0.0001 (  0.1%)   0.0001 (  0.1%)  Stack Slot Coloring
   0.0001 (  0.1%)   0.0000 (  0.2%)   0.0001 (  0.1%)   0.0001 (  0.1%)  AggressiveInstCombinePass
   0.0001 (  0.1%)   0.0000 (  0.2%)   0.0001 (  0.1%)   0.0001 (  0.1%)  Finalize ISel and expand pseudo-instructions
   0.0001 (  0.1%)   0.0000 (  0.2%)   0.0001 (  0.1%)   0.0001 (  0.1%)  X86 LEA Fixup
   0.0000 (  0.0%)   0.0001 (  1.2%)   0.0001 (  0.1%)   0.0001 (  0.1%)  CalledValuePropagationPass
   0.0001 (  0.1%)   0.0000 (  0.5%)   0.0001 (  0.1%)   0.0001 (  0.1%)  Expand IR instructions
   0.0001 (  0.1%)   0.0000 (  0.2%)   0.0001 (  0.1%)   0.0001 (  0.1%)  Canonicalize natural loops
   0.0001 (  0.1%)   0.0000 (  0.2%)   0.0001 (  0.1%)   0.0001 (  0.1%)  Block Frequency Analysis
   0.0001 (  0.1%)   0.0000 (  0.1%)   0.0001 (  0.1%)   0.0001 (  0.1%)  Machine Block Frequency Analysis
   0.0001 (  0.1%)   0.0000 (  0.1%)   0.0001 (  0.1%)   0.0001 (  0.1%)  Slot index numbering
   0.0001 (  0.1%)   0.0000 (  0.2%)   0.0001 (  0.1%)   0.0001 (  0.1%)  Branch Probability Analysis
   0.0001 (  0.1%)   0.0000 (  0.3%)   0.0001 (  0.1%)   0.0001 (  0.1%)  Live DEBUG_VALUE analysis
   0.0001 (  0.1%)   0.0000 (  0.2%)   0.0001 (  0.1%)   0.0001 (  0.1%)  Machine Block Frequency Analysis #4
   0.0001 (  0.1%)   0.0000 (  0.1%)   0.0001 (  0.1%)   0.0001 (  0.1%)  Partially inline calls to library functions
   0.0001 (  0.1%)   0.0000 (  0.1%)   0.0001 (  0.1%)   0.0001 (  0.1%)  MachineDominator Tree Construction
   0.0001 (  0.1%)   0.0000 (  0.2%)   0.0001 (  0.1%)   0.0001 (  0.1%)  Machine Dominance Frontier Construction
   0.0001 (  0.1%)   0.0000 (  0.2%)   0.0001 (  0.1%)   0.0001 (  0.1%)  Post-Dominator Tree Construction
   0.0001 (  0.1%)   0.0000 (  0.0%)   0.0001 (  0.1%)   0.0001 (  0.1%)  RequireAnalysisPass<llvm::GlobalsAA, llvm::Module, llvm::AnalysisManager<Module>>
   0.0001 (  0.1%)   0.0000 (  0.1%)   0.0001 (  0.1%)   0.0001 (  0.1%)  X86 LEA Optimize
   0.0001 (  0.1%)   0.0000 (  0.1%)   0.0001 (  0.1%)   0.0001 (  0.1%)  X86 Optimize Call Frame
   0.0001 (  0.1%)   0.0000 (  0.0%)   0.0001 (  0.1%)   0.0001 (  0.1%)  GlobalDCEPass
   0.0001 (  0.0%)   0.0000 (  0.2%)   0.0001 (  0.1%)   0.0001 (  0.1%)  Check CFA info and insert CFI instructions if needed
   0.0001 (  0.1%)   0.0000 (  0.1%)   0.0001 (  0.1%)   0.0001 (  0.1%)  Post-RA pseudo instruction expansion pass
   0.0001 (  0.0%)   0.0000 (  0.2%)   0.0001 (  0.1%)   0.0001 (  0.1%)  Free MachineFunction
   0.0001 (  0.0%)   0.0000 (  0.1%)   0.0001 (  0.1%)   0.0001 (  0.1%)  Machine Block Frequency Analysis #2
   0.0001 (  0.1%)   0.0000 (  0.0%)   0.0001 (  0.1%)   0.0001 (  0.1%)  ReversePostOrderFunctionAttrsPass
   0.0001 (  0.0%)   0.0000 (  0.1%)   0.0001 (  0.1%)   0.0001 (  0.1%)  LibCallsShrinkWrapPass
   0.0001 (  0.0%)   0.0000 (  0.1%)   0.0001 (  0.1%)   0.0001 (  0.1%)  Machine Block Frequency Analysis #5
   0.0001 (  0.0%)   0.0000 (  0.2%)   0.0001 (  0.1%)   0.0001 (  0.1%)  X86 Fixup Vector Constants
   0.0001 (  0.0%)   0.0000 (  0.2%)   0.0001 (  0.1%)   0.0001 (  0.1%)  MachineDominator Tree Construction #6
   0.0001 (  0.0%)   0.0000 (  0.1%)   0.0001 (  0.1%)   0.0001 (  0.1%)  Init Undef Pass
   0.0000 (  0.0%)   0.0000 (  0.1%)   0.0001 (  0.0%)   0.0001 (  0.1%)  Branch Probability Analysis #3
   0.0000 (  0.0%)   0.0000 (  0.1%)   0.0001 (  0.0%)   0.0001 (  0.1%)  Block Frequency Analysis #2
   0.0001 (  0.0%)   0.0000 (  0.1%)   0.0001 (  0.1%)   0.0001 (  0.1%)  MachinePostDominator Tree Construction
   0.0001 (  0.0%)   0.0000 (  0.1%)   0.0001 (  0.1%)   0.0001 (  0.1%)  PostRA Machine Sink
   0.0000 (  0.0%)   0.0000 (  0.1%)   0.0001 (  0.0%)   0.0001 (  0.1%)  Machine Natural Loop Construction #2
   0.0001 (  0.1%)   0.0000 (  0.1%)   0.0001 (  0.1%)   0.0001 (  0.1%)  X86 Fixup SetCC
   0.0001 (  0.1%)   0.0000 (  0.0%)   0.0001 (  0.0%)   0.0001 (  0.0%)  RecomputeGlobalsAAPass
   0.0000 (  0.0%)   0.0000 (  0.1%)   0.0001 (  0.0%)   0.0001 (  0.0%)  X86 pseudo instruction expansion pass
   0.0000 (  0.0%)   0.0000 (  0.1%)   0.0001 (  0.0%)   0.0001 (  0.0%)  X86 cmov Conversion
   0.0000 (  0.0%)   0.0000 (  0.1%)   0.0000 (  0.0%)   0.0001 (  0.0%)  Early Tail Duplication
   0.0000 (  0.0%)   0.0000 (  0.1%)   0.0001 (  0.0%)   0.0001 (  0.0%)  Branch Probability Analysis #2
   0.0000 (  0.0%)   0.0000 (  0.1%)   0.0001 (  0.0%)   0.0001 (  0.0%)  Expand reduction intrinsics
   0.0000 (  0.0%)   0.0000 (  0.1%)   0.0001 (  0.0%)   0.0001 (  0.0%)  Machine Natural Loop Construction
   0.0000 (  0.0%)   0.0000 (  0.1%)   0.0000 (  0.0%)   0.0001 (  0.0%)  MachinePostDominator Tree Construction #2
   0.0000 (  0.0%)   0.0000 (  0.2%)   0.0000 (  0.0%)   0.0001 (  0.0%)  Cycle Info Analysis
   0.0000 (  0.0%)   0.0000 (  0.1%)   0.0000 (  0.0%)   0.0001 (  0.0%)  Remove unreachable blocks from the CFG
   0.0000 (  0.0%)   0.0000 (  0.1%)   0.0001 (  0.0%)   0.0001 (  0.0%)  Interleaved Access Pass
   0.0001 (  0.0%)   0.0000 (  0.0%)   0.0001 (  0.0%)   0.0001 (  0.0%)  DeadArgumentEliminationPass
   0.0000 (  0.0%)   0.0000 (  0.1%)   0.0000 (  0.0%)   0.0000 (  0.0%)  Machine Trace Metrics
   0.0000 (  0.0%)   0.0000 (  0.1%)   0.0001 (  0.0%)   0.0000 (  0.0%)  Remove unreachable machine basic blocks
   0.0000 (  0.0%)   0.0000 (  0.1%)   0.0001 (  0.0%)   0.0000 (  0.0%)  Live Stack Slot Analysis
   0.0000 (  0.0%)   0.0000 (  0.1%)   0.0000 (  0.0%)   0.0000 (  0.0%)  Natural Loop Information #2
   0.0000 (  0.0%)   0.0000 (  0.1%)   0.0000 (  0.0%)   0.0000 (  0.0%)  Bundle Machine CFG Edges
   0.0000 (  0.0%)   0.0000 (  0.0%)   0.0000 (  0.0%)   0.0000 (  0.0%)  CGProfilePass
   0.0000 (  0.0%)   0.0000 (  0.1%)   0.0000 (  0.0%)   0.0000 (  0.0%)  Debug Variable Analysis
   0.0000 (  0.0%)   0.0000 (  0.1%)   0.0001 (  0.0%)   0.0000 (  0.0%)  X86 Fixup Inst Tuning
   0.0000 (  0.0%)   0.0000 (  0.1%)   0.0000 (  0.0%)   0.0000 (  0.0%)  Live Register Matrix
   0.0000 (  0.0%)   0.0000 (  0.1%)   0.0000 (  0.0%)   0.0000 (  0.0%)  Machine Natural Loop Construction #4
   0.0000 (  0.0%)   0.0000 (  0.0%)   0.0000 (  0.0%)   0.0000 (  0.0%)  WarnMissedTransformationsPass
   0.0000 (  0.0%)   0.0000 (  0.1%)   0.0000 (  0.0%)   0.0000 (  0.0%)  Post-Dominator Tree Construction #3
   0.0000 (  0.0%)   0.0000 (  0.1%)   0.0000 (  0.0%)   0.0000 (  0.0%)  Machine Cycle Info Analysis
   0.0000 (  0.0%)   0.0000 (  0.1%)   0.0000 (  0.0%)   0.0000 (  0.0%)  Virtual Register Map
   0.0000 (  0.0%)   0.0000 (  0.3%)   0.0000 (  0.0%)   0.0000 (  0.0%)  LowerExpectIntrinsicPass
   0.0000 (  0.0%)   0.0000 (  0.1%)   0.0000 (  0.0%)   0.0000 (  0.0%)  Spill Code Placement Analysis
   0.0000 (  0.0%)   0.0000 (  0.0%)   0.0000 (  0.0%)   0.0000 (  0.0%)  Dominator Tree Construction
   0.0000 (  0.0%)   0.0000 (  0.0%)   0.0000 (  0.0%)   0.0000 (  0.0%)  ControlHeightReductionPass
   0.0000 (  0.0%)   0.0000 (  0.1%)   0.0000 (  0.0%)   0.0000 (  0.0%)  MachineDominator Tree Construction #2
   0.0000 (  0.0%)   0.0000 (  0.1%)   0.0000 (  0.0%)   0.0000 (  0.0%)  Tail Duplication
   0.0000 (  0.0%)   0.0000 (  0.3%)   0.0000 (  0.0%)   0.0000 (  0.0%)  CallSiteSplittingPass
   0.0000 (  0.0%)   0.0000 (  0.1%)   0.0000 (  0.0%)   0.0000 (  0.0%)  MachinePostDominator Tree Construction #3
   0.0000 (  0.0%)   0.0000 (  0.1%)   0.0000 (  0.0%)   0.0000 (  0.0%)  RequireAnalysisPass<llvm::ShouldNotRunFunctionPassesAnalysis, llvm::Function, llvm::AnalysisManager<Function>>
   0.0000 (  0.0%)   0.0000 (  0.1%)   0.0000 (  0.0%)   0.0000 (  0.0%)  Scalarize Masked Memory Intrinsics
   0.0000 (  0.0%)   0.0000 (  0.1%)   0.0000 (  0.0%)   0.0000 (  0.0%)  Replace intrinsics with calls to vector library
   0.0000 (  0.0%)   0.0000 (  0.0%)   0.0000 (  0.0%)   0.0000 (  0.0%)  Post-Dominator Tree Construction #2
   0.0000 (  0.0%)   0.0000 (  0.2%)   0.0000 (  0.0%)   0.0000 (  0.0%)  Expand Atomic instructions
   0.0000 (  0.0%)   0.0000 (  0.0%)   0.0000 (  0.0%)   0.0000 (  0.0%)  DFAJumpThreadingPass
   0.0000 (  0.0%)   0.0000 (  0.1%)   0.0000 (  0.0%)   0.0000 (  0.0%)  MachineDominator Tree Construction #7
   0.0000 (  0.0%)   0.0000 (  0.1%)   0.0000 (  0.0%)   0.0000 (  0.0%)  Natural Loop Information #4
   0.0000 (  0.0%)   0.0000 (  0.0%)   0.0000 (  0.0%)   0.0000 (  0.0%)  ExpandMemCmpPass
   0.0000 (  0.0%)   0.0000 (  0.1%)   0.0000 (  0.0%)   0.0000 (  0.0%)  X86 Avoid Store Forwarding Blocks
   0.0000 (  0.0%)   0.0000 (  0.1%)   0.0000 (  0.0%)   0.0000 (  0.0%)  Lazy Branch Probability Analysis #2
   0.0000 (  0.0%)   0.0000 (  0.2%)   0.0000 (  0.0%)   0.0000 (  0.0%)  Lower AMX type for load/store
   0.0000 (  0.0%)   0.0000 (  0.1%)   0.0000 (  0.0%)   0.0000 (  0.0%)  Cycle Info Analysis #3
   0.0000 (  0.0%)   0.0000 (  0.1%)   0.0000 (  0.0%)   0.0000 (  0.0%)  Exception handling preparation
   0.0000 (  0.0%)   0.0000 (  0.1%)   0.0000 (  0.0%)   0.0000 (  0.0%)  Process Implicit Definitions
   0.0000 (  0.0%)   0.0000 (  0.1%)   0.0000 (  0.0%)   0.0000 (  0.0%)  MachineDominator Tree Construction #4
   0.0000 (  0.0%)   0.0000 (  0.0%)   0.0000 (  0.0%)   0.0000 (  0.0%)  AllocTokenPass
   0.0000 (  0.0%)   0.0000 (  0.1%)   0.0000 (  0.0%)   0.0000 (  0.0%)  Bundle Machine CFG Edges #2
   0.0000 (  0.0%)   0.0000 (  0.1%)   0.0000 (  0.0%)   0.0000 (  0.0%)  X86 Partial Reduction
   0.0000 (  0.0%)   0.0000 (  0.1%)   0.0000 (  0.0%)   0.0000 (  0.0%)  Machine Optimization Remark Emitter
   0.0000 (  0.0%)   0.0000 (  0.1%)   0.0000 (  0.0%)   0.0000 (  0.0%)  CoroAnnotationElidePass
   0.0000 (  0.0%)   0.0000 (  0.0%)   0.0000 (  0.0%)   0.0000 (  0.0%)  LowerConstantIntrinsicsPass
   0.0000 (  0.0%)   0.0000 (  0.1%)   0.0000 (  0.0%)   0.0000 (  0.0%)  Optimize machine instruction PHIs
   0.0000 (  0.0%)   0.0000 (  0.0%)   0.0000 (  0.0%)   0.0000 (  0.0%)  Basic Alias Analysis (stateless AA impl)
   0.0000 (  0.0%)   0.0000 (  0.0%)   0.0000 (  0.0%)   0.0000 (  0.0%)  Natural Loop Information #3
   0.0000 (  0.0%)   0.0000 (  0.0%)   0.0000 (  0.0%)   0.0000 (  0.0%)  AnnotationRemarksPass
   0.0000 (  0.0%)   0.0000 (  0.1%)   0.0000 (  0.0%)   0.0000 (  0.0%)  Prepare inline asm insts
   0.0000 (  0.0%)   0.0000 (  0.0%)   0.0000 (  0.0%)   0.0000 (  0.0%)  Function Alias Analysis Results
   0.0000 (  0.0%)   0.0000 (  0.0%)   0.0000 (  0.0%)   0.0000 (  0.0%)  MachineDominator Tree Construction #3
   0.0000 (  0.0%)   0.0000 (  0.0%)   0.0000 (  0.0%)   0.0000 (  0.0%)  MergeICmpsPass
   0.0000 (  0.0%)   0.0000 (  0.0%)   0.0000 (  0.0%)   0.0000 (  0.0%)  DivRemPairsPass
   0.0000 (  0.0%)   0.0000 (  0.1%)   0.0000 (  0.0%)   0.0000 (  0.0%)  Machine Optimization Remark Emitter #2
   0.0000 (  0.0%)   0.0000 (  0.1%)   0.0000 (  0.0%)   0.0000 (  0.0%)  Shadow Stack GC Lowering
   0.0000 (  0.0%)   0.0000 (  0.0%)   0.0000 (  0.0%)   0.0000 (  0.0%)  Assignment Tracking Analysis
   0.0000 (  0.0%)   0.0000 (  0.1%)   0.0000 (  0.0%)   0.0000 (  0.0%)  Insert stack protectors
   0.0000 (  0.0%)   0.0000 (  0.1%)   0.0000 (  0.0%)   0.0000 (  0.0%)  Cycle Info Analysis #2
   0.0000 (  0.0%)   0.0000 (  0.0%)   0.0000 (  0.0%)   0.0000 (  0.0%)  InjectTLIMappings
   0.0000 (  0.0%)   0.0000 (  0.1%)   0.0000 (  0.0%)   0.0000 (  0.0%)  Early If-Conversion
   0.0000 (  0.0%)   0.0000 (  0.1%)   0.0000 (  0.0%)   0.0000 (  0.0%)  JumpTableToSwitchPass
   0.0000 (  0.0%)   0.0000 (  0.1%)   0.0000 (  0.0%)   0.0000 (  0.0%)  Local Dynamic TLS Access Clean-up
   0.0000 (  0.0%)   0.0000 (  0.1%)   0.0000 (  0.0%)   0.0000 (  0.0%)  X86 Domain Reassignment Pass
   0.0000 (  0.0%)   0.0000 (  0.1%)   0.0000 (  0.0%)   0.0000 (  0.0%)  Basic Alias Analysis (stateless AA impl) #2
   0.0000 (  0.0%)   0.0000 (  0.1%)   0.0000 (  0.0%)   0.0000 (  0.0%)  Insert XRay ops
   0.0000 (  0.0%)   0.0000 (  0.1%)   0.0000 (  0.0%)   0.0000 (  0.0%)  Post RA top-down list latency scheduler
   0.0000 (  0.0%)   0.0000 (  0.0%)   0.0000 (  0.0%)   0.0000 (  0.0%)  ArgumentPromotionPass
   0.0000 (  0.0%)   0.0000 (  0.0%)   0.0000 (  0.0%)   0.0000 (  0.0%)  Lazy Machine Block Frequency Analysis #2
   0.0000 (  0.0%)   0.0000 (  0.0%)   0.0000 (  0.0%)   0.0000 (  0.0%)  Lazy Block Frequency Analysis #2
   0.0000 (  0.0%)   0.0000 (  0.1%)   0.0000 (  0.0%)   0.0000 (  0.0%)  X86 EFLAGS copy lowering
   0.0000 (  0.0%)   0.0000 (  0.0%)   0.0000 (  0.0%)   0.0000 (  0.0%)  Argument Stack Rebase
   0.0000 (  0.0%)   0.0000 (  0.1%)   0.0000 (  0.0%)   0.0000 (  0.0%)  Lazy Machine Block Frequency Analysis #8
   0.0000 (  0.0%)   0.0000 (  0.0%)   0.0000 (  0.0%)   0.0000 (  0.0%)  InvalidateAnalysisPass<llvm::AAManager>
   0.0000 (  0.0%)   0.0000 (  0.1%)   0.0000 (  0.0%)   0.0000 (  0.0%)  Tile Register Pre-configure
   0.0000 (  0.0%)   0.0000 (  0.1%)   0.0000 (  0.0%)   0.0000 (  0.0%)  Lazy Machine Block Frequency Analysis #4
   0.0000 (  0.0%)   0.0000 (  0.1%)   0.0000 (  0.0%)   0.0000 (  0.0%)  Unpack machine instruction bundles
   0.0000 (  0.0%)   0.0000 (  0.0%)   0.0000 (  0.0%)   0.0000 (  0.0%)  ObjC ARC contraction
   0.0000 (  0.0%)   0.0000 (  0.0%)   0.0000 (  0.0%)   0.0000 (  0.0%)  Compressing EVEX instrs when possible
   0.0000 (  0.0%)   0.0000 (  0.1%)   0.0000 (  0.0%)   0.0000 (  0.0%)  X86 Load Value Injection (LVI) Ret-Hardening
   0.0000 (  0.0%)   0.0000 (  0.0%)   0.0000 (  0.0%)   0.0000 (  0.0%)  InvalidateAnalysisPass<llvm::ShouldNotRunFunctionPassesAnalysis>
   0.0000 (  0.0%)   0.0000 (  0.1%)   0.0000 (  0.0%)   0.0000 (  0.0%)  Insert KCFI indirect call checks
   0.0000 (  0.0%)   0.0000 (  0.1%)   0.0000 (  0.0%)   0.0000 (  0.0%)  Stack Frame Layout Analysis
   0.0000 (  0.0%)   0.0000 (  0.1%)   0.0000 (  0.0%)   0.0000 (  0.0%)  Expand indirectbr instructions
   0.0000 (  0.0%)   0.0000 (  0.0%)   0.0000 (  0.0%)   0.0000 (  0.0%)  Instrument function entry/exit with calls to e.g. mcount() (post inlining)
   0.0000 (  0.0%)   0.0000 (  0.1%)   0.0000 (  0.0%)   0.0000 (  0.0%)  Remove Loads Into Fake Uses
   0.0000 (  0.0%)   0.0000 (  0.0%)   0.0000 (  0.0%)   0.0000 (  0.0%)  MoveAutoInitPass
   0.0000 (  0.0%)   0.0000 (  0.0%)   0.0000 (  0.0%)   0.0000 (  0.0%)  MergedLoadStoreMotionPass
   0.0000 (  0.0%)   0.0000 (  0.0%)   0.0000 (  0.0%)   0.0000 (  0.0%)  CoroSplitPass
   0.0000 (  0.0%)   0.0000 (  0.1%)   0.0000 (  0.0%)   0.0000 (  0.0%)  Lazy Branch Probability Analysis
   0.0000 (  0.0%)   0.0000 (  0.0%)   0.0000 (  0.0%)   0.0000 (  0.0%)  CoroEarlyPass
   0.0000 (  0.0%)   0.0000 (  0.1%)   0.0000 (  0.0%)   0.0000 (  0.0%)  Rename Disconnected Subregister Components
   0.0000 (  0.0%)   0.0000 (  0.0%)   0.0000 (  0.0%)   0.0000 (  0.0%)  Insert fentry calls
   0.0000 (  0.0%)   0.0000 (  0.0%)   0.0000 (  0.0%)   0.0000 (  0.0%)  Implement the 'patchable-function' attribute
   0.0000 (  0.0%)   0.0000 (  0.0%)   0.0000 (  0.0%)   0.0000 (  0.0%)  X86 Indirect Thunks
   0.0000 (  0.0%)   0.0000 (  0.0%)   0.0000 (  0.0%)   0.0000 (  0.0%)  Fixup Statepoint Caller Saved
   0.0000 (  0.0%)   0.0000 (  0.1%)   0.0000 (  0.0%)   0.0000 (  0.0%)  StackMap Liveness Analysis
   0.0000 (  0.0%)   0.0000 (  0.0%)   0.0000 (  0.0%)   0.0000 (  0.0%)  OpenMPOptCGSCCPass
   0.0000 (  0.0%)   0.0000 (  0.0%)   0.0000 (  0.0%)   0.0000 (  0.0%)  MemProfRemoveInfo
   0.0000 (  0.0%)   0.0000 (  0.0%)   0.0000 (  0.0%)   0.0000 (  0.0%)  X86 FP Stackifier
   0.0000 (  0.0%)   0.0000 (  0.1%)   0.0000 (  0.0%)   0.0000 (  0.0%)  Local Stack Slot Allocation
   0.0000 (  0.0%)   0.0000 (  0.0%)   0.0000 (  0.0%)   0.0000 (  0.0%)  X86 Lower Tile Copy
   0.0000 (  0.0%)   0.0000 (  0.1%)   0.0000 (  0.0%)   0.0000 (  0.0%)  Detect Dead Lanes
   0.0000 (  0.0%)   0.0000 (  0.1%)   0.0000 (  0.0%)   0.0000 (  0.0%)  X86 Atom pad short functions
   0.0000 (  0.0%)   0.0000 (  0.1%)   0.0000 (  0.0%)   0.0000 (  0.0%)  X86 Speculative Execution Side Effect Suppression
   0.0000 (  0.0%)   0.0000 (  0.1%)   0.0000 (  0.0%)   0.0000 (  0.0%)  X86 DynAlloca Expander
   0.0000 (  0.0%)   0.0000 (  0.1%)   0.0000 (  0.0%)   0.0000 (  0.0%)  Contiguously Lay Out Funclets
   0.0000 (  0.0%)   0.0000 (  0.0%)   0.0000 (  0.0%)   0.0000 (  0.0%)  X86 Load Value Injection (LVI) Load Hardening
   0.0000 (  0.0%)   0.0000 (  0.1%)   0.0000 (  0.0%)   0.0000 (  0.0%)  Lower AMX intrinsics
   0.0000 (  0.0%)   0.0000 (  0.1%)   0.0000 (  0.0%)   0.0000 (  0.0%)  Machine Sanitizer Binary Metadata
   0.0000 (  0.0%)   0.0000 (  0.1%)   0.0000 (  0.0%)   0.0000 (  0.0%)  Tile Register Configure
   0.0000 (  0.0%)   0.0000 (  0.1%)   0.0000 (  0.0%)   0.0000 (  0.0%)  X86 Return Thunks
   0.0000 (  0.0%)   0.0000 (  0.0%)   0.0000 (  0.0%)   0.0000 (  0.0%)  X86 Suppress APX features for relocation
   0.0000 (  0.0%)   0.0000 (  0.0%)   0.0000 (  0.0%)   0.0000 (  0.0%)  X86 speculative load hardening
   0.0000 (  0.0%)   0.0000 (  0.0%)   0.0000 (  0.0%)   0.0000 (  0.0%)  Remove Redundant DEBUG_VALUE analysis
   0.0000 (  0.0%)   0.0000 (  0.1%)   0.0000 (  0.0%)   0.0000 (  0.0%)  EntryExitInstrumenterPass
   0.0000 (  0.0%)   0.0000 (  0.1%)   0.0000 (  0.0%)   0.0000 (  0.0%)  X86 Indirect Branch Tracking
   0.0000 (  0.0%)   0.0000 (  0.0%)   0.0000 (  0.0%)   0.0000 (  0.0%)  X86 PIC Global Base Reg Initialization
   0.0000 (  0.0%)   0.0000 (  0.0%)   0.0000 (  0.0%)   0.0000 (  0.0%)  Lazy Machine Block Frequency Analysis #7
   0.0000 (  0.0%)   0.0000 (  0.0%)   0.0000 (  0.0%)   0.0000 (  0.0%)  Safe Stack instrumentation pass
   0.0000 (  0.0%)   0.0000 (  0.1%)   0.0000 (  0.0%)   0.0000 (  0.0%)  Analyze Machine Code For Garbage Collection
   0.0000 (  0.0%)   0.0000 (  0.0%)   0.0000 (  0.0%)   0.0000 (  0.0%)  X86 insert wait instruction
   0.0000 (  0.0%)   0.0000 (  0.1%)   0.0000 (  0.0%)   0.0000 (  0.0%)  Pseudo Probe Inserter
   0.0000 (  0.0%)   0.0000 (  0.0%)   0.0000 (  0.0%)   0.0000 (  0.0%)  AlignmentFromAssumptionsPass
   0.0000 (  0.0%)   0.0000 (  0.0%)   0.0000 (  0.0%)   0.0000 (  0.0%)  CoroElidePass
   0.0000 (  0.0%)   0.0000 (  0.1%)   0.0000 (  0.0%)   0.0000 (  0.0%)  Machine Optimization Remark Emitter #3
   0.0000 (  0.0%)   0.0000 (  0.0%)   0.0000 (  0.0%)   0.0000 (  0.0%)  SpeculativeExecutionPass
   0.0000 (  0.0%)   0.0000 (  0.0%)   0.0000 (  0.0%)   0.0000 (  0.0%)  AssignmentTrackingPass
   0.0000 (  0.0%)   0.0000 (  0.1%)   0.0000 (  0.0%)   0.0000 (  0.0%)  Register Allocation Pass Scoring
   0.0000 (  0.0%)   0.0000 (  0.0%)   0.0000 (  0.0%)   0.0000 (  0.0%)  X86 vzeroupper inserter
   0.0000 (  0.0%)   0.0000 (  0.1%)   0.0000 (  0.0%)   0.0000 (  0.0%)  Machine Optimization Remark Emitter #4
   0.0000 (  0.0%)   0.0000 (  0.1%)   0.0000 (  0.0%)   0.0000 (  0.0%)  Lower Garbage Collection Instructions
   0.0000 (  0.0%)   0.0000 (  0.0%)   0.0000 (  0.0%)   0.0000 (  0.0%)  Lazy Machine Block Frequency Analysis #6
   0.0000 (  0.0%)   0.0000 (  0.0%)   0.0000 (  0.0%)   0.0000 (  0.0%)  Lazy Machine Block Frequency Analysis #5
   0.0000 (  0.0%)   0.0000 (  0.1%)   0.0000 (  0.0%)   0.0000 (  0.0%)  Lazy Machine Block Frequency Analysis
   0.0000 (  0.0%)   0.0000 (  0.0%)   0.0000 (  0.0%)   0.0000 (  0.0%)  PromotePass
   0.0000 (  0.0%)   0.0000 (  0.0%)   0.0000 (  0.0%)   0.0000 (  0.0%)  Lazy Block Frequency Analysis
   0.0000 (  0.0%)   0.0000 (  0.0%)   0.0000 (  0.0%)   0.0000 (  0.0%)  Optimization Remark Emitter
   0.0000 (  0.0%)   0.0000 (  0.0%)   0.0000 (  0.0%)   0.0000 (  0.0%)  Lazy Machine Block Frequency Analysis #3
   0.0000 (  0.0%)   0.0000 (  0.1%)   0.0000 (  0.0%)   0.0000 (  0.0%)  Lazy Machine Block Frequency Analysis #9
   0.0000 (  0.0%)   0.0000 (  0.1%)   0.0000 (  0.0%)   0.0000 (  0.0%)  Lazy Machine Block Frequency Analysis #10
   0.0000 (  0.0%)   0.0000 (  0.0%)   0.0000 (  0.0%)   0.0000 (  0.0%)  LoopSinkPass
   0.0000 (  0.0%)   0.0000 (  0.0%)   0.0000 (  0.0%)   0.0000 (  0.0%)  AlwaysInlinerPass
   0.0000 (  0.0%)   0.0000 (  0.0%)   0.0000 (  0.0%)   0.0000 (  0.0%)  Create Garbage Collector Module Metadata
   0.0000 (  0.0%)   0.0000 (  0.0%)   0.0000 (  0.0%)   0.0000 (  0.0%)  Target Library Information
   0.0000 (  0.0%)   0.0000 (  0.0%)   0.0000 (  0.0%)   0.0000 (  0.0%)  ConstantMergePass
   0.0000 (  0.0%)   0.0000 (  0.0%)   0.0000 (  0.0%)   0.0000 (  0.0%)  RelLookupTableConverterPass
   0.0000 (  0.0%)   0.0000 (  0.0%)   0.0000 (  0.0%)   0.0000 (  0.0%)  Assumption Cache Tracker
   0.0000 (  0.0%)   0.0000 (  0.0%)   0.0000 (  0.0%)   0.0000 (  0.0%)  Pre-ISel Intrinsic Lowering
   0.0000 (  0.0%)   0.0000 (  0.0%)   0.0000 (  0.0%)   0.0000 (  0.0%)  Annotation2MetadataPass
   0.0000 (  0.0%)   0.0000 (  0.0%)   0.0000 (  0.0%)   0.0000 (  0.0%)  OpenMPOptPass
   0.0000 (  0.0%)   0.0000 (  0.0%)   0.0000 (  0.0%)   0.0000 (  0.0%)  ForceFunctionAttrsPass
   0.0000 (  0.0%)   0.0000 (  0.0%)   0.0000 (  0.0%)   0.0000 (  0.0%)  CoroCleanupPass
   0.0000 (  0.0%)   0.0000 (  0.0%)   0.0000 (  0.0%)   0.0000 (  0.0%)  EliminateAvailableExternallyPass
   0.0000 (  0.0%)   0.0000 (  0.0%)   0.0000 (  0.0%)   0.0000 (  0.0%)  RequireAnalysisPass<llvm::ProfileSummaryAnalysis, llvm::Module, llvm::AnalysisManager<Module>>
   0.0000 (  0.0%)   0.0000 (  0.0%)   0.0000 (  0.0%)   0.0000 (  0.0%)  LowerCommentStringPass
   0.0000 (  0.0%)   0.0000 (  0.0%)   0.0000 (  0.0%)   0.0000 (  0.0%)  Default Regalloc Eviction Advisor
   0.0000 (  0.0%)   0.0000 (  0.0%)   0.0000 (  0.0%)   0.0000 (  0.0%)  Library Function Lowering Analysis
   0.0000 (  0.0%)   0.0000 (  0.0%)   0.0000 (  0.0%)   0.0000 (  0.0%)  Target Pass Configuration
   0.0000 (  0.0%)   0.0000 (  0.0%)   0.0000 (  0.0%)   0.0000 (  0.0%)  Target Transform Information
   0.0000 (  0.0%)   0.0000 (  0.0%)   0.0000 (  0.0%)   0.0000 (  0.0%)  Default Regalloc Priority Advisor
   0.0000 (  0.0%)   0.0000 (  0.0%)   0.0000 (  0.0%)   0.0000 (  0.0%)  Profile summary info
   0.0000 (  0.0%)   0.0000 (  0.0%)   0.0000 (  0.0%)   0.0000 (  0.0%)  Machine Branch Probability Analysis
   0.0000 (  0.0%)   0.0000 (  0.0%)   0.0000 (  0.0%)   0.0000 (  0.0%)  Scoped NoAlias Alias Analysis
   0.0000 (  0.0%)   0.0000 (  0.0%)   0.0000 (  0.0%)   0.0000 (  0.0%)  Type-Based Alias Analysis
   0.1112 (100.0%)   0.0098 (100.0%)   0.1210 (100.0%)   0.1209 (100.0%)  Total

===-------------------------------------------------------------------------===
                               Clang time report
===-------------------------------------------------------------------------===
  Total Execution Time: 0.6783 seconds (0.6778 wall clock)

   ---User Time---   --System Time--   --User+System--   ---Wall Time---  --- Name ---
   0.4992 ( 78.5%)   0.0284 ( 66.6%)   0.5275 ( 77.8%)   0.5271 ( 77.8%)  Front end
   0.0663 ( 10.4%)   0.0090 ( 21.1%)   0.0753 ( 11.1%)   0.0753 ( 11.1%)  Machine code generation
   0.0558 (  8.8%)   0.0040 (  9.4%)   0.0598 (  8.8%)   0.0598 (  8.8%)  Optimizer
   0.0144 (  2.3%)   0.0012 (  2.8%)   0.0156 (  2.3%)   0.0156 (  2.3%)  LLVM IR generation
   0.6357 (100.0%)   0.0426 (100.0%)   0.6783 (100.0%)   0.6778 (100.0%)  Total

