COMMAND: /root/llvm-project/build/bin/clang-24 --gcc-install-dir=/usr/lib/gcc/x86_64-linux-gnu/13 -x hip --hip-path=/opt/rocm-7.0.2 --offload-arch=gfx906 --rocm-device-lib-path=/opt/rocm-7.0.2/core-7.14/lib/llvm/amdgcn/bitcode -D__AMDGCN_WAVEFRONT_SIZE=64 -I/root/polybenchGpu/CUDA/GEMM -std=c++17 -O3 -ftime-report -mllvm -time-passes -c /root/polybenchGpu/HIP/GEMM/gemm.hip.cpp -I/root/polybenchGpu -I/root/polybenchGpu/HIP/GEMM -o /root/polybench-gpu-audit/temp/multiarch-hip-multi-j1/HIP_GEMM_gemm.hip.cpp.og.gfx906.o

SAMPLES (wall seconds): ['1.3828', '1.3794', '1.3532', '1.3544', '1.3545', '1.3574', '1.3649', '1.3695']

STDOUT (last sample):

STDERR (last sample):
/root/polybenchGpu/HIP/GEMM/gemm.hip.cpp:118:2: warning: ignoring return value of type 'hipError_t' declared with 'nodiscard' attribute [-Wunused-value]
  118 |         hipGetDeviceProperties(&deviceProp, GPU_DEVICE);
      |         ^~~~~~~~~~~~~~~~~~~~~~~~~~~~~~~~~~~~~~~~~~~~~~~
/opt/rocm-7.0.2/include/hip/hip_runtime_api.h:102:32: note: expanded from macro 'hipGetDeviceProperties'
  102 | #define hipGetDeviceProperties hipGetDevicePropertiesR0600
      |                                ^
/root/polybenchGpu/HIP/GEMM/gemm.hip.cpp:120:2: warning: ignoring return value of type 'hipError_t' declared with 'nodiscard' attribute [-Wunused-value]
  120 |         hipSetDevice( GPU_DEVICE );
      |         ^~~~~~~~~~~~~~~~~~~~~~~~~~
/root/polybenchGpu/HIP/GEMM/gemm.hip.cpp:148:2: warning: ignoring return value of type 'hipError_t' declared with 'nodiscard' attribute [-Wunused-value]
  148 |         hipMalloc((void **)&A_gpu, sizeof(DATA_TYPE) * NI * NK);
      |         ^~~~~~~~~~~~~~~~~~~~~~~~~~~~~~~~~~~~~~~~~~~~~~~~~~~~~~~
/root/polybenchGpu/HIP/GEMM/gemm.hip.cpp:149:2: warning: ignoring return value of type 'hipError_t' declared with 'nodiscard' attribute [-Wunused-value]
  149 |         hipMalloc((void **)&B_gpu, sizeof(DATA_TYPE) * NK * NJ);
      |         ^~~~~~~~~~~~~~~~~~~~~~~~~~~~~~~~~~~~~~~~~~~~~~~~~~~~~~~
/root/polybenchGpu/HIP/GEMM/gemm.hip.cpp:150:2: warning: ignoring return value of type 'hipError_t' declared with 'nodiscard' attribute [-Wunused-value]
  150 |         hipMalloc((void **)&C_gpu, sizeof(DATA_TYPE) * NI * NJ);
      |         ^~~~~~~~~~~~~~~~~~~~~~~~~~~~~~~~~~~~~~~~~~~~~~~~~~~~~~~
/root/polybenchGpu/HIP/GEMM/gemm.hip.cpp:152:2: warning: ignoring return value of type 'hipError_t' declared with 'nodiscard' attribute [-Wunused-value]
  152 |         hipMemcpy(A_gpu, A, sizeof(DATA_TYPE) * NI * NK, hipMemcpyHostToDevice);
      |         ^~~~~~~~~~~~~~~~~~~~~~~~~~~~~~~~~~~~~~~~~~~~~~~~~~~~~~~~~~~~~~~~~~~~~~~
/root/polybenchGpu/HIP/GEMM/gemm.hip.cpp:153:2: warning: ignoring return value of type 'hipError_t' declared with 'nodiscard' attribute [-Wunused-value]
  153 |         hipMemcpy(B_gpu, B, sizeof(DATA_TYPE) * NK * NJ, hipMemcpyHostToDevice);
      |         ^~~~~~~~~~~~~~~~~~~~~~~~~~~~~~~~~~~~~~~~~~~~~~~~~~~~~~~~~~~~~~~~~~~~~~~
/root/polybenchGpu/HIP/GEMM/gemm.hip.cpp:154:2: warning: ignoring return value of type 'hipError_t' declared with 'nodiscard' attribute [-Wunused-value]
  154 |         hipMemcpy(C_gpu, C, sizeof(DATA_TYPE) * NI * NJ, hipMemcpyHostToDevice);
      |         ^~~~~~~~~~~~~~~~~~~~~~~~~~~~~~~~~~~~~~~~~~~~~~~~~~~~~~~~~~~~~~~~~~~~~~~
/root/polybenchGpu/HIP/GEMM/gemm.hip.cpp:163:2: warning: ignoring return value of type 'hipError_t' declared with 'nodiscard' attribute [-Wunused-value]
  163 |         hipDeviceSynchronize();
      |         ^~~~~~~~~~~~~~~~~~~~~~
/root/polybenchGpu/HIP/GEMM/gemm.hip.cpp:170:2: warning: ignoring return value of type 'hipError_t' declared with 'nodiscard' attribute [-Wunused-value]
  170 |         hipMemcpy(C_outputFromGpu, C_gpu, sizeof(DATA_TYPE) * NI * NJ, hipMemcpyDeviceToHost);    
      |         ^~~~~~~~~~~~~~~~~~~~~~~~~~~~~~~~~~~~~~~~~~~~~~~~~~~~~~~~~~~~~~~~~~~~~~~~~~~~~~~~~~~~~
/root/polybenchGpu/HIP/GEMM/gemm.hip.cpp:172:2: warning: ignoring return value of type 'hipError_t' declared with 'nodiscard' attribute [-Wunused-value]
  172 |         hipFree(A_gpu);
      |         ^~~~~~~~~~~~~~
/root/polybenchGpu/HIP/GEMM/gemm.hip.cpp:173:2: warning: ignoring return value of type 'hipError_t' declared with 'nodiscard' attribute [-Wunused-value]
  173 |         hipFree(B_gpu);
      |         ^~~~~~~~~~~~~~
/root/polybenchGpu/HIP/GEMM/gemm.hip.cpp:174:2: warning: ignoring return value of type 'hipError_t' declared with 'nodiscard' attribute [-Wunused-value]
  174 |         hipFree(C_gpu);
      |         ^~~~~~~~~~~~~~
13 warnings generated when compiling for gfx906.
===-------------------------------------------------------------------------===
                        Analysis execution timing report
===-------------------------------------------------------------------------===
  Total Execution Time: 0.0082 seconds (0.0082 wall clock)

   ---User Time---   --System Time--   --User+System--   ---Wall Time---  --- Name ---
   0.0020 ( 26.7%)   0.0001 ( 20.7%)   0.0022 ( 26.3%)   0.0022 ( 26.4%)  UniformityInfoAnalysis
   0.0016 ( 20.6%)   0.0000 (  4.8%)   0.0016 ( 19.5%)   0.0016 ( 19.5%)  MemorySSAAnalysis
   0.0009 ( 12.1%)   0.0000 (  0.0%)   0.0009 ( 11.2%)   0.0009 ( 11.2%)  VerifierAnalysis
   0.0007 (  9.5%)   0.0000 (  0.7%)   0.0007 (  8.9%)   0.0007 (  8.9%)  TargetIRAnalysis
   0.0003 (  4.4%)   0.0000 (  5.7%)   0.0004 (  4.5%)   0.0004 (  4.5%)  DominatorTreeAnalysis
   0.0002 (  2.7%)   0.0001 ( 15.1%)   0.0003 (  3.6%)   0.0003 (  3.6%)  AAManager
   0.0003 (  3.5%)   0.0000 (  3.3%)   0.0003 (  3.4%)   0.0003 (  3.5%)  LoopAnalysis
   0.0002 (  2.6%)   0.0001 ( 11.1%)   0.0003 (  3.2%)   0.0003 (  3.2%)  BranchProbabilityAnalysis
   0.0002 (  2.7%)   0.0000 (  8.4%)   0.0003 (  3.1%)   0.0003 (  3.2%)  BlockFrequencyAnalysis
   0.0002 (  2.6%)   0.0000 (  5.8%)   0.0002 (  2.8%)   0.0002 (  2.9%)  CycleAnalysis
   0.0002 (  2.9%)   0.0000 (  0.0%)   0.0002 (  2.7%)   0.0002 (  2.7%)  ModuleSummaryIndexAnalysis
   0.0002 (  2.2%)   0.0000 (  6.2%)   0.0002 (  2.5%)   0.0002 (  2.5%)  PostDominatorTreeAnalysis
   0.0001 (  1.5%)   0.0000 (  1.0%)   0.0001 (  1.4%)   0.0001 (  1.4%)  ScalarEvolutionAnalysis
   0.0001 (  0.9%)   0.0000 (  2.4%)   0.0001 (  1.0%)   0.0001 (  0.9%)  BasicAA
   0.0001 (  0.8%)   0.0000 (  0.3%)   0.0001 (  0.8%)   0.0001 (  0.8%)  CallGraphAnalysis
   0.0000 (  0.4%)   0.0000 (  0.3%)   0.0000 (  0.4%)   0.0000 (  0.5%)  TargetLibraryAnalysis
   0.0000 (  0.3%)   0.0000 (  2.4%)   0.0000 (  0.5%)   0.0000 (  0.5%)  LastRunTrackingAnalysis
   0.0000 (  0.6%)   0.0000 (  0.5%)   0.0000 (  0.6%)   0.0000 (  0.4%)  AssumptionAnalysis
   0.0000 (  0.3%)   0.0000 (  0.3%)   0.0000 (  0.3%)   0.0000 (  0.3%)  LazyCallGraphAnalysis
   0.0000 (  0.1%)   0.0000 (  2.1%)   0.0000 (  0.3%)   0.0000 (  0.3%)  ScopedNoAliasAA
   0.0000 (  0.2%)   0.0000 (  1.9%)   0.0000 (  0.3%)   0.0000 (  0.3%)  OptimizationRemarkEmitterAnalysis
   0.0000 (  0.1%)   0.0000 (  2.1%)   0.0000 (  0.3%)   0.0000 (  0.3%)  TypeBasedAA
   0.0000 (  0.2%)   0.0000 (  2.4%)   0.0000 (  0.3%)   0.0000 (  0.3%)  AMDGPUAA
   0.0000 (  0.3%)   0.0000 (  0.3%)   0.0000 (  0.3%)   0.0000 (  0.3%)  GlobalsAA
   0.0000 (  0.3%)   0.0000 (  0.0%)   0.0000 (  0.3%)   0.0000 (  0.2%)  FunctionAnalysisManagerCGSCCProxy
   0.0000 (  0.1%)   0.0000 (  1.7%)   0.0000 (  0.3%)   0.0000 (  0.2%)  OuterAnalysisManagerProxy<ModuleAnalysisManager, Function>
   0.0000 (  0.2%)   0.0000 (  0.0%)   0.0000 (  0.2%)   0.0000 (  0.2%)  LazyValueAnalysis
   0.0000 (  0.2%)   0.0000 (  0.2%)   0.0000 (  0.2%)   0.0000 (  0.2%)  InnerAnalysisManagerProxy<LoopAnalysisManager, Function>
   0.0000 (  0.2%)   0.0000 (  0.2%)   0.0000 (  0.2%)   0.0000 (  0.2%)  DemandedBitsAnalysis
   0.0000 (  0.2%)   0.0000 (  0.0%)   0.0000 (  0.2%)   0.0000 (  0.1%)  EphemeralValuesAnalysis
   0.0000 (  0.2%)   0.0000 (  0.2%)   0.0000 (  0.2%)   0.0000 (  0.1%)  MemoryDependenceAnalysis
   0.0000 (  0.1%)   0.0000 (  0.0%)   0.0000 (  0.1%)   0.0000 (  0.1%)  OuterAnalysisManagerProxy<ModuleAnalysisManager, LazyCallGraph::SCC, LazyCallGraph &>
   0.0000 (  0.1%)   0.0000 (  0.0%)   0.0000 (  0.1%)   0.0000 (  0.1%)  LoopAccessAnalysis
   0.0000 (  0.1%)   0.0000 (  0.0%)   0.0000 (  0.1%)   0.0000 (  0.1%)  ShouldNotRunFunctionPassesAnalysis
   0.0000 (  0.0%)   0.0000 (  0.0%)   0.0000 (  0.0%)   0.0000 (  0.0%)  InnerAnalysisManagerProxy<FunctionAnalysisManager, Module>
   0.0000 (  0.0%)   0.0000 (  0.0%)   0.0000 (  0.0%)   0.0000 (  0.0%)  ProfileSummaryAnalysis
   0.0000 (  0.0%)   0.0000 (  0.0%)   0.0000 (  0.0%)   0.0000 (  0.0%)  InnerAnalysisManagerProxy<CGSCCAnalysisManager, Module>
   0.0000 (  0.0%)   0.0000 (  0.0%)   0.0000 (  0.0%)   0.0000 (  0.0%)  InlineAdvisorAnalysis
   0.0076 (100.0%)   0.0006 (100.0%)   0.0082 (100.0%)   0.0082 (100.0%)  Total

===-------------------------------------------------------------------------===
                          Pass execution timing report
===-------------------------------------------------------------------------===
  Total Execution Time: 0.0743 seconds (0.0742 wall clock)

   ---User Time---   --System Time--   --User+System--   ---Wall Time---  --- Name ---
   0.0172 ( 24.8%)   0.0013 ( 28.0%)   0.0185 ( 25.0%)   0.0185 ( 25.0%)  InstCombinePass
   0.0060 (  8.7%)   0.0002 (  4.5%)   0.0063 (  8.4%)   0.0063 (  8.4%)  GVNPass
   0.0053 (  7.6%)   0.0000 (  0.2%)   0.0053 (  7.1%)   0.0053 (  7.1%)  LoopVectorizePass
   0.0033 (  4.7%)   0.0002 (  4.5%)   0.0035 (  4.7%)   0.0035 (  4.7%)  SimplifyCFGPass
   0.0031 (  4.5%)   0.0000 (  0.0%)   0.0031 (  4.2%)   0.0031 (  4.2%)  InlinerPass
   0.0031 (  4.5%)   0.0000 (  0.0%)   0.0031 (  4.2%)   0.0031 (  4.2%)  LoopUnrollPass
   0.0025 (  3.6%)   0.0001 (  1.1%)   0.0026 (  3.5%)   0.0026 (  3.5%)  CorrelatedValuePropagationPass
   0.0022 (  3.1%)   0.0004 (  8.4%)   0.0026 (  3.5%)   0.0026 (  3.4%)  LICMPass
   0.0018 (  2.6%)   0.0002 (  5.2%)   0.0021 (  2.8%)   0.0021 (  2.8%)  EarlyCSEPass
   0.0020 (  2.9%)   0.0000 (  0.4%)   0.0020 (  2.7%)   0.0020 (  2.7%)  LoopDeletionPass
   0.0019 (  2.8%)   0.0000 (  0.4%)   0.0019 (  2.6%)   0.0019 (  2.6%)  IndVarSimplifyPass
   0.0017 (  2.5%)   0.0002 (  4.3%)   0.0019 (  2.6%)   0.0019 (  2.6%)  AMDGPUUniformIntrinsicCombinePass
   0.0016 (  2.2%)   0.0001 (  2.4%)   0.0017 (  2.2%)   0.0017 (  2.2%)  DSEPass
   0.0015 (  2.1%)   0.0000 (  0.4%)   0.0015 (  2.0%)   0.0015 (  2.0%)  SLPVectorizerPass
   0.0014 (  2.0%)   0.0000 (  0.0%)   0.0014 (  1.9%)   0.0014 (  1.9%)  BitcodeWriterPass
   0.0013 (  1.9%)   0.0001 (  1.1%)   0.0014 (  1.9%)   0.0014 (  1.9%)  SCCPPass
   0.0013 (  1.9%)   0.0000 (  0.4%)   0.0013 (  1.8%)   0.0013 (  1.8%)  LoopIdiomRecognizePass
   0.0010 (  1.4%)   0.0000 (  0.0%)   0.0010 (  1.3%)   0.0010 (  1.3%)  ReassociatePass
   0.0009 (  1.3%)   0.0000 (  0.0%)   0.0009 (  1.2%)   0.0009 (  1.2%)  VerifierPass
   0.0008 (  1.2%)   0.0000 (  0.8%)   0.0009 (  1.2%)   0.0009 (  1.2%)  LoopFullUnrollPass
   0.0007 (  1.0%)   0.0000 (  0.5%)   0.0007 (  0.9%)   0.0007 (  0.9%)  LoopSimplifyPass
   0.0007 (  1.0%)   0.0000 (  0.4%)   0.0007 (  0.9%)   0.0007 (  0.9%)  LCSSAPass
   0.0006 (  0.9%)   0.0000 (  0.7%)   0.0007 (  0.9%)   0.0007 (  0.9%)  BDCEPass
   0.0006 (  0.9%)   0.0000 (  0.0%)   0.0006 (  0.9%)   0.0006 (  0.9%)  ConstraintEliminationPass
   0.0006 (  0.9%)   0.0000 (  0.0%)   0.0006 (  0.8%)   0.0006 (  0.8%)  AMDGPUPromoteKernelArgumentsPass
   0.0005 (  0.8%)   0.0000 (  0.0%)   0.0005 (  0.7%)   0.0006 (  0.7%)  LoopInstSimplifyPass
   0.0000 (  0.0%)   0.0005 ( 11.4%)   0.0005 (  0.7%)   0.0005 (  0.7%)  IPSCCPPass
   0.0004 (  0.6%)   0.0000 (  0.7%)   0.0005 (  0.6%)   0.0005 (  0.6%)  ADCEPass
   0.0001 (  0.2%)   0.0003 (  6.4%)   0.0005 (  0.6%)   0.0005 (  0.6%)  InstSimplifyPass
   0.0004 (  0.6%)   0.0000 (  0.6%)   0.0004 (  0.6%)   0.0004 (  0.6%)  MemCpyOptPass
   0.0004 (  0.6%)   0.0000 (  0.0%)   0.0004 (  0.5%)   0.0004 (  0.6%)  PostOrderFunctionAttrsPass
   0.0004 (  0.6%)   0.0000 (  0.0%)   0.0004 (  0.5%)   0.0004 (  0.5%)  InferAlignmentPass
   0.0001 (  0.1%)   0.0003 (  6.5%)   0.0004 (  0.5%)   0.0004 (  0.5%)  GlobalOptPass
   0.0003 (  0.5%)   0.0000 (  1.0%)   0.0004 (  0.5%)   0.0004 (  0.5%)  InferAddressSpacesPass
   0.0004 (  0.6%)   0.0000 (  0.0%)   0.0004 (  0.5%)   0.0004 (  0.5%)  AggressiveInstCombinePass
   0.0003 (  0.5%)   0.0000 (  0.2%)   0.0003 (  0.4%)   0.0003 (  0.4%)  SROAPass
   0.0003 (  0.4%)   0.0000 (  0.0%)   0.0003 (  0.4%)   0.0003 (  0.4%)  LoopRotatePass
   0.0002 (  0.3%)   0.0001 (  2.2%)   0.0003 (  0.4%)   0.0003 (  0.4%)  TailCallElimPass
   0.0002 (  0.3%)   0.0000 (  0.4%)   0.0003 (  0.3%)   0.0003 (  0.3%)  AlwaysInlinerPass
   0.0002 (  0.3%)   0.0000 (  0.0%)   0.0002 (  0.3%)   0.0002 (  0.3%)  LoopSimplifyCFGPass
   0.0000 (  0.0%)   0.0002 (  3.6%)   0.0002 (  0.2%)   0.0002 (  0.2%)  CalledValuePropagationPass
   0.0001 (  0.2%)   0.0000 (  0.1%)   0.0002 (  0.2%)   0.0002 (  0.2%)  VectorCombinePass
   0.0001 (  0.2%)   0.0000 (  0.0%)   0.0002 (  0.2%)   0.0001 (  0.2%)  SimpleLoopUnswitchPass
   0.0001 (  0.2%)   0.0000 (  0.0%)   0.0001 (  0.2%)   0.0001 (  0.2%)  SpeculativeExecutionPass
   0.0001 (  0.1%)   0.0000 (  1.0%)   0.0001 (  0.2%)   0.0001 (  0.2%)  AMDGPUSimplifyLibCallsPass
   0.0001 (  0.2%)   0.0000 (  0.0%)   0.0001 (  0.1%)   0.0001 (  0.1%)  LibCallsShrinkWrapPass
   0.0001 (  0.1%)   0.0000 (  0.0%)   0.0001 (  0.1%)   0.0001 (  0.1%)  AMDGPUPromoteAllocaToVectorPass
   0.0001 (  0.1%)   0.0000 (  0.0%)   0.0001 (  0.1%)   0.0001 (  0.1%)  LoopDistributePass
   0.0001 (  0.1%)   0.0000 (  0.0%)   0.0001 (  0.1%)   0.0001 (  0.1%)  InferFunctionAttrsPass
   0.0001 (  0.1%)   0.0000 (  0.0%)   0.0001 (  0.1%)   0.0001 (  0.1%)  LoopLoadEliminationPass
   0.0001 (  0.1%)   0.0000 (  0.0%)   0.0001 (  0.1%)   0.0001 (  0.1%)  Float2IntPass
   0.0001 (  0.1%)   0.0000 (  0.0%)   0.0001 (  0.1%)   0.0001 (  0.1%)  RecomputeGlobalsAAPass
   0.0001 (  0.1%)   0.0000 (  0.0%)   0.0001 (  0.1%)   0.0001 (  0.1%)  ReversePostOrderFunctionAttrsPass
   0.0000 (  0.1%)   0.0000 (  0.1%)   0.0000 (  0.1%)   0.0001 (  0.1%)  RequireAnalysisPass<llvm::GlobalsAA, llvm::Module, llvm::AnalysisManager<Module>>
   0.0000 (  0.1%)   0.0000 (  0.0%)   0.0000 (  0.1%)   0.0000 (  0.1%)  DeadArgumentEliminationPass
   0.0000 (  0.1%)   0.0000 (  0.0%)   0.0000 (  0.1%)   0.0000 (  0.1%)  AMDGPULowerKernelAttributesPass
   0.0000 (  0.1%)   0.0000 (  0.0%)   0.0000 (  0.1%)   0.0000 (  0.1%)  GlobalDCEPass
   0.0000 (  0.0%)   0.0000 (  0.3%)   0.0000 (  0.1%)   0.0000 (  0.1%)  AMDGPUUseNativeCallsPass
   0.0000 (  0.1%)   0.0000 (  0.1%)   0.0000 (  0.1%)   0.0000 (  0.1%)  LowerExpectIntrinsicPass
   0.0000 (  0.0%)   0.0000 (  0.0%)   0.0000 (  0.0%)   0.0000 (  0.0%)  DFAJumpThreadingPass
   0.0000 (  0.1%)   0.0000 (  0.0%)   0.0000 (  0.0%)   0.0000 (  0.0%)  WarnMissedTransformationsPass
   0.0000 (  0.0%)   0.0000 (  0.0%)   0.0000 (  0.0%)   0.0000 (  0.0%)  ArgumentPromotionPass
   0.0000 (  0.0%)   0.0000 (  0.0%)   0.0000 (  0.0%)   0.0000 (  0.0%)  LowerConstantIntrinsicsPass
   0.0000 (  0.0%)   0.0000 (  0.0%)   0.0000 (  0.0%)   0.0000 (  0.0%)  JumpTableToSwitchPass
   0.0000 (  0.0%)   0.0000 (  0.0%)   0.0000 (  0.0%)   0.0000 (  0.0%)  RequireAnalysisPass<llvm::ShouldNotRunFunctionPassesAnalysis, llvm::Function, llvm::AnalysisManager<Function>>
   0.0000 (  0.0%)   0.0000 (  0.1%)   0.0000 (  0.0%)   0.0000 (  0.0%)  CallSiteSplittingPass
   0.0000 (  0.0%)   0.0000 (  0.0%)   0.0000 (  0.0%)   0.0000 (  0.0%)  InjectTLIMappings
   0.0000 (  0.0%)   0.0000 (  0.0%)   0.0000 (  0.0%)   0.0000 (  0.0%)  CoroAnnotationElidePass
   0.0000 (  0.0%)   0.0000 (  0.2%)   0.0000 (  0.0%)   0.0000 (  0.0%)  ExpandMemCmpPass
   0.0000 (  0.0%)   0.0000 (  0.0%)   0.0000 (  0.0%)   0.0000 (  0.0%)  JumpThreadingPass
   0.0000 (  0.0%)   0.0000 (  0.4%)   0.0000 (  0.0%)   0.0000 (  0.0%)  PromotePass
   0.0000 (  0.0%)   0.0000 (  0.0%)   0.0000 (  0.0%)   0.0000 (  0.0%)  MergedLoadStoreMotionPass
   0.0000 (  0.0%)   0.0000 (  0.2%)   0.0000 (  0.0%)   0.0000 (  0.0%)  DivRemPairsPass
   0.0000 (  0.0%)   0.0000 (  0.0%)   0.0000 (  0.0%)   0.0000 (  0.0%)  CoroSplitPass
   0.0000 (  0.0%)   0.0000 (  0.0%)   0.0000 (  0.0%)   0.0000 (  0.0%)  EntryExitInstrumenterPass
   0.0000 (  0.0%)   0.0000 (  0.0%)   0.0000 (  0.0%)   0.0000 (  0.0%)  CoroElidePass
   0.0000 (  0.0%)   0.0000 (  0.0%)   0.0000 (  0.0%)   0.0000 (  0.0%)  AssignGUIDPass
   0.0000 (  0.0%)   0.0000 (  0.0%)   0.0000 (  0.0%)   0.0000 (  0.0%)  MoveAutoInitPass
   0.0000 (  0.0%)   0.0000 (  0.0%)   0.0000 (  0.0%)   0.0000 (  0.0%)  ControlHeightReductionPass
   0.0000 (  0.0%)   0.0000 (  0.0%)   0.0000 (  0.0%)   0.0000 (  0.0%)  OpenMPOptCGSCCPass
   0.0000 (  0.0%)   0.0000 (  0.0%)   0.0000 (  0.0%)   0.0000 (  0.0%)  InvalidateAnalysisPass<llvm::ShouldNotRunFunctionPassesAnalysis>
   0.0000 (  0.0%)   0.0000 (  0.0%)   0.0000 (  0.0%)   0.0000 (  0.0%)  InvalidateAnalysisPass<llvm::AAManager>
   0.0000 (  0.0%)   0.0000 (  0.0%)   0.0000 (  0.0%)   0.0000 (  0.0%)  MergeICmpsPass
   0.0000 (  0.0%)   0.0000 (  0.0%)   0.0000 (  0.0%)   0.0000 (  0.0%)  AlignmentFromAssumptionsPass
   0.0000 (  0.0%)   0.0000 (  0.0%)   0.0000 (  0.0%)   0.0000 (  0.0%)  AnnotationRemarksPass
   0.0000 (  0.0%)   0.0000 (  0.0%)   0.0000 (  0.0%)   0.0000 (  0.0%)  LoopSinkPass
   0.0000 (  0.0%)   0.0000 (  0.0%)   0.0000 (  0.0%)   0.0000 (  0.0%)  CoroEarlyPass
   0.0000 (  0.0%)   0.0000 (  0.0%)   0.0000 (  0.0%)   0.0000 (  0.0%)  ConstantMergePass
   0.0000 (  0.0%)   0.0000 (  0.0%)   0.0000 (  0.0%)   0.0000 (  0.0%)  NameAnonGlobalPass
   0.0000 (  0.0%)   0.0000 (  0.0%)   0.0000 (  0.0%)   0.0000 (  0.0%)  Annotation2MetadataPass
   0.0000 (  0.0%)   0.0000 (  0.0%)   0.0000 (  0.0%)   0.0000 (  0.0%)  ForceFunctionAttrsPass
   0.0000 (  0.0%)   0.0000 (  0.0%)   0.0000 (  0.0%)   0.0000 (  0.0%)  CoroCleanupPass
   0.0000 (  0.0%)   0.0000 (  0.0%)   0.0000 (  0.0%)   0.0000 (  0.0%)  RequireAnalysisPass<llvm::ProfileSummaryAnalysis, llvm::Module, llvm::AnalysisManager<Module>>
   0.0000 (  0.0%)   0.0000 (  0.0%)   0.0000 (  0.0%)   0.0000 (  0.0%)  OpenMPOptPass
   0.0000 (  0.0%)   0.0000 (  0.0%)   0.0000 (  0.0%)   0.0000 (  0.0%)  LowerCommentStringPass
   0.0000 (  0.0%)   0.0000 (  0.0%)   0.0000 (  0.0%)   0.0000 (  0.0%)  CanonicalizeAliasesPass
   0.0695 (100.0%)   0.0047 (100.0%)   0.0743 (100.0%)   0.0742 (100.0%)  Total

===-------------------------------------------------------------------------===
                               Clang time report
===-------------------------------------------------------------------------===
  Total Execution Time: 0.6342 seconds (0.6337 wall clock)

   ---User Time---   --System Time--   --User+System--   ---Wall Time---  --- Name ---
   0.5110 ( 85.9%)   0.0327 ( 82.7%)   0.5437 ( 85.7%)   0.5433 ( 85.7%)  Front end
   0.0729 ( 12.3%)   0.0050 ( 12.7%)   0.0779 ( 12.3%)   0.0779 ( 12.3%)  Optimizer
   0.0108 (  1.8%)   0.0018 (  4.7%)   0.0127 (  2.0%)   0.0126 (  2.0%)  LLVM IR generation
   0.5947 (100.0%)   0.0395 (100.0%)   0.6342 (100.0%)   0.6337 (100.0%)  Total

===-------------------------------------------------------------------------===
                          Pass execution timing report
===-------------------------------------------------------------------------===
  Total Execution Time: 0.0268 seconds (0.0269 wall clock)

   ---User Time---   --System Time--   --User+System--   ---Wall Time---  --- Name ---
   0.0025 ( 12.3%)   0.0002 (  3.2%)   0.0027 ( 10.1%)   0.0027 ( 10.0%)  AMDGPU DAG->DAG Pattern Instruction Selection
   0.0015 (  7.5%)   0.0000 (  0.0%)   0.0015 (  5.7%)   0.0015 (  5.7%)  Loop Strength Reduction
   0.0014 (  7.1%)   0.0000 (  0.4%)   0.0015 (  5.5%)   0.0015 (  5.5%)  InstCombinePass
   0.0006 (  3.2%)   0.0006 (  8.7%)   0.0012 (  4.6%)   0.0012 (  4.5%)  Straight line strength reduction
   0.0011 (  5.5%)   0.0001 (  1.2%)   0.0012 (  4.4%)   0.0012 (  4.5%)  LoopVectorizePass
   0.0008 (  3.8%)   0.0004 (  5.8%)   0.0012 (  4.3%)   0.0012 (  4.3%)  IndVarSimplifyPass
   0.0010 (  4.8%)   0.0000 (  0.5%)   0.0010 (  3.7%)   0.0010 (  3.7%)  CallSiteSplittingPass
   0.0006 (  3.0%)   0.0001 (  1.3%)   0.0007 (  2.6%)   0.0007 (  2.6%)  Prologue/Epilogue Insertion & Frame Finalization
   0.0007 (  3.3%)   0.0000 (  0.2%)   0.0007 (  2.5%)   0.0007 (  2.5%)  Machine Instruction Scheduler
   0.0006 (  3.1%)   0.0000 (  0.0%)   0.0006 (  2.4%)   0.0006 (  2.4%)  SLPVectorizerPass
   0.0004 (  2.1%)   0.0002 (  2.6%)   0.0006 (  2.2%)   0.0006 (  2.2%)  Live Variable Analysis
   0.0004 (  2.1%)   0.0001 (  0.9%)   0.0005 (  1.8%)   0.0005 (  1.8%)  Machine Register Class Info Analysis
   0.0000 (  0.1%)   0.0004 (  6.7%)   0.0005 (  1.7%)   0.0005 (  1.7%)  Live Register Matrix #2
   0.0000 (  0.0%)   0.0004 (  6.7%)   0.0005 (  1.7%)   0.0004 (  1.7%)  Live Register Matrix
   0.0000 (  0.0%)   0.0004 (  6.4%)   0.0004 (  1.6%)   0.0004 (  1.6%)  Live Register Matrix #3
   0.0004 (  2.1%)   0.0000 (  0.1%)   0.0004 (  1.6%)   0.0004 (  1.6%)  PostRA Machine Instruction Scheduler
   0.0004 (  1.9%)   0.0000 (  0.0%)   0.0004 (  1.5%)   0.0004 (  1.5%)  Nary reassociation
   0.0002 (  0.8%)   0.0002 (  3.2%)   0.0004 (  1.4%)   0.0004 (  1.4%)  Greedy Register Allocator
   0.0002 (  0.9%)   0.0002 (  2.5%)   0.0003 (  1.3%)   0.0003 (  1.3%)  Greedy Register Allocator #3
   0.0003 (  1.5%)   0.0000 (  0.0%)   0.0003 (  1.1%)   0.0003 (  1.1%)  GPU Load and Store Vectorizer
   0.0000 (  0.1%)   0.0003 (  4.1%)   0.0003 (  1.1%)   0.0003 (  1.1%)  GVNPass
   0.0002 (  1.1%)   0.0001 (  0.9%)   0.0003 (  1.0%)   0.0003 (  1.0%)  Finalize ISel and expand pseudo-instructions
   0.0002 (  0.9%)   0.0001 (  1.3%)   0.0003 (  1.0%)   0.0003 (  1.0%)  AMDGPU Assembly Printer
   0.0003 (  1.3%)   0.0000 (  0.0%)   0.0003 (  1.0%)   0.0003 (  1.0%)  Induction Variable Users
   0.0003 (  1.3%)   0.0000 (  0.0%)   0.0003 (  1.0%)   0.0003 (  1.0%)  IPSCCPPass
   0.0003 (  1.2%)   0.0000 (  0.0%)   0.0003 (  0.9%)   0.0003 (  0.9%)  Global Value Numbering #2
   0.0001 (  0.5%)   0.0001 (  1.8%)   0.0002 (  0.8%)   0.0002 (  0.9%)  Machine Module Information
   0.0000 (  0.2%)   0.0002 (  2.9%)   0.0002 (  0.9%)   0.0002 (  0.9%)  Greedy Register Allocator #2
   0.0001 (  0.5%)   0.0001 (  1.6%)   0.0002 (  0.8%)   0.0002 (  0.8%)  Basic Alias Analysis (stateless AA impl) #9
   0.0001 (  0.6%)   0.0001 (  1.6%)   0.0002 (  0.8%)   0.0002 (  0.8%)  Function Alias Analysis Results #9
   0.0001 (  0.7%)   0.0001 (  1.0%)   0.0002 (  0.8%)   0.0002 (  0.8%)  VerifierPass
   0.0001 (  0.5%)   0.0001 (  1.3%)   0.0002 (  0.7%)   0.0002 (  0.8%)  Dominator Tree Construction #11
   0.0001 (  0.7%)   0.0001 (  1.0%)   0.0002 (  0.8%)   0.0002 (  0.8%)  Register Coalescer
   0.0001 (  0.7%)   0.0001 (  0.9%)   0.0002 (  0.7%)   0.0002 (  0.7%)  Global Value Numbering
   0.0001 (  0.3%)   0.0001 (  1.8%)   0.0002 (  0.7%)   0.0002 (  0.6%)  Function register usage analysis
   0.0001 (  0.6%)   0.0001 (  0.9%)   0.0002 (  0.6%)   0.0002 (  0.6%)  PostOrderFunctionAttrsPass
   0.0002 (  0.8%)   0.0000 (  0.0%)   0.0002 (  0.6%)   0.0002 (  0.6%)  Machine Common Subexpression Elimination
   0.0001 (  0.6%)   0.0000 (  0.3%)   0.0002 (  0.6%)   0.0001 (  0.6%)  AMDGPUUniformIntrinsicCombinePass
   0.0001 (  0.7%)   0.0000 (  0.0%)   0.0001 (  0.5%)   0.0001 (  0.5%)  EarlyCSEPass
   0.0001 (  0.7%)   0.0000 (  0.0%)   0.0001 (  0.5%)   0.0001 (  0.5%)  SCCPPass
   0.0001 (  0.6%)   0.0000 (  0.1%)   0.0001 (  0.5%)   0.0001 (  0.5%)  SI insert wait instructions
   0.0001 (  0.4%)   0.0000 (  0.7%)   0.0001 (  0.5%)   0.0001 (  0.5%)  Live Interval Analysis
   0.0001 (  0.6%)   0.0000 (  0.0%)   0.0001 (  0.4%)   0.0001 (  0.4%)  AMDGPUAttributorPass
   0.0001 (  0.6%)   0.0000 (  0.0%)   0.0001 (  0.4%)   0.0001 (  0.4%)  Structurize control flow
   0.0000 (  0.0%)   0.0001 (  1.6%)   0.0001 (  0.4%)   0.0001 (  0.4%)  Machine Common Subexpression Elimination #2
   0.0001 (  0.5%)   0.0000 (  0.0%)   0.0001 (  0.4%)   0.0001 (  0.4%)  AMDGPUPromoteKernelArgumentsPass
   0.0001 (  0.3%)   0.0000 (  0.5%)   0.0001 (  0.4%)   0.0001 (  0.4%)  Branch relaxation pass
   0.0000 (  0.0%)   0.0001 (  1.3%)   0.0001 (  0.3%)   0.0001 (  0.3%)  Split GEPs to a variadic base and a constant offset for better CSE
   0.0000 (  0.0%)   0.0001 (  1.1%)   0.0001 (  0.3%)   0.0001 (  0.3%)  Machine Register Class Info Analysis #2
   0.0000 (  0.0%)   0.0001 (  1.3%)   0.0001 (  0.3%)   0.0001 (  0.3%)  SI lower SGPR spill instructions
   0.0001 (  0.3%)   0.0000 (  0.3%)   0.0001 (  0.3%)   0.0001 (  0.3%)  CodeGen Prepare
   0.0001 (  0.4%)   0.0000 (  0.1%)   0.0001 (  0.3%)   0.0001 (  0.3%)  Machine Copy Propagation Pass
   0.0001 (  0.4%)   0.0000 (  0.1%)   0.0001 (  0.3%)   0.0001 (  0.3%)  SI Form memory clauses
   0.0001 (  0.4%)   0.0000 (  0.0%)   0.0001 (  0.3%)   0.0001 (  0.3%)  Early Machine Loop Invariant Code Motion
   0.0001 (  0.3%)   0.0000 (  0.0%)   0.0001 (  0.3%)   0.0001 (  0.3%)  SimplifyCFGPass
   0.0000 (  0.2%)   0.0000 (  0.4%)   0.0001 (  0.3%)   0.0001 (  0.3%)  LoopUnrollPass
   0.0001 (  0.3%)   0.0000 (  0.1%)   0.0001 (  0.3%)   0.0001 (  0.3%)  Machine code sinking
   0.0001 (  0.4%)   0.0000 (  0.0%)   0.0001 (  0.3%)   0.0001 (  0.3%)  ConstraintEliminationPass
   0.0000 (  0.1%)   0.0001 (  0.9%)   0.0001 (  0.3%)   0.0001 (  0.3%)  SI Fold Operands
   0.0001 (  0.3%)   0.0000 (  0.0%)   0.0001 (  0.3%)   0.0001 (  0.3%)  Early CSE
   0.0000 (  0.1%)   0.0000 (  0.6%)   0.0001 (  0.3%)   0.0001 (  0.3%)  LICMPass
   0.0000 (  0.0%)   0.0001 (  0.9%)   0.0001 (  0.2%)   0.0001 (  0.2%)  AMDGPU Rewrite AGPR-Copy-MFMA
   0.0001 (  0.3%)   0.0000 (  0.0%)   0.0001 (  0.2%)   0.0001 (  0.2%)  Peephole Optimizations
   0.0000 (  0.1%)   0.0000 (  0.5%)   0.0001 (  0.2%)   0.0001 (  0.2%)  MachineDominator Tree Construction #5
   0.0000 (  0.2%)   0.0000 (  0.0%)   0.0001 (  0.2%)   0.0001 (  0.2%)  InferAddressSpacesPass
   0.0000 (  0.2%)   0.0000 (  0.1%)   0.0001 (  0.2%)   0.0001 (  0.2%)  Uniformity Analysis #8
   0.0000 (  0.2%)   0.0000 (  0.0%)   0.0001 (  0.2%)   0.0001 (  0.2%)  BDCEPass
   0.0000 (  0.1%)   0.0000 (  0.5%)   0.0000 (  0.2%)   0.0000 (  0.2%)  Analysis if a function is memory bound
   0.0000 (  0.2%)   0.0000 (  0.0%)   0.0000 (  0.2%)   0.0000 (  0.2%)  Branch Probability Basic Block Placement
   0.0000 (  0.2%)   0.0000 (  0.0%)   0.0000 (  0.2%)   0.0000 (  0.2%)  Code sinking
   0.0000 (  0.0%)   0.0000 (  0.6%)   0.0000 (  0.2%)   0.0000 (  0.2%)  SI Shrink Instructions
   0.0000 (  0.0%)   0.0000 (  0.6%)   0.0000 (  0.2%)   0.0000 (  0.2%)  SI Load Store Optimizer
   0.0000 (  0.1%)   0.0000 (  0.3%)   0.0000 (  0.2%)   0.0000 (  0.2%)  Machine Natural Loop Construction
   0.0000 (  0.1%)   0.0000 (  0.4%)   0.0000 (  0.2%)   0.0000 (  0.2%)  DSEPass
   0.0000 (  0.2%)   0.0000 (  0.0%)   0.0000 (  0.2%)   0.0000 (  0.2%)  Post RA hazard recognizer
   0.0000 (  0.2%)   0.0000 (  0.0%)   0.0000 (  0.2%)   0.0000 (  0.2%)  Control Flow Optimizer
   0.0000 (  0.2%)   0.0000 (  0.0%)   0.0000 (  0.1%)   0.0000 (  0.1%)  Lower buffer fat pointer operations to buffer resources
   0.0000 (  0.1%)   0.0000 (  0.2%)   0.0000 (  0.1%)   0.0000 (  0.1%)  Slot index numbering #2
   0.0000 (  0.0%)   0.0000 (  0.3%)   0.0000 (  0.1%)   0.0000 (  0.1%)  Machine Block Frequency Analysis #3
   0.0000 (  0.2%)   0.0000 (  0.1%)   0.0000 (  0.1%)   0.0000 (  0.1%)  InferAlignmentPass
   0.0000 (  0.1%)   0.0000 (  0.2%)   0.0000 (  0.1%)   0.0000 (  0.1%)  LoopFullUnrollPass
   0.0000 (  0.2%)   0.0000 (  0.1%)   0.0000 (  0.1%)   0.0000 (  0.1%)  Virtual Register Rewriter #3
   0.0000 (  0.0%)   0.0000 (  0.5%)   0.0000 (  0.1%)   0.0000 (  0.1%)  Uniformity Analysis #2
   0.0000 (  0.1%)   0.0000 (  0.1%)   0.0000 (  0.1%)   0.0000 (  0.1%)  Dominator Tree Construction #4
   0.0000 (  0.2%)   0.0000 (  0.0%)   0.0000 (  0.1%)   0.0000 (  0.1%)  CalledValuePropagationPass
   0.0000 (  0.1%)   0.0000 (  0.2%)   0.0000 (  0.1%)   0.0000 (  0.1%)  Two-Address instruction pass
   0.0000 (  0.1%)   0.0000 (  0.3%)   0.0000 (  0.1%)   0.0000 (  0.1%)  LCSSAPass
   0.0000 (  0.1%)   0.0000 (  0.2%)   0.0000 (  0.1%)   0.0000 (  0.1%)  Virtual Register Rewriter
   0.0000 (  0.2%)   0.0000 (  0.0%)   0.0000 (  0.1%)   0.0000 (  0.1%)  Uniformity Analysis
   0.0000 (  0.1%)   0.0000 (  0.1%)   0.0000 (  0.1%)   0.0000 (  0.1%)  Natural Loop Information
   0.0000 (  0.2%)   0.0000 (  0.0%)   0.0000 (  0.1%)   0.0000 (  0.1%)  GlobalOptPass
   0.0000 (  0.2%)   0.0000 (  0.0%)   0.0000 (  0.1%)   0.0000 (  0.1%)  Uniformity Analysis #4
   0.0000 (  0.1%)   0.0000 (  0.2%)   0.0000 (  0.1%)   0.0000 (  0.1%)  LoopSimplifyPass
   0.0000 (  0.0%)   0.0000 (  0.4%)   0.0000 (  0.1%)   0.0000 (  0.1%)  Detect Dead Lanes
   0.0000 (  0.0%)   0.0000 (  0.4%)   0.0000 (  0.1%)   0.0000 (  0.1%)  Early Machine Loop Invariant Code Motion #2
   0.0000 (  0.1%)   0.0000 (  0.3%)   0.0000 (  0.1%)   0.0000 (  0.1%)  Machine Natural Loop Construction #3
   0.0000 (  0.1%)   0.0000 (  0.0%)   0.0000 (  0.1%)   0.0000 (  0.1%)  Canonicalize Freeze Instructions in Loops
   0.0000 (  0.1%)   0.0000 (  0.2%)   0.0000 (  0.1%)   0.0000 (  0.1%)  PGOIndirectCallPromotion
   0.0000 (  0.1%)   0.0000 (  0.0%)   0.0000 (  0.1%)   0.0000 (  0.1%)  Memory SSA
   0.0000 (  0.1%)   0.0000 (  0.2%)   0.0000 (  0.1%)   0.0000 (  0.1%)  Machine Block Frequency Analysis #4
   0.0000 (  0.1%)   0.0000 (  0.0%)   0.0000 (  0.1%)   0.0000 (  0.1%)  Uniformity Analysis #3
   0.0000 (  0.1%)   0.0000 (  0.1%)   0.0000 (  0.1%)   0.0000 (  0.1%)  Eliminate PHI nodes for register allocation
   0.0000 (  0.1%)   0.0000 (  0.0%)   0.0000 (  0.1%)   0.0000 (  0.1%)  SI Shrink Instructions #2
   0.0000 (  0.1%)   0.0000 (  0.0%)   0.0000 (  0.1%)   0.0000 (  0.1%)  Loop Invariant Code Motion
   0.0000 (  0.1%)   0.0000 (  0.1%)   0.0000 (  0.1%)   0.0000 (  0.1%)  AggressiveInstCombinePass
   0.0000 (  0.1%)   0.0000 (  0.2%)   0.0000 (  0.1%)   0.0000 (  0.1%)  InferFunctionAttrsPass
   0.0000 (  0.1%)   0.0000 (  0.0%)   0.0000 (  0.1%)   0.0000 (  0.1%)  Machine Copy Propagation Pass #2
   0.0000 (  0.1%)   0.0000 (  0.1%)   0.0000 (  0.1%)   0.0000 (  0.1%)  Uniformity Analysis #6
   0.0000 (  0.1%)   0.0000 (  0.1%)   0.0000 (  0.1%)   0.0000 (  0.1%)  MemCpyOptPass
   0.0000 (  0.1%)   0.0000 (  0.1%)   0.0000 (  0.1%)   0.0000 (  0.1%)  AMDGPU Lower Kernel Arguments
   0.0000 (  0.1%)   0.0000 (  0.1%)   0.0000 (  0.1%)   0.0000 (  0.1%)  Uniformity Analysis #7
   0.0000 (  0.1%)   0.0000 (  0.1%)   0.0000 (  0.1%)   0.0000 (  0.1%)  Memory SSA #2
   0.0000 (  0.1%)   0.0000 (  0.0%)   0.0000 (  0.1%)   0.0000 (  0.1%)  SI Fix SGPR copies
   0.0000 (  0.1%)   0.0000 (  0.0%)   0.0000 (  0.1%)   0.0000 (  0.1%)  RequireAnalysisPass<llvm::GlobalsAA, llvm::Module, llvm::AnalysisManager<Module>>
   0.0000 (  0.1%)   0.0000 (  0.0%)   0.0000 (  0.1%)   0.0000 (  0.1%)  SI Whole Quad Mode
   0.0000 (  0.1%)   0.0000 (  0.0%)   0.0000 (  0.1%)   0.0000 (  0.1%)  Remove dead machine instructions
   0.0000 (  0.0%)   0.0000 (  0.3%)   0.0000 (  0.1%)   0.0000 (  0.1%)  SI Fold Operands #2
   0.0000 (  0.1%)   0.0000 (  0.0%)   0.0000 (  0.1%)   0.0000 (  0.1%)  Machine Late Instructions Cleanup Pass
   0.0000 (  0.1%)   0.0000 (  0.0%)   0.0000 (  0.1%)   0.0000 (  0.1%)  PromotePass
   0.0000 (  0.0%)   0.0000 (  0.2%)   0.0000 (  0.1%)   0.0000 (  0.1%)  Machine Block Frequency Analysis #2
   0.0000 (  0.1%)   0.0000 (  0.1%)   0.0000 (  0.1%)   0.0000 (  0.1%)  LoopDeletionPass
   0.0000 (  0.1%)   0.0000 (  0.0%)   0.0000 (  0.1%)   0.0000 (  0.1%)  AMDGPU IR optimizations
   0.0000 (  0.1%)   0.0000 (  0.0%)   0.0000 (  0.1%)   0.0000 (  0.1%)  NoRecurseLTOInferencePass
   0.0000 (  0.1%)   0.0000 (  0.0%)   0.0000 (  0.1%)   0.0000 (  0.1%)  Uniformity Analysis #5
   0.0000 (  0.1%)   0.0000 (  0.0%)   0.0000 (  0.1%)   0.0000 (  0.1%)  Scalar Evolution Analysis #3
   0.0000 (  0.1%)   0.0000 (  0.0%)   0.0000 (  0.1%)   0.0000 (  0.1%)  SI annotate control flow
   0.0000 (  0.1%)   0.0000 (  0.0%)   0.0000 (  0.1%)   0.0000 (  0.1%)  Block Frequency Analysis
   0.0000 (  0.1%)   0.0000 (  0.1%)   0.0000 (  0.1%)   0.0000 (  0.1%)  GlobalDCEPass
   0.0000 (  0.0%)   0.0000 (  0.2%)   0.0000 (  0.1%)   0.0000 (  0.1%)  Live DEBUG_VALUE analysis
   0.0000 (  0.1%)   0.0000 (  0.1%)   0.0000 (  0.1%)   0.0000 (  0.1%)  Remove dead machine instructions #2
   0.0000 (  0.1%)   0.0000 (  0.0%)   0.0000 (  0.1%)   0.0000 (  0.1%)  AMDGPULowerModuleLDSPass
   0.0000 (  0.0%)   0.0000 (  0.2%)   0.0000 (  0.1%)   0.0000 (  0.1%)  Spill Code Placement Analysis
   0.0000 (  0.1%)   0.0000 (  0.0%)   0.0000 (  0.1%)   0.0000 (  0.1%)  Slot index numbering
   0.0000 (  0.1%)   0.0000 (  0.0%)   0.0000 (  0.1%)   0.0000 (  0.1%)  Machine Block Frequency Analysis
   0.0000 (  0.1%)   0.0000 (  0.0%)   0.0000 (  0.1%)   0.0000 (  0.1%)  Dominator Tree Construction #10
   0.0000 (  0.1%)   0.0000 (  0.0%)   0.0000 (  0.1%)   0.0000 (  0.1%)  Constant Hoisting
   0.0000 (  0.0%)   0.0000 (  0.2%)   0.0000 (  0.1%)   0.0000 (  0.1%)  Bundle Machine CFG Edges
   0.0000 (  0.0%)   0.0000 (  0.2%)   0.0000 (  0.1%)   0.0000 (  0.1%)  DummyCGSCCPass
   0.0000 (  0.1%)   0.0000 (  0.0%)   0.0000 (  0.1%)   0.0000 (  0.1%)  Early Tail Duplication
   0.0000 (  0.1%)   0.0000 (  0.0%)   0.0000 (  0.1%)   0.0000 (  0.1%)  VectorCombinePass
   0.0000 (  0.0%)   0.0000 (  0.1%)   0.0000 (  0.1%)   0.0000 (  0.1%)  Debug Variable Analysis
   0.0000 (  0.1%)   0.0000 (  0.1%)   0.0000 (  0.1%)   0.0000 (  0.1%)  Scalar Evolution Analysis
   0.0000 (  0.1%)   0.0000 (  0.0%)   0.0000 (  0.1%)   0.0000 (  0.1%)  Canonicalize natural loops
   0.0000 (  0.1%)   0.0000 (  0.0%)   0.0000 (  0.1%)   0.0000 (  0.1%)  AMDGPU Pre-RA Long Branch Reg
   0.0000 (  0.1%)   0.0000 (  0.1%)   0.0000 (  0.1%)   0.0000 (  0.1%)  Machine Block Frequency Analysis #5
   0.0000 (  0.1%)   0.0000 (  0.0%)   0.0000 (  0.1%)   0.0000 (  0.1%)  LoopDistributePass
   0.0000 (  0.1%)   0.0000 (  0.0%)   0.0000 (  0.1%)   0.0000 (  0.1%)  Branch Probability Analysis
   0.0000 (  0.1%)   0.0000 (  0.0%)   0.0000 (  0.1%)   0.0000 (  0.1%)  AMDGPUPromoteAllocaToVectorPass
   0.0000 (  0.0%)   0.0000 (  0.1%)   0.0000 (  0.1%)   0.0000 (  0.1%)  Free MachineFunction
   0.0000 (  0.0%)   0.0000 (  0.1%)   0.0000 (  0.0%)   0.0000 (  0.1%)  Target Library Information
   0.0000 (  0.1%)   0.0000 (  0.0%)   0.0000 (  0.1%)   0.0000 (  0.1%)  AMDGPULowerExecSyncPass
   0.0000 (  0.1%)   0.0000 (  0.0%)   0.0000 (  0.1%)   0.0000 (  0.1%)  Scalar Evolution Analysis #2
   0.0000 (  0.1%)   0.0000 (  0.0%)   0.0000 (  0.1%)   0.0000 (  0.1%)  SI post-RA bundler
   0.0000 (  0.0%)   0.0000 (  0.1%)   0.0000 (  0.0%)   0.0000 (  0.1%)  Machine Optimization Remark Emitter
   0.0000 (  0.1%)   0.0000 (  0.1%)   0.0000 (  0.1%)   0.0000 (  0.1%)  Machine Natural Loop Construction #5
   0.0000 (  0.1%)   0.0000 (  0.0%)   0.0000 (  0.1%)   0.0000 (  0.1%)  Expand IR instructions
   0.0000 (  0.1%)   0.0000 (  0.0%)   0.0000 (  0.1%)   0.0000 (  0.1%)  MachineDominator Tree Construction
   0.0000 (  0.1%)   0.0000 (  0.0%)   0.0000 (  0.1%)   0.0000 (  0.1%)  Branch Probability Analysis #3
   0.0000 (  0.1%)   0.0000 (  0.0%)   0.0000 (  0.1%)   0.0000 (  0.0%)  Machine Loop Invariant Code Motion
   0.0000 (  0.1%)   0.0000 (  0.0%)   0.0000 (  0.1%)   0.0000 (  0.0%)  SI Memory Legalizer
   0.0000 (  0.0%)   0.0000 (  0.1%)   0.0000 (  0.0%)   0.0000 (  0.0%)  Virtual Register Rewriter #2
   0.0000 (  0.0%)   0.0000 (  0.0%)   0.0000 (  0.0%)   0.0000 (  0.0%)  SI optimize exec mask operations pre-RA
   0.0000 (  0.1%)   0.0000 (  0.0%)   0.0000 (  0.0%)   0.0000 (  0.0%)  PostRA Machine Sink
   0.0000 (  0.0%)   0.0000 (  0.0%)   0.0000 (  0.0%)   0.0000 (  0.0%)  MachineDominator Tree Construction #8
   0.0000 (  0.0%)   0.0000 (  0.1%)   0.0000 (  0.0%)   0.0000 (  0.0%)  SI Lower control flow pseudo instructions
   0.0000 (  0.0%)   0.0000 (  0.0%)   0.0000 (  0.0%)   0.0000 (  0.0%)  SROAPass
   0.0000 (  0.1%)   0.0000 (  0.0%)   0.0000 (  0.0%)   0.0000 (  0.0%)  AMDGPULowerKernelAttributesPass
   0.0000 (  0.0%)   0.0000 (  0.0%)   0.0000 (  0.0%)   0.0000 (  0.0%)  Post-RA pseudo instruction expansion pass
   0.0000 (  0.1%)   0.0000 (  0.0%)   0.0000 (  0.0%)   0.0000 (  0.0%)  WholeProgramDevirtPass
   0.0000 (  0.0%)   0.0000 (  0.2%)   0.0000 (  0.0%)   0.0000 (  0.0%)  Remove dead machine instructions #3
   0.0000 (  0.0%)   0.0000 (  0.0%)   0.0000 (  0.0%)   0.0000 (  0.0%)  MachinePostDominator Tree Construction
   0.0000 (  0.0%)   0.0000 (  0.1%)   0.0000 (  0.0%)   0.0000 (  0.0%)  Rename Disconnected Subregister Components
   0.0000 (  0.0%)   0.0000 (  0.1%)   0.0000 (  0.0%)   0.0000 (  0.0%)  Live Stack Slot Analysis #2
   0.0000 (  0.1%)   0.0000 (  0.0%)   0.0000 (  0.0%)   0.0000 (  0.0%)  Detect single entry single exit regions
   0.0000 (  0.0%)   0.0000 (  0.1%)   0.0000 (  0.1%)   0.0000 (  0.0%)  Machine Natural Loop Construction #2
   0.0000 (  0.1%)   0.0000 (  0.0%)   0.0000 (  0.0%)   0.0000 (  0.0%)  AMDGPU lowering of execution synchronization
   0.0000 (  0.1%)   0.0000 (  0.0%)   0.0000 (  0.1%)   0.0000 (  0.0%)  Loop-Closed SSA Form Pass
   0.0000 (  0.0%)   0.0000 (  0.0%)   0.0000 (  0.0%)   0.0000 (  0.0%)  Block Frequency Analysis #2
   0.0000 (  0.0%)   0.0000 (  0.0%)   0.0000 (  0.0%)   0.0000 (  0.0%)  Post-Dominator Tree Construction #5
   0.0000 (  0.0%)   0.0000 (  0.0%)   0.0000 (  0.0%)   0.0000 (  0.0%)  Scalar Evolution Analysis #4
   0.0000 (  0.1%)   0.0000 (  0.0%)   0.0000 (  0.0%)   0.0000 (  0.0%)  DivRemPairsPass
   0.0000 (  0.0%)   0.0000 (  0.2%)   0.0000 (  0.0%)   0.0000 (  0.0%)  Remove dead machine instructions #4
   0.0000 (  0.1%)   0.0000 (  0.0%)   0.0000 (  0.0%)   0.0000 (  0.0%)  CGProfilePass
   0.0000 (  0.0%)   0.0000 (  0.1%)   0.0000 (  0.1%)   0.0000 (  0.0%)  SI optimize exec mask operations
   0.0000 (  0.0%)   0.0000 (  0.0%)   0.0000 (  0.0%)   0.0000 (  0.0%)  SI Lower i1 Copies
   0.0000 (  0.0%)   0.0000 (  0.0%)   0.0000 (  0.0%)   0.0000 (  0.0%)  Post-Dominator Tree Construction
   0.0000 (  0.0%)   0.0000 (  0.0%)   0.0000 (  0.0%)   0.0000 (  0.0%)  AMDGPUSimplifyLibCallsPass
   0.0000 (  0.0%)   0.0000 (  0.0%)   0.0000 (  0.0%)   0.0000 (  0.0%)  Machine Block Frequency Analysis #6
   0.0000 (  0.0%)   0.0000 (  0.0%)   0.0000 (  0.0%)   0.0000 (  0.0%)  Natural Loop Information #9
   0.0000 (  0.0%)   0.0000 (  0.0%)   0.0000 (  0.0%)   0.0000 (  0.0%)  Function Alias Analysis Results #3
   0.0000 (  0.0%)   0.0000 (  0.1%)   0.0000 (  0.0%)   0.0000 (  0.0%)  Assumption Cache Tracker
   0.0000 (  0.1%)   0.0000 (  0.0%)   0.0000 (  0.0%)   0.0000 (  0.0%)  Basic Alias Analysis (stateless AA impl)
   0.0000 (  0.0%)   0.0000 (  0.0%)   0.0000 (  0.0%)   0.0000 (  0.0%)  AMDGPU Remove Incompatible Functions
   0.0000 (  0.0%)   0.0000 (  0.1%)   0.0000 (  0.0%)   0.0000 (  0.0%)  Create Garbage Collector Module Metadata
   0.0000 (  0.0%)   0.0000 (  0.0%)   0.0000 (  0.0%)   0.0000 (  0.0%)  CallGraph Construction
   0.0000 (  0.0%)   0.0000 (  0.0%)   0.0000 (  0.0%)   0.0000 (  0.0%)  Loop-Closed SSA Form Pass #2
   0.0000 (  0.0%)   0.0000 (  0.1%)   0.0000 (  0.0%)   0.0000 (  0.0%)  SI Peephole SDWA
   0.0000 (  0.0%)   0.0000 (  0.1%)   0.0000 (  0.0%)   0.0000 (  0.0%)  External Alias Analysis
   0.0000 (  0.0%)   0.0000 (  0.0%)   0.0000 (  0.0%)   0.0000 (  0.0%)  AMDGPU Promote Alloca
   0.0000 (  0.0%)   0.0000 (  0.0%)   0.0000 (  0.0%)   0.0000 (  0.0%)  Natural Loop Information #2
   0.0000 (  0.0%)   0.0000 (  0.0%)   0.0000 (  0.0%)   0.0000 (  0.0%)  Branch Probability Analysis #2
   0.0000 (  0.0%)   0.0000 (  0.0%)   0.0000 (  0.0%)   0.0000 (  0.0%)  TailCallElimPass
   0.0000 (  0.0%)   0.0000 (  0.1%)   0.0000 (  0.0%)   0.0000 (  0.0%)  Type-Based Alias Analysis
   0.0000 (  0.0%)   0.0000 (  0.1%)   0.0000 (  0.0%)   0.0000 (  0.0%)  Remove unreachable machine basic blocks
   0.0000 (  0.0%)   0.0000 (  0.0%)   0.0000 (  0.0%)   0.0000 (  0.0%)  AMDGPU IR late optimizations
   0.0000 (  0.0%)   0.0000 (  0.0%)   0.0000 (  0.0%)   0.0000 (  0.0%)  Lower uses of LDS variables from non-kernel functions
   0.0000 (  0.0%)   0.0000 (  0.1%)   0.0000 (  0.0%)   0.0000 (  0.0%)  Virtual Register Map
   0.0000 (  0.0%)   0.0000 (  0.0%)   0.0000 (  0.0%)   0.0000 (  0.0%)  Function Alias Analysis Results
   0.0000 (  0.0%)   0.0000 (  0.0%)   0.0000 (  0.0%)   0.0000 (  0.0%)  MachinePostDominator Tree Construction #3
   0.0000 (  0.0%)   0.0000 (  0.2%)   0.0000 (  0.1%)   0.0000 (  0.0%)  Cycle Info Analysis #6
   0.0000 (  0.0%)   0.0000 (  0.1%)   0.0000 (  0.0%)   0.0000 (  0.0%)  Virtual Register Map #2
   0.0000 (  0.0%)   0.0000 (  0.1%)   0.0000 (  0.0%)   0.0000 (  0.0%)  Live Stack Slot Analysis
   0.0000 (  0.0%)   0.0000 (  0.0%)   0.0000 (  0.0%)   0.0000 (  0.0%)  Rewrite Partial Register Uses
   0.0000 (  0.0%)   0.0000 (  0.1%)   0.0000 (  0.0%)   0.0000 (  0.0%)  Cycle Info Analysis #13
   0.0000 (  0.0%)   0.0000 (  0.0%)   0.0000 (  0.0%)   0.0000 (  0.0%)  Dominator Tree Construction
   0.0000 (  0.0%)   0.0000 (  0.0%)   0.0000 (  0.0%)   0.0000 (  0.0%)  Basic Alias Analysis (stateless AA impl) #3
   0.0000 (  0.0%)   0.0000 (  0.0%)   0.0000 (  0.0%)   0.0000 (  0.0%)  SI peephole optimizations
   0.0000 (  0.0%)   0.0000 (  0.1%)   0.0000 (  0.0%)   0.0000 (  0.0%)  Register Usage Information Storage
   0.0000 (  0.0%)   0.0000 (  0.1%)   0.0000 (  0.0%)   0.0000 (  0.0%)  Library Function Lowering Analysis
   0.0000 (  0.0%)   0.0000 (  0.0%)   0.0000 (  0.0%)   0.0000 (  0.0%)  Scalarize Masked Memory Intrinsics
   0.0000 (  0.0%)   0.0000 (  0.1%)   0.0000 (  0.0%)   0.0000 (  0.0%)  Profile summary info
   0.0000 (  0.0%)   0.0000 (  0.0%)   0.0000 (  0.0%)   0.0000 (  0.0%)  Machine Cycle Info Analysis
   0.0000 (  0.0%)   0.0000 (  0.0%)   0.0000 (  0.0%)   0.0000 (  0.0%)  Dominator Tree Construction #9
   0.0000 (  0.0%)   0.0000 (  0.0%)   0.0000 (  0.0%)   0.0000 (  0.0%)  Insert required mode register values
   0.0000 (  0.0%)   0.0000 (  0.0%)   0.0000 (  0.0%)   0.0000 (  0.0%)  Natural Loop Information #10
   0.0000 (  0.0%)   0.0000 (  0.0%)   0.0000 (  0.0%)   0.0000 (  0.0%)  Dominance Frontier Construction
   0.0000 (  0.0%)   0.0000 (  0.1%)   0.0000 (  0.0%)   0.0000 (  0.0%)  Target Pass Configuration
   0.0000 (  0.0%)   0.0000 (  0.0%)   0.0000 (  0.0%)   0.0000 (  0.0%)  AMDGPU atomic optimizations
   0.0000 (  0.0%)   0.0000 (  0.0%)   0.0000 (  0.0%)   0.0000 (  0.0%)  Machine Natural Loop Construction #4
   0.0000 (  0.0%)   0.0000 (  0.1%)   0.0000 (  0.0%)   0.0000 (  0.0%)  Machine Branch Probability Analysis
   0.0000 (  0.0%)   0.0000 (  0.1%)   0.0000 (  0.0%)   0.0000 (  0.0%)  Scoped NoAlias Alias Analysis
   0.0000 (  0.0%)   0.0000 (  0.0%)   0.0000 (  0.0%)   0.0000 (  0.0%)  LowerTypeTestsPass
   0.0000 (  0.0%)   0.0000 (  0.1%)   0.0000 (  0.0%)   0.0000 (  0.0%)  Default Regalloc Eviction Advisor
   0.0000 (  0.0%)   0.0000 (  0.0%)   0.0000 (  0.0%)   0.0000 (  0.0%)  InlinerPass
   0.0000 (  0.0%)   0.0000 (  0.0%)   0.0000 (  0.0%)   0.0000 (  0.0%)  AMDGPUUseNativeCallsPass
   0.0000 (  0.0%)   0.0000 (  0.1%)   0.0000 (  0.0%)   0.0000 (  0.0%)  Default Regalloc Priority Advisor
   0.0000 (  0.0%)   0.0000 (  0.1%)   0.0000 (  0.0%)   0.0000 (  0.0%)  Virtual Register Map #3
   0.0000 (  0.0%)   0.0000 (  0.0%)   0.0000 (  0.0%)   0.0000 (  0.0%)  MachinePostDominator Tree Construction #2
   0.0000 (  0.0%)   0.0000 (  0.0%)   0.0000 (  0.0%)   0.0000 (  0.0%)  MachinePostDominator Tree Construction #5
   0.0000 (  0.0%)   0.0000 (  0.1%)   0.0000 (  0.0%)   0.0000 (  0.0%)  Target Transform Information
   0.0000 (  0.0%)   0.0000 (  0.0%)   0.0000 (  0.0%)   0.0000 (  0.0%)  Replace intrinsics with calls to vector library
   0.0000 (  0.0%)   0.0000 (  0.0%)   0.0000 (  0.0%)   0.0000 (  0.0%)  Cycle Info Analysis
   0.0000 (  0.0%)   0.0000 (  0.0%)   0.0000 (  0.0%)   0.0000 (  0.0%)  Partially inline calls to library functions
   0.0000 (  0.0%)   0.0000 (  0.0%)   0.0000 (  0.0%)   0.0000 (  0.0%)  AnnotationRemarksPass
   0.0000 (  0.0%)   0.0000 (  0.0%)   0.0000 (  0.0%)   0.0000 (  0.0%)  Natural Loop Information #8
   0.0000 (  0.0%)   0.0000 (  0.0%)   0.0000 (  0.0%)   0.0000 (  0.0%)  Optimize machine instruction PHIs
   0.0000 (  0.0%)   0.0000 (  0.0%)   0.0000 (  0.0%)   0.0000 (  0.0%)  Expand Atomic instructions
   0.0000 (  0.0%)   0.0000 (  0.1%)   0.0000 (  0.0%)   0.0000 (  0.0%)  SI Pre-allocate WWM Registers
   0.0000 (  0.0%)   0.0000 (  0.0%)   0.0000 (  0.0%)   0.0000 (  0.0%)  Natural Loop Information #3
   0.0000 (  0.0%)   0.0000 (  0.0%)   0.0000 (  0.0%)   0.0000 (  0.0%)  MachineDominator Tree Construction #6
   0.0000 (  0.0%)   0.0000 (  0.0%)   0.0000 (  0.0%)   0.0000 (  0.0%)  MachineDominator Tree Construction #7
   0.0000 (  0.0%)   0.0000 (  0.0%)   0.0000 (  0.0%)   0.0000 (  0.0%)  AMDGPU Annotate Uniform Values
   0.0000 (  0.0%)   0.0000 (  0.0%)   0.0000 (  0.0%)   0.0000 (  0.0%)  MachinePostDominator Tree Construction #4
   0.0000 (  0.0%)   0.0000 (  0.0%)   0.0000 (  0.0%)   0.0000 (  0.0%)  Post-Dominator Tree Construction #2
   0.0000 (  0.0%)   0.0000 (  0.0%)   0.0000 (  0.0%)   0.0000 (  0.0%)  AMDGPU Pre-RA optimizations
   0.0000 (  0.0%)   0.0000 (  0.0%)   0.0000 (  0.0%)   0.0000 (  0.0%)  Function Alias Analysis Results #2
   0.0000 (  0.0%)   0.0000 (  0.0%)   0.0000 (  0.0%)   0.0000 (  0.0%)  Fixup each natural loop to have a single exit block
   0.0000 (  0.0%)   0.0000 (  0.0%)   0.0000 (  0.0%)   0.0000 (  0.0%)  Cycle Info Analysis #9
   0.0000 (  0.0%)   0.0000 (  0.0%)   0.0000 (  0.0%)   0.0000 (  0.0%)  Function Alias Analysis Results #4
   0.0000 (  0.0%)   0.0000 (  0.0%)   0.0000 (  0.0%)   0.0000 (  0.0%)  Cycle Info Analysis #12
   0.0000 (  0.0%)   0.0000 (  0.0%)   0.0000 (  0.0%)   0.0000 (  0.0%)  Assignment Tracking Analysis
   0.0000 (  0.0%)   0.0000 (  0.0%)   0.0000 (  0.0%)   0.0000 (  0.0%)  Tail Duplication
   0.0000 (  0.0%)   0.0000 (  0.0%)   0.0000 (  0.0%)   0.0000 (  0.0%)  ObjC ARC contraction
   0.0000 (  0.0%)   0.0000 (  0.0%)   0.0000 (  0.0%)   0.0000 (  0.0%)  Insert stack protectors
   0.0000 (  0.0%)   0.0000 (  0.0%)   0.0000 (  0.0%)   0.0000 (  0.0%)  Remove unreachable blocks from the CFG #2
   0.0000 (  0.0%)   0.0000 (  0.0%)   0.0000 (  0.0%)   0.0000 (  0.0%)  Dominator Tree Construction #3
   0.0000 (  0.0%)   0.0000 (  0.0%)   0.0000 (  0.0%)   0.0000 (  0.0%)  Flatten the CFG
   0.0000 (  0.0%)   0.0000 (  0.0%)   0.0000 (  0.0%)   0.0000 (  0.0%)  MachineDominator Tree Construction #2
   0.0000 (  0.0%)   0.0000 (  0.0%)   0.0000 (  0.0%)   0.0000 (  0.0%)  Natural Loop Information #5
   0.0000 (  0.0%)   0.0000 (  0.0%)   0.0000 (  0.0%)   0.0000 (  0.0%)  MachineDominator Tree Construction #3
   0.0000 (  0.0%)   0.0000 (  0.0%)   0.0000 (  0.0%)   0.0000 (  0.0%)  Dominator Tree Construction #2
   0.0000 (  0.0%)   0.0000 (  0.0%)   0.0000 (  0.0%)   0.0000 (  0.0%)  Memory Dependence Analysis
   0.0000 (  0.0%)   0.0000 (  0.0%)   0.0000 (  0.0%)   0.0000 (  0.0%)  Machine Cycle Info Analysis #2
   0.0000 (  0.0%)   0.0000 (  0.0%)   0.0000 (  0.0%)   0.0000 (  0.0%)  AMDGPU Uniform Intrinsic Combine
   0.0000 (  0.0%)   0.0000 (  0.0%)   0.0000 (  0.0%)   0.0000 (  0.0%)  Post-Dominator Tree Construction #3
   0.0000 (  0.0%)   0.0000 (  0.0%)   0.0000 (  0.0%)   0.0000 (  0.0%)  Dominator Tree Construction #5
   0.0000 (  0.0%)   0.0000 (  0.0%)   0.0000 (  0.0%)   0.0000 (  0.0%)  Expand reduction intrinsics
   0.0000 (  0.0%)   0.0000 (  0.0%)   0.0000 (  0.0%)   0.0000 (  0.0%)  Natural Loop Information #7
   0.0000 (  0.0%)   0.0000 (  0.0%)   0.0000 (  0.0%)   0.0000 (  0.0%)  LCSSA Verifier
   0.0000 (  0.0%)   0.0000 (  0.0%)   0.0000 (  0.0%)   0.0000 (  0.0%)  Merge disjoint stack slots
   0.0000 (  0.0%)   0.0000 (  0.0%)   0.0000 (  0.0%)   0.0000 (  0.0%)  Machine Optimization Remark Emitter #2
   0.0000 (  0.0%)   0.0000 (  0.0%)   0.0000 (  0.0%)   0.0000 (  0.0%)  Cycle Info Analysis #10
   0.0000 (  0.0%)   0.0000 (  0.1%)   0.0000 (  0.0%)   0.0000 (  0.0%)  Lazy Machine Block Frequency Analysis #2
   0.0000 (  0.0%)   0.0000 (  0.0%)   0.0000 (  0.0%)   0.0000 (  0.0%)  SI Fix VGPR copies
   0.0000 (  0.0%)   0.0000 (  0.1%)   0.0000 (  0.0%)   0.0000 (  0.0%)  Function Alias Analysis Results #5
   0.0000 (  0.0%)   0.0000 (  0.0%)   0.0000 (  0.0%)   0.0000 (  0.0%)  Dominator Tree Construction #6
   0.0000 (  0.0%)   0.0000 (  0.0%)   0.0000 (  0.0%)   0.0000 (  0.0%)  LCSSA Verifier #2
   0.0000 (  0.0%)   0.0000 (  0.0%)   0.0000 (  0.0%)   0.0000 (  0.0%)  Remove unreachable blocks from the CFG
   0.0000 (  0.0%)   0.0000 (  0.0%)   0.0000 (  0.0%)   0.0000 (  0.0%)  Scalar Evolution Analysis #5
   0.0000 (  0.0%)   0.0000 (  0.0%)   0.0000 (  0.0%)   0.0000 (  0.0%)  Natural Loop Information #4
   0.0000 (  0.0%)   0.0000 (  0.0%)   0.0000 (  0.0%)   0.0000 (  0.0%)  Basic Alias Analysis (stateless AA impl) #5
   0.0000 (  0.0%)   0.0000 (  0.1%)   0.0000 (  0.0%)   0.0000 (  0.0%)  Stack Slot Coloring
   0.0000 (  0.0%)   0.0000 (  0.1%)   0.0000 (  0.0%)   0.0000 (  0.0%)  Process Implicit Definitions
   0.0000 (  0.0%)   0.0000 (  0.0%)   0.0000 (  0.0%)   0.0000 (  0.0%)  Expand variadic functions
   0.0000 (  0.0%)   0.0000 (  0.0%)   0.0000 (  0.0%)   0.0000 (  0.0%)  ArgumentPromotionPass
   0.0000 (  0.0%)   0.0000 (  0.1%)   0.0000 (  0.0%)   0.0000 (  0.0%)  GCN DPP Combine
   0.0000 (  0.0%)   0.0000 (  0.0%)   0.0000 (  0.0%)   0.0000 (  0.0%)  Cycle Info Analysis #3
   0.0000 (  0.0%)   0.0000 (  0.0%)   0.0000 (  0.0%)   0.0000 (  0.0%)  SI Final Branch Preparation
   0.0000 (  0.0%)   0.0000 (  0.0%)   0.0000 (  0.0%)   0.0000 (  0.0%)  Basic Alias Analysis (stateless AA impl) #7
   0.0000 (  0.0%)   0.0000 (  0.0%)   0.0000 (  0.0%)   0.0000 (  0.0%)  SI Optimize VGPR LiveRange
   0.0000 (  0.0%)   0.0000 (  0.1%)   0.0000 (  0.0%)   0.0000 (  0.0%)  MachineDominator Tree Construction #4
   0.0000 (  0.0%)   0.0000 (  0.0%)   0.0000 (  0.0%)   0.0000 (  0.0%)  Memory Dependence Analysis #2
   0.0000 (  0.0%)   0.0000 (  0.0%)   0.0000 (  0.0%)   0.0000 (  0.0%)  JumpThreadingPass
   0.0000 (  0.0%)   0.0000 (  0.0%)   0.0000 (  0.0%)   0.0000 (  0.0%)  Lazy Branch Probability Analysis #5
   0.0000 (  0.0%)   0.0000 (  0.0%)   0.0000 (  0.0%)   0.0000 (  0.0%)  Cycle Info Analysis #11
   0.0000 (  0.0%)   0.0000 (  0.0%)   0.0000 (  0.0%)   0.0000 (  0.0%)  Function Alias Analysis Results #8
   0.0000 (  0.0%)   0.0000 (  0.0%)   0.0000 (  0.0%)   0.0000 (  0.0%)  Insert XRay ops
   0.0000 (  0.0%)   0.0000 (  0.0%)   0.0000 (  0.0%)   0.0000 (  0.0%)  Fixup Statepoint Caller Saved
   0.0000 (  0.0%)   0.0000 (  0.1%)   0.0000 (  0.0%)   0.0000 (  0.0%)  SI Lower WWM Copies
   0.0000 (  0.0%)   0.0000 (  0.0%)   0.0000 (  0.0%)   0.0000 (  0.0%)  Lazy Block Frequency Analysis #5
   0.0000 (  0.0%)   0.0000 (  0.0%)   0.0000 (  0.0%)   0.0000 (  0.0%)  Cycle Info Analysis #5
   0.0000 (  0.0%)   0.0000 (  0.0%)   0.0000 (  0.0%)   0.0000 (  0.0%)  Lazy Branch Probability Analysis #2
   0.0000 (  0.0%)   0.0000 (  0.0%)   0.0000 (  0.0%)   0.0000 (  0.0%)  Function Alias Analysis Results #6
   0.0000 (  0.0%)   0.0000 (  0.1%)   0.0000 (  0.0%)   0.0000 (  0.0%)  Stack Slot Coloring #2
   0.0000 (  0.0%)   0.0000 (  0.0%)   0.0000 (  0.0%)   0.0000 (  0.0%)  DropUnnecessaryAssumesPass
   0.0000 (  0.0%)   0.0000 (  0.0%)   0.0000 (  0.0%)   0.0000 (  0.0%)  CoroAnnotationElidePass
   0.0000 (  0.0%)   0.0000 (  0.0%)   0.0000 (  0.0%)   0.0000 (  0.0%)  GCN NSA Reassign
   0.0000 (  0.0%)   0.0000 (  0.0%)   0.0000 (  0.0%)   0.0000 (  0.0%)  Instrument function entry/exit with calls to e.g. mcount() (post inlining)
   0.0000 (  0.0%)   0.0000 (  0.0%)   0.0000 (  0.0%)   0.0000 (  0.0%)  Local Stack Slot Allocation
   0.0000 (  0.0%)   0.0000 (  0.0%)   0.0000 (  0.0%)   0.0000 (  0.0%)  Lazy Block Frequency Analysis #2
   0.0000 (  0.0%)   0.0000 (  0.0%)   0.0000 (  0.0%)   0.0000 (  0.0%)  Shrink Wrapping analysis
   0.0000 (  0.0%)   0.0000 (  0.0%)   0.0000 (  0.0%)   0.0000 (  0.0%)  Unify divergent function exit nodes
   0.0000 (  0.0%)   0.0000 (  0.0%)   0.0000 (  0.0%)   0.0000 (  0.0%)  AMDGPU Insert Delay ALU
   0.0000 (  0.0%)   0.0000 (  0.0%)   0.0000 (  0.0%)   0.0000 (  0.0%)  Cycle Info Analysis #8
   0.0000 (  0.0%)   0.0000 (  0.0%)   0.0000 (  0.0%)   0.0000 (  0.0%)  SI Insert Hard Clauses
   0.0000 (  0.0%)   0.0000 (  0.1%)   0.0000 (  0.0%)   0.0000 (  0.0%)  AMDGPU Reserve WWM Registers
   0.0000 (  0.0%)   0.0000 (  0.0%)   0.0000 (  0.0%)   0.0000 (  0.0%)  Init Undef Pass
   0.0000 (  0.0%)   0.0000 (  0.0%)   0.0000 (  0.0%)   0.0000 (  0.0%)  Prepare inline asm insts
   0.0000 (  0.0%)   0.0000 (  0.0%)   0.0000 (  0.0%)   0.0000 (  0.0%)  GCN Create VOPD Instructions
   0.0000 (  0.0%)   0.0000 (  0.0%)   0.0000 (  0.0%)   0.0000 (  0.0%)  Function Alias Analysis Results #7
   0.0000 (  0.0%)   0.0000 (  0.0%)   0.0000 (  0.0%)   0.0000 (  0.0%)  Cycle Info Analysis #7
   0.0000 (  0.0%)   0.0000 (  0.0%)   0.0000 (  0.0%)   0.0000 (  0.0%)  Cycle Info Analysis #2
   0.0000 (  0.0%)   0.0000 (  0.0%)   0.0000 (  0.0%)   0.0000 (  0.0%)  Stack Frame Layout Analysis
   0.0000 (  0.0%)   0.0000 (  0.0%)   0.0000 (  0.0%)   0.0000 (  0.0%)  AMDGPU Image Intrinsic Optimizer
   0.0000 (  0.0%)   0.0000 (  0.0%)   0.0000 (  0.0%)   0.0000 (  0.0%)  Cycle Info Analysis #4
   0.0000 (  0.0%)   0.0000 (  0.0%)   0.0000 (  0.0%)   0.0000 (  0.0%)  Post-Dominator Tree Construction #4
   0.0000 (  0.0%)   0.0000 (  0.0%)   0.0000 (  0.0%)   0.0000 (  0.0%)  Insert fentry calls
   0.0000 (  0.0%)   0.0000 (  0.0%)   0.0000 (  0.0%)   0.0000 (  0.0%)  Basic Alias Analysis (stateless AA impl) #2
   0.0000 (  0.0%)   0.0000 (  0.0%)   0.0000 (  0.0%)   0.0000 (  0.0%)  InvalidateAnalysisPass<llvm::AAManager>
   0.0000 (  0.0%)   0.0000 (  0.0%)   0.0000 (  0.0%)   0.0000 (  0.0%)  AMDGPU Rewrite Undef for PHI
   0.0000 (  0.0%)   0.0000 (  0.0%)   0.0000 (  0.0%)   0.0000 (  0.0%)  Lazy Value Information Analysis
   0.0000 (  0.0%)   0.0000 (  0.0%)   0.0000 (  0.0%)   0.0000 (  0.0%)  Dominator Tree Construction #8
   0.0000 (  0.0%)   0.0000 (  0.0%)   0.0000 (  0.0%)   0.0000 (  0.0%)  Optimization Remark Emitter #2
   0.0000 (  0.0%)   0.0000 (  0.0%)   0.0000 (  0.0%)   0.0000 (  0.0%)  Convert irreducible control-flow into natural loops
   0.0000 (  0.0%)   0.0000 (  0.0%)   0.0000 (  0.0%)   0.0000 (  0.0%)  ExpandVariadicsPass
   0.0000 (  0.0%)   0.0000 (  0.0%)   0.0000 (  0.0%)   0.0000 (  0.0%)  AMDGPU Insert waits for SGPR read hazards
   0.0000 (  0.0%)   0.0000 (  0.0%)   0.0000 (  0.0%)   0.0000 (  0.0%)  Lazy Machine Block Frequency Analysis
   0.0000 (  0.0%)   0.0000 (  0.1%)   0.0000 (  0.0%)   0.0000 (  0.0%)  Register Usage Information Collector Pass
   0.0000 (  0.0%)   0.0000 (  0.0%)   0.0000 (  0.0%)   0.0000 (  0.0%)  Basic Alias Analysis (stateless AA impl) #6
   0.0000 (  0.0%)   0.0000 (  0.0%)   0.0000 (  0.0%)   0.0000 (  0.0%)  Remove Loads Into Fake Uses
   0.0000 (  0.0%)   0.0000 (  0.0%)   0.0000 (  0.0%)   0.0000 (  0.0%)  Lower SwitchInst's to branches
   0.0000 (  0.0%)   0.0000 (  0.0%)   0.0000 (  0.0%)   0.0000 (  0.0%)  Remove Redundant DEBUG_VALUE analysis
   0.0000 (  0.0%)   0.0000 (  0.0%)   0.0000 (  0.0%)   0.0000 (  0.0%)  OpenMPOptPass
   0.0000 (  0.0%)   0.0000 (  0.0%)   0.0000 (  0.0%)   0.0000 (  0.0%)  Basic Alias Analysis (stateless AA impl) #8
   0.0000 (  0.0%)   0.0000 (  0.0%)   0.0000 (  0.0%)   0.0000 (  0.0%)  Optimization Remark Emitter #3
   0.0000 (  0.0%)   0.0000 (  0.0%)   0.0000 (  0.0%)   0.0000 (  0.0%)  WarnMissedTransformationsPass
   0.0000 (  0.0%)   0.0000 (  0.0%)   0.0000 (  0.0%)   0.0000 (  0.0%)  DeadArgumentEliminationPass
   0.0000 (  0.0%)   0.0000 (  0.0%)   0.0000 (  0.0%)   0.0000 (  0.0%)  Optimization Remark Emitter
   0.0000 (  0.0%)   0.0000 (  0.0%)   0.0000 (  0.0%)   0.0000 (  0.0%)  Dominator Tree Construction #7
   0.0000 (  0.0%)   0.0000 (  0.1%)   0.0000 (  0.0%)   0.0000 (  0.0%)  Lazy Machine Block Frequency Analysis #5
   0.0000 (  0.0%)   0.0000 (  0.0%)   0.0000 (  0.0%)   0.0000 (  0.0%)  Basic Alias Analysis (stateless AA impl) #4
   0.0000 (  0.0%)   0.0000 (  0.0%)   0.0000 (  0.0%)   0.0000 (  0.0%)  Register Usage Information Propagation
   0.0000 (  0.0%)   0.0000 (  0.0%)   0.0000 (  0.0%)   0.0000 (  0.0%)  AMDGPU Mark Last Scratch Load
   0.0000 (  0.0%)   0.0000 (  0.0%)   0.0000 (  0.0%)   0.0000 (  0.0%)  Lazy Branch Probability Analysis #4
   0.0000 (  0.0%)   0.0000 (  0.1%)   0.0000 (  0.0%)   0.0000 (  0.0%)  AMDGPU Prepare AGPR Alloc
   0.0000 (  0.0%)   0.0000 (  0.0%)   0.0000 (  0.0%)   0.0000 (  0.0%)  Machine Sanitizer Binary Metadata
   0.0000 (  0.0%)   0.0000 (  0.0%)   0.0000 (  0.0%)   0.0000 (  0.0%)  AMDGPU Lower VGPR Encoding
   0.0000 (  0.0%)   0.0000 (  0.0%)   0.0000 (  0.0%)   0.0000 (  0.0%)  Lazy Branch Probability Analysis
   0.0000 (  0.0%)   0.0000 (  0.0%)   0.0000 (  0.0%)   0.0000 (  0.0%)  AMDGPU Preload Kernel Arguments Prolog
   0.0000 (  0.0%)   0.0000 (  0.0%)   0.0000 (  0.0%)   0.0000 (  0.0%)  MoveAutoInitPass
   0.0000 (  0.0%)   0.0000 (  0.0%)   0.0000 (  0.0%)   0.0000 (  0.0%)  Safe Stack instrumentation pass
   0.0000 (  0.0%)   0.0000 (  0.0%)   0.0000 (  0.0%)   0.0000 (  0.0%)  CoroSplitPass
   0.0000 (  0.0%)   0.0000 (  0.0%)   0.0000 (  0.0%)   0.0000 (  0.0%)  Lazy Machine Block Frequency Analysis #3
   0.0000 (  0.0%)   0.0000 (  0.0%)   0.0000 (  0.0%)   0.0000 (  0.0%)  Lower invoke and unwind, for unwindless code generators
   0.0000 (  0.0%)   0.0000 (  0.0%)   0.0000 (  0.0%)   0.0000 (  0.0%)  Lazy Machine Block Frequency Analysis #4
   0.0000 (  0.0%)   0.0000 (  0.0%)   0.0000 (  0.0%)   0.0000 (  0.0%)  AMDGPU Preload Kernel Arguments
   0.0000 (  0.0%)   0.0000 (  0.0%)   0.0000 (  0.0%)   0.0000 (  0.0%)  Lazy Block Frequency Analysis #3
   0.0000 (  0.0%)   0.0000 (  0.0%)   0.0000 (  0.0%)   0.0000 (  0.0%)  Lazy Block Frequency Analysis #4
   0.0000 (  0.0%)   0.0000 (  0.0%)   0.0000 (  0.0%)   0.0000 (  0.0%)  Unnamed pass: implement Pass::getPassName()
   0.0000 (  0.0%)   0.0000 (  0.0%)   0.0000 (  0.0%)   0.0000 (  0.0%)  Lazy Block Frequency Analysis
   0.0000 (  0.0%)   0.0000 (  0.0%)   0.0000 (  0.0%)   0.0000 (  0.0%)  Lazy Branch Probability Analysis #3
   0.0000 (  0.0%)   0.0000 (  0.0%)   0.0000 (  0.0%)   0.0000 (  0.0%)  Machine Optimization Remark Emitter #3
   0.0000 (  0.0%)   0.0000 (  0.0%)   0.0000 (  0.0%)   0.0000 (  0.0%)  CrossDSOCFIPass
   0.0000 (  0.0%)   0.0000 (  0.0%)   0.0000 (  0.0%)   0.0000 (  0.0%)  AlignmentFromAssumptionsPass
   0.0000 (  0.0%)   0.0000 (  0.0%)   0.0000 (  0.0%)   0.0000 (  0.0%)  MergedLoadStoreMotionPass
   0.0000 (  0.0%)   0.0000 (  0.0%)   0.0000 (  0.0%)   0.0000 (  0.0%)  Natural Loop Information #6
   0.0000 (  0.0%)   0.0000 (  0.0%)   0.0000 (  0.0%)   0.0000 (  0.0%)  AllocTokenPass
   0.0000 (  0.0%)   0.0000 (  0.0%)   0.0000 (  0.0%)   0.0000 (  0.0%)  MemProfRemoveInfo
   0.0000 (  0.0%)   0.0000 (  0.0%)   0.0000 (  0.0%)   0.0000 (  0.0%)  KernelInfoPrinter
   0.0000 (  0.0%)   0.0000 (  0.0%)   0.0000 (  0.0%)   0.0000 (  0.0%)  CoroEarlyPass
   0.0000 (  0.0%)   0.0000 (  0.0%)   0.0000 (  0.0%)   0.0000 (  0.0%)  LoopSinkPass
   0.0000 (  0.0%)   0.0000 (  0.0%)   0.0000 (  0.0%)   0.0000 (  0.0%)  OpenMPOptCGSCCPass
   0.0000 (  0.0%)   0.0000 (  0.0%)   0.0000 (  0.0%)   0.0000 (  0.0%)  Pre-ISel Intrinsic Lowering
   0.0000 (  0.0%)   0.0000 (  0.0%)   0.0000 (  0.0%)   0.0000 (  0.0%)  CoroCleanupPass
   0.0000 (  0.0%)   0.0000 (  0.0%)   0.0000 (  0.0%)   0.0000 (  0.0%)  Lower ctors and dtors for AMDGPU
   0.0000 (  0.0%)   0.0000 (  0.0%)   0.0000 (  0.0%)   0.0000 (  0.0%)  AMDGPU Inline All Functions
   0.0000 (  0.0%)   0.0000 (  0.0%)   0.0000 (  0.0%)   0.0000 (  0.0%)  ConstantMergePass
   0.0000 (  0.0%)   0.0000 (  0.0%)   0.0000 (  0.0%)   0.0000 (  0.0%)  AMDGPU Software lowering of LDS
   0.0000 (  0.0%)   0.0000 (  0.0%)   0.0000 (  0.0%)   0.0000 (  0.0%)  RelLookupTableConverterPass
   0.0000 (  0.0%)   0.0000 (  0.0%)   0.0000 (  0.0%)   0.0000 (  0.0%)  AMDGPU lower intrinsics
   0.0000 (  0.0%)   0.0000 (  0.0%)   0.0000 (  0.0%)   0.0000 (  0.0%)  Externalize enqueued block runtime handles
   0.0000 (  0.0%)   0.0000 (  0.0%)   0.0000 (  0.0%)   0.0000 (  0.0%)  GlobalSplitPass
   0.0000 (  0.0%)   0.0000 (  0.0%)   0.0000 (  0.0%)   0.0000 (  0.0%)  ReversePostOrderFunctionAttrsPass
   0.0000 (  0.0%)   0.0000 (  0.0%)   0.0000 (  0.0%)   0.0000 (  0.0%)  AMDGPU Printf lowering
   0.0000 (  0.0%)   0.0000 (  0.0%)   0.0000 (  0.0%)   0.0000 (  0.0%)  EliminateAvailableExternallyPass
   0.0000 (  0.0%)   0.0000 (  0.0%)   0.0000 (  0.0%)   0.0000 (  0.0%)  DropTypeTestsPass
   0.0000 (  0.0%)   0.0000 (  0.0%)   0.0000 (  0.0%)   0.0000 (  0.0%)  AMDGPUSwLowerLDSPass
   0.0202 (100.0%)   0.0066 (100.0%)   0.0268 (100.0%)   0.0269 (100.0%)  Total

===-------------------------------------------------------------------------===
                      Instruction Selection and Scheduling
===-------------------------------------------------------------------------===
  Total Execution Time: 0.0019 seconds (0.0019 wall clock)

   ---User Time---   --System Time--   --User+System--   ---Wall Time---  --- Name ---
   0.0004 ( 20.3%)   0.0001 ( 85.4%)   0.0005 ( 25.8%)   0.0005 ( 25.7%)  Instruction Scheduling
   0.0005 ( 27.4%)   0.0000 (  2.4%)   0.0005 ( 25.3%)   0.0005 ( 25.3%)  Instruction Selection
   0.0003 ( 17.7%)   0.0000 (  2.4%)   0.0003 ( 16.4%)   0.0003 ( 16.5%)  DAG Combining 1
   0.0002 ( 11.5%)   0.0000 (  1.2%)   0.0002 ( 10.7%)   0.0002 ( 10.7%)  DAG Combining 2
   0.0002 ( 10.0%)   0.0000 (  3.7%)   0.0002 (  9.5%)   0.0002 (  9.3%)  DAG Legalization
   0.0002 (  8.6%)   0.0000 (  1.2%)   0.0002 (  8.0%)   0.0002 (  7.9%)  Instruction Creation
   0.0000 (  2.0%)   0.0000 (  1.8%)   0.0000 (  2.0%)   0.0000 (  2.1%)  Type Legalization
   0.0000 (  1.6%)   0.0000 (  1.2%)   0.0000 (  1.6%)   0.0000 (  1.7%)  Vector Legalization
   0.0000 (  0.8%)   0.0000 (  0.6%)   0.0000 (  0.8%)   0.0000 (  0.9%)  Instruction Scheduling Cleanup
   0.0018 (100.0%)   0.0002 (100.0%)   0.0019 (100.0%)   0.0019 (100.0%)  Total

===-------------------------------------------------------------------------===
                              Register Allocation
===-------------------------------------------------------------------------===
  Total Execution Time: 0.0000 seconds (0.0000 wall clock)

   ---User Time---   --User+System--   ---Wall Time---  --- Name ---
   0.0000 (100.0%)   0.0000 (100.0%)   0.0000 (100.0%)  Seed Live Regs
   0.0000 (100.0%)   0.0000 (100.0%)   0.0000 (100.0%)  Total

===-------------------------------------------------------------------------===
                        Analysis execution timing report
===-------------------------------------------------------------------------===
  Total Execution Time: 0.0017 seconds (0.0017 wall clock)

   ---User Time---   --System Time--   --User+System--   ---Wall Time---  --- Name ---
   0.0010 ( 61.8%)   0.0000 (  8.3%)   0.0010 ( 56.2%)   0.0010 ( 56.3%)  TargetIRAnalysis
   0.0001 (  9.2%)   0.0001 ( 35.6%)   0.0002 ( 11.9%)   0.0002 ( 11.9%)  VerifierAnalysis
   0.0001 (  7.3%)   0.0000 ( 14.4%)   0.0001 (  8.0%)   0.0001 (  7.9%)  UniformityInfoAnalysis
   0.0001 (  5.0%)   0.0000 (  7.8%)   0.0001 (  5.3%)   0.0001 (  5.1%)  MemorySSAAnalysis
   0.0000 (  2.9%)   0.0000 (  4.4%)   0.0001 (  3.0%)   0.0001 (  3.3%)  AAManager
   0.0000 (  1.7%)   0.0000 (  6.7%)   0.0000 (  2.2%)   0.0000 (  2.2%)  LazyCallGraphAnalysis
   0.0000 (  1.5%)   0.0000 (  2.2%)   0.0000 (  1.6%)   0.0000 (  1.7%)  DominatorTreeAnalysis
   0.0000 (  1.3%)   0.0000 (  1.1%)   0.0000 (  1.3%)   0.0000 (  1.5%)  ScalarEvolutionAnalysis
   0.0000 (  0.9%)   0.0000 (  2.2%)   0.0000 (  1.0%)   0.0000 (  1.0%)  CycleAnalysis
   0.0000 (  1.2%)   0.0000 (  1.7%)   0.0000 (  1.3%)   0.0000 (  1.0%)  BasicAA
   0.0000 (  0.5%)   0.0000 (  1.1%)   0.0000 (  0.6%)   0.0000 (  0.8%)  TargetLibraryAnalysis
   0.0000 (  0.8%)   0.0000 (  0.6%)   0.0000 (  0.8%)   0.0000 (  0.8%)  AssumptionAnalysis
   0.0000 (  0.5%)   0.0000 (  1.7%)   0.0000 (  0.6%)   0.0000 (  0.8%)  FunctionAnalysisManagerCGSCCProxy
   0.0000 (  0.7%)   0.0000 (  1.1%)   0.0000 (  0.7%)   0.0000 (  0.7%)  LoopAnalysis
   0.0000 (  0.7%)   0.0000 (  0.0%)   0.0000 (  0.6%)   0.0000 (  0.7%)  GlobalsAA
   0.0000 (  0.4%)   0.0000 (  1.7%)   0.0000 (  0.5%)   0.0000 (  0.5%)  PostDominatorTreeAnalysis
   0.0000 (  0.4%)   0.0000 (  0.0%)   0.0000 (  0.4%)   0.0000 (  0.4%)  CallGraphAnalysis
   0.0000 (  0.4%)   0.0000 (  0.6%)   0.0000 (  0.5%)   0.0000 (  0.4%)  LastRunTrackingAnalysis
   0.0000 (  0.3%)   0.0000 (  0.6%)   0.0000 (  0.3%)   0.0000 (  0.4%)  DemandedBitsAnalysis
   0.0000 (  0.3%)   0.0000 (  1.7%)   0.0000 (  0.4%)   0.0000 (  0.3%)  InnerAnalysisManagerProxy<CGSCCAnalysisManager, Module>
   0.0000 (  0.4%)   0.0000 (  1.7%)   0.0000 (  0.5%)   0.0000 (  0.3%)  OuterAnalysisManagerProxy<ModuleAnalysisManager, LazyCallGraph::SCC, LazyCallGraph &>
   0.0000 (  0.3%)   0.0000 (  1.1%)   0.0000 (  0.4%)   0.0000 (  0.3%)  TypeBasedAA
   0.0000 (  0.3%)   0.0000 (  1.1%)   0.0000 (  0.3%)   0.0000 (  0.3%)  OptimizationRemarkEmitterAnalysis
   0.0000 (  0.3%)   0.0000 (  0.6%)   0.0000 (  0.3%)   0.0000 (  0.3%)  AMDGPUAA
   0.0000 (  0.2%)   0.0000 (  1.1%)   0.0000 (  0.3%)   0.0000 (  0.2%)  ScopedNoAliasAA
   0.0000 (  0.1%)   0.0000 (  0.0%)   0.0000 (  0.1%)   0.0000 (  0.2%)  OuterAnalysisManagerProxy<ModuleAnalysisManager, Function>
   0.0000 (  0.2%)   0.0000 (  0.0%)   0.0000 (  0.2%)   0.0000 (  0.2%)  InnerAnalysisManagerProxy<FunctionAnalysisManager, Module>
   0.0000 (  0.2%)   0.0000 (  0.0%)   0.0000 (  0.2%)   0.0000 (  0.2%)  LoopAccessAnalysis
   0.0000 (  0.1%)   0.0000 (  0.6%)   0.0000 (  0.2%)   0.0000 (  0.2%)  MemoryDependenceAnalysis
   0.0000 (  0.1%)   0.0000 (  0.0%)   0.0000 (  0.1%)   0.0000 (  0.1%)  InnerAnalysisManagerProxy<LoopAnalysisManager, Function>
   0.0000 (  0.1%)   0.0000 (  0.6%)   0.0000 (  0.1%)   0.0000 (  0.1%)  ProfileSummaryAnalysis
   0.0000 (  0.0%)   0.0000 (  0.0%)   0.0000 (  0.0%)   0.0000 (  0.0%)  InlineAdvisorAnalysis
   0.0016 (100.0%)   0.0002 (100.0%)   0.0017 (100.0%)   0.0017 (100.0%)  Total

/root/polybenchGpu/HIP/GEMM/gemm.hip.cpp:118:2: warning: ignoring return value of type 'hipError_t' declared with 'nodiscard' attribute [-Wunused-value]
  118 |         hipGetDeviceProperties(&deviceProp, GPU_DEVICE);
      |         ^~~~~~~~~~~~~~~~~~~~~~~~~~~~~~~~~~~~~~~~~~~~~~~
/opt/rocm-7.0.2/include/hip/hip_runtime_api.h:102:32: note: expanded from macro 'hipGetDeviceProperties'
  102 | #define hipGetDeviceProperties hipGetDevicePropertiesR0600
      |                                ^
/root/polybenchGpu/HIP/GEMM/gemm.hip.cpp:120:2: warning: ignoring return value of type 'hipError_t' declared with 'nodiscard' attribute [-Wunused-value]
  120 |         hipSetDevice( GPU_DEVICE );
      |         ^~~~~~~~~~~~~~~~~~~~~~~~~~
/root/polybenchGpu/HIP/GEMM/gemm.hip.cpp:148:2: warning: ignoring return value of type 'hipError_t' declared with 'nodiscard' attribute [-Wunused-value]
  148 |         hipMalloc((void **)&A_gpu, sizeof(DATA_TYPE) * NI * NK);
      |         ^~~~~~~~~~~~~~~~~~~~~~~~~~~~~~~~~~~~~~~~~~~~~~~~~~~~~~~
/root/polybenchGpu/HIP/GEMM/gemm.hip.cpp:149:2: warning: ignoring return value of type 'hipError_t' declared with 'nodiscard' attribute [-Wunused-value]
  149 |         hipMalloc((void **)&B_gpu, sizeof(DATA_TYPE) * NK * NJ);
      |         ^~~~~~~~~~~~~~~~~~~~~~~~~~~~~~~~~~~~~~~~~~~~~~~~~~~~~~~
/root/polybenchGpu/HIP/GEMM/gemm.hip.cpp:150:2: warning: ignoring return value of type 'hipError_t' declared with 'nodiscard' attribute [-Wunused-value]
  150 |         hipMalloc((void **)&C_gpu, sizeof(DATA_TYPE) * NI * NJ);
      |         ^~~~~~~~~~~~~~~~~~~~~~~~~~~~~~~~~~~~~~~~~~~~~~~~~~~~~~~
/root/polybenchGpu/HIP/GEMM/gemm.hip.cpp:152:2: warning: ignoring return value of type 'hipError_t' declared with 'nodiscard' attribute [-Wunused-value]
  152 |         hipMemcpy(A_gpu, A, sizeof(DATA_TYPE) * NI * NK, hipMemcpyHostToDevice);
      |         ^~~~~~~~~~~~~~~~~~~~~~~~~~~~~~~~~~~~~~~~~~~~~~~~~~~~~~~~~~~~~~~~~~~~~~~
/root/polybenchGpu/HIP/GEMM/gemm.hip.cpp:153:2: warning: ignoring return value of type 'hipError_t' declared with 'nodiscard' attribute [-Wunused-value]
  153 |         hipMemcpy(B_gpu, B, sizeof(DATA_TYPE) * NK * NJ, hipMemcpyHostToDevice);
      |         ^~~~~~~~~~~~~~~~~~~~~~~~~~~~~~~~~~~~~~~~~~~~~~~~~~~~~~~~~~~~~~~~~~~~~~~
/root/polybenchGpu/HIP/GEMM/gemm.hip.cpp:154:2: warning: ignoring return value of type 'hipError_t' declared with 'nodiscard' attribute [-Wunused-value]
  154 |         hipMemcpy(C_gpu, C, sizeof(DATA_TYPE) * NI * NJ, hipMemcpyHostToDevice);
      |         ^~~~~~~~~~~~~~~~~~~~~~~~~~~~~~~~~~~~~~~~~~~~~~~~~~~~~~~~~~~~~~~~~~~~~~~
/root/polybenchGpu/HIP/GEMM/gemm.hip.cpp:163:2: warning: ignoring return value of type 'hipError_t' declared with 'nodiscard' attribute [-Wunused-value]
  163 |         hipDeviceSynchronize();
      |         ^~~~~~~~~~~~~~~~~~~~~~
/root/polybenchGpu/HIP/GEMM/gemm.hip.cpp:170:2: warning: ignoring return value of type 'hipError_t' declared with 'nodiscard' attribute [-Wunused-value]
  170 |         hipMemcpy(C_outputFromGpu, C_gpu, sizeof(DATA_TYPE) * NI * NJ, hipMemcpyDeviceToHost);    
      |         ^~~~~~~~~~~~~~~~~~~~~~~~~~~~~~~~~~~~~~~~~~~~~~~~~~~~~~~~~~~~~~~~~~~~~~~~~~~~~~~~~~~~~
/root/polybenchGpu/HIP/GEMM/gemm.hip.cpp:172:2: warning: ignoring return value of type 'hipError_t' declared with 'nodiscard' attribute [-Wunused-value]
  172 |         hipFree(A_gpu);
      |         ^~~~~~~~~~~~~~
/root/polybenchGpu/HIP/GEMM/gemm.hip.cpp:173:2: warning: ignoring return value of type 'hipError_t' declared with 'nodiscard' attribute [-Wunused-value]
  173 |         hipFree(B_gpu);
      |         ^~~~~~~~~~~~~~
/root/polybenchGpu/HIP/GEMM/gemm.hip.cpp:174:2: warning: ignoring return value of type 'hipError_t' declared with 'nodiscard' attribute [-Wunused-value]
  174 |         hipFree(C_gpu);
      |         ^~~~~~~~~~~~~~
13 warnings generated when compiling for host.
===-------------------------------------------------------------------------===
                              Register Allocation
===-------------------------------------------------------------------------===
  Total Execution Time: 0.0006 seconds (0.0006 wall clock)

   ---User Time---   --System Time--   --User+System--   ---Wall Time---  --- Name ---
   0.0003 ( 54.1%)   0.0000 (  0.0%)   0.0003 ( 53.1%)   0.0003 ( 53.2%)  Global Splitting
   0.0001 ( 18.0%)   0.0000 (  0.0%)   0.0001 ( 17.7%)   0.0001 ( 17.2%)  Evict
   0.0001 ( 17.0%)   0.0000 (  0.0%)   0.0001 ( 16.7%)   0.0001 ( 16.6%)  Spiller
   0.0001 ( 10.9%)   0.0000 (100.0%)   0.0001 ( 12.4%)   0.0001 ( 12.9%)  Seed Live Regs
   0.0006 (100.0%)   0.0000 (100.0%)   0.0006 (100.0%)   0.0006 (100.0%)  Total

===-------------------------------------------------------------------------===
                      Instruction Selection and Scheduling
===-------------------------------------------------------------------------===
  Total Execution Time: 0.0119 seconds (0.0119 wall clock)

   ---User Time---   --System Time--   --User+System--   ---Wall Time---  --- Name ---
   0.0016 ( 16.1%)   0.0004 ( 20.1%)   0.0020 ( 16.8%)   0.0020 ( 16.8%)  DAG Combining 1
   0.0016 ( 15.9%)   0.0004 ( 18.9%)   0.0020 ( 16.4%)   0.0020 ( 16.5%)  Instruction Selection
   0.0015 ( 15.6%)   0.0003 ( 12.6%)   0.0018 ( 15.1%)   0.0018 ( 15.1%)  DAG Combining 2
   0.0009 (  8.8%)   0.0002 ( 11.0%)   0.0011 (  9.2%)   0.0011 (  9.2%)  DAG Legalization
   0.0009 (  9.1%)   0.0002 (  8.5%)   0.0011 (  8.9%)   0.0011 (  9.0%)  Instruction Scheduling
   0.0008 (  8.4%)   0.0001 (  7.1%)   0.0010 (  8.2%)   0.0010 (  8.2%)  Instruction Creation
   0.0008 (  8.4%)   0.0002 (  7.9%)   0.0010 (  8.3%)   0.0010 (  8.1%)  Type Legalization
   0.0008 (  7.7%)   0.0001 (  5.9%)   0.0009 (  7.4%)   0.0009 (  7.4%)  DAG Combining after legalize types
   0.0007 (  6.7%)   0.0001 (  4.4%)   0.0007 (  6.3%)   0.0007 (  6.3%)  DAG Combining after legalize vectors
   0.0002 (  2.2%)   0.0001 (  2.4%)   0.0003 (  2.3%)   0.0003 (  2.3%)  Vector Legalization
   0.0001 (  0.9%)   0.0000 (  1.1%)   0.0001 (  0.9%)   0.0001 (  0.8%)  Instruction Scheduling Cleanup
   0.0000 (  0.2%)   0.0000 (  0.1%)   0.0000 (  0.2%)   0.0000 (  0.2%)  Type Legalization 2
   0.0098 (100.0%)   0.0021 (100.0%)   0.0119 (100.0%)   0.0119 (100.0%)  Total

===-------------------------------------------------------------------------===
                        Analysis execution timing report
===-------------------------------------------------------------------------===
  Total Execution Time: 0.0028 seconds (0.0028 wall clock)

   ---User Time---   --System Time--   --User+System--   ---Wall Time---  --- Name ---
   0.0006 ( 22.0%)   0.0000 (  0.0%)   0.0006 ( 20.1%)   0.0006 ( 20.2%)  TargetIRAnalysis
   0.0004 ( 16.8%)   0.0000 (  0.0%)   0.0004 ( 15.3%)   0.0004 ( 15.4%)  VerifierAnalysis
   0.0003 ( 13.7%)   0.0000 ( 15.0%)   0.0004 ( 13.8%)   0.0004 ( 13.9%)  MemorySSAAnalysis
   0.0002 (  6.0%)   0.0000 ( 13.0%)   0.0002 (  6.6%)   0.0002 (  6.5%)  AAManager
   0.0001 (  4.4%)   0.0000 (  7.7%)   0.0001 (  4.7%)   0.0001 (  4.9%)  DominatorTreeAnalysis
   0.0001 (  4.6%)   0.0000 (  7.7%)   0.0001 (  4.9%)   0.0001 (  4.6%)  BlockFrequencyAnalysis
   0.0001 (  4.2%)   0.0000 (  4.5%)   0.0001 (  4.3%)   0.0001 (  4.2%)  ScalarEvolutionAnalysis
   0.0001 (  3.9%)   0.0000 (  3.7%)   0.0001 (  3.8%)   0.0001 (  3.9%)  LoopAnalysis
   0.0001 (  3.6%)   0.0000 (  8.5%)   0.0001 (  4.0%)   0.0001 (  3.7%)  BranchProbabilityAnalysis
   0.0001 (  3.0%)   0.0000 (  6.5%)   0.0001 (  3.3%)   0.0001 (  3.4%)  PostDominatorTreeAnalysis
   0.0000 (  1.8%)   0.0000 (  6.1%)   0.0001 (  2.2%)   0.0001 (  2.6%)  BasicAA
   0.0001 (  2.0%)   0.0000 (  5.3%)   0.0001 (  2.3%)   0.0001 (  2.1%)  CycleAnalysis
   0.0001 (  2.0%)   0.0000 (  0.0%)   0.0001 (  1.8%)   0.0001 (  1.9%)  CallGraphAnalysis
   0.0000 (  1.5%)   0.0000 (  2.4%)   0.0000 (  1.6%)   0.0000 (  1.5%)  LastRunTrackingAnalysis
   0.0000 (  1.6%)   0.0000 (  0.0%)   0.0000 (  1.4%)   0.0000 (  1.4%)  TargetLibraryAnalysis
   0.0000 (  1.5%)   0.0000 (  0.0%)   0.0000 (  1.3%)   0.0000 (  1.3%)  GlobalsAA
   0.0000 (  0.7%)   0.0000 (  4.5%)   0.0000 (  1.0%)   0.0000 (  1.0%)  FunctionAnalysisManagerCGSCCProxy
   0.0000 (  0.7%)   0.0000 (  3.7%)   0.0000 (  1.0%)   0.0000 (  0.9%)  LazyValueAnalysis
   0.0000 (  0.7%)   0.0000 (  1.6%)   0.0000 (  0.8%)   0.0000 (  0.9%)  DemandedBitsAnalysis
   0.0000 (  0.7%)   0.0000 (  1.6%)   0.0000 (  0.8%)   0.0000 (  0.7%)  EphemeralValuesAnalysis
   0.0000 (  0.4%)   0.0000 (  2.8%)   0.0000 (  0.6%)   0.0000 (  0.5%)  MemoryDependenceAnalysis
   0.0000 (  0.5%)   0.0000 (  0.0%)   0.0000 (  0.4%)   0.0000 (  0.5%)  LoopAccessAnalysis
   0.0000 (  0.3%)   0.0000 (  1.2%)   0.0000 (  0.4%)   0.0000 (  0.5%)  UniformityInfoAnalysis
   0.0000 (  0.4%)   0.0000 (  0.4%)   0.0000 (  0.4%)   0.0000 (  0.5%)  InnerAnalysisManagerProxy<LoopAnalysisManager, Function>
   0.0000 (  0.5%)   0.0000 (  0.0%)   0.0000 (  0.4%)   0.0000 (  0.4%)  LazyCallGraphAnalysis
   0.0000 (  0.4%)   0.0000 (  1.6%)   0.0000 (  0.5%)   0.0000 (  0.4%)  OuterAnalysisManagerProxy<ModuleAnalysisManager, LazyCallGraph::SCC, LazyCallGraph &>
   0.0000 (  0.2%)   0.0000 (  0.0%)   0.0000 (  0.2%)   0.0000 (  0.4%)  AssumptionAnalysis
   0.0000 (  0.2%)   0.0000 (  0.0%)   0.0000 (  0.1%)   0.0000 (  0.4%)  TypeBasedAA
   0.0000 (  0.4%)   0.0000 (  0.0%)   0.0000 (  0.4%)   0.0000 (  0.4%)  OptimizationRemarkEmitterAnalysis
   0.0000 (  0.2%)   0.0000 (  0.0%)   0.0000 (  0.2%)   0.0000 (  0.3%)  OuterAnalysisManagerProxy<ModuleAnalysisManager, Function>
   0.0000 (  0.3%)   0.0000 (  1.6%)   0.0000 (  0.4%)   0.0000 (  0.3%)  ShouldNotRunFunctionPassesAnalysis
   0.0000 (  0.2%)   0.0000 (  0.0%)   0.0000 (  0.2%)   0.0000 (  0.3%)  ShouldRunExtraVectorPasses
   0.0000 (  0.5%)   0.0000 (  0.0%)   0.0000 (  0.4%)   0.0000 (  0.3%)  ScopedNoAliasAA
   0.0000 (  0.0%)   0.0000 (  0.0%)   0.0000 (  0.0%)   0.0000 (  0.1%)  InnerAnalysisManagerProxy<CGSCCAnalysisManager, Module>
   0.0000 (  0.0%)   0.0000 (  0.4%)   0.0000 (  0.0%)   0.0000 (  0.1%)  ShouldRunExtraSimpleLoopUnswitch
   0.0000 (  0.1%)   0.0000 (  0.0%)   0.0000 (  0.1%)   0.0000 (  0.0%)  InnerAnalysisManagerProxy<FunctionAnalysisManager, Module>
   0.0000 (  0.0%)   0.0000 (  0.0%)   0.0000 (  0.0%)   0.0000 (  0.0%)  ProfileSummaryAnalysis
   0.0000 (  0.0%)   0.0000 (  0.0%)   0.0000 (  0.0%)   0.0000 (  0.0%)  InlineAdvisorAnalysis
   0.0025 (100.0%)   0.0002 (100.0%)   0.0028 (100.0%)   0.0028 (100.0%)  Total

===-------------------------------------------------------------------------===
                          Pass execution timing report
===-------------------------------------------------------------------------===
  Total Execution Time: 0.0855 seconds (0.0856 wall clock)

   ---User Time---   --System Time--   --User+System--   ---Wall Time---  --- Name ---
   0.0123 ( 16.8%)   0.0026 ( 20.8%)   0.0149 ( 17.4%)   0.0149 ( 17.4%)  X86 DAG->DAG Instruction Selection
   0.0073 ( 10.0%)   0.0000 (  0.0%)   0.0073 (  8.5%)   0.0073 (  8.5%)  LoopVectorizePass
   0.0066 (  9.0%)   0.0004 (  3.4%)   0.0070 (  8.2%)   0.0070 (  8.2%)  InstCombinePass
   0.0037 (  5.1%)   0.0010 (  8.3%)   0.0048 (  5.6%)   0.0048 (  5.6%)  Loop Strength Reduction
   0.0022 (  3.0%)   0.0005 (  3.8%)   0.0027 (  3.1%)   0.0027 (  3.1%)  IndVarSimplifyPass
   0.0023 (  3.2%)   0.0000 (  0.0%)   0.0023 (  2.7%)   0.0023 (  2.7%)  LoopUnrollPass
   0.0019 (  2.6%)   0.0003 (  2.4%)   0.0022 (  2.6%)   0.0022 (  2.6%)  Machine Instruction Scheduler
   0.0020 (  2.7%)   0.0000 (  0.1%)   0.0020 (  2.3%)   0.0020 (  2.3%)  SLPVectorizerPass
   0.0018 (  2.5%)   0.0000 (  0.4%)   0.0018 (  2.2%)   0.0019 (  2.2%)  SimplifyCFGPass
   0.0015 (  2.1%)   0.0001 (  1.0%)   0.0017 (  1.9%)   0.0017 (  1.9%)  Greedy Register Allocator #2
   0.0014 (  1.9%)   0.0002 (  1.4%)   0.0016 (  1.8%)   0.0016 (  1.8%)  InlinerPass
   0.0008 (  1.1%)   0.0003 (  2.4%)   0.0011 (  1.3%)   0.0011 (  1.3%)  Induction Variable Users
   0.0009 (  1.2%)   0.0002 (  1.2%)   0.0010 (  1.2%)   0.0010 (  1.2%)  Two-Address instruction pass
   0.0007 (  1.0%)   0.0003 (  2.3%)   0.0010 (  1.2%)   0.0010 (  1.2%)  GVNPass
   0.0008 (  1.1%)   0.0002 (  1.7%)   0.0010 (  1.2%)   0.0010 (  1.2%)  Register Coalescer
   0.0009 (  1.2%)   0.0000 (  0.0%)   0.0009 (  1.1%)   0.0009 (  1.1%)  LoopLoadEliminationPass
   0.0008 (  1.1%)   0.0001 (  0.7%)   0.0009 (  1.1%)   0.0009 (  1.1%)  EarlyCSEPass
   0.0008 (  1.0%)   0.0001 (  1.2%)   0.0009 (  1.0%)   0.0009 (  1.0%)  Live Variable Analysis
   0.0006 (  0.9%)   0.0002 (  1.7%)   0.0008 (  1.0%)   0.0009 (  1.0%)  Machine Module Information
   0.0008 (  1.1%)   0.0000 (  0.1%)   0.0008 (  0.9%)   0.0008 (  0.9%)  LICMPass
   0.0008 (  1.0%)   0.0000 (  0.2%)   0.0008 (  0.9%)   0.0008 (  0.9%)  SROAPass
   0.0006 (  0.8%)   0.0002 (  1.3%)   0.0008 (  0.9%)   0.0008 (  0.9%)  X86 Assembly Printer
   0.0006 (  0.8%)   0.0001 (  1.2%)   0.0007 (  0.8%)   0.0007 (  0.8%)  Machine Common Subexpression Elimination
   0.0006 (  0.8%)   0.0001 (  1.1%)   0.0007 (  0.8%)   0.0007 (  0.8%)  Canonicalize Freeze Instructions in Loops
   0.0006 (  0.8%)   0.0002 (  1.5%)   0.0007 (  0.9%)   0.0007 (  0.8%)  Dominator Tree Construction #3
   0.0005 (  0.7%)   0.0002 (  1.3%)   0.0006 (  0.7%)   0.0007 (  0.8%)  Function Alias Analysis Results #2
   0.0005 (  0.6%)   0.0002 (  1.2%)   0.0006 (  0.7%)   0.0006 (  0.7%)  Basic Alias Analysis (stateless AA impl) #3
   0.0005 (  0.7%)   0.0001 (  1.0%)   0.0006 (  0.7%)   0.0006 (  0.7%)  Live Interval Analysis
   0.0006 (  0.8%)   0.0000 (  0.2%)   0.0006 (  0.7%)   0.0006 (  0.7%)  LoopDeletionPass
   0.0005 (  0.7%)   0.0000 (  0.4%)   0.0006 (  0.7%)   0.0006 (  0.7%)  CorrelatedValuePropagationPass
   0.0005 (  0.7%)   0.0001 (  0.5%)   0.0005 (  0.6%)   0.0005 (  0.6%)  SCCPPass
   0.0005 (  0.7%)   0.0000 (  0.0%)   0.0005 (  0.6%)   0.0005 (  0.6%)  SimpleLoopUnswitchPass
   0.0004 (  0.6%)   0.0001 (  1.0%)   0.0005 (  0.6%)   0.0005 (  0.6%)  CodeGen Prepare
   0.0004 (  0.5%)   0.0002 (  1.3%)   0.0005 (  0.6%)   0.0005 (  0.6%)  LoopIdiomRecognizePass
   0.0004 (  0.6%)   0.0001 (  0.6%)   0.0005 (  0.6%)   0.0005 (  0.6%)  Unnamed pass: implement Pass::getPassName()
   0.0005 (  0.6%)   0.0000 (  0.4%)   0.0005 (  0.6%)   0.0005 (  0.6%)  DSEPass
   0.0003 (  0.3%)   0.0003 (  2.0%)   0.0005 (  0.6%)   0.0005 (  0.6%)  Reaching Definitions Analysis
   0.0004 (  0.5%)   0.0001 (  1.1%)   0.0005 (  0.6%)   0.0005 (  0.6%)  PostOrderFunctionAttrsPass
   0.0004 (  0.6%)   0.0000 (  0.1%)   0.0004 (  0.5%)   0.0004 (  0.5%)  LoopRotatePass
   0.0004 (  0.6%)   0.0000 (  0.0%)   0.0004 (  0.5%)   0.0004 (  0.5%)  VerifierPass
   0.0004 (  0.5%)   0.0001 (  0.5%)   0.0004 (  0.5%)   0.0004 (  0.5%)  JumpThreadingPass
   0.0004 (  0.6%)   0.0000 (  0.0%)   0.0004 (  0.5%)   0.0004 (  0.5%)  IPSCCPPass
   0.0003 (  0.4%)   0.0001 (  0.8%)   0.0004 (  0.5%)   0.0004 (  0.5%)  Machine code sinking
   0.0003 (  0.5%)   0.0001 (  0.4%)   0.0004 (  0.5%)   0.0004 (  0.5%)  ConstraintEliminationPass
   0.0003 (  0.4%)   0.0001 (  0.6%)   0.0004 (  0.4%)   0.0004 (  0.4%)  Unnamed pass: implement Pass::getPassName() #2
   0.0002 (  0.3%)   0.0001 (  1.1%)   0.0004 (  0.4%)   0.0004 (  0.4%)  Machine Copy Propagation Pass
   0.0003 (  0.4%)   0.0001 (  0.8%)   0.0004 (  0.4%)   0.0004 (  0.4%)  Early Machine Loop Invariant Code Motion
   0.0003 (  0.4%)   0.0000 (  0.3%)   0.0003 (  0.4%)   0.0003 (  0.4%)  LoopSimplifyPass
   0.0002 (  0.3%)   0.0001 (  0.6%)   0.0003 (  0.4%)   0.0003 (  0.4%)  Machine Register Class Info Analysis
   0.0002 (  0.2%)   0.0001 (  1.0%)   0.0003 (  0.4%)   0.0003 (  0.4%)  Branch Probability Basic Block Placement
   0.0002 (  0.3%)   0.0001 (  0.4%)   0.0003 (  0.3%)   0.0003 (  0.3%)  Peephole Optimizations
   0.0002 (  0.3%)   0.0001 (  0.4%)   0.0003 (  0.3%)   0.0003 (  0.3%)  Virtual Register Rewriter
   0.0002 (  0.3%)   0.0001 (  0.5%)   0.0003 (  0.3%)   0.0003 (  0.3%)  Prologue/Epilogue Insertion & Frame Finalization
   0.0002 (  0.2%)   0.0001 (  0.9%)   0.0003 (  0.3%)   0.0003 (  0.3%)  Control Flow Optimizer
   0.0002 (  0.3%)   0.0001 (  0.6%)   0.0003 (  0.3%)   0.0003 (  0.3%)  LoopFullUnrollPass
   0.0002 (  0.3%)   0.0000 (  0.3%)   0.0003 (  0.3%)   0.0002 (  0.3%)  LCSSAPass
   0.0002 (  0.3%)   0.0000 (  0.3%)   0.0002 (  0.3%)   0.0002 (  0.3%)  ReassociatePass
   0.0001 (  0.2%)   0.0001 (  0.8%)   0.0002 (  0.3%)   0.0002 (  0.3%)  Machine Copy Propagation Pass #2
   0.0002 (  0.2%)   0.0000 (  0.3%)   0.0002 (  0.2%)   0.0002 (  0.2%)  Live Range Shrink
   0.0002 (  0.3%)   0.0000 (  0.0%)   0.0002 (  0.2%)   0.0002 (  0.2%)  LoopSimplifyCFGPass
   0.0002 (  0.2%)   0.0000 (  0.2%)   0.0002 (  0.2%)   0.0002 (  0.2%)  BDCEPass
   0.0002 (  0.2%)   0.0000 (  0.3%)   0.0002 (  0.2%)   0.0002 (  0.2%)  ADCEPass
   0.0001 (  0.1%)   0.0001 (  0.8%)   0.0002 (  0.2%)   0.0002 (  0.2%)  X86 Execution Dependency Fix
   0.0002 (  0.2%)   0.0000 (  0.3%)   0.0002 (  0.2%)   0.0002 (  0.2%)  MemCpyOptPass
   0.0002 (  0.3%)   0.0000 (  0.0%)   0.0002 (  0.2%)   0.0002 (  0.2%)  LoopInstSimplifyPass
   0.0002 (  0.3%)   0.0000 (  0.0%)   0.0002 (  0.2%)   0.0002 (  0.2%)  GlobalOptPass
   0.0002 (  0.3%)   0.0000 (  0.0%)   0.0002 (  0.2%)   0.0002 (  0.2%)  InferAlignmentPass
   0.0002 (  0.2%)   0.0000 (  0.0%)   0.0002 (  0.2%)   0.0002 (  0.2%)  InstSimplifyPass
   0.0002 (  0.2%)   0.0000 (  0.2%)   0.0002 (  0.2%)   0.0002 (  0.2%)  TailCallElimPass
   0.0001 (  0.2%)   0.0000 (  0.3%)   0.0002 (  0.2%)   0.0002 (  0.2%)  Slot index numbering #2
   0.0002 (  0.2%)   0.0000 (  0.2%)   0.0002 (  0.2%)   0.0002 (  0.2%)  Merge disjoint stack slots
   0.0002 (  0.2%)   0.0000 (  0.1%)   0.0002 (  0.2%)   0.0002 (  0.2%)  VectorCombinePass
   0.0001 (  0.2%)   0.0000 (  0.3%)   0.0002 (  0.2%)   0.0002 (  0.2%)  Remove dead machine instructions
   0.0001 (  0.1%)   0.0001 (  0.5%)   0.0002 (  0.2%)   0.0002 (  0.2%)  X86 Byte/Word Instruction Fixup
   0.0001 (  0.2%)   0.0000 (  0.3%)   0.0002 (  0.2%)   0.0002 (  0.2%)  Natural Loop Information
   0.0001 (  0.1%)   0.0001 (  0.5%)   0.0002 (  0.2%)   0.0002 (  0.2%)  Machine Late Instructions Cleanup Pass
   0.0001 (  0.2%)   0.0000 (  0.3%)   0.0002 (  0.2%)   0.0002 (  0.2%)  Machine Natural Loop Construction #3
   0.0001 (  0.1%)   0.0000 (  0.3%)   0.0001 (  0.2%)   0.0001 (  0.2%)  Eliminate PHI nodes for register allocation
   0.0001 (  0.1%)   0.0001 (  0.4%)   0.0001 (  0.2%)   0.0001 (  0.2%)  Scalar Evolution Analysis
   0.0001 (  0.2%)   0.0000 (  0.1%)   0.0001 (  0.2%)   0.0001 (  0.2%)  Greedy Register Allocator
   0.0001 (  0.1%)   0.0000 (  0.3%)   0.0001 (  0.1%)   0.0001 (  0.1%)  Dominator Tree Construction #2
   0.0001 (  0.1%)   0.0001 (  0.4%)   0.0001 (  0.1%)   0.0001 (  0.1%)  Constant Hoisting
   0.0001 (  0.1%)   0.0000 (  0.3%)   0.0001 (  0.2%)   0.0001 (  0.1%)  MachineDominator Tree Construction #5
   0.0001 (  0.1%)   0.0000 (  0.3%)   0.0001 (  0.1%)   0.0001 (  0.1%)  Shrink Wrapping analysis
   0.0001 (  0.1%)   0.0000 (  0.3%)   0.0001 (  0.1%)   0.0001 (  0.1%)  Machine InstCombiner
   0.0001 (  0.1%)   0.0000 (  0.2%)   0.0001 (  0.1%)   0.0001 (  0.1%)  Machine Block Frequency Analysis #3
   0.0001 (  0.2%)   0.0000 (  0.0%)   0.0001 (  0.1%)   0.0001 (  0.1%)  InferFunctionAttrsPass
   0.0001 (  0.1%)   0.0000 (  0.2%)   0.0001 (  0.1%)   0.0001 (  0.1%)  Remove dead machine instructions #2
   0.0001 (  0.1%)   0.0000 (  0.3%)   0.0001 (  0.1%)   0.0001 (  0.1%)  Finalize ISel and expand pseudo-instructions
   0.0001 (  0.1%)   0.0000 (  0.3%)   0.0001 (  0.1%)   0.0001 (  0.1%)  BreakFalseDeps
   0.0001 (  0.1%)   0.0000 (  0.0%)   0.0001 (  0.1%)   0.0001 (  0.1%)  CalledValuePropagationPass
   0.0001 (  0.1%)   0.0000 (  0.3%)   0.0001 (  0.1%)   0.0001 (  0.1%)  Live DEBUG_VALUE analysis
   0.0001 (  0.1%)   0.0000 (  0.1%)   0.0001 (  0.1%)   0.0001 (  0.1%)  AggressiveInstCombinePass
   0.0001 (  0.1%)   0.0000 (  0.0%)   0.0001 (  0.1%)   0.0001 (  0.1%)  Float2IntPass
   0.0001 (  0.1%)   0.0000 (  0.3%)   0.0001 (  0.1%)   0.0001 (  0.1%)  Block Frequency Analysis
   0.0001 (  0.1%)   0.0000 (  0.2%)   0.0001 (  0.1%)   0.0001 (  0.1%)  Machine Block Frequency Analysis
   0.0001 (  0.1%)   0.0000 (  0.1%)   0.0001 (  0.1%)   0.0001 (  0.1%)  Expand IR instructions
   0.0001 (  0.1%)   0.0000 (  0.2%)   0.0001 (  0.1%)   0.0001 (  0.1%)  Slot index numbering
   0.0001 (  0.1%)   0.0000 (  0.1%)   0.0001 (  0.1%)   0.0001 (  0.1%)  Canonicalize natural loops
   0.0001 (  0.1%)   0.0000 (  0.0%)   0.0001 (  0.1%)   0.0001 (  0.1%)  LoopDistributePass
   0.0000 (  0.1%)   0.0000 (  0.2%)   0.0001 (  0.1%)   0.0001 (  0.1%)  Machine Block Frequency Analysis #4
   0.0001 (  0.1%)   0.0000 (  0.1%)   0.0001 (  0.1%)   0.0001 (  0.1%)  Check CFA info and insert CFI instructions if needed
   0.0001 (  0.1%)   0.0000 (  0.2%)   0.0001 (  0.1%)   0.0001 (  0.1%)  Post-RA pseudo instruction expansion pass
   0.0000 (  0.1%)   0.0000 (  0.3%)   0.0001 (  0.1%)   0.0001 (  0.1%)  Branch Probability Analysis
   0.0000 (  0.1%)   0.0000 (  0.2%)   0.0001 (  0.1%)   0.0001 (  0.1%)  Machine Dominance Frontier Construction
   0.0000 (  0.1%)   0.0000 (  0.3%)   0.0001 (  0.1%)   0.0001 (  0.1%)  Machine Loop Invariant Code Motion
   0.0000 (  0.1%)   0.0000 (  0.3%)   0.0001 (  0.1%)   0.0001 (  0.1%)  Post-Dominator Tree Construction
   0.0001 (  0.1%)   0.0000 (  0.1%)   0.0001 (  0.1%)   0.0001 (  0.1%)  X86 LEA Optimize
   0.0001 (  0.1%)   0.0000 (  0.1%)   0.0001 (  0.1%)   0.0001 (  0.1%)  Free MachineFunction
   0.0001 (  0.1%)   0.0000 (  0.0%)   0.0001 (  0.1%)   0.0001 (  0.1%)  RequireAnalysisPass<llvm::GlobalsAA, llvm::Module, llvm::AnalysisManager<Module>>
   0.0000 (  0.1%)   0.0000 (  0.1%)   0.0001 (  0.1%)   0.0001 (  0.1%)  LibCallsShrinkWrapPass
   0.0000 (  0.0%)   0.0000 (  0.2%)   0.0001 (  0.1%)   0.0001 (  0.1%)  X86 Fixup Vector Constants
   0.0000 (  0.1%)   0.0000 (  0.1%)   0.0001 (  0.1%)   0.0001 (  0.1%)  X86 Optimize Call Frame
   0.0000 (  0.1%)   0.0000 (  0.2%)   0.0001 (  0.1%)   0.0001 (  0.1%)  Machine Block Frequency Analysis #2
   0.0000 (  0.1%)   0.0000 (  0.1%)   0.0001 (  0.1%)   0.0001 (  0.1%)  MachineDominator Tree Construction #6
   0.0000 (  0.1%)   0.0000 (  0.1%)   0.0001 (  0.1%)   0.0001 (  0.1%)  MachineDominator Tree Construction
   0.0001 (  0.1%)   0.0000 (  0.0%)   0.0001 (  0.1%)   0.0001 (  0.1%)  GlobalDCEPass
   0.0000 (  0.0%)   0.0000 (  0.2%)   0.0001 (  0.1%)   0.0001 (  0.1%)  Machine Block Frequency Analysis #5
   0.0000 (  0.1%)   0.0000 (  0.1%)   0.0001 (  0.1%)   0.0001 (  0.1%)  Init Undef Pass
   0.0000 (  0.1%)   0.0000 (  0.1%)   0.0001 (  0.1%)   0.0001 (  0.1%)  X86 LEA Fixup
   0.0000 (  0.1%)   0.0000 (  0.1%)   0.0001 (  0.1%)   0.0001 (  0.1%)  MachinePostDominator Tree Construction
   0.0000 (  0.1%)   0.0000 (  0.1%)   0.0001 (  0.1%)   0.0001 (  0.1%)  X86 Fixup SetCC
   0.0001 (  0.1%)   0.0000 (  0.0%)   0.0001 (  0.1%)   0.0001 (  0.1%)  RecomputeGlobalsAAPass
   0.0000 (  0.0%)   0.0000 (  0.2%)   0.0001 (  0.1%)   0.0001 (  0.1%)  PostRA Machine Sink
   0.0000 (  0.0%)   0.0000 (  0.1%)   0.0000 (  0.1%)   0.0000 (  0.1%)  MachinePostDominator Tree Construction #2
   0.0000 (  0.0%)   0.0000 (  0.2%)   0.0000 (  0.1%)   0.0000 (  0.1%)  Expand reduction intrinsics
   0.0000 (  0.0%)   0.0000 (  0.1%)   0.0000 (  0.1%)   0.0000 (  0.1%)  Natural Loop Information #2
   0.0000 (  0.0%)   0.0000 (  0.1%)   0.0000 (  0.1%)   0.0000 (  0.1%)  Machine Natural Loop Construction
   0.0000 (  0.0%)   0.0000 (  0.1%)   0.0000 (  0.1%)   0.0000 (  0.1%)  Machine Trace Metrics
   0.0000 (  0.1%)   0.0000 (  0.0%)   0.0000 (  0.1%)   0.0000 (  0.1%)  Live Register Matrix
   0.0000 (  0.0%)   0.0000 (  0.1%)   0.0000 (  0.1%)   0.0000 (  0.1%)  X86 pseudo instruction expansion pass
   0.0000 (  0.0%)   0.0000 (  0.2%)   0.0000 (  0.1%)   0.0000 (  0.1%)  Cycle Info Analysis
   0.0000 (  0.0%)   0.0000 (  0.1%)   0.0000 (  0.0%)   0.0000 (  0.1%)  X86 cmov Conversion
   0.0000 (  0.0%)   0.0000 (  0.1%)   0.0000 (  0.1%)   0.0000 (  0.1%)  Branch Probability Analysis #3
   0.0000 (  0.0%)   0.0000 (  0.1%)   0.0000 (  0.1%)   0.0000 (  0.1%)  Remove unreachable machine basic blocks
   0.0000 (  0.0%)   0.0000 (  0.1%)   0.0000 (  0.1%)   0.0000 (  0.1%)  MachineDominator Tree Construction #2
   0.0000 (  0.0%)   0.0000 (  0.1%)   0.0000 (  0.0%)   0.0000 (  0.1%)  X86 Fixup Inst Tuning
   0.0000 (  0.0%)   0.0000 (  0.1%)   0.0000 (  0.0%)   0.0000 (  0.1%)  Machine Natural Loop Construction #2
   0.0000 (  0.0%)   0.0000 (  0.1%)   0.0000 (  0.1%)   0.0000 (  0.1%)  Early Tail Duplication
   0.0000 (  0.0%)   0.0000 (  0.2%)   0.0000 (  0.1%)   0.0000 (  0.1%)  Block Frequency Analysis #2
   0.0000 (  0.1%)   0.0000 (  0.0%)   0.0000 (  0.0%)   0.0000 (  0.0%)  Debug Variable Analysis
   0.0000 (  0.1%)   0.0000 (  0.1%)   0.0000 (  0.1%)   0.0000 (  0.0%)  Bundle Machine CFG Edges
   0.0000 (  0.1%)   0.0000 (  0.0%)   0.0000 (  0.0%)   0.0000 (  0.0%)  Stack Slot Coloring
   0.0000 (  0.0%)   0.0000 (  0.0%)   0.0000 (  0.0%)   0.0000 (  0.0%)  Live Stack Slot Analysis
   0.0000 (  0.0%)   0.0000 (  0.1%)   0.0000 (  0.0%)   0.0000 (  0.0%)  Spill Code Placement Analysis
   0.0000 (  0.1%)   0.0000 (  0.0%)   0.0000 (  0.1%)   0.0000 (  0.0%)  Virtual Register Map
   0.0000 (  0.0%)   0.0000 (  0.1%)   0.0000 (  0.0%)   0.0000 (  0.0%)  Interleaved Access Pass
   0.0000 (  0.0%)   0.0000 (  0.1%)   0.0000 (  0.0%)   0.0000 (  0.0%)  Machine Cycle Info Analysis
   0.0000 (  0.0%)   0.0000 (  0.1%)   0.0000 (  0.0%)   0.0000 (  0.0%)  Remove unreachable blocks from the CFG
   0.0000 (  0.0%)   0.0000 (  0.1%)   0.0000 (  0.0%)   0.0000 (  0.0%)  Branch Probability Analysis #2
   0.0000 (  0.1%)   0.0000 (  0.0%)   0.0000 (  0.0%)   0.0000 (  0.0%)  Dominator Tree Construction
   0.0000 (  0.1%)   0.0000 (  0.0%)   0.0000 (  0.0%)   0.0000 (  0.0%)  CGProfilePass
   0.0000 (  0.0%)   0.0000 (  0.1%)   0.0000 (  0.0%)   0.0000 (  0.0%)  DFAJumpThreadingPass
   0.0000 (  0.0%)   0.0000 (  0.1%)   0.0000 (  0.0%)   0.0000 (  0.0%)  Machine Natural Loop Construction #4
   0.0000 (  0.0%)   0.0000 (  0.1%)   0.0000 (  0.0%)   0.0000 (  0.0%)  Tail Duplication
   0.0000 (  0.0%)   0.0000 (  0.1%)   0.0000 (  0.0%)   0.0000 (  0.0%)  RequireAnalysisPass<llvm::ShouldNotRunFunctionPassesAnalysis, llvm::Function, llvm::AnalysisManager<Function>>
   0.0000 (  0.0%)   0.0000 (  0.1%)   0.0000 (  0.0%)   0.0000 (  0.0%)  Post-Dominator Tree Construction #3
   0.0000 (  0.0%)   0.0000 (  0.1%)   0.0000 (  0.0%)   0.0000 (  0.0%)  Partially inline calls to library functions
   0.0000 (  0.0%)   0.0000 (  0.0%)   0.0000 (  0.0%)   0.0000 (  0.0%)  ReversePostOrderFunctionAttrsPass
   0.0000 (  0.0%)   0.0000 (  0.1%)   0.0000 (  0.0%)   0.0000 (  0.0%)  MachineDominator Tree Construction #7
   0.0000 (  0.0%)   0.0000 (  0.0%)   0.0000 (  0.0%)   0.0000 (  0.0%)  WarnMissedTransformationsPass
   0.0000 (  0.0%)   0.0000 (  0.1%)   0.0000 (  0.0%)   0.0000 (  0.0%)  MachinePostDominator Tree Construction #3
   0.0000 (  0.0%)   0.0000 (  0.1%)   0.0000 (  0.0%)   0.0000 (  0.0%)  Natural Loop Information #4
   0.0000 (  0.0%)   0.0000 (  0.1%)   0.0000 (  0.0%)   0.0000 (  0.0%)  Replace intrinsics with calls to vector library
   0.0000 (  0.0%)   0.0000 (  0.1%)   0.0000 (  0.0%)   0.0000 (  0.0%)  Exception handling preparation
   0.0000 (  0.0%)   0.0000 (  0.1%)   0.0000 (  0.0%)   0.0000 (  0.0%)  Bundle Machine CFG Edges #2
   0.0000 (  0.0%)   0.0000 (  0.1%)   0.0000 (  0.0%)   0.0000 (  0.0%)  X86 Avoid Store Forwarding Blocks
   0.0000 (  0.0%)   0.0000 (  0.0%)   0.0000 (  0.0%)   0.0000 (  0.0%)  Expand Atomic instructions
   0.0000 (  0.0%)   0.0000 (  0.1%)   0.0000 (  0.0%)   0.0000 (  0.0%)  CoroAnnotationElidePass
   0.0000 (  0.0%)   0.0000 (  0.1%)   0.0000 (  0.0%)   0.0000 (  0.0%)  Scalarize Masked Memory Intrinsics
   0.0000 (  0.0%)   0.0000 (  0.0%)   0.0000 (  0.0%)   0.0000 (  0.0%)  Machine Optimization Remark Emitter
   0.0000 (  0.0%)   0.0000 (  0.1%)   0.0000 (  0.0%)   0.0000 (  0.0%)  MachineDominator Tree Construction #4
   0.0000 (  0.0%)   0.0000 (  0.1%)   0.0000 (  0.0%)   0.0000 (  0.0%)  Post-Dominator Tree Construction #2
   0.0000 (  0.0%)   0.0000 (  0.1%)   0.0000 (  0.0%)   0.0000 (  0.0%)  Cycle Info Analysis #3
   0.0000 (  0.0%)   0.0000 (  0.0%)   0.0000 (  0.0%)   0.0000 (  0.0%)  Basic Alias Analysis (stateless AA impl)
   0.0000 (  0.0%)   0.0000 (  0.0%)   0.0000 (  0.0%)   0.0000 (  0.0%)  LowerExpectIntrinsicPass
   0.0000 (  0.0%)   0.0000 (  0.0%)   0.0000 (  0.0%)   0.0000 (  0.0%)  LowerConstantIntrinsicsPass
   0.0000 (  0.0%)   0.0000 (  0.0%)   0.0000 (  0.0%)   0.0000 (  0.0%)  Process Implicit Definitions
   0.0000 (  0.0%)   0.0000 (  0.1%)   0.0000 (  0.0%)   0.0000 (  0.0%)  X86 insert wait instruction
   0.0000 (  0.0%)   0.0000 (  0.1%)   0.0000 (  0.0%)   0.0000 (  0.0%)  Optimize machine instruction PHIs
   0.0000 (  0.0%)   0.0000 (  0.0%)   0.0000 (  0.0%)   0.0000 (  0.0%)  CallSiteSplittingPass
   0.0000 (  0.0%)   0.0000 (  0.0%)   0.0000 (  0.0%)   0.0000 (  0.0%)  ControlHeightReductionPass
   0.0000 (  0.0%)   0.0000 (  0.0%)   0.0000 (  0.0%)   0.0000 (  0.0%)  Lower AMX type for load/store
   0.0000 (  0.0%)   0.0000 (  0.0%)   0.0000 (  0.0%)   0.0000 (  0.0%)  ExpandMemCmpPass
   0.0000 (  0.0%)   0.0000 (  0.1%)   0.0000 (  0.0%)   0.0000 (  0.0%)  X86 Partial Reduction
   0.0000 (  0.0%)   0.0000 (  0.1%)   0.0000 (  0.0%)   0.0000 (  0.0%)  Natural Loop Information #3
   0.0000 (  0.0%)   0.0000 (  0.0%)   0.0000 (  0.0%)   0.0000 (  0.0%)  Assignment Tracking Analysis
   0.0000 (  0.0%)   0.0000 (  0.2%)   0.0000 (  0.0%)   0.0000 (  0.0%)  JumpTableToSwitchPass
   0.0000 (  0.0%)   0.0000 (  0.0%)   0.0000 (  0.0%)   0.0000 (  0.0%)  Insert stack protectors
   0.0000 (  0.0%)   0.0000 (  0.0%)   0.0000 (  0.0%)   0.0000 (  0.0%)  Function Alias Analysis Results
   0.0000 (  0.0%)   0.0000 (  0.0%)   0.0000 (  0.0%)   0.0000 (  0.0%)  MachineDominator Tree Construction #3
   0.0000 (  0.0%)   0.0000 (  0.1%)   0.0000 (  0.0%)   0.0000 (  0.0%)  Lazy Branch Probability Analysis #2
   0.0000 (  0.0%)   0.0000 (  0.0%)   0.0000 (  0.0%)   0.0000 (  0.0%)  Early If-Conversion
   0.0000 (  0.0%)   0.0000 (  0.1%)   0.0000 (  0.0%)   0.0000 (  0.0%)  ArgumentPromotionPass
   0.0000 (  0.0%)   0.0000 (  0.0%)   0.0000 (  0.0%)   0.0000 (  0.0%)  Basic Alias Analysis (stateless AA impl) #2
   0.0000 (  0.0%)   0.0000 (  0.1%)   0.0000 (  0.0%)   0.0000 (  0.0%)  X86 EFLAGS copy lowering
   0.0000 (  0.0%)   0.0000 (  0.0%)   0.0000 (  0.0%)   0.0000 (  0.0%)  AllocTokenPass
   0.0000 (  0.0%)   0.0000 (  0.0%)   0.0000 (  0.0%)   0.0000 (  0.0%)  Local Dynamic TLS Access Clean-up
   0.0000 (  0.0%)   0.0000 (  0.0%)   0.0000 (  0.0%)   0.0000 (  0.0%)  Lazy Block Frequency Analysis #2
   0.0000 (  0.0%)   0.0000 (  0.1%)   0.0000 (  0.0%)   0.0000 (  0.0%)  Shadow Stack GC Lowering
   0.0000 (  0.0%)   0.0000 (  0.0%)   0.0000 (  0.0%)   0.0000 (  0.0%)  InjectTLIMappings
   0.0000 (  0.0%)   0.0000 (  0.0%)   0.0000 (  0.0%)   0.0000 (  0.0%)  DropUnnecessaryAssumesPass
   0.0000 (  0.0%)   0.0000 (  0.0%)   0.0000 (  0.0%)   0.0000 (  0.0%)  Insert XRay ops
   0.0000 (  0.0%)   0.0000 (  0.0%)   0.0000 (  0.0%)   0.0000 (  0.0%)  X86 Domain Reassignment Pass
   0.0000 (  0.0%)   0.0000 (  0.1%)   0.0000 (  0.0%)   0.0000 (  0.0%)  Cycle Info Analysis #2
   0.0000 (  0.0%)   0.0000 (  0.0%)   0.0000 (  0.0%)   0.0000 (  0.0%)  Lazy Machine Block Frequency Analysis #2
   0.0000 (  0.0%)   0.0000 (  0.1%)   0.0000 (  0.0%)   0.0000 (  0.0%)  Machine Optimization Remark Emitter #2
   0.0000 (  0.0%)   0.0000 (  0.0%)   0.0000 (  0.0%)   0.0000 (  0.0%)  Post RA top-down list latency scheduler
   0.0000 (  0.0%)   0.0000 (  0.0%)   0.0000 (  0.0%)   0.0000 (  0.0%)  DivRemPairsPass
   0.0000 (  0.0%)   0.0000 (  0.0%)   0.0000 (  0.0%)   0.0000 (  0.0%)  Lazy Machine Block Frequency Analysis #4
   0.0000 (  0.0%)   0.0000 (  0.0%)   0.0000 (  0.0%)   0.0000 (  0.0%)  Stack Frame Layout Analysis
   0.0000 (  0.0%)   0.0000 (  0.0%)   0.0000 (  0.0%)   0.0000 (  0.0%)  Local Stack Slot Allocation
   0.0000 (  0.0%)   0.0000 (  0.0%)   0.0000 (  0.0%)   0.0000 (  0.0%)  Insert KCFI indirect call checks
   0.0000 (  0.0%)   0.0000 (  0.0%)   0.0000 (  0.0%)   0.0000 (  0.0%)  Lazy Machine Block Frequency Analysis #8
   0.0000 (  0.0%)   0.0000 (  0.0%)   0.0000 (  0.0%)   0.0000 (  0.0%)  Tile Register Pre-configure
   0.0000 (  0.0%)   0.0000 (  0.0%)   0.0000 (  0.0%)   0.0000 (  0.0%)  OpenMPOptCGSCCPass
   0.0000 (  0.0%)   0.0000 (  0.0%)   0.0000 (  0.0%)   0.0000 (  0.0%)  ObjC ARC contraction
   0.0000 (  0.0%)   0.0000 (  0.0%)   0.0000 (  0.0%)   0.0000 (  0.0%)  Argument Stack Rebase
   0.0000 (  0.0%)   0.0000 (  0.0%)   0.0000 (  0.0%)   0.0000 (  0.0%)  InvalidateAnalysisPass<llvm::ShouldNotRunFunctionPassesAnalysis>
   0.0000 (  0.0%)   0.0000 (  0.0%)   0.0000 (  0.0%)   0.0000 (  0.0%)  MergeICmpsPass
   0.0000 (  0.0%)   0.0000 (  0.0%)   0.0000 (  0.0%)   0.0000 (  0.0%)  Unpack machine instruction bundles
   0.0000 (  0.0%)   0.0000 (  0.1%)   0.0000 (  0.0%)   0.0000 (  0.0%)  Expand indirectbr instructions
   0.0000 (  0.0%)   0.0000 (  0.0%)   0.0000 (  0.0%)   0.0000 (  0.0%)  MergedLoadStoreMotionPass
   0.0000 (  0.0%)   0.0000 (  0.0%)   0.0000 (  0.0%)   0.0000 (  0.0%)  CoroEarlyPass
   0.0000 (  0.0%)   0.0000 (  0.0%)   0.0000 (  0.0%)   0.0000 (  0.0%)  Optimization Remark Emitter
   0.0000 (  0.0%)   0.0000 (  0.0%)   0.0000 (  0.0%)   0.0000 (  0.0%)  Compressing EVEX instrs when possible
   0.0000 (  0.0%)   0.0000 (  0.0%)   0.0000 (  0.0%)   0.0000 (  0.0%)  X86 FP Stackifier
   0.0000 (  0.0%)   0.0000 (  0.0%)   0.0000 (  0.0%)   0.0000 (  0.0%)  X86 speculative load hardening
   0.0000 (  0.0%)   0.0000 (  0.0%)   0.0000 (  0.0%)   0.0000 (  0.0%)  MoveAutoInitPass
   0.0000 (  0.0%)   0.0000 (  0.0%)   0.0000 (  0.0%)   0.0000 (  0.0%)  Remove Loads Into Fake Uses
   0.0000 (  0.0%)   0.0000 (  0.0%)   0.0000 (  0.0%)   0.0000 (  0.0%)  Instrument function entry/exit with calls to e.g. mcount() (post inlining)
   0.0000 (  0.0%)   0.0000 (  0.0%)   0.0000 (  0.0%)   0.0000 (  0.0%)  X86 Load Value Injection (LVI) Load Hardening
   0.0000 (  0.0%)   0.0000 (  0.1%)   0.0000 (  0.0%)   0.0000 (  0.0%)  Lazy Branch Probability Analysis
   0.0000 (  0.0%)   0.0000 (  0.1%)   0.0000 (  0.0%)   0.0000 (  0.0%)  Contiguously Lay Out Funclets
   0.0000 (  0.0%)   0.0000 (  0.0%)   0.0000 (  0.0%)   0.0000 (  0.0%)  X86 Indirect Branch Tracking
   0.0000 (  0.0%)   0.0000 (  0.0%)   0.0000 (  0.0%)   0.0000 (  0.0%)  CoroElidePass
   0.0000 (  0.0%)   0.0000 (  0.0%)   0.0000 (  0.0%)   0.0000 (  0.0%)  X86 Atom pad short functions
   0.0000 (  0.0%)   0.0000 (  0.0%)   0.0000 (  0.0%)   0.0000 (  0.0%)  CoroSplitPass
   0.0000 (  0.0%)   0.0000 (  0.0%)   0.0000 (  0.0%)   0.0000 (  0.0%)  Fixup Statepoint Caller Saved
   0.0000 (  0.0%)   0.0000 (  0.0%)   0.0000 (  0.0%)   0.0000 (  0.0%)  X86 Suppress APX features for relocation
   0.0000 (  0.0%)   0.0000 (  0.0%)   0.0000 (  0.0%)   0.0000 (  0.0%)  PromotePass
   0.0000 (  0.0%)   0.0000 (  0.0%)   0.0000 (  0.0%)   0.0000 (  0.0%)  Detect Dead Lanes
   0.0000 (  0.0%)   0.0000 (  0.0%)   0.0000 (  0.0%)   0.0000 (  0.0%)  X86 Return Thunks
   0.0000 (  0.0%)   0.0000 (  0.0%)   0.0000 (  0.0%)   0.0000 (  0.0%)  SpeculativeExecutionPass
   0.0000 (  0.0%)   0.0000 (  0.0%)   0.0000 (  0.0%)   0.0000 (  0.0%)  X86 Indirect Thunks
   0.0000 (  0.0%)   0.0000 (  0.0%)   0.0000 (  0.0%)   0.0000 (  0.0%)  Rename Disconnected Subregister Components
   0.0000 (  0.0%)   0.0000 (  0.0%)   0.0000 (  0.0%)   0.0000 (  0.0%)  X86 Lower Tile Copy
   0.0000 (  0.0%)   0.0000 (  0.1%)   0.0000 (  0.0%)   0.0000 (  0.0%)  X86 Load Value Injection (LVI) Ret-Hardening
   0.0000 (  0.0%)   0.0000 (  0.0%)   0.0000 (  0.0%)   0.0000 (  0.0%)  X86 DynAlloca Expander
   0.0000 (  0.0%)   0.0000 (  0.0%)   0.0000 (  0.0%)   0.0000 (  0.0%)  Implement the 'patchable-function' attribute
   0.0000 (  0.0%)   0.0000 (  0.0%)   0.0000 (  0.0%)   0.0000 (  0.0%)  Prepare inline asm insts
   0.0000 (  0.0%)   0.0000 (  0.0%)   0.0000 (  0.0%)   0.0000 (  0.0%)  Lazy Machine Block Frequency Analysis #5
   0.0000 (  0.0%)   0.0000 (  0.0%)   0.0000 (  0.0%)   0.0000 (  0.0%)  Analyze Machine Code For Garbage Collection
   0.0000 (  0.0%)   0.0000 (  0.0%)   0.0000 (  0.0%)   0.0000 (  0.0%)  StackMap Liveness Analysis
   0.0000 (  0.0%)   0.0000 (  0.0%)   0.0000 (  0.0%)   0.0000 (  0.0%)  Tile Register Configure
   0.0000 (  0.0%)   0.0000 (  0.0%)   0.0000 (  0.0%)   0.0000 (  0.0%)  X86 Speculative Execution Side Effect Suppression
   0.0000 (  0.0%)   0.0000 (  0.0%)   0.0000 (  0.0%)   0.0000 (  0.0%)  Machine Optimization Remark Emitter #4
   0.0000 (  0.0%)   0.0000 (  0.0%)   0.0000 (  0.0%)   0.0000 (  0.0%)  Machine Sanitizer Binary Metadata
   0.0000 (  0.0%)   0.0000 (  0.0%)   0.0000 (  0.0%)   0.0000 (  0.0%)  AlignmentFromAssumptionsPass
   0.0000 (  0.0%)   0.0000 (  0.0%)   0.0000 (  0.0%)   0.0000 (  0.0%)  EntryExitInstrumenterPass
   0.0000 (  0.0%)   0.0000 (  0.0%)   0.0000 (  0.0%)   0.0000 (  0.0%)  InvalidateAnalysisPass<llvm::AAManager>
   0.0000 (  0.0%)   0.0000 (  0.0%)   0.0000 (  0.0%)   0.0000 (  0.0%)  Lazy Machine Block Frequency Analysis #3
   0.0000 (  0.0%)   0.0000 (  0.0%)   0.0000 (  0.0%)   0.0000 (  0.0%)  Remove Redundant DEBUG_VALUE analysis
   0.0000 (  0.0%)   0.0000 (  0.0%)   0.0000 (  0.0%)   0.0000 (  0.0%)  Lazy Machine Block Frequency Analysis
   0.0000 (  0.0%)   0.0000 (  0.0%)   0.0000 (  0.0%)   0.0000 (  0.0%)  Insert fentry calls
   0.0000 (  0.0%)   0.0000 (  0.1%)   0.0000 (  0.0%)   0.0000 (  0.0%)  X86 PIC Global Base Reg Initialization
   0.0000 (  0.0%)   0.0000 (  0.0%)   0.0000 (  0.0%)   0.0000 (  0.0%)  X86 vzeroupper inserter
   0.0000 (  0.0%)   0.0000 (  0.0%)   0.0000 (  0.0%)   0.0000 (  0.0%)  Lower AMX intrinsics
   0.0000 (  0.0%)   0.0000 (  0.0%)   0.0000 (  0.0%)   0.0000 (  0.0%)  Pseudo Probe Inserter
   0.0000 (  0.0%)   0.0000 (  0.0%)   0.0000 (  0.0%)   0.0000 (  0.0%)  Lazy Machine Block Frequency Analysis #7
   0.0000 (  0.0%)   0.0000 (  0.0%)   0.0000 (  0.0%)   0.0000 (  0.0%)  Register Allocation Pass Scoring
   0.0000 (  0.0%)   0.0000 (  0.0%)   0.0000 (  0.0%)   0.0000 (  0.0%)  Safe Stack instrumentation pass
   0.0000 (  0.0%)   0.0000 (  0.0%)   0.0000 (  0.0%)   0.0000 (  0.0%)  Machine Optimization Remark Emitter #3
   0.0000 (  0.0%)   0.0000 (  0.0%)   0.0000 (  0.0%)   0.0000 (  0.0%)  Lazy Machine Block Frequency Analysis #9
   0.0000 (  0.0%)   0.0000 (  0.0%)   0.0000 (  0.0%)   0.0000 (  0.0%)  Lazy Block Frequency Analysis
   0.0000 (  0.0%)   0.0000 (  0.0%)   0.0000 (  0.0%)   0.0000 (  0.0%)  Lazy Machine Block Frequency Analysis #6
   0.0000 (  0.0%)   0.0000 (  0.0%)   0.0000 (  0.0%)   0.0000 (  0.0%)  Lazy Machine Block Frequency Analysis #10
   0.0000 (  0.0%)   0.0000 (  0.0%)   0.0000 (  0.0%)   0.0000 (  0.0%)  Lower Garbage Collection Instructions
   0.0000 (  0.0%)   0.0000 (  0.0%)   0.0000 (  0.0%)   0.0000 (  0.0%)  AssignmentTrackingPass
   0.0000 (  0.0%)   0.0000 (  0.0%)   0.0000 (  0.0%)   0.0000 (  0.0%)  AlwaysInlinerPass
   0.0000 (  0.0%)   0.0000 (  0.0%)   0.0000 (  0.0%)   0.0000 (  0.0%)  LoopSinkPass
   0.0000 (  0.0%)   0.0000 (  0.0%)   0.0000 (  0.0%)   0.0000 (  0.0%)  MemProfRemoveInfo
   0.0000 (  0.0%)   0.0000 (  0.0%)   0.0000 (  0.0%)   0.0000 (  0.0%)  DeadArgumentEliminationPass
   0.0000 (  0.0%)   0.0000 (  0.0%)   0.0000 (  0.0%)   0.0000 (  0.0%)  AnnotationRemarksPass
   0.0000 (  0.0%)   0.0000 (  0.0%)   0.0000 (  0.0%)   0.0000 (  0.0%)  Create Garbage Collector Module Metadata
   0.0000 (  0.0%)   0.0000 (  0.0%)   0.0000 (  0.0%)   0.0000 (  0.0%)  Target Library Information
   0.0000 (  0.0%)   0.0000 (  0.0%)   0.0000 (  0.0%)   0.0000 (  0.0%)  ConstantMergePass
   0.0000 (  0.0%)   0.0000 (  0.0%)   0.0000 (  0.0%)   0.0000 (  0.0%)  Assumption Cache Tracker
   0.0000 (  0.0%)   0.0000 (  0.0%)   0.0000 (  0.0%)   0.0000 (  0.0%)  RelLookupTableConverterPass
   0.0000 (  0.0%)   0.0000 (  0.0%)   0.0000 (  0.0%)   0.0000 (  0.0%)  Pre-ISel Intrinsic Lowering
   0.0000 (  0.0%)   0.0000 (  0.0%)   0.0000 (  0.0%)   0.0000 (  0.0%)  CoroCleanupPass
   0.0000 (  0.0%)   0.0000 (  0.0%)   0.0000 (  0.0%)   0.0000 (  0.0%)  Annotation2MetadataPass
   0.0000 (  0.0%)   0.0000 (  0.0%)   0.0000 (  0.0%)   0.0000 (  0.0%)  EliminateAvailableExternallyPass
   0.0000 (  0.0%)   0.0000 (  0.0%)   0.0000 (  0.0%)   0.0000 (  0.0%)  ForceFunctionAttrsPass
   0.0000 (  0.0%)   0.0000 (  0.0%)   0.0000 (  0.0%)   0.0000 (  0.0%)  OpenMPOptPass
   0.0000 (  0.0%)   0.0000 (  0.0%)   0.0000 (  0.0%)   0.0000 (  0.0%)  RequireAnalysisPass<llvm::ProfileSummaryAnalysis, llvm::Module, llvm::AnalysisManager<Module>>
   0.0000 (  0.0%)   0.0000 (  0.0%)   0.0000 (  0.0%)   0.0000 (  0.0%)  LowerCommentStringPass
   0.0000 (  0.0%)   0.0000 (  0.0%)   0.0000 (  0.0%)   0.0000 (  0.0%)  Profile summary info
   0.0000 (  0.0%)   0.0000 (  0.0%)   0.0000 (  0.0%)   0.0000 (  0.0%)  Scoped NoAlias Alias Analysis
   0.0000 (  0.0%)   0.0000 (  0.0%)   0.0000 (  0.0%)   0.0000 (  0.0%)  Library Function Lowering Analysis
   0.0000 (  0.0%)   0.0000 (  0.0%)   0.0000 (  0.0%)   0.0000 (  0.0%)  Target Pass Configuration
   0.0000 (  0.0%)   0.0000 (  0.0%)   0.0000 (  0.0%)   0.0000 (  0.0%)  Default Regalloc Eviction Advisor
   0.0000 (  0.0%)   0.0000 (  0.0%)   0.0000 (  0.0%)   0.0000 (  0.0%)  Type-Based Alias Analysis
   0.0000 (  0.0%)   0.0000 (  0.0%)   0.0000 (  0.0%)   0.0000 (  0.0%)  Machine Branch Probability Analysis
   0.0000 (  0.0%)   0.0000 (  0.0%)   0.0000 (  0.0%)   0.0000 (  0.0%)  Target Transform Information
   0.0000 (  0.0%)   0.0000 (  0.0%)   0.0000 (  0.0%)   0.0000 (  0.0%)  Default Regalloc Priority Advisor
   0.0732 (100.0%)   0.0124 (100.0%)   0.0855 (100.0%)   0.0856 (100.0%)  Total

===-------------------------------------------------------------------------===
                               Clang time report
===-------------------------------------------------------------------------===
  Total Execution Time: 0.6344 seconds (0.6340 wall clock)

   ---User Time---   --System Time--   --User+System--   ---Wall Time---  --- Name ---
   0.4937 ( 83.6%)   0.0275 ( 63.0%)   0.5212 ( 82.2%)   0.5208 ( 82.1%)  Front end
   0.0436 (  7.4%)   0.0126 ( 28.8%)   0.0562 (  8.9%)   0.0562 (  8.9%)  Machine code generation
   0.0391 (  6.6%)   0.0030 (  6.9%)   0.0421 (  6.6%)   0.0421 (  6.6%)  Optimizer
   0.0144 (  2.4%)   0.0006 (  1.3%)   0.0149 (  2.3%)   0.0149 (  2.3%)  LLVM IR generation
   0.5908 (100.0%)   0.0436 (100.0%)   0.6344 (100.0%)   0.6340 (100.0%)  Total

