
	code for sm_86
		Function : _Z14gesummv_kerneliffPfS_S_S_S___noalias
	.headerflags	@"EF_CUDA_TEXMODE_UNIFIED EF_CUDA_64BIT_ADDRESS EF_CUDA_SM86 EF_CUDA_VIRTUAL_SM(EF_CUDA_SM86)"
        /*0000*/                   MOV R1, c[0x0][0x28] ;                               /* 0x00000a0000017a02 */
                                                                                        /* 0x000fe40000000f00 */
        /*0010*/                   S2R R0, SR_CTAID.X ;                                 /* 0x0000000000007919 */
                                                                                        /* 0x000e280000002500 */
        /*0020*/                   S2R R3, SR_TID.X ;                                   /* 0x0000000000037919 */
                                                                                        /* 0x000e240000002100 */
        /*0030*/                   IMAD R0, R0, c[0x0][0x0], R3 ;                       /* 0x0000000000007a24 */
                                                                                        /* 0x001fca00078e0203 */
        /*0040*/                   ISETP.GE.AND P0, PT, R0, c[0x0][0x160], PT ;         /* 0x0000580000007a0c */
                                                                                        /* 0x000fda0003f06270 */
        /*0050*/               @P0 EXIT ;                                               /* 0x000000000000094d */
                                                                                        /* 0x000fea0003800000 */
        /*0060*/                   ISETP.LT.AND P0, PT, RZ, c[0x0][0x160], PT ;         /* 0x00005800ff007a0c */
                                                                                        /* 0x000fe20003f01270 */
        /*0070*/                   ULDC.64 UR8, c[0x0][0x118] ;                         /* 0x0000460000087ab9 */
                                                                                        /* 0x000fd80000000a00 */
        /*0080*/              @!P0 BRA 0x1180 ;                                         /* 0x000010f000008947 */
                                                                                        /* 0x000fea0003800000 */
        /*0090*/                   MOV R6, c[0x0][0x160] ;                              /* 0x0000580000067a02 */
                                                                                        /* 0x000fe40000000f00 */
        /*00a0*/                   MOV R13, 0x4 ;                                       /* 0x00000004000d7802 */
                                                                                        /* 0x000fe40000000f00 */
        /*00b0*/                   ISETP.GE.U32.AND P0, PT, R6, 0x4, PT ;               /* 0x000000040600780c */
                                                                                        /* 0x000fc60003f06070 */
        /*00c0*/                   IMAD.WIDE R2, R0, R13, c[0x0][0x180] ;               /* 0x0000600000027625 */
                                                                                        /* 0x000fc800078e020d */
        /*00d0*/                   IMAD.WIDE R4, R0.reuse, R13, c[0x0][0x190] ;         /* 0x0000640000047625 */
                                                                                        /* 0x040fe200078e020d */
        /*00e0*/                   LDG.E R17, [R2.64] ;                                 /* 0x0000000802117981 */
                                                                                        /* 0x000162000c1e1900 */
        /*00f0*/                   SHF.L.U32 R12, R0, 0xc, RZ ;                         /* 0x0000000c000c7819 */
                                                                                        /* 0x000fc600000006ff */
        /*0100*/                   LDG.E R19, [R4.64] ;                                 /* 0x0000000804137981 */
                                                                                        /* 0x000162000c1e1900 */
        /*0110*/                   MOV R14, RZ ;                                        /* 0x000000ff000e7202 */
                                                                                        /* 0x000fe40000000f00 */
        /*0120*/                   LOP3.LUT R15, R6, 0x3, RZ, 0xc0, !PT ;               /* 0x00000003060f7812 */
                                                                                        /* 0x000fe200078ec0ff */
        /*0130*/              @!P0 BRA 0xf60 ;                                          /* 0x00000e2000008947 */
                                                                                        /* 0x000fea0003800000 */
        /*0140*/                   LOP3.LUT R14, R6, 0x7ffffffc, RZ, 0xc0, !PT ;        /* 0x7ffffffc060e7812 */
                                                                                        /* 0x000fe200078ec0ff */
        /*0150*/                   ULDC.64 UR6, c[0x0][0x188] ;                         /* 0x0000620000067ab9 */
                                                                                        /* 0x000fe20000000a00 */
        /*0160*/                   IMAD.WIDE R10, R12, R13, c[0x2][0x0] ;               /* 0x008000000c0a7625 */
                                                                                        /* 0x000fe200078e020d */
        /*0170*/                   UIADD3 UR6, UP0, UR6, 0x8, URZ ;                     /* 0x0000000806067890 */
                                                                                        /* 0x000fe2000ff1e03f */
        /*0180*/                   ISETP.GT.U32.AND P1, PT, R14, RZ, PT ;               /* 0x000000ff0e00720c */
                                                                                        /* 0x000fe20003f24070 */
        /*0190*/                   UMOV UR4, URZ ;                                      /* 0x0000003f00047c82 */
                                                                                        /* 0x000fe40008000000 */
        /*01a0*/                   UIADD3.X UR7, URZ, UR7, URZ, UP0, !UPT ;             /* 0x000000073f077290 */
                                                                                        /* 0x000fe200087fe43f */
        /*01b0*/                   IADD3 R8, P0, R10.reuse, c[0x0][0x178], RZ ;         /* 0x00005e000a087a10 */
                                                                                        /* 0x040fe20007f1e0ff */
        /*01c0*/                   IMAD.U32 R6, RZ, RZ, UR6 ;                           /* 0x00000006ff067e24 */
                                                                                        /* 0x000fe2000f8e00ff */
        /*01d0*/                   IADD3 R10, P2, R10, c[0x0][0x170], RZ ;              /* 0x00005c000a0a7a10 */
                                                                                        /* 0x000fc40007f5e0ff */
        /*01e0*/                   IADD3.X R9, R11.reuse, c[0x0][0x17c], RZ, P0, !PT ;  /* 0x00005f000b097a10 */
                                                                                        /* 0x040fe400007fe4ff */
        /*01f0*/                   MOV R7, UR7 ;                                        /* 0x0000000700077c02 */
                                                                                        /* 0x000fe40008000f00 */
        /*0200*/                   IADD3.X R11, R11, c[0x0][0x174], RZ, P2, !PT ;       /* 0x00005d000b0b7a10 */
                                                                                        /* 0x000fe400017fe4ff */
        /*0210*/                   PLOP3.LUT P0, PT, PT, PT, PT, 0x80, 0x0 ;            /* 0x000000000000781c */
                                                                                        /* 0x000fe20003f0f070 */
        /*0220*/               @P1 BRA 0x410 ;                                          /* 0x000001e000001947 */
                                                                                        /* 0x000fea0003800000 */
        /*0230*/                   LDG.E.CONSTANT R22, [R10.64+-0x8] ;                  /* 0xfffff8080a167981 */
                                                                                        /* 0x0002a8000c1e9900 */
        /*0240*/                   LDG.E.CONSTANT R24, [R6.64+-0x8] ;                   /* 0xfffff80806187981 */
                                                                                        /* 0x0006a8000c1e9900 */
        /*0250*/                   LDG.E.CONSTANT R26, [R8.64+-0x8] ;                   /* 0xfffff808081a7981 */
                                                                                        /* 0x0008a8000c1e9900 */
        /*0260*/                   LDG.E.CONSTANT R27, [R10.64+-0x4] ;                  /* 0xfffffc080a1b7981 */
                                                                                        /* 0x0002a8000c1e9900 */
        /*0270*/                   LDG.E.CONSTANT R29, [R6.64+-0x4] ;                   /* 0xfffffc08061d7981 */
                                                                                        /* 0x0006a8000c1e9900 */
        /*0280*/                   LDG.E.CONSTANT R28, [R8.64+-0x4] ;                   /* 0xfffffc08081c7981 */
                                                                                        /* 0x0008a8000c1e9900 */
        /*0290*/                   LDG.E.CONSTANT R31, [R10.64] ;                       /* 0x000000080a1f7981 */
                                                                                        /* 0x0002a8000c1e9900 */
        /*02a0*/                   LDG.E.CONSTANT R25, [R6.64] ;                        /* 0x0000000806197981 */
                                                                                        /* 0x0006a8000c1e9900 */
        /*02b0*/                   LDG.E.CONSTANT R20, [R8.64] ;                        /* 0x0000000808147981 */
                                                                                        /* 0x0008a8000c1e9900 */
        /*02c0*/                   LDG.E.CONSTANT R23, [R10.64+0x4] ;                   /* 0x000004080a177981 */
                                                                                        /* 0x0002a8000c1e9900 */
        /*02d0*/                   LDG.E.CONSTANT R18, [R6.64+0x4] ;                    /* 0x0000040806127981 */
                                                                                        /* 0x0006a8000c1e9900 */
        /*02e0*/                   LDG.E.CONSTANT R21, [R8.64+0x4] ;                    /* 0x0000040808157981 */
                                                                                        /* 0x0008a2000c1e9900 */
        /*02f0*/                   IADD3 R16, P0, R8, 0x10, RZ ;                        /* 0x0000001008107810 */
                                                                                        /* 0x000fe20007f1e0ff */
        /*0300*/                   UMOV UR4, 0x4 ;                                      /* 0x0000000400047882 */
                                                                                        /* 0x000fe20000000000 */
        /*0310*/                   IADD3 R10, P1, R10, 0x10, RZ ;                       /* 0x000000100a0a7810 */
                                                                                        /* 0x002fc40007f3e0ff */
        /*0320*/                   IADD3.X R33, RZ, R9, RZ, P0, !PT ;                   /* 0x00000009ff217210 */
                                                                                        /* 0x000fe400007fe4ff */
        /*0330*/                   IADD3 R6, P2, R6, 0x10, RZ ;                         /* 0x0000001006067810 */
                                                                                        /* 0x008fe40007f5e0ff */
        /*0340*/                   PLOP3.LUT P0, PT, PT, PT, PT, 0x8, 0x0 ;             /* 0x000000000000781c */
                                                                                        /* 0x000fe20003f0e170 */
        /*0350*/                   IMAD.MOV.U32 R8, RZ, RZ, R16 ;                       /* 0x000000ffff087224 */
                                                                                        /* 0x010fe200078e0010 */
        /*0360*/                   IADD3.X R11, RZ, R11, RZ, P1, !PT ;                  /* 0x0000000bff0b7210 */
                                                                                        /* 0x000fe40000ffe4ff */
        /*0370*/                   IADD3.X R7, RZ, R7, RZ, P2, !PT ;                    /* 0x00000007ff077210 */
                                                                                        /* 0x000fe400017fe4ff */
        /*0380*/                   MOV R9, R33 ;                                        /* 0x0000002100097202 */
                                                                                        /* 0x000fe20000000f00 */
        /*0390*/                   FFMA R22, R22, R24, R17 ;                            /* 0x0000001816167223 */
                                                                                        /* 0x024fe20000000011 */
        /*03a0*/                   FFMA R26, R24, R26, R19 ;                            /* 0x0000001a181a7223 */
                                                                                        /* 0x000fc60000000013 */
        /*03b0*/                   FFMA R22, R27, R29, R22 ;                            /* 0x0000001d1b167223 */
                                                                                        /* 0x000fe20000000016 */
        /*03c0*/                   FFMA R26, R29, R28, R26 ;                            /* 0x0000001c1d1a7223 */
                                                                                        /* 0x000fc6000000001a */
        /*03d0*/                   FFMA R22, R31, R25, R22 ;                            /* 0x000000191f167223 */
                                                                                        /* 0x000fe20000000016 */
        /*03e0*/                   FFMA R19, R25, R20, R26 ;                            /* 0x0000001419137223 */
                                                                                        /* 0x000fc6000000001a */
        /*03f0*/                   FFMA R17, R23, R18, R22 ;                            /* 0x0000001217117223 */
                                                                                        /* 0x000fe20000000016 */
        /*0400*/                   FFMA R19, R18, R21, R19 ;                            /* 0x0000001512137223 */
                                                                                        /* 0x000fe20000000013 */
        /*0410*/                   IADD3 R16, R14, -UR4, RZ ;                           /* 0x800000040e107c10 */
                                                                                        /* 0x000fc8000fffe0ff */
        /*0420*/                   ISETP.GT.AND P1, PT, R16, 0xc, PT ;                  /* 0x0000000c1000780c */
                                                                                        /* 0x000fda0003f24270 */
        /*0430*/              @!P1 BRA 0x9f0 ;                                          /* 0x000005b000009947 */
                                                                                        /* 0x000fea0003800000 */
        /*0440*/                   PLOP3.LUT P0, PT, PT, PT, PT, 0x8, 0x0 ;             /* 0x000000000000781c */
                                                                                        /* 0x000fe40003f0e170 */
        /*0450*/                   IADD3 R28, R14, -0xc, RZ ;                           /* 0xfffffff40e1c7810 */
                                                                                        /* 0x000fe40007ffe0ff */
        /*0460*/                   LDG.E.CONSTANT R18, [R10.64+-0x8] ;                  /* 0xfffff8080a127981 */
                                                                                        /* 0x000ea8000c1e9900 */
        /*0470*/                   LDG.E.CONSTANT R30, [R6.64+-0x8] ;                   /* 0xfffff808061e7981 */
                                                                                        /* 0x000ea8000c1e9900 */
        /*0480*/                   LDG.E.CONSTANT R21, [R8.64+-0x8] ;                   /* 0xfffff80808157981 */
                                                                                        /* 0x000ee8000c1e9900 */
        /*0490*/                   LDG.E.CONSTANT R24, [R10.64+-0x4] ;                  /* 0xfffffc080a187981 */
                                                                                        /* 0x000f28000c1e9900 */
        /*04a0*/                   LDG.E.CONSTANT R35, [R6.64+-0x4] ;                   /* 0xfffffc0806237981 */
                                                                                        /* 0x000f28000c1e9900 */
        /*04b0*/                   LDG.E.CONSTANT R16, [R8.64+-0x4] ;                   /* 0xfffffc0808107981 */
                                                                                        /* 0x000f28000c1e9900 */
        /*04c0*/                   LDG.E.CONSTANT R33, [R10.64] ;                       /* 0x000000080a217981 */
                                                                                        /* 0x000f28000c1e9900 */
        /*04d0*/                   LDG.E.CONSTANT R26, [R6.64] ;                        /* 0x00000008061a7981 */
                                                                                        /* 0x000f28000c1e9900 */
        /*04e0*/                   LDG.E.CONSTANT R31, [R8.64] ;                        /* 0x00000008081f7981 */
                                                                                        /* 0x000f28000c1e9900 */
        /*04f0*/                   LDG.E.CONSTANT R29, [R10.64+0x4] ;                   /* 0x000004080a1d7981 */
                                                                                        /* 0x000f28000c1e9900 */
        /*0500*/                   LDG.E.CONSTANT R22, [R6.64+0x4] ;                    /* 0x0000040806167981 */
                                                                                        /* 0x000f28000c1e9900 */
        /*0510*/                   LDG.E.CONSTANT R27, [R8.64+0x4] ;                    /* 0x00000408081b7981 */
                                                                                        /* 0x000f28000c1e9900 */
        /*0520*/                   LDG.E.CONSTANT R23, [R10.64+0x8] ;                   /* 0x000008080a177981 */
                                                                                        /* 0x000f28000c1e9900 */
        /*0530*/                   LDG.E.CONSTANT R20, [R6.64+0x8] ;                    /* 0x0000080806147981 */
                                                                                        /* 0x000f28000c1e9900 */
        /*0540*/                   LDG.E.CONSTANT R25, [R8.64+0x8] ;                    /* 0x0000080808197981 */
                                                                                        /* 0x000f22000c1e9900 */
        /*0550*/                   FFMA R17, R18, R30, R17 ;                            /* 0x0000001e12117223 */
                                                                                        /* 0x024fc60000000011 */
        /*0560*/                   LDG.E.CONSTANT R18, [R6.64+0xc] ;                    /* 0x00000c0806127981 */
                                                                                        /* 0x000ea2000c1e9900 */
        /*0570*/                   FFMA R30, R30, R21, R19 ;                            /* 0x000000151e1e7223 */
                                                                                        /* 0x008fc60000000013 */
        /*0580*/                   LDG.E.CONSTANT R21, [R10.64+0xc] ;                   /* 0x00000c080a157981 */
                                                                                        /* 0x000ea8000c1e9900 */
        /*0590*/                   LDG.E.CONSTANT R19, [R8.64+0xc] ;                    /* 0x00000c0808137981 */
                                                                                        /* 0x000ee2000c1e9900 */
        /*05a0*/                   FFMA R24, R24, R35, R17 ;                            /* 0x0000002318187223 */
                                                                                        /* 0x010fc60000000011 */
        /*05b0*/                   LDG.E.CONSTANT R17, [R6.64+0x10] ;                   /* 0x0000100806117981 */
                                                                                        /* 0x000f22000c1e9900 */
        /*05c0*/                   FFMA R35, R35, R16, R30 ;                            /* 0x0000001023237223 */
                                                                                        /* 0x000fc6000000001e */
        /*05d0*/                   LDG.E.CONSTANT R16, [R10.64+0x10] ;                  /* 0x000010080a107981 */
                                                                                        /* 0x000f22000c1e9900 */
        /*05e0*/                   FFMA R24, R33, R26, R24 ;                            /* 0x0000001a21187223 */
                                                                                        /* 0x000fc60000000018 */
        /*05f0*/                   LDG.E.CONSTANT R33, [R10.64+0x18] ;                  /* 0x000018080a217981 */
                                                                                        /* 0x000f22000c1e9900 */
        /*0600*/                   FFMA R31, R26, R31, R35 ;                            /* 0x0000001f1a1f7223 */
                                                                                        /* 0x000fc60000000023 */
        /*0610*/                   LDG.E.CONSTANT R26, [R6.64+0x14] ;                   /* 0x00001408061a7981 */
                                                                                        /* 0x000f22000c1e9900 */
        /*0620*/                   FFMA R30, R29, R22, R24 ;                            /* 0x000000161d1e7223 */
                                                                                        /* 0x000fc60000000018 */
        /*0630*/                   LDG.E.CONSTANT R24, [R8.64+0x10] ;                   /* 0x0000100808187981 */
                                                                                        /* 0x000f28000c1e9900 */
        /*0640*/                   LDG.E.CONSTANT R29, [R10.64+0x14] ;                  /* 0x000014080a1d7981 */
                                                                                        /* 0x000f22000c1e9900 */
        /*0650*/                   FFMA R27, R22, R27, R31 ;                            /* 0x0000001b161b7223 */
                                                                                        /* 0x000fc6000000001f */
        /*0660*/                   LDG.E.CONSTANT R31, [R8.64+0x14] ;                   /* 0x00001408081f7981 */
                                                                                        /* 0x000f28000c1e9900 */
        /*0670*/                   LDG.E.CONSTANT R22, [R6.64+0x18] ;                   /* 0x0000180806167981 */
                                                                                        /* 0x000f22000c1e9900 */
        /*0680*/                   FFMA R30, R23, R20, R30 ;                            /* 0x00000014171e7223 */
                                                                                        /* 0x000fe2000000001e */
        /*0690*/                   FFMA R27, R20, R25, R27 ;                            /* 0x00000019141b7223 */
                                                                                        /* 0x000fe4000000001b */
        /*06a0*/                   LDG.E.CONSTANT R23, [R8.64+0x18] ;                   /* 0x0000180808177981 */
                                                                                        /* 0x000f28000c1e9900 */
        /*06b0*/                   LDG.E.CONSTANT R25, [R10.64+0x1c] ;                  /* 0x00001c080a197981 */
                                                                                        /* 0x000f28000c1e9900 */
        /*06c0*/                   LDG.E.CONSTANT R20, [R6.64+0x1c] ;                   /* 0x00001c0806147981 */
                                                                                        /* 0x000f22000c1e9900 */
        /*06d0*/                   FFMA R35, R21, R18, R30 ;                            /* 0x0000001215237223 */
                                                                                        /* 0x004fc6000000001e */
        /*06e0*/                   LDG.E.CONSTANT R21, [R8.64+0x1c] ;                   /* 0x00001c0808157981 */
                                                                                        /* 0x000ea2000c1e9900 */
        /*06f0*/                   FFMA R30, R18, R19, R27 ;                            /* 0x00000013121e7223 */
                                                                                        /* 0x008fc6000000001b */
        /*0700*/                   LDG.E.CONSTANT R18, [R6.64+0x20] ;                   /* 0x0000200806127981 */
                                                                                        /* 0x000ee8000c1e9900 */
        /*0710*/                   LDG.E.CONSTANT R27, [R8.64+0x20] ;                   /* 0x00002008081b7981 */
                                                                                        /* 0x000ee8000c1e9900 */
        /*0720*/                   LDG.E.CONSTANT R19, [R10.64+0x20] ;                  /* 0x000020080a137981 */
                                                                                        /* 0x000ee2000c1e9900 */
        /*0730*/                   FFMA R16, R16, R17, R35 ;                            /* 0x0000001110107223 */
                                                                                        /* 0x010fe20000000023 */
        /*0740*/                   FFMA R17, R17, R24, R30 ;                            /* 0x0000001811117223 */
                                                                                        /* 0x000fc4000000001e */
        /*0750*/                   LDG.E.CONSTANT R24, [R8.64+0x24] ;                   /* 0x0000240808187981 */
                                                                                        /* 0x000f22000c1e9900 */
        /*0760*/                   FFMA R16, R29, R26, R16 ;                            /* 0x0000001a1d107223 */
                                                                                        /* 0x000fc60000000010 */
        /*0770*/                   LDG.E.CONSTANT R29, [R6.64+0x2c] ;                   /* 0x00002c08061d7981 */
                                                                                        /* 0x000f22000c1e9900 */
        /*0780*/                   FFMA R31, R26, R31, R17 ;                            /* 0x0000001f1a1f7223 */
                                                                                        /* 0x000fc60000000011 */
        /*0790*/                   LDG.E.CONSTANT R17, [R6.64+0x24] ;                   /* 0x0000240806117981 */
                                                                                        /* 0x000f22000c1e9900 */
        /*07a0*/                   FFMA R26, R33, R22, R16 ;                            /* 0x00000016211a7223 */
                                                                                        /* 0x000fc60000000010 */
        /*07b0*/                   LDG.E.CONSTANT R16, [R10.64+0x24] ;                  /* 0x000024080a107981 */
                                                                                        /* 0x000322000c1e9900 */
        /*07c0*/                   FFMA R31, R22, R23, R31 ;                            /* 0x00000017161f7223 */
                                                                                        /* 0x000fc6000000001f */
        /*07d0*/                   LDG.E.CONSTANT R23, [R10.64+0x28] ;                  /* 0x000028080a177981 */
                                                                                        /* 0x000328000c1e9900 */
        /*07e0*/                   LDG.E.CONSTANT R22, [R6.64+0x28] ;                   /* 0x0000280806167981 */
                                                                                        /* 0x000f22000c1e9900 */
        /*07f0*/                   FFMA R32, R25, R20, R26 ;                            /* 0x0000001419207223 */
                                                                                        /* 0x000fc6000000001a */
        /*0800*/                   LDG.E.CONSTANT R25, [R8.64+0x28] ;                   /* 0x0000280808197981 */
                                                                                        /* 0x000f28000c1e9900 */
        /*0810*/                   LDG.E.CONSTANT R26, [R10.64+0x2c] ;                  /* 0x00002c080a1a7981 */
                                                                                        /* 0x000328000c1e9900 */
        /*0820*/                   LDG.E.CONSTANT R30, [R8.64+0x2c] ;                   /* 0x00002c08081e7981 */
                                                                                        /* 0x000f22000c1e9900 */
        /*0830*/                   FFMA R31, R20, R21, R31 ;                            /* 0x00000015141f7223 */
                                                                                        /* 0x004fc6000000001f */
        /*0840*/                   LDG.E.CONSTANT R21, [R10.64+0x30] ;                  /* 0x000030080a157981 */
                                                                                        /* 0x0002a8000c1e9900 */
        /*0850*/                   LDG.E.CONSTANT R20, [R6.64+0x30] ;                   /* 0x0000300806147981 */
                                                                                        /* 0x0000a2000c1e9900 */
        /*0860*/                   FFMA R34, R18, R27, R31 ;                            /* 0x0000001b12227223 */
                                                                                        /* 0x008fc6000000001f */
        /*0870*/                   LDG.E.CONSTANT R27, [R8.64+0x30] ;                   /* 0x00003008081b7981 */
                                                                                        /* 0x0006a2000c1e9900 */
        /*0880*/                   FFMA R33, R19, R18, R32 ;                            /* 0x0000001213217223 */
                                                                                        /* 0x000fc60000000020 */
        /*0890*/                   LDG.E.CONSTANT R32, [R10.64+0x34] ;                  /* 0x000034080a207981 */
                                                                                        /* 0x0002a8000c1e9900 */
        /*08a0*/                   LDG.E.CONSTANT R19, [R6.64+0x34] ;                   /* 0x0000340806137981 */
                                                                                        /* 0x0000a8000c1e9900 */
        /*08b0*/                   LDG.E.CONSTANT R18, [R8.64+0x34] ;                   /* 0x0000340808127981 */
                                                                                        /* 0x0006a2000c1e9900 */
        /*08c0*/                   UIADD3 UR4, UR4, 0x10, URZ ;                         /* 0x0000001004047890 */
                                                                                        /* 0x000fe2000fffe03f */
        /*08d0*/                   IADD3 R10, P1, R10, 0x40, RZ ;                       /* 0x000000400a0a7810 */
                                                                                        /* 0x002fc80007f3e0ff */
        /*08e0*/                   IADD3.X R11, RZ, R11, RZ, P1, !PT ;                  /* 0x0000000bff0b7210 */
                                                                                        /* 0x000fe40000ffe4ff */
        /*08f0*/                   ISETP.LE.AND P1, PT, R28, UR4, PT ;                  /* 0x000000041c007c0c */
                                                                                        /* 0x000fe2000bf23270 */
        /*0900*/                   FFMA R16, R16, R17, R33 ;                            /* 0x0000001110107223 */
                                                                                        /* 0x010fe20000000021 */
        /*0910*/                   FFMA R17, R17, R24, R34 ;                            /* 0x0000001811117223 */
                                                                                        /* 0x000fc60000000022 */
        /*0920*/                   FFMA R23, R23, R22, R16 ;                            /* 0x0000001617177223 */
                                                                                        /* 0x000fe20000000010 */
        /*0930*/                   FFMA R22, R22, R25, R17 ;                            /* 0x0000001916167223 */
                                                                                        /* 0x000fc60000000011 */
        /*0940*/                   FFMA R26, R26, R29, R23 ;                            /* 0x0000001d1a1a7223 */
                                                                                        /* 0x000fe20000000017 */
        /*0950*/                   FFMA R29, R29, R30, R22 ;                            /* 0x0000001e1d1d7223 */
                                                                                        /* 0x000fe20000000016 */
        /*0960*/                   IADD3 R6, P3, R6, 0x40, RZ ;                         /* 0x0000004006067810 */
                                                                                        /* 0x001fe40007f7e0ff */
        /*0970*/                   IADD3 R8, P2, R8, 0x40, RZ ;                         /* 0x0000004008087810 */
                                                                                        /* 0x008fe40007f5e0ff */
        /*0980*/                   IADD3.X R7, RZ, R7, RZ, P3, !PT ;                    /* 0x00000007ff077210 */
                                                                                        /* 0x000fe40001ffe4ff */
        /*0990*/                   IADD3.X R9, RZ, R9, RZ, P2, !PT ;                    /* 0x00000009ff097210 */
                                                                                        /* 0x000fe200017fe4ff */
        /*09a0*/                   FFMA R21, R21, R20, R26 ;                            /* 0x0000001415157223 */
                                                                                        /* 0x004fe2000000001a */
        /*09b0*/                   FFMA R20, R20, R27, R29 ;                            /* 0x0000001b14147223 */
                                                                                        /* 0x000fc6000000001d */
        /*09c0*/                   FFMA R17, R32, R19, R21 ;                            /* 0x0000001320117223 */
                                                                                        /* 0x000fe20000000015 */
        /*09d0*/                   FFMA R19, R19, R18, R20 ;                            /* 0x0000001213137223 */
                                                                                        /* 0x000fe20000000014 */
        /*09e0*/              @!P1 BRA 0x460 ;                                          /* 0xfffffa7000009947 */
                                                                                        /* 0x000fea000383ffff */
        /*09f0*/                   IADD3 R16, R14, -UR4, RZ ;                           /* 0x800000040e107c10 */
                                                                                        /* 0x000fc8000fffe0ff */
        /*0a00*/                   ISETP.GT.AND P1, PT, R16, 0x4, PT ;                  /* 0x000000041000780c */
                                                                                        /* 0x000fda0003f24270 */
        /*0a10*/              @!P1 BRA 0xd40 ;                                          /* 0x0000032000009947 */
                                                                                        /* 0x000fea0003800000 */
        /*0a20*/                   LDG.E.CONSTANT R16, [R10.64+-0x8] ;                  /* 0xfffff8080a107981 */
                                                                                        /* 0x000ea8000c1e9900 */
        /*0a30*/                   LDG.E.CONSTANT R18, [R6.64+-0x8] ;                   /* 0xfffff80806127981 */
                                                                                        /* 0x000ea8000c1e9900 */
        /*0a40*/                   LDG.E.CONSTANT R20, [R8.64+-0x8] ;                   /* 0xfffff80808147981 */
                                                                                        /* 0x000ee8000c1e9900 */
        /*0a50*/                   LDG.E.CONSTANT R28, [R10.64+-0x4] ;                  /* 0xfffffc080a1c7981 */
                                                                                        /* 0x000ea8000c1e9900 */
        /*0a60*/                   LDG.E.CONSTANT R24, [R6.64+-0x4] ;                   /* 0xfffffc0806187981 */
                                                                                        /* 0x000ea8000c1e9900 */
        /*0a70*/                   LDG.E.CONSTANT R21, [R8.64+-0x4] ;                   /* 0xfffffc0808157981 */
                                                                                        /* 0x000ea8000c1e9900 */
        /*0a80*/                   LDG.E.CONSTANT R26, [R10.64] ;                       /* 0x000000080a1a7981 */
                                                                                        /* 0x000ea8000c1e9900 */
        /*0a90*/                   LDG.E.CONSTANT R23, [R6.64] ;                        /* 0x0000000806177981 */
                                                                                        /* 0x000ea8000c1e9900 */
        /*0aa0*/                   LDG.E.CONSTANT R30, [R8.64] ;                        /* 0x00000008081e7981 */
                                                                                        /* 0x000ea8000c1e9900 */
        /*0ab0*/                   LDG.E.CONSTANT R25, [R10.64+0x4] ;                   /* 0x000004080a197981 */
                                                                                        /* 0x000ea8000c1e9900 */
        /*0ac0*/                   LDG.E.CONSTANT R32, [R6.64+0x4] ;                    /* 0x0000040806207981 */
                                                                                        /* 0x000ea8000c1e9900 */
        /*0ad0*/                   LDG.E.CONSTANT R27, [R8.64+0x4] ;                    /* 0x00000408081b7981 */
                                                                                        /* 0x000ea8000c1e9900 */
        /*0ae0*/                   LDG.E.CONSTANT R29, [R10.64+0x8] ;                   /* 0x000008080a1d7981 */
                                                                                        /* 0x0002a8000c1e9900 */
        /*0af0*/                   LDG.E.CONSTANT R31, [R8.64+0x8] ;                    /* 0x00000808081f7981 */
                                                                                        /* 0x0000a8000c1e9900 */
        /*0b00*/                   LDG.E.CONSTANT R22, [R10.64+0xc] ;                   /* 0x00000c080a167981 */
                                                                                        /* 0x0002a4000c1e9900 */
        /*0b10*/                   FFMA R17, R16, R18, R17 ;                            /* 0x0000001210117223 */
                                                                                        /* 0x024fc40000000011 */
        /*0b20*/                   LDG.E.CONSTANT R16, [R6.64+0x8] ;                    /* 0x0000080806107981 */
                                                                                        /* 0x000522000c1e9900 */
        /*0b30*/                   FFMA R33, R18, R20, R19 ;                            /* 0x0000001412217223 */
                                                                                        /* 0x008fc60000000013 */
        /*0b40*/                   LDG.E.CONSTANT R19, [R6.64+0xc] ;                    /* 0x00000c0806137981 */
                                                                                        /* 0x000728000c1e9900 */
        /*0b50*/                   LDG.E.CONSTANT R20, [R8.64+0xc] ;                    /* 0x00000c0808147981 */
                                                                                        /* 0x000122000c1e9900 */
        /*0b60*/                   FFMA R35, R28, R24, R17 ;                            /* 0x000000181c237223 */
                                                                                        /* 0x004fc60000000011 */
        /*0b70*/                   LDG.E.CONSTANT R18, [R10.64+0x10] ;                  /* 0x000010080a127981 */
                                                                                        /* 0x0002a2000c1e9900 */
        /*0b80*/                   FFMA R34, R24, R21, R33 ;                            /* 0x0000001518227223 */
                                                                                        /* 0x000fc60000000021 */
        /*0b90*/                   LDG.E.CONSTANT R17, [R6.64+0x10] ;                   /* 0x0000100806117981 */
                                                                                        /* 0x0006a8000c1e9900 */
        /*0ba0*/                   LDG.E.CONSTANT R24, [R8.64+0x10] ;                   /* 0x0000100808187981 */
                                                                                        /* 0x0000a2000c1e9900 */
        /*0bb0*/                   FFMA R36, R26, R23, R35 ;                            /* 0x000000171a247223 */
                                                                                        /* 0x000fc60000000023 */
        /*0bc0*/                   LDG.E.CONSTANT R28, [R10.64+0x14] ;                  /* 0x000014080a1c7981 */
                                                                                        /* 0x0002a8000c1e9900 */
        /*0bd0*/                   LDG.E.CONSTANT R21, [R6.64+0x14] ;                   /* 0x0000140806157981 */
                                                                                        /* 0x0006a8000c1e9900 */
        /*0be0*/                   LDG.E.CONSTANT R26, [R8.64+0x14] ;                   /* 0x00001408081a7981 */
                                                                                        /* 0x0000a2000c1e9900 */
        /*0bf0*/                   FFMA R23, R23, R30, R34 ;                            /* 0x0000001e17177223 */
                                                                                        /* 0x000fe20000000022 */
        /*0c00*/                   FFMA R36, R25, R32, R36 ;                            /* 0x0000002019247223 */
                                                                                        /* 0x000fc60000000024 */
        /*0c10*/                   FFMA R27, R32, R27, R23 ;                            /* 0x0000001b201b7223 */
                                                                                        /* 0x000fe20000000017 */
        /*0c20*/                   IADD3 R23, P0, R8, 0x20, RZ ;                        /* 0x0000002008177810 */
                                                                                        /* 0x000fe40007f1e0ff */
        /*0c30*/                   IADD3 R10, P1, R10, 0x20, RZ ;                       /* 0x000000200a0a7810 */
                                                                                        /* 0x002fe40007f3e0ff */
        /*0c40*/                   IADD3 R6, P2, R6, 0x20, RZ ;                         /* 0x0000002006067810 */
                                                                                        /* 0x008fe40007f5e0ff */
        /*0c50*/                   IADD3.X R11, RZ, R11, RZ, P1, !PT ;                  /* 0x0000000bff0b7210 */
                                                                                        /* 0x000fe40000ffe4ff */
        /*0c60*/                   IADD3.X R7, RZ, R7, RZ, P2, !PT ;                    /* 0x00000007ff077210 */
                                                                                        /* 0x000fe400017fe4ff */
        /*0c70*/                   MOV R8, R23 ;                                        /* 0x0000001700087202 */
                                                                                        /* 0x001fe20000000f00 */
        /*0c80*/                   UIADD3 UR4, UR4, 0x8, URZ ;                          /* 0x0000000804047890 */
                                                                                        /* 0x000fe2000fffe03f */
        /*0c90*/                   FFMA R29, R29, R16, R36 ;                            /* 0x000000101d1d7223 */
                                                                                        /* 0x010fe20000000024 */
        /*0ca0*/                   FFMA R16, R16, R31, R27 ;                            /* 0x0000001f10107223 */
                                                                                        /* 0x000fc6000000001b */
        /*0cb0*/                   FFMA R29, R22, R19, R29 ;                            /* 0x00000013161d7223 */
                                                                                        /* 0x000fe2000000001d */
        /*0cc0*/                   IMAD.X R22, RZ, RZ, R9, P0 ;                         /* 0x000000ffff167224 */
                                                                                        /* 0x000fe200000e0609 */
        /*0cd0*/                   FFMA R16, R19, R20, R16 ;                            /* 0x0000001413107223 */
                                                                                        /* 0x000fe20000000010 */
        /*0ce0*/                   PLOP3.LUT P0, PT, PT, PT, PT, 0x8, 0x0 ;             /* 0x000000000000781c */
                                                                                        /* 0x000fc60003f0e170 */
        /*0cf0*/                   MOV R9, R22 ;                                        /* 0x0000001600097202 */
                                                                                        /* 0x000fe20000000f00 */
        /*0d00*/                   FFMA R29, R18, R17, R29 ;                            /* 0x00000011121d7223 */
                                                                                        /* 0x004fe2000000001d */
        /*0d10*/                   FFMA R16, R17, R24, R16 ;                            /* 0x0000001811107223 */
                                                                                        /* 0x000fc60000000010 */
        /*0d20*/                   FFMA R17, R28, R21, R29 ;                            /* 0x000000151c117223 */
                                                                                        /* 0x000fe2000000001d */
        /*0d30*/                   FFMA R19, R21, R26, R16 ;                            /* 0x0000001a15137223 */
                                                                                        /* 0x000fe20000000010 */
        /*0d40*/                   ISETP.NE.U32.OR P0, PT, R14, UR4, P0 ;               /* 0x000000040e007c0c */
                                                                                        /* 0x000fe40008705470 */
        /*0d50*/                   ISETP.NE.U32.AND P1, PT, R15, RZ, PT ;               /* 0x000000ff0f00720c */
                                                                                        /* 0x000fd60003f25070 */
        /*0d60*/              @!P0 BRA 0xf50 ;                                          /* 0x000001e000008947 */
                                                                                        /* 0x000fea0003800000 */
        /*0d70*/                   LDG.E.CONSTANT R18, [R10.64+-0x8] ;                  /* 0xfffff8080a127981 */
                                                                                        /* 0x000ea8000c1e9900 */
        /*0d80*/                   LDG.E.CONSTANT R22, [R6.64+-0x8] ;                   /* 0xfffff80806167981 */
                                                                                        /* 0x0002a8000c1e9900 */
        /*0d90*/                   LDG.E.CONSTANT R24, [R8.64+-0x8] ;                   /* 0xfffff80808187981 */
                                                                                        /* 0x000728000c1e9900 */
        /*0da0*/                   LDG.E.CONSTANT R26, [R10.64+-0x4] ;                  /* 0xfffffc080a1a7981 */
                                                                                        /* 0x000128000c1e9900 */
        /*0db0*/                   LDG.E.CONSTANT R27, [R6.64+-0x4] ;                   /* 0xfffffc08061b7981 */
                                                                                        /* 0x000328000c1e9900 */
        /*0dc0*/                   LDG.E.CONSTANT R28, [R8.64+-0x4] ;                   /* 0xfffffc08081c7981 */
                                                                                        /* 0x000728000c1e9900 */
        /*0dd0*/                   LDG.E.CONSTANT R29, [R10.64] ;                       /* 0x000000080a1d7981 */
                                                                                        /* 0x000128000c1e9900 */
        /*0de0*/                   LDG.E.CONSTANT R25, [R6.64] ;                        /* 0x0000000806197981 */
                                                                                        /* 0x000328000c1e9900 */
        /*0df0*/                   LDG.E.CONSTANT R20, [R8.64] ;                        /* 0x0000000808147981 */
                                                                                        /* 0x000728000c1e9900 */
        /*0e00*/                   LDG.E.CONSTANT R23, [R10.64+0x4] ;                   /* 0x000004080a177981 */
                                                                                        /* 0x000128000c1e9900 */
        /*0e10*/                   LDG.E.CONSTANT R16, [R6.64+0x4] ;                    /* 0x0000040806107981 */
                                                                                        /* 0x000328000c1e9900 */
        /*0e20*/                   LDG.E.CONSTANT R21, [R8.64+0x4] ;                    /* 0x0000040808157981 */
                                                                                        /* 0x000722000c1e9900 */
        /*0e30*/                   UIADD3 UR4, UR4, 0x4, URZ ;                          /* 0x0000000404047890 */
                                                                                        /* 0x000fe2000fffe03f */
        /*0e40*/                   IADD3 R6, P3, R6, 0x10, RZ ;                         /* 0x0000001006067810 */
                                                                                        /* 0x002fc40007f7e0ff */
        /*0e50*/                   IADD3 R8, P2, R8, 0x10, RZ ;                         /* 0x0000001008087810 */
                                                                                        /* 0x008fe40007f5e0ff */
        /*0e60*/                   IADD3.X R7, RZ, R7, RZ, P3, !PT ;                    /* 0x00000007ff077210 */
                                                                                        /* 0x000fe40001ffe4ff */
        /*0e70*/                   IADD3.X R9, RZ, R9, RZ, P2, !PT ;                    /* 0x00000009ff097210 */
                                                                                        /* 0x000fe200017fe4ff */
        /*0e80*/                   FFMA R17, R18, R22, R17 ;                            /* 0x0000001612117223 */
                                                                                        /* 0x024fe20000000011 */
        /*0e90*/                   IADD3 R18, P0, R10, 0x10, RZ ;                       /* 0x000000100a127810 */
                                                                                        /* 0x000fe20007f1e0ff */
        /*0ea0*/                   FFMA R24, R22, R24, R19 ;                            /* 0x0000001816187223 */
                                                                                        /* 0x010fc60000000013 */
        /*0eb0*/                   MOV R10, R18 ;                                       /* 0x00000012000a7202 */
                                                                                        /* 0x001fe20000000f00 */
        /*0ec0*/                   IMAD.X R11, RZ, RZ, R11, P0 ;                        /* 0x000000ffff0b7224 */
                                                                                        /* 0x000fe200000e060b */
        /*0ed0*/                   ISETP.NE.U32.AND P0, PT, R14, UR4, PT ;              /* 0x000000040e007c0c */
                                                                                        /* 0x000fe2000bf05070 */
        /*0ee0*/                   FFMA R26, R26, R27, R17 ;                            /* 0x0000001b1a1a7223 */
                                                                                        /* 0x000fe20000000011 */
        /*0ef0*/                   FFMA R24, R27, R28, R24 ;                            /* 0x0000001c1b187223 */
                                                                                        /* 0x000fc60000000018 */
        /*0f00*/                   FFMA R26, R29, R25, R26 ;                            /* 0x000000191d1a7223 */
                                                                                        /* 0x000fe2000000001a */
        /*0f10*/                   FFMA R19, R25, R20, R24 ;                            /* 0x0000001419137223 */
                                                                                        /* 0x000fc60000000018 */
        /*0f20*/                   FFMA R17, R23, R16, R26 ;                            /* 0x0000001017117223 */
                                                                                        /* 0x000fe2000000001a */
        /*0f30*/                   FFMA R19, R16, R21, R19 ;                            /* 0x0000001510137223 */
                                                                                        /* 0x000fc60000000013 */
        /*0f40*/               @P0 BRA 0xd70 ;                                          /* 0xfffffe2000000947 */
                                                                                        /* 0x000fea000383ffff */
        /*0f50*/              @!P1 BRA 0x1130 ;                                         /* 0x000001d000009947 */
                                                                                        /* 0x000fea0003800000 */
        /*0f60*/                   IADD3 R9, P0, R12, R14, RZ ;                         /* 0x0000000e0c097210 */
                                                                                        /* 0x000fe20007f1e0ff */
        /*0f70*/                   IMAD.WIDE.U32 R6, R14, R13, c[0x0][0x188] ;          /* 0x000062000e067625 */
                                                                                        /* 0x000fc600078e000d */
        /*0f80*/                   SHF.L.U32 R8, R9.reuse, 0x2, RZ ;                    /* 0x0000000209087819 */
                                                                                        /* 0x040fe200000006ff */
        /*0f90*/                   IMAD.MOV.U32 R16, RZ, RZ, R6 ;                       /* 0x000000ffff107224 */
                                                                                        /* 0x000fe200078e0006 */
        /*0fa0*/                   LEA.HI.X.SX32 R10, R12, RZ, 0x1, P0 ;                /* 0x000000ff0c0a7211 */
                                                                                        /* 0x000fe400000f0eff */
        /*0fb0*/                   IADD3 R14, P0, R8.reuse, c[0x0][0x170], RZ ;         /* 0x00005c00080e7a10 */
                                                                                        /* 0x040fe40007f1e0ff */
        /*0fc0*/                   SHF.L.U64.HI R13, R9, 0x2, R10 ;                     /* 0x00000002090d7819 */
                                                                                        /* 0x000fe4000001020a */
        /*0fd0*/                   IADD3 R12, P1, R8, c[0x0][0x178], RZ ;               /* 0x00005e00080c7a10 */
                                                                                        /* 0x000fe40007f3e0ff */
        /*0fe0*/                   MOV R9, R7 ;                                         /* 0x0000000700097202 */
                                                                                        /* 0x000fc40000000f00 */
        /*0ff0*/                   IADD3.X R7, R13.reuse, c[0x0][0x174], RZ, P0, !PT ;  /* 0x00005d000d077a10 */
                                                                                        /* 0x040fe400007fe4ff */
        /*1000*/                   IADD3.X R13, R13, c[0x0][0x17c], RZ, P1, !PT ;       /* 0x00005f000d0d7a10 */
                                                                                        /* 0x000fe40000ffe4ff */
        /*1010*/                   MOV R6, R14 ;                                        /* 0x0000000e00067202 */
                                                                                        /* 0x000fe40000000f00 */
        /*1020*/                   MOV R8, R16 ;                                        /* 0x0000001000087202 */
                                                                                        /* 0x000fe40000000f00 */
        /*1030*/                   MOV R10, R12 ;                                       /* 0x0000000c000a7202 */
                                                                                        /* 0x000fe40000000f00 */
        /*1040*/                   MOV R11, R13 ;                                       /* 0x0000000d000b7202 */
                                                                                        /* 0x000fe20000000f00 */
        /*1050*/                   LDG.E.CONSTANT R6, [R6.64] ;                         /* 0x0000000806067981 */
                                                                                        /* 0x0002a8000c1e9900 */
        /*1060*/                   LDG.E.CONSTANT R8, [R8.64] ;                         /* 0x0000000808087981 */
                                                                                        /* 0x0006a8000c1e9900 */
        /*1070*/                   LDG.E.CONSTANT R10, [R10.64] ;                       /* 0x000000080a0a7981 */
                                                                                        /* 0x000f22000c1e9900 */
        /*1080*/                   IADD3 R15, R15, -0x1, RZ ;                           /* 0xffffffff0f0f7810 */
                                                                                        /* 0x000fc40007ffe0ff */
        /*1090*/                   IADD3 R16, P1, R16, 0x4, RZ ;                        /* 0x0000000410107810 */
                                                                                        /* 0x000fe40007f3e0ff */
        /*10a0*/                   ISETP.NE.U32.AND P0, PT, R15, RZ, PT ;               /* 0x000000ff0f00720c */
                                                                                        /* 0x000fe40003f05070 */
        /*10b0*/                   IADD3 R14, P2, R14, 0x4, RZ ;                        /* 0x000000040e0e7810 */
                                                                                        /* 0x000fe20007f5e0ff */
        /*10c0*/                   IMAD.X R9, RZ, RZ, R9, P1 ;                          /* 0x000000ffff097224 */
                                                                                        /* 0x008fe200008e0609 */
        /*10d0*/                   IADD3 R12, P3, R12, 0x4, RZ ;                        /* 0x000000040c0c7810 */
                                                                                        /* 0x000fe40007f7e0ff */
        /*10e0*/                   IADD3.X R7, RZ, R7, RZ, P2, !PT ;                    /* 0x00000007ff077210 */
                                                                                        /* 0x002fe400017fe4ff */
        /*10f0*/                   IADD3.X R13, RZ, R13, RZ, P3, !PT ;                  /* 0x0000000dff0d7210 */
                                                                                        /* 0x000fe20001ffe4ff */
        /*1100*/                   FFMA R17, R6, R8, R17 ;                              /* 0x0000000806117223 */
                                                                                        /* 0x024fe20000000011 */
        /*1110*/                   FFMA R19, R8, R10, R19 ;                             /* 0x0000000a08137223 */
                                                                                        /* 0x010fc60000000013 */
        /*1120*/               @P0 BRA 0x1010 ;                                         /* 0xfffffee000000947 */
                                                                                        /* 0x000fea000383ffff */
        /*1130*/                   STG.E [R2.64], R17 ;                                 /* 0x0000001102007986 */
                                                                                        /* 0x0203e2000c101908 */
        /*1140*/                   SHF.R.S32.HI R7, RZ, 0x1f, R0 ;                      /* 0x0000001fff077819 */
                                                                                        /* 0x000fe40000011400 */
        /*1150*/                   MOV R6, R0 ;                                         /* 0x0000000000067202 */
                                                                                        /* 0x000fe20000000f00 */
        /*1160*/                   STG.E [R4.64], R19 ;                                 /* 0x0000001304007986 */
                                                                                        /* 0x0003e2000c101908 */
        /*1170*/                   BRA 0x11f0 ;                                         /* 0x0000007000007947 */
                                                                                        /* 0x000fea0003800000 */
        /*1180*/                   MOV R5, 0x4 ;                                        /* 0x0000000400057802 */
                                                                                        /* 0x000fca0000000f00 */
        /*1190*/                   IMAD.WIDE R2, R0, R5, c[0x0][0x180] ;                /* 0x0000600000027625 */
                                                                                        /* 0x000fc800078e0205 */
        /*11a0*/                   IMAD.WIDE R4, R0, R5, c[0x0][0x190] ;                /* 0x0000640000047625 */
                                                                                        /* 0x000fe200078e0205 */
        /*11b0*/                   LDG.E R17, [R2.64] ;                                 /* 0x0000000802117981 */
                                                                                        /* 0x000168000c1e1900 */
        /*11c0*/                   LDG.E R19, [R4.64] ;                                 /* 0x0000000804137981 */
                                                                                        /* 0x000162000c1e1900 */
        /*11d0*/                   SHF.R.S32.HI R7, RZ, 0x1f, R0 ;                      /* 0x0000001fff077819 */
                                                                                        /* 0x000fe40000011400 */
        /*11e0*/                   MOV R6, R0 ;                                         /* 0x0000000000067202 */
                                                                                        /* 0x000fc80000000f00 */
        /*11f0*/                   LEA R2, P0, R6, c[0x0][0x190], 0x2 ;                 /* 0x0000640006027a11 */
                                                                                        /* 0x003fe200078010ff */
        /*1200*/                   FMUL R0, R19, c[0x0][0x168] ;                        /* 0x00005a0013007a20 */
                                                                                        /* 0x020fc60000400000 */
        /*1210*/                   LEA.HI.X R3, R6, c[0x0][0x194], R7, 0x2, P0 ;        /* 0x0000650006037a11 */
                                                                                        /* 0x000fe200000f1407 */
        /*1220*/                   FFMA R17, R17, c[0x0][0x164], R0 ;                   /* 0x0000590011117a23 */
                                                                                        /* 0x000fca0000000000 */
        /*1230*/                   STG.E [R2.64], R17 ;                                 /* 0x0000001102007986 */
                                                                                        /* 0x000fe2000c101908 */
        /*1240*/                   EXIT ;                                               /* 0x000000000000794d */
                                                                                        /* 0x000fea0003800000 */
        /*1250*/                   BRA 0x1250;                                          /* 0xfffffff000007947 */
                                                                                        /* 0x000fc0000383ffff */
        /*1260*/                   NOP;                                                 /* 0x0000000000007918 */
                                                                                        /* 0x000fc00000000000 */
        /*1270*/                   NOP;                                                 /* 0x0000000000007918 */
                                                                                        /* 0x000fc00000000000 */
        /*1280*/                   NOP;                                                 /* 0x0000000000007918 */
                                                                                        /* 0x000fc00000000000 */
        /*1290*/                   NOP;                                                 /* 0x0000000000007918 */
                                                                                        /* 0x000fc00000000000 */
        /*12a0*/                   NOP;                                                 /* 0x0000000000007918 */
                                                                                        /* 0x000fc00000000000 */
        /*12b0*/                   NOP;                                                 /* 0x0000000000007918 */
                                                                                        /* 0x000fc00000000000 */
        /*12c0*/                   NOP;                                                 /* 0x0000000000007918 */
                                                                                        /* 0x000fc00000000000 */
        /*12d0*/                   NOP;                                                 /* 0x0000000000007918 */
                                                                                        /* 0x000fc00000000000 */
        /*12e0*/                   NOP;                                                 /* 0x0000000000007918 */
                                                                                        /* 0x000fc00000000000 */
        /*12f0*/                   NOP;                                                 /* 0x0000000000007918 */
                                                                                        /* 0x000fc00000000000 */
		..........


		Function : _Z14gesummv_kerneliffPfS_S_S_S_
	.headerflags	@"EF_CUDA_TEXMODE_UNIFIED EF_CUDA_64BIT_ADDRESS EF_CUDA_SM86 EF_CUDA_VIRTUAL_SM(EF_CUDA_SM86)"
        /*0000*/                   MOV R1, c[0x0][0x28] ;                               /* 0x00000a0000017a02 */
                                                                                        /* 0x000fe40000000f00 */
        /*0010*/                   S2R R2, SR_CTAID.X ;                                 /* 0x0000000000027919 */
                                                                                        /* 0x000e280000002500 */
        /*0020*/                   S2R R3, SR_TID.X ;                                   /* 0x0000000000037919 */
                                                                                        /* 0x000e240000002100 */
        /*0030*/                   IMAD R2, R2, c[0x0][0x0], R3 ;                       /* 0x0000000002027a24 */
                                                                                        /* 0x001fca00078e0203 */
        /*0040*/                   ISETP.GE.AND P0, PT, R2, c[0x0][0x160], PT ;         /* 0x0000580002007a0c */
                                                                                        /* 0x000fda0003f06270 */
        /*0050*/               @P0 EXIT ;                                               /* 0x000000000000094d */
                                                                                        /* 0x000fea0003800000 */
        /*0060*/                   ISETP.LT.AND P0, PT, RZ, c[0x0][0x160], PT ;         /* 0x00005800ff007a0c */
                                                                                        /* 0x000fe20003f01270 */
        /*0070*/                   ULDC.64 UR6, c[0x0][0x118] ;                         /* 0x0000460000067ab9 */
                                                                                        /* 0x000fd80000000a00 */
        /*0080*/              @!P0 BRA 0xff0 ;                                          /* 0x00000f6000008947 */
                                                                                        /* 0x000fea0003800000 */
        /*0090*/                   IMAD.MOV.U32 R18, RZ, RZ, c[0x0][0x160] ;            /* 0x00005800ff127624 */
                                                                                        /* 0x000fe200078e00ff */
        /*00a0*/                   MOV R0, 0x4 ;                                        /* 0x0000000400007802 */
                                                                                        /* 0x000fe20000000f00 */
        /*00b0*/                   IMAD.SHL.U32 R11, R2, 0x1000, RZ ;                   /* 0x00001000020b7824 */
                                                                                        /* 0x000fe200078e00ff */
        /*00c0*/                   SHF.R.S32.HI R3, RZ, 0x1f, R2 ;                      /* 0x0000001fff037819 */
                                                                                        /* 0x000fe40000011402 */
        /*00d0*/                   ISETP.NE.U32.AND P0, PT, R18, 0x1, PT ;              /* 0x000000011200780c */
                                                                                        /* 0x000fe20003f05070 */
        /*00e0*/                   IMAD.WIDE R4, R2, R0, c[0x0][0x180] ;                /* 0x0000600002047625 */
                                                                                        /* 0x000fe200078e0200 */
        /*00f0*/                   MOV R10, RZ ;                                        /* 0x000000ff000a7202 */
                                                                                        /* 0x000fc60000000f00 */
        /*0100*/                   IMAD.WIDE R6, R2, R0, c[0x0][0x190] ;                /* 0x0000640002067625 */
                                                                                        /* 0x000fd000078e0200 */
        /*0110*/              @!P0 BRA 0xf00 ;                                          /* 0x00000de000008947 */
                                                                                        /* 0x000fea0003800000 */
        /*0120*/                   LOP3.LUT R10, R18, 0x7ffffffe, RZ, 0xc0, !PT ;       /* 0x7ffffffe120a7812 */
                                                                                        /* 0x000fe200078ec0ff */
        /*0130*/                   IMAD.WIDE R12, R11, R0, c[0x2][0x0] ;                /* 0x008000000b0c7625 */
                                                                                        /* 0x000fe200078e0200 */
        /*0140*/                   IADD3 R8, P0, R0, c[0x0][0x188], RZ ;                /* 0x0000620000087a10 */
                                                                                        /* 0x000fe20007f1e0ff */
        /*0150*/                   UMOV UR4, URZ ;                                      /* 0x0000003f00047c82 */
                                                                                        /* 0x000fe20008000000 */
        /*0160*/                   ISETP.GT.U32.AND P1, PT, R10, RZ, PT ;               /* 0x000000ff0a00720c */
                                                                                        /* 0x000fe40003f24070 */
        /*0170*/                   IADD3 R14, P2, R12.reuse, c[0x0][0x178], RZ ;        /* 0x00005e000c0e7a10 */
                                                                                        /* 0x040fe20007f5e0ff */
        /*0180*/                   IMAD.X R9, RZ, RZ, c[0x0][0x18c], P0 ;               /* 0x00006300ff097624 */
                                                                                        /* 0x000fe200000e06ff */
        /*0190*/                   IADD3 R12, P3, R12, c[0x0][0x170], RZ ;              /* 0x00005c000c0c7a10 */
                                                                                        /* 0x000fe40007f7e0ff */
        /*01a0*/                   IADD3.X R15, R13, c[0x0][0x17c], RZ, P2, !PT ;       /* 0x00005f000d0f7a10 */
                                                                                        /* 0x000fc400017fe4ff */
        /*01b0*/                   IADD3.X R13, R13, c[0x0][0x174], RZ, P3, !PT ;       /* 0x00005d000d0d7a10 */
                                                                                        /* 0x000fe40001ffe4ff */
        /*01c0*/                   PLOP3.LUT P0, PT, PT, PT, PT, 0x80, 0x0 ;            /* 0x000000000000781c */
                                                                                        /* 0x000fc60003f0f070 */
        /*01d0*/               @P1 BRA 0x3b0 ;                                          /* 0x000001d000001947 */
                                                                                        /* 0x000fea0003800000 */
        /*01e0*/                   LDG.E R17, [R8.64+-0x4] ;                            /* 0xfffffc0608117981 */
                                                                                        /* 0x000ea8000c1e1900 */
        /*01f0*/                   LDG.E R19, [R4.64] ;                                 /* 0x0000000604137981 */
                                                                                        /* 0x000ea8000c1e1900 */
        /*0200*/                   LDG.E R16, [R12.64+-0x4] ;                           /* 0xfffffc060c107981 */
                                                                                        /* 0x000ea4000c1e1900 */
        /*0210*/                   FFMA R17, R16, R17, R19 ;                            /* 0x0000001110117223 */
                                                                                        /* 0x004fca0000000013 */
        /*0220*/                   STG.E [R4.64], R17 ;                                 /* 0x0000001104007986 */
                                                                                        /* 0x0001e8000c101906 */
        /*0230*/                   LDG.E R19, [R8.64+-0x4] ;                            /* 0xfffffc0608137981 */
                                                                                        /* 0x000ea8000c1e1900 */
        /*0240*/                   LDG.E R21, [R6.64] ;                                 /* 0x0000000606157981 */
                                                                                        /* 0x000ea8000c1e1900 */
        /*0250*/                   LDG.E R16, [R14.64+-0x4] ;                           /* 0xfffffc060e107981 */
                                                                                        /* 0x000ea4000c1e1900 */
        /*0260*/                   FFMA R19, R16, R19, R21 ;                            /* 0x0000001310137223 */
                                                                                        /* 0x004fca0000000015 */
        /*0270*/                   STG.E [R6.64], R19 ;                                 /* 0x0000001306007986 */
                                                                                        /* 0x0003e8000c101906 */
        /*0280*/                   LDG.E R16, [R12.64] ;                                /* 0x000000060c107981 */
                                                                                        /* 0x000ea8000c1e1900 */
        /*0290*/                   LDG.E R21, [R8.64] ;                                 /* 0x0000000608157981 */
                                                                                        /* 0x000ea8000c1e1900 */
        /*02a0*/                   LDG.E R23, [R4.64] ;                                 /* 0x0000000604177981 */
                                                                                        /* 0x000ea4000c1e1900 */
        /*02b0*/                   FFMA R21, R16, R21, R23 ;                            /* 0x0000001510157223 */
                                                                                        /* 0x004fca0000000017 */
        /*02c0*/                   STG.E [R4.64], R21 ;                                 /* 0x0000001504007986 */
                                                                                        /* 0x0003e8000c101906 */
        /*02d0*/                   LDG.E R17, [R14.64] ;                                /* 0x000000060e117981 */
                                                                                        /* 0x0010a8000c1e1900 */
        /*02e0*/                   LDG.E R16, [R8.64] ;                                 /* 0x0000000608107981 */
                                                                                        /* 0x000ea8000c1e1900 */
        /*02f0*/                   LDG.E R20, [R6.64] ;                                 /* 0x0000000606147981 */
                                                                                        /* 0x000ea2000c1e1900 */
        /*0300*/                   IADD3 R12, P3, R12, 0x8, RZ ;                        /* 0x000000080c0c7810 */
                                                                                        /* 0x000fe20007f7e0ff */
        /*0310*/                   UMOV UR4, 0x2 ;                                      /* 0x0000000200047882 */
                                                                                        /* 0x000fe20000000000 */
        /*0320*/                   IADD3 R14, P2, R14, 0x8, RZ ;                        /* 0x000000080e0e7810 */
                                                                                        /* 0x001fc40007f5e0ff */
        /*0330*/                   PLOP3.LUT P0, PT, PT, PT, PT, 0x8, 0x0 ;             /* 0x000000000000781c */
                                                                                        /* 0x000fe20003f0e170 */
        /*0340*/                   IMAD.X R13, RZ, RZ, R13, P3 ;                        /* 0x000000ffff0d7224 */
                                                                                        /* 0x000fe200018e060d */
        /*0350*/                   IADD3.X R15, RZ, R15, RZ, P2, !PT ;                  /* 0x0000000fff0f7210 */
                                                                                        /* 0x000fe200017fe4ff */
        /*0360*/                   FFMA R17, R17, R16, R20 ;                            /* 0x0000001011117223 */
                                                                                        /* 0x004fe20000000014 */
        /*0370*/                   IADD3 R16, P1, R8, 0x8, RZ ;                         /* 0x0000000808107810 */
                                                                                        /* 0x000fc80007f3e0ff */
        /*0380*/                   STG.E [R6.64], R17 ;                                 /* 0x0000001106007986 */
                                                                                        /* 0x0003e2000c101906 */
        /*0390*/                   IADD3.X R9, RZ, R9, RZ, P1, !PT ;                    /* 0x00000009ff097210 */
                                                                                        /* 0x000fe20000ffe4ff */
        /*03a0*/                   IMAD.MOV.U32 R8, RZ, RZ, R16 ;                       /* 0x000000ffff087224 */
                                                                                        /* 0x000fe400078e0010 */
        /*03b0*/                   IADD3 R16, R10, -UR4, RZ ;                           /* 0x800000040a107c10 */
                                                                                        /* 0x000fc8000fffe0ff */
        /*03c0*/                   ISETP.GT.AND P1, PT, R16, 0x6, PT ;                  /* 0x000000061000780c */
                                                                                        /* 0x000fda0003f24270 */
        /*03d0*/              @!P1 BRA 0x9a0 ;                                          /* 0x000005c000009947 */
                                                                                        /* 0x000fea0003800000 */
        /*03e0*/                   PLOP3.LUT P0, PT, PT, PT, PT, 0x8, 0x0 ;             /* 0x000000000000781c */
                                                                                        /* 0x000fe40003f0e170 */
        /*03f0*/                   IADD3 R20, R10, -0x6, RZ ;                           /* 0xfffffffa0a147810 */
                                                                                        /* 0x000fe40007ffe0ff */
        /*0400*/                   LDG.E R17, [R8.64+-0x4] ;                            /* 0xfffffc0608117981 */
                                                                                        /* 0x002ea8000c1e1900 */
        /*0410*/                   LDG.E R19, [R4.64] ;                                 /* 0x0000000604137981 */
                                                                                        /* 0x000ea8000c1e1900 */
        /*0420*/                   LDG.E R16, [R12.64+-0x4] ;                           /* 0xfffffc060c107981 */
                                                                                        /* 0x000ea4000c1e1900 */
        /*0430*/                   FFMA R17, R16, R17, R19 ;                            /* 0x0000001110117223 */
                                                                                        /* 0x004fca0000000013 */
        /*0440*/                   STG.E [R4.64], R17 ;                                 /* 0x0000001104007986 */
                                                                                        /* 0x0001e8000c101906 */
        /*0450*/                   LDG.E R16, [R14.64+-0x4] ;                           /* 0xfffffc060e107981 */
                                                                                        /* 0x000ea8000c1e1900 */
        /*0460*/                   LDG.E R19, [R8.64+-0x4] ;                            /* 0xfffffc0608137981 */
                                                                                        /* 0x000ea8000c1e1900 */
        /*0470*/                   LDG.E R21, [R6.64] ;                                 /* 0x0000000606157981 */
                                                                                        /* 0x000ea4000c1e1900 */
        /*0480*/                   FFMA R19, R16, R19, R21 ;                            /* 0x0000001310137223 */
                                                                                        /* 0x004fca0000000015 */
        /*0490*/                   STG.E [R6.64], R19 ;                                 /* 0x0000001306007986 */
                                                                                        /* 0x0003e8000c101906 */
        /*04a0*/                   LDG.E R16, [R12.64] ;                                /* 0x000000060c107981 */
                                                                                        /* 0x000ea8000c1e1900 */
        /*04b0*/                   LDG.E R21, [R8.64] ;                                 /* 0x0000000608157981 */
                                                                                        /* 0x000ea8000c1e1900 */
        /*04c0*/                   LDG.E R23, [R4.64] ;                                 /* 0x0000000604177981 */
                                                                                        /* 0x000ea4000c1e1900 */
        /*04d0*/                   FFMA R21, R16, R21, R23 ;                            /* 0x0000001510157223 */
                                                                                        /* 0x004fca0000000017 */
        /*04e0*/                   STG.E [R4.64], R21 ;                                 /* 0x0000001504007986 */
                                                                                        /* 0x0005e8000c101906 */
        /*04f0*/                   LDG.E R16, [R14.64] ;                                /* 0x000000060e107981 */
                                                                                        /* 0x000ee8000c1e1900 */
        /*0500*/                   LDG.E R17, [R8.64] ;                                 /* 0x0000000608117981 */
                                                                                        /* 0x001ee8000c1e1900 */
        /*0510*/                   LDG.E R23, [R6.64] ;                                 /* 0x0000000606177981 */
                                                                                        /* 0x000ee4000c1e1900 */
        /*0520*/                   FFMA R17, R16, R17, R23 ;                            /* 0x0000001110117223 */
                                                                                        /* 0x008fca0000000017 */
        /*0530*/                   STG.E [R6.64], R17 ;                                 /* 0x0000001106007986 */
                                                                                        /* 0x0001e8000c101906 */
        /*0540*/                   LDG.E R16, [R12.64+0x4] ;                            /* 0x000004060c107981 */
                                                                                        /* 0x000ee8000c1e1900 */
        /*0550*/                   LDG.E R19, [R8.64+0x4] ;                             /* 0x0000040608137981 */
                                                                                        /* 0x002ee8000c1e1900 */
        /*0560*/                   LDG.E R23, [R4.64] ;                                 /* 0x0000000604177981 */
                                                                                        /* 0x000ee4000c1e1900 */
        /*0570*/                   FFMA R19, R16, R19, R23 ;                            /* 0x0000001310137223 */
                                                                                        /* 0x008fca0000000017 */
        /*0580*/                   STG.E [R4.64], R19 ;                                 /* 0x0000001304007986 */
                                                                                        /* 0x0003e8000c101906 */
        /*0590*/                   LDG.E R16, [R14.64+0x4] ;                            /* 0x000004060e107981 */
                                                                                        /* 0x000ee8000c1e1900 */
        /*05a0*/                   LDG.E R21, [R8.64+0x4] ;                             /* 0x0000040608157981 */
                                                                                        /* 0x004ee8000c1e1900 */
        /*05b0*/                   LDG.E R23, [R6.64] ;                                 /* 0x0000000606177981 */
                                                                                        /* 0x000ee4000c1e1900 */
        /*05c0*/                   FFMA R21, R16, R21, R23 ;                            /* 0x0000001510157223 */
                                                                                        /* 0x008fca0000000017 */
        /*05d0*/                   STG.E [R6.64], R21 ;                                 /* 0x0000001506007986 */
                                                                                        /* 0x0005e8000c101906 */
        /*05e0*/                   LDG.E R16, [R12.64+0x8] ;                            /* 0x000008060c107981 */
                                                                                        /* 0x000ee8000c1e1900 */
        /*05f0*/                   LDG.E R17, [R8.64+0x8] ;                             /* 0x0000080608117981 */
                                                                                        /* 0x001ee8000c1e1900 */
        /*0600*/                   LDG.E R23, [R4.64] ;                                 /* 0x0000000604177981 */
                                                                                        /* 0x000ee4000c1e1900 */
        /*0610*/                   FFMA R17, R16, R17, R23 ;                            /* 0x0000001110117223 */
                                                                                        /* 0x008fca0000000017 */
        /*0620*/                   STG.E [R4.64], R17 ;                                 /* 0x0000001104007986 */
                                                                                        /* 0x0001e8000c101906 */
        /*0630*/                   LDG.E R16, [R14.64+0x8] ;                            /* 0x000008060e107981 */
                                                                                        /* 0x000ee8000c1e1900 */
        /*0640*/                   LDG.E R19, [R8.64+0x8] ;                             /* 0x0000080608137981 */
                                                                                        /* 0x002ee8000c1e1900 */
        /*0650*/                   LDG.E R23, [R6.64] ;                                 /* 0x0000000606177981 */
                                                                                        /* 0x000ee4000c1e1900 */
        /*0660*/                   FFMA R19, R16, R19, R23 ;                            /* 0x0000001310137223 */
                                                                                        /* 0x008fca0000000017 */
        /*0670*/                   STG.E [R6.64], R19 ;                                 /* 0x0000001306007986 */
                                                                                        /* 0x0003e8000c101906 */
        /*0680*/                   LDG.E R16, [R12.64+0xc] ;                            /* 0x00000c060c107981 */
                                                                                        /* 0x000ee8000c1e1900 */
        /*0690*/                   LDG.E R21, [R8.64+0xc] ;                             /* 0x00000c0608157981 */
                                                                                        /* 0x004ee8000c1e1900 */
        /*06a0*/                   LDG.E R23, [R4.64] ;                                 /* 0x0000000604177981 */
                                                                                        /* 0x000ee4000c1e1900 */
        /*06b0*/                   FFMA R21, R16, R21, R23 ;                            /* 0x0000001510157223 */
                                                                                        /* 0x008fca0000000017 */
        /*06c0*/                   STG.E [R4.64], R21 ;                                 /* 0x0000001504007986 */
                                                                                        /* 0x0005e8000c101906 */
        /*06d0*/                   LDG.E R16, [R14.64+0xc] ;                            /* 0x00000c060e107981 */
                                                                                        /* 0x000ee8000c1e1900 */
        /*06e0*/                   LDG.E R17, [R8.64+0xc] ;                             /* 0x00000c0608117981 */
                                                                                        /* 0x001ee8000c1e1900 */
        /*06f0*/                   LDG.E R23, [R6.64] ;                                 /* 0x0000000606177981 */
                                                                                        /* 0x000ee4000c1e1900 */
        /*0700*/                   FFMA R17, R16, R17, R23 ;                            /* 0x0000001110117223 */
                                                                                        /* 0x008fca0000000017 */
        /*0710*/                   STG.E [R6.64], R17 ;                                 /* 0x0000001106007986 */
                                                                                        /* 0x0001e8000c101906 */
        /*0720*/                   LDG.E R16, [R12.64+0x10] ;                           /* 0x000010060c107981 */
                                                                                        /* 0x000ee8000c1e1900 */
        /*0730*/                   LDG.E R19, [R8.64+0x10] ;                            /* 0x0000100608137981 */
                                                                                        /* 0x002ee8000c1e1900 */
        /*0740*/                   LDG.E R23, [R4.64] ;                                 /* 0x0000000604177981 */
                                                                                        /* 0x000ee4000c1e1900 */
        /*0750*/                   FFMA R19, R16, R19, R23 ;                            /* 0x0000001310137223 */
                                                                                        /* 0x008fca0000000017 */
        /*0760*/                   STG.E [R4.64], R19 ;                                 /* 0x0000001304007986 */
                                                                                        /* 0x0003e8000c101906 */
        /*0770*/                   LDG.E R16, [R14.64+0x10] ;                           /* 0x000010060e107981 */
                                                                                        /* 0x000ee8000c1e1900 */
        /*0780*/                   LDG.E R21, [R8.64+0x10] ;                            /* 0x0000100608157981 */
                                                                                        /* 0x004ee8000c1e1900 */
        /*0790*/                   LDG.E R23, [R6.64] ;                                 /* 0x0000000606177981 */
                                                                                        /* 0x000ee4000c1e1900 */
        /*07a0*/                   FFMA R21, R16, R21, R23 ;                            /* 0x0000001510157223 */
                                                                                        /* 0x008fca0000000017 */
        /*07b0*/                   STG.E [R6.64], R21 ;                                 /* 0x0000001506007986 */
                                                                                        /* 0x0005e8000c101906 */
        /*07c0*/                   LDG.E R16, [R12.64+0x14] ;                           /* 0x000014060c107981 */
                                                                                        /* 0x000ee8000c1e1900 */
        /*07d0*/                   LDG.E R17, [R8.64+0x14] ;                            /* 0x0000140608117981 */
                                                                                        /* 0x001ee8000c1e1900 */
        /*07e0*/                   LDG.E R23, [R4.64] ;                                 /* 0x0000000604177981 */
                                                                                        /* 0x000ee4000c1e1900 */
        /*07f0*/                   FFMA R17, R16, R17, R23 ;                            /* 0x0000001110117223 */
                                                                                        /* 0x008fca0000000017 */
        /*0800*/                   STG.E [R4.64], R17 ;                                 /* 0x0000001104007986 */
                                                                                        /* 0x0001e8000c101906 */
        /*0810*/                   LDG.E R16, [R14.64+0x14] ;                           /* 0x000014060e107981 */
                                                                                        /* 0x000ee8000c1e1900 */
        /*0820*/                   LDG.E R19, [R8.64+0x14] ;                            /* 0x0000140608137981 */
                                                                                        /* 0x002ee8000c1e1900 */
        /*0830*/                   LDG.E R23, [R6.64] ;                                 /* 0x0000000606177981 */
                                                                                        /* 0x000ee4000c1e1900 */
        /*0840*/                   FFMA R19, R16, R19, R23 ;                            /* 0x0000001310137223 */
                                                                                        /* 0x008fca0000000017 */
        /*0850*/                   STG.E [R6.64], R19 ;                                 /* 0x0000001306007986 */
                                                                                        /* 0x0003e8000c101906 */
        /*0860*/                   LDG.E R16, [R12.64+0x18] ;                           /* 0x000018060c107981 */
                                                                                        /* 0x000ee8000c1e1900 */
        /*0870*/                   LDG.E R21, [R8.64+0x18] ;                            /* 0x0000180608157981 */
                                                                                        /* 0x004ee8000c1e1900 */
        /*0880*/                   LDG.E R23, [R4.64] ;                                 /* 0x0000000604177981 */
                                                                                        /* 0x000ee2000c1e1900 */
        /*0890*/                   UIADD3 UR4, UR4, 0x8, URZ ;                          /* 0x0000000804047890 */
                                                                                        /* 0x000fe2000fffe03f */
        /*08a0*/                   FFMA R21, R16, R21, R23 ;                            /* 0x0000001510157223 */
                                                                                        /* 0x008fca0000000017 */
        /*08b0*/                   STG.E [R4.64], R21 ;                                 /* 0x0000001504007986 */
                                                                                        /* 0x0003e8000c101906 */
        /*08c0*/                   LDG.E R16, [R14.64+0x18] ;                           /* 0x000018060e107981 */
                                                                                        /* 0x0004e8000c1e1900 */
        /*08d0*/                   LDG.E R17, [R8.64+0x18] ;                            /* 0x0000180608117981 */
                                                                                        /* 0x001ee8000c1e1900 */
        /*08e0*/                   LDG.E R23, [R6.64] ;                                 /* 0x0000000606177981 */
                                                                                        /* 0x000ee2000c1e1900 */
        /*08f0*/                   ISETP.LE.AND P1, PT, R20, UR4, PT ;                  /* 0x0000000414007c0c */
                                                                                        /* 0x000fc4000bf23270 */
        /*0900*/                   IADD3 R14, P3, R14, 0x20, RZ ;                       /* 0x000000200e0e7810 */
                                                                                        /* 0x004fe40007f7e0ff */
        /*0910*/                   IADD3 R12, P4, R12, 0x20, RZ ;                       /* 0x000000200c0c7810 */
                                                                                        /* 0x000fc60007f9e0ff */
        /*0920*/                   IMAD.X R15, RZ, RZ, R15, P3 ;                        /* 0x000000ffff0f7224 */
                                                                                        /* 0x000fe200018e060f */
        /*0930*/                   IADD3.X R13, RZ, R13, RZ, P4, !PT ;                  /* 0x0000000dff0d7210 */
                                                                                        /* 0x000fe200027fe4ff */
        /*0940*/                   FFMA R17, R16, R17, R23 ;                            /* 0x0000001110117223 */
                                                                                        /* 0x008fe20000000017 */
        /*0950*/                   IADD3 R16, P2, R8, 0x20, RZ ;                        /* 0x0000002008107810 */
                                                                                        /* 0x000fc80007f5e0ff */
        /*0960*/                   STG.E [R6.64], R17 ;                                 /* 0x0000001106007986 */
                                                                                        /* 0x0003e2000c101906 */
        /*0970*/                   IADD3.X R9, RZ, R9, RZ, P2, !PT ;                    /* 0x00000009ff097210 */
                                                                                        /* 0x000fe200017fe4ff */
        /*0980*/                   IMAD.MOV.U32 R8, RZ, RZ, R16 ;                       /* 0x000000ffff087224 */
                                                                                        /* 0x000fe200078e0010 */
        /*0990*/              @!P1 BRA 0x400 ;                                          /* 0xfffffa6000009947 */
                                                                                        /* 0x000fea000383ffff */
        /*09a0*/                   IADD3 R16, R10, -UR4, RZ ;                           /* 0x800000040a107c10 */
                                                                                        /* 0x000fc8000fffe0ff */
        /*09b0*/                   ISETP.GT.AND P1, PT, R16, 0x2, PT ;                  /* 0x000000021000780c */
                                                                                        /* 0x000fda0003f24270 */
        /*09c0*/              @!P1 BRA 0xce0 ;                                          /* 0x0000031000009947 */
                                                                                        /* 0x000fea0003800000 */
        /*09d0*/                   LDG.E R17, [R8.64+-0x4] ;                            /* 0xfffffc0608117981 */
                                                                                        /* 0x002ea8000c1e1900 */
        /*09e0*/                   LDG.E R19, [R4.64] ;                                 /* 0x0000000604137981 */
                                                                                        /* 0x000ea8000c1e1900 */
        /*09f0*/                   LDG.E R16, [R12.64+-0x4] ;                           /* 0xfffffc060c107981 */
                                                                                        /* 0x000ea4000c1e1900 */
        /*0a00*/                   FFMA R17, R16, R17, R19 ;                            /* 0x0000001110117223 */
                                                                                        /* 0x004fca0000000013 */
        /*0a10*/                   STG.E [R4.64], R17 ;                                 /* 0x0000001104007986 */
                                                                                        /* 0x0001e8000c101906 */
        /*0a20*/                   LDG.E R19, [R8.64+-0x4] ;                            /* 0xfffffc0608137981 */
                                                                                        /* 0x000ea8000c1e1900 */
        /*0a30*/                   LDG.E R21, [R6.64] ;                                 /* 0x0000000606157981 */
                                                                                        /* 0x000ea8000c1e1900 */
        /*0a40*/                   LDG.E R16, [R14.64+-0x4] ;                           /* 0xfffffc060e107981 */
                                                                                        /* 0x000ea4000c1e1900 */
        /*0a50*/                   FFMA R19, R16, R19, R21 ;                            /* 0x0000001310137223 */
                                                                                        /* 0x004fca0000000015 */
        /*0a60*/                   STG.E [R6.64], R19 ;                                 /* 0x0000001306007986 */
                                                                                        /* 0x0003e8000c101906 */
        /*0a70*/                   LDG.E R16, [R12.64] ;                                /* 0x000000060c107981 */
                                                                                        /* 0x000ea8000c1e1900 */
        /*0a80*/                   LDG.E R21, [R8.64] ;                                 /* 0x0000000608157981 */
                                                                                        /* 0x000ea8000c1e1900 */
        /*0a90*/                   LDG.E R23, [R4.64] ;                                 /* 0x0000000604177981 */
                                                                                        /* 0x000ea4000c1e1900 */
        /*0aa0*/                   FFMA R21, R16, R21, R23 ;                            /* 0x0000001510157223 */
                                                                                        /* 0x004fca0000000017 */
        /*0ab0*/                   STG.E [R4.64], R21 ;                                 /* 0x0000001504007986 */
                                                                                        /* 0x0005e8000c101906 */
        /*0ac0*/                   LDG.E R16, [R14.64] ;                                /* 0x000000060e107981 */
                                                                                        /* 0x000ee8000c1e1900 */
        /*0ad0*/                   LDG.E R17, [R8.64] ;                                 /* 0x0000000608117981 */
                                                                                        /* 0x001ee8000c1e1900 */
        /*0ae0*/                   LDG.E R23, [R6.64] ;                                 /* 0x0000000606177981 */
                                                                                        /* 0x000ee4000c1e1900 */
        /*0af0*/                   FFMA R17, R16, R17, R23 ;                            /* 0x0000001110117223 */
                                                                                        /* 0x008fca0000000017 */
        /*0b00*/                   STG.E [R6.64], R17 ;                                 /* 0x0000001106007986 */
                                                                                        /* 0x0001e8000c101906 */
        /*0b10*/                   LDG.E R16, [R12.64+0x4] ;                            /* 0x000004060c107981 */
                                                                                        /* 0x000ee8000c1e1900 */
        /*0b20*/                   LDG.E R19, [R8.64+0x4] ;                             /* 0x0000040608137981 */
                                                                                        /* 0x002ee8000c1e1900 */
        /*0b30*/                   LDG.E R23, [R4.64] ;                                 /* 0x0000000604177981 */
                                                                                        /* 0x000ee4000c1e1900 */
        /*0b40*/                   FFMA R19, R16, R19, R23 ;                            /* 0x0000001310137223 */
                                                                                        /* 0x008fca0000000017 */
        /*0b50*/                   STG.E [R4.64], R19 ;                                 /* 0x0000001304007986 */
                                                                                        /* 0x0003e8000c101906 */
        /*0b60*/                   LDG.E R16, [R14.64+0x4] ;                            /* 0x000004060e107981 */
                                                                                        /* 0x000ee8000c1e1900 */
        /*0b70*/                   LDG.E R21, [R8.64+0x4] ;                             /* 0x0000040608157981 */
                                                                                        /* 0x004ee8000c1e1900 */
        /*0b80*/                   LDG.E R23, [R6.64] ;                                 /* 0x0000000606177981 */
                                                                                        /* 0x000ee4000c1e1900 */
        /*0b90*/                   FFMA R21, R16, R21, R23 ;                            /* 0x0000001510157223 */
                                                                                        /* 0x008fca0000000017 */
        /*0ba0*/                   STG.E [R6.64], R21 ;                                 /* 0x0000001506007986 */
                                                                                        /* 0x0003e8000c101906 */
        /*0bb0*/                   LDG.E R16, [R12.64+0x8] ;                            /* 0x000008060c107981 */
                                                                                        /* 0x000ea8000c1e1900 */
        /*0bc0*/                   LDG.E R17, [R8.64+0x8] ;                             /* 0x0000080608117981 */
                                                                                        /* 0x001ea8000c1e1900 */
        /*0bd0*/                   LDG.E R23, [R4.64] ;                                 /* 0x0000000604177981 */
                                                                                        /* 0x000ea4000c1e1900 */
        /*0be0*/                   FFMA R23, R16, R17, R23 ;                            /* 0x0000001110177223 */
                                                                                        /* 0x004fca0000000017 */
        /*0bf0*/                   STG.E [R4.64], R23 ;                                 /* 0x0000001704007986 */
                                                                                        /* 0x0003e8000c101906 */
        /*0c00*/                   LDG.E R17, [R14.64+0x8] ;                            /* 0x000008060e117981 */
                                                                                        /* 0x0000a8000c1e1900 */
        /*0c10*/                   LDG.E R16, [R8.64+0x8] ;                             /* 0x0000080608107981 */
                                                                                        /* 0x000ea8000c1e1900 */
        /*0c20*/                   LDG.E R20, [R6.64] ;                                 /* 0x0000000606147981 */
                                                                                        /* 0x000ea2000c1e1900 */
        /*0c30*/                   IADD3 R12, P3, R12, 0x10, RZ ;                       /* 0x000000100c0c7810 */
                                                                                        /* 0x000fe20007f7e0ff */
        /*0c40*/                   UIADD3 UR4, UR4, 0x4, URZ ;                          /* 0x0000000404047890 */
                                                                                        /* 0x000fe2000fffe03f */
        /*0c50*/                   IADD3 R14, P2, R14, 0x10, RZ ;                       /* 0x000000100e0e7810 */
                                                                                        /* 0x001fc40007f5e0ff */
        /*0c60*/                   PLOP3.LUT P0, PT, PT, PT, PT, 0x8, 0x0 ;             /* 0x000000000000781c */
                                                                                        /* 0x000fe20003f0e170 */
        /*0c70*/                   IMAD.X R13, RZ, RZ, R13, P3 ;                        /* 0x000000ffff0d7224 */
                                                                                        /* 0x000fe200018e060d */
        /*0c80*/                   IADD3.X R15, RZ, R15, RZ, P2, !PT ;                  /* 0x0000000fff0f7210 */
                                                                                        /* 0x000fe200017fe4ff */
        /*0c90*/                   FFMA R17, R17, R16, R20 ;                            /* 0x0000001011117223 */
                                                                                        /* 0x004fe20000000014 */
        /*0ca0*/                   IADD3 R16, P1, R8, 0x10, RZ ;                        /* 0x0000001008107810 */
                                                                                        /* 0x000fc80007f3e0ff */
        /*0cb0*/                   STG.E [R6.64], R17 ;                                 /* 0x0000001106007986 */
                                                                                        /* 0x0003e2000c101906 */
        /*0cc0*/                   IADD3.X R9, RZ, R9, RZ, P1, !PT ;                    /* 0x00000009ff097210 */
                                                                                        /* 0x000fe20000ffe4ff */
        /*0cd0*/                   IMAD.MOV.U32 R8, RZ, RZ, R16 ;                       /* 0x000000ffff087224 */
                                                                                        /* 0x000fe400078e0010 */
        /*0ce0*/                   ISETP.NE.U32.OR P0, PT, R10, UR4, P0 ;               /* 0x000000040a007c0c */
                                                                                        /* 0x000fe40008705470 */
        /*0cf0*/                   LOP3.LUT P1, RZ, R18, 0x1, RZ, 0xc0, !PT ;           /* 0x0000000112ff7812 */
                                                                                        /* 0x000fd6000782c0ff */
        /*0d00*/              @!P0 BRA 0xef0 ;                                          /* 0x000001e000008947 */
                                                                                        /* 0x000fea0003800000 */
        /*0d10*/                   LDG.E R17, [R8.64+-0x4] ;                            /* 0xfffffc0608117981 */
                                                                                        /* 0x002ea8000c1e1900 */
        /*0d20*/                   LDG.E R19, [R4.64] ;                                 /* 0x0000000604137981 */
                                                                                        /* 0x000ea8000c1e1900 */
        /*0d30*/                   LDG.E R16, [R12.64+-0x4] ;                           /* 0xfffffc060c107981 */
                                                                                        /* 0x000ea4000c1e1900 */
        /*0d40*/                   FFMA R17, R16, R17, R19 ;                            /* 0x0000001110117223 */
                                                                                        /* 0x004fca0000000013 */
        /*0d50*/                   STG.E [R4.64], R17 ;                                 /* 0x0000001104007986 */
                                                                                        /* 0x0001e8000c101906 */
        /*0d60*/                   LDG.E R16, [R14.64+-0x4] ;                           /* 0xfffffc060e107981 */
                                                                                        /* 0x000ea8000c1e1900 */
        /*0d70*/                   LDG.E R19, [R8.64+-0x4] ;                            /* 0xfffffc0608137981 */
                                                                                        /* 0x000ea8000c1e1900 */
        /*0d80*/                   LDG.E R21, [R6.64] ;                                 /* 0x0000000606157981 */
                                                                                        /* 0x000ea4000c1e1900 */
        /*0d90*/                   FFMA R19, R16, R19, R21 ;                            /* 0x0000001310137223 */
                                                                                        /* 0x004fca0000000015 */
        /*0da0*/                   STG.E [R6.64], R19 ;                                 /* 0x0000001306007986 */
                                                                                        /* 0x0003e8000c101906 */
        /*0db0*/                   LDG.E R16, [R12.64] ;                                /* 0x000000060c107981 */
                                                                                        /* 0x000ea8000c1e1900 */
        /*0dc0*/                   LDG.E R21, [R8.64] ;                                 /* 0x0000000608157981 */
                                                                                        /* 0x000ea8000c1e1900 */
        /*0dd0*/                   LDG.E R23, [R4.64] ;                                 /* 0x0000000604177981 */
                                                                                        /* 0x000ea2000c1e1900 */
        /*0de0*/                   UIADD3 UR4, UR4, 0x2, URZ ;                          /* 0x0000000204047890 */
                                                                                        /* 0x000fe2000fffe03f */
        /*0df0*/                   FFMA R21, R16, R21, R23 ;                            /* 0x0000001510157223 */
                                                                                        /* 0x004fca0000000017 */
        /*0e00*/                   STG.E [R4.64], R21 ;                                 /* 0x0000001504007986 */
                                                                                        /* 0x0003e8000c101906 */
        /*0e10*/                   LDG.E R16, [R14.64] ;                                /* 0x000000060e107981 */
                                                                                        /* 0x0004e8000c1e1900 */
        /*0e20*/                   LDG.E R17, [R8.64] ;                                 /* 0x0000000608117981 */
                                                                                        /* 0x001ee8000c1e1900 */
        /*0e30*/                   LDG.E R23, [R6.64] ;                                 /* 0x0000000606177981 */
                                                                                        /* 0x000ee2000c1e1900 */
        /*0e40*/                   ISETP.NE.U32.AND P0, PT, R10, UR4, PT ;              /* 0x000000040a007c0c */
                                                                                        /* 0x000fc4000bf05070 */
        /*0e50*/                   IADD3 R14, P3, R14, 0x8, RZ ;                        /* 0x000000080e0e7810 */
                                                                                        /* 0x004fe40007f7e0ff */
        /*0e60*/                   IADD3 R12, P4, R12, 0x8, RZ ;                        /* 0x000000080c0c7810 */
                                                                                        /* 0x000fc60007f9e0ff */
        /*0e70*/                   IMAD.X R15, RZ, RZ, R15, P3 ;                        /* 0x000000ffff0f7224 */
                                                                                        /* 0x000fe200018e060f */
        /*0e80*/                   IADD3.X R13, RZ, R13, RZ, P4, !PT ;                  /* 0x0000000dff0d7210 */
                                                                                        /* 0x000fe200027fe4ff */
        /*0e90*/                   FFMA R17, R16, R17, R23 ;                            /* 0x0000001110117223 */
                                                                                        /* 0x008fe20000000017 */
        /*0ea0*/                   IADD3 R16, P2, R8, 0x8, RZ ;                         /* 0x0000000808107810 */
                                                                                        /* 0x000fc80007f5e0ff */
        /*0eb0*/                   STG.E [R6.64], R17 ;                                 /* 0x0000001106007986 */
                                                                                        /* 0x0003e2000c101906 */
        /*0ec0*/                   IADD3.X R9, RZ, R9, RZ, P2, !PT ;                    /* 0x00000009ff097210 */
                                                                                        /* 0x000fe400017fe4ff */
        /*0ed0*/                   MOV R8, R16 ;                                        /* 0x0000001000087202 */
                                                                                        /* 0x000fe20000000f00 */
        /*0ee0*/               @P0 BRA 0xd10 ;                                          /* 0xfffffe2000000947 */
                                                                                        /* 0x000fea000383ffff */
        /*0ef0*/              @!P1 BRA 0x1030 ;                                         /* 0x0000013000009947 */
                                                                                        /* 0x000fea0003800000 */
        /*0f00*/                   IMAD.IADD R13, R11, 0x1, R10 ;                       /* 0x000000010b0d7824 */
                                                                                        /* 0x000fe200078e020a */
        /*0f10*/                   LDG.E R17, [R4.64] ;                                 /* 0x0000000604117981 */
                                                                                        /* 0x002ea2000c1e1900 */
        /*0f20*/                   IMAD.WIDE.U32 R10, R10, R0, c[0x0][0x188] ;          /* 0x000062000a0a7625 */
                                                                                        /* 0x000fc800078e0000 */
        /*0f30*/                   IMAD.WIDE R8, R13.reuse, R0.reuse, c[0x0][0x170] ;   /* 0x00005c000d087625 */
                                                                                        /* 0x0c0fe200078e0200 */
        /*0f40*/                   LDG.E R15, [R10.64] ;                                /* 0x000000060a0f7981 */
                                                                                        /* 0x000eaa000c1e1900 */
        /*0f50*/                   LDG.E R8, [R8.64] ;                                  /* 0x0000000608087981 */
                                                                                        /* 0x000ea2000c1e1900 */
        /*0f60*/                   IMAD.WIDE R12, R13, R0, c[0x0][0x178] ;              /* 0x00005e000d0c7625 */
                                                                                        /* 0x000fe200078e0200 */
        /*0f70*/                   FFMA R15, R8, R15, R17 ;                             /* 0x0000000f080f7223 */
                                                                                        /* 0x004fca0000000011 */
        /*0f80*/                   STG.E [R4.64], R15 ;                                 /* 0x0000000f04007986 */
                                                                                        /* 0x0001e8000c101906 */
        /*0f90*/                   LDG.E R12, [R12.64] ;                                /* 0x000000060c0c7981 */
                                                                                        /* 0x000ea8000c1e1900 */
        /*0fa0*/                   LDG.E R17, [R10.64] ;                                /* 0x000000060a117981 */
                                                                                        /* 0x000ea8000c1e1900 */
        /*0fb0*/                   LDG.E R19, [R6.64] ;                                 /* 0x0000000606137981 */
                                                                                        /* 0x000ea4000c1e1900 */
        /*0fc0*/                   FFMA R17, R12, R17, R19 ;                            /* 0x000000110c117223 */
                                                                                        /* 0x004fca0000000013 */
        /*0fd0*/                   STG.E [R6.64], R17 ;                                 /* 0x0000001106007986 */
                                                                                        /* 0x0001e2000c101906 */
        /*0fe0*/                   BRA 0x1030 ;                                         /* 0x0000004000007947 */
                                                                                        /* 0x000fea0003800000 */
        /*0ff0*/                   MOV R5, 0x4 ;                                        /* 0x0000000400057802 */
                                                                                        /* 0x000fca0000000f00 */
        /*1000*/                   IMAD.WIDE R4, R2, R5, c[0x0][0x190] ;                /* 0x0000640002047625 */
                                                                                        /* 0x000fca00078e0205 */
        /*1010*/                   LDG.E R17, [R4.64] ;                                 /* 0x0000000604117981 */
                                                                                        /* 0x000162000c1e1900 */
        /*1020*/                   SHF.R.S32.HI R3, RZ, 0x1f, R2 ;                      /* 0x0000001fff037819 */
                                                                                        /* 0x000fc60000011402 */
        /*1030*/                   SHF.L.U32 R4, R2.reuse, 0x2, RZ ;                    /* 0x0000000202047819 */
                                                                                        /* 0x043fe400000006ff */
        /*1040*/                   SHF.L.U64.HI R0, R2, 0x2, R3 ;                       /* 0x0000000202007819 */
                                                                                        /* 0x000fe40000010203 */
        /*1050*/                   IADD3 R2, P0, R4, c[0x0][0x180], RZ ;                /* 0x0000600004027a10 */
                                                                                        /* 0x000fc80007f1e0ff */
        /*1060*/                   IADD3.X R3, R0, c[0x0][0x184], RZ, P0, !PT ;         /* 0x0000610000037a10 */
                                                                                        /* 0x000fca00007fe4ff */
        /*1070*/                   LDG.E R2, [R2.64] ;                                  /* 0x0000000602027981 */
                                                                                        /* 0x000ea2000c1e1900 */
        /*1080*/                   IADD3 R4, P0, R4, c[0x0][0x190], RZ ;                /* 0x0000640004047a10 */
                                                                                        /* 0x000fe20007f1e0ff */
        /*1090*/                   FMUL R17, R17, c[0x0][0x168] ;                       /* 0x00005a0011117a20 */
                                                                                        /* 0x020fc60000400000 */
        /*10a0*/                   IADD3.X R5, R0, c[0x0][0x194], RZ, P0, !PT ;         /* 0x0000650000057a10 */
                                                                                        /* 0x000fe200007fe4ff */
        /*10b0*/                   FFMA R17, R2, c[0x0][0x164], R17 ;                   /* 0x0000590002117a23 */
                                                                                        /* 0x004fca0000000011 */
        /*10c0*/                   STG.E [R4.64], R17 ;                                 /* 0x0000001104007986 */
                                                                                        /* 0x000fe2000c101906 */
        /*10d0*/                   EXIT ;                                               /* 0x000000000000794d */
                                                                                        /* 0x000fea0003800000 */
        /*10e0*/                   BRA 0x10e0;                                          /* 0xfffffff000007947 */
                                                                                        /* 0x000fc0000383ffff */
        /*10f0*/                   NOP;                                                 /* 0x0000000000007918 */
                                                                                        /* 0x000fc00000000000 */
        /*1100*/                   NOP;                                                 /* 0x0000000000007918 */
                                                                                        /* 0x000fc00000000000 */
        /*1110*/                   NOP;                                                 /* 0x0000000000007918 */
                                                                                        /* 0x000fc00000000000 */
        /*1120*/                   NOP;                                                 /* 0x0000000000007918 */
                                                                                        /* 0x000fc00000000000 */
        /*1130*/                   NOP;                                                 /* 0x0000000000007918 */
                                                                                        /* 0x000fc00000000000 */
        /*1140*/                   NOP;                                                 /* 0x0000000000007918 */
                                                                                        /* 0x000fc00000000000 */
        /*1150*/                   NOP;                                                 /* 0x0000000000007918 */
                                                                                        /* 0x000fc00000000000 */
        /*1160*/                   NOP;                                                 /* 0x0000000000007918 */
                                                                                        /* 0x000fc00000000000 */
        /*1170*/                   NOP;                                                 /* 0x0000000000007918 */
                                                                                        /* 0x000fc00000000000 */
		..........


