COMMAND: /root/llvm-project/build/bin/clang-24 --gcc-install-dir=/usr/lib/gcc/x86_64-linux-gnu/13 -x hip --hip-path=/opt/rocm-7.0.2 --offload-arch=gfx942 --rocm-device-lib-path=/opt/rocm-7.0.2/core-7.14/lib/llvm/amdgcn/bitcode -D__AMDGCN_WAVEFRONT_SIZE=64 -I/root/polybenchGpu/CUDA/BICG -std=c++17 -O3 -ftime-report -mllvm -time-passes -c /root/polybenchGpu/HIP/BICG/bicg.hip.cpp -I/root/polybenchGpu -I/root/polybenchGpu/HIP/BICG -o /root/polybench-gpu-audit/temp/compile-hip-gfx942-j1/HIP_BICG_bicg.hip.cpp.og.gfx942.o

SAMPLES (wall seconds): ['1.3763', '1.3638', '1.3671', '1.3703', '1.3978', '1.3727', '1.3688', '1.3717']

STDOUT (last sample):

STDERR (last sample):
/root/polybenchGpu/HIP/BICG/bicg.hip.cpp:89:2: warning: ignoring return value of type 'hipError_t' declared with 'nodiscard' attribute [-Wunused-value]
   89 |         hipGetDeviceProperties(&deviceProp, GPU_DEVICE);
      |         ^~~~~~~~~~~~~~~~~~~~~~~~~~~~~~~~~~~~~~~~~~~~~~~
/opt/rocm-7.0.2/include/hip/hip_runtime_api.h:102:32: note: expanded from macro 'hipGetDeviceProperties'
  102 | #define hipGetDeviceProperties hipGetDevicePropertiesR0600
      |                                ^
/root/polybenchGpu/HIP/BICG/bicg.hip.cpp:91:2: warning: ignoring return value of type 'hipError_t' declared with 'nodiscard' attribute [-Wunused-value]
   91 |         hipSetDevice( GPU_DEVICE );
      |         ^~~~~~~~~~~~~~~~~~~~~~~~~~
/root/polybenchGpu/HIP/BICG/bicg.hip.cpp:187:2: warning: ignoring return value of type 'hipError_t' declared with 'nodiscard' attribute [-Wunused-value]
  187 |         hipMalloc((void **)&A_gpu, sizeof(DATA_TYPE) * NX * NY);
      |         ^~~~~~~~~~~~~~~~~~~~~~~~~~~~~~~~~~~~~~~~~~~~~~~~~~~~~~~
/root/polybenchGpu/HIP/BICG/bicg.hip.cpp:188:2: warning: ignoring return value of type 'hipError_t' declared with 'nodiscard' attribute [-Wunused-value]
  188 |         hipMalloc((void **)&r_gpu, sizeof(DATA_TYPE) * NX);
      |         ^~~~~~~~~~~~~~~~~~~~~~~~~~~~~~~~~~~~~~~~~~~~~~~~~~
/root/polybenchGpu/HIP/BICG/bicg.hip.cpp:189:2: warning: ignoring return value of type 'hipError_t' declared with 'nodiscard' attribute [-Wunused-value]
  189 |         hipMalloc((void **)&s_gpu, sizeof(DATA_TYPE) * NY);
      |         ^~~~~~~~~~~~~~~~~~~~~~~~~~~~~~~~~~~~~~~~~~~~~~~~~~
/root/polybenchGpu/HIP/BICG/bicg.hip.cpp:190:2: warning: ignoring return value of type 'hipError_t' declared with 'nodiscard' attribute [-Wunused-value]
  190 |         hipMalloc((void **)&p_gpu, sizeof(DATA_TYPE) * NY);
      |         ^~~~~~~~~~~~~~~~~~~~~~~~~~~~~~~~~~~~~~~~~~~~~~~~~~
/root/polybenchGpu/HIP/BICG/bicg.hip.cpp:191:2: warning: ignoring return value of type 'hipError_t' declared with 'nodiscard' attribute [-Wunused-value]
  191 |         hipMalloc((void **)&q_gpu, sizeof(DATA_TYPE) * NX);
      |         ^~~~~~~~~~~~~~~~~~~~~~~~~~~~~~~~~~~~~~~~~~~~~~~~~~
/root/polybenchGpu/HIP/BICG/bicg.hip.cpp:192:2: warning: ignoring return value of type 'hipError_t' declared with 'nodiscard' attribute [-Wunused-value]
  192 |         hipMemcpy(A_gpu, A, sizeof(DATA_TYPE) * NX * NY, hipMemcpyHostToDevice);
      |         ^~~~~~~~~~~~~~~~~~~~~~~~~~~~~~~~~~~~~~~~~~~~~~~~~~~~~~~~~~~~~~~~~~~~~~~
/root/polybenchGpu/HIP/BICG/bicg.hip.cpp:193:2: warning: ignoring return value of type 'hipError_t' declared with 'nodiscard' attribute [-Wunused-value]
  193 |         hipMemcpy(r_gpu, r, sizeof(DATA_TYPE) * NX, hipMemcpyHostToDevice);
      |         ^~~~~~~~~~~~~~~~~~~~~~~~~~~~~~~~~~~~~~~~~~~~~~~~~~~~~~~~~~~~~~~~~~
/root/polybenchGpu/HIP/BICG/bicg.hip.cpp:194:2: warning: ignoring return value of type 'hipError_t' declared with 'nodiscard' attribute [-Wunused-value]
  194 |         hipMemcpy(s_gpu, s, sizeof(DATA_TYPE) * NY, hipMemcpyHostToDevice);
      |         ^~~~~~~~~~~~~~~~~~~~~~~~~~~~~~~~~~~~~~~~~~~~~~~~~~~~~~~~~~~~~~~~~~
/root/polybenchGpu/HIP/BICG/bicg.hip.cpp:195:2: warning: ignoring return value of type 'hipError_t' declared with 'nodiscard' attribute [-Wunused-value]
  195 |         hipMemcpy(p_gpu, p, sizeof(DATA_TYPE) * NY, hipMemcpyHostToDevice);
      |         ^~~~~~~~~~~~~~~~~~~~~~~~~~~~~~~~~~~~~~~~~~~~~~~~~~~~~~~~~~~~~~~~~~
/root/polybenchGpu/HIP/BICG/bicg.hip.cpp:196:2: warning: ignoring return value of type 'hipError_t' declared with 'nodiscard' attribute [-Wunused-value]
  196 |         hipMemcpy(q_gpu, q, sizeof(DATA_TYPE) * NX, hipMemcpyHostToDevice);
      |         ^~~~~~~~~~~~~~~~~~~~~~~~~~~~~~~~~~~~~~~~~~~~~~~~~~~~~~~~~~~~~~~~~~
/root/polybenchGpu/HIP/BICG/bicg.hip.cpp:206:2: warning: ignoring return value of type 'hipError_t' declared with 'nodiscard' attribute [-Wunused-value]
  206 |         hipDeviceSynchronize();
      |         ^~~~~~~~~~~~~~~~~~~~~~
/root/polybenchGpu/HIP/BICG/bicg.hip.cpp:208:2: warning: ignoring return value of type 'hipError_t' declared with 'nodiscard' attribute [-Wunused-value]
  208 |         hipDeviceSynchronize();
      |         ^~~~~~~~~~~~~~~~~~~~~~
/root/polybenchGpu/HIP/BICG/bicg.hip.cpp:215:2: warning: ignoring return value of type 'hipError_t' declared with 'nodiscard' attribute [-Wunused-value]
  215 |         hipMemcpy(s_outputFromGpu, s_gpu, sizeof(DATA_TYPE) * NY, hipMemcpyDeviceToHost);
      |         ^~~~~~~~~~~~~~~~~~~~~~~~~~~~~~~~~~~~~~~~~~~~~~~~~~~~~~~~~~~~~~~~~~~~~~~~~~~~~~~~
/root/polybenchGpu/HIP/BICG/bicg.hip.cpp:216:2: warning: ignoring return value of type 'hipError_t' declared with 'nodiscard' attribute [-Wunused-value]
  216 |         hipMemcpy(q_outputFromGpu, q_gpu, sizeof(DATA_TYPE) * NX, hipMemcpyDeviceToHost);
      |         ^~~~~~~~~~~~~~~~~~~~~~~~~~~~~~~~~~~~~~~~~~~~~~~~~~~~~~~~~~~~~~~~~~~~~~~~~~~~~~~~
/root/polybenchGpu/HIP/BICG/bicg.hip.cpp:218:2: warning: ignoring return value of type 'hipError_t' declared with 'nodiscard' attribute [-Wunused-value]
  218 |         hipFree(A_gpu);
      |         ^~~~~~~~~~~~~~
/root/polybenchGpu/HIP/BICG/bicg.hip.cpp:219:2: warning: ignoring return value of type 'hipError_t' declared with 'nodiscard' attribute [-Wunused-value]
  219 |         hipFree(r_gpu);
      |         ^~~~~~~~~~~~~~
/root/polybenchGpu/HIP/BICG/bicg.hip.cpp:220:2: warning: ignoring return value of type 'hipError_t' declared with 'nodiscard' attribute [-Wunused-value]
  220 |         hipFree(s_gpu);
      |         ^~~~~~~~~~~~~~
/root/polybenchGpu/HIP/BICG/bicg.hip.cpp:221:2: warning: ignoring return value of type 'hipError_t' declared with 'nodiscard' attribute [-Wunused-value]
  221 |         hipFree(p_gpu);
      |         ^~~~~~~~~~~~~~
/root/polybenchGpu/HIP/BICG/bicg.hip.cpp:222:2: warning: ignoring return value of type 'hipError_t' declared with 'nodiscard' attribute [-Wunused-value]
  222 |         hipFree(q_gpu);
      |         ^~~~~~~~~~~~~~
21 warnings generated when compiling for gfx942.
===-------------------------------------------------------------------------===
                        Analysis execution timing report
===-------------------------------------------------------------------------===
  Total Execution Time: 0.0083 seconds (0.0083 wall clock)

   ---User Time---   --System Time--   --User+System--   ---Wall Time---  --- Name ---
   0.0022 ( 27.8%)   0.0000 (  5.7%)   0.0022 ( 26.9%)   0.0022 ( 26.8%)  UniformityInfoAnalysis
   0.0017 ( 20.9%)   0.0000 (  7.0%)   0.0017 ( 20.3%)   0.0017 ( 20.3%)  MemorySSAAnalysis
   0.0009 ( 11.6%)   0.0000 (  0.0%)   0.0009 ( 11.2%)   0.0009 ( 11.2%)  VerifierAnalysis
   0.0007 (  9.0%)   0.0000 (  8.3%)   0.0007 (  9.0%)   0.0007 (  8.9%)  TargetIRAnalysis
   0.0003 (  3.5%)   0.0001 ( 26.1%)   0.0004 (  4.4%)   0.0004 (  4.4%)  DominatorTreeAnalysis
   0.0003 (  3.4%)   0.0000 (  2.5%)   0.0003 (  3.4%)   0.0003 (  3.4%)  LoopAnalysis
   0.0002 (  3.1%)   0.0000 (  5.7%)   0.0003 (  3.2%)   0.0003 (  3.2%)  BranchProbabilityAnalysis
   0.0002 (  2.8%)   0.0000 (  7.6%)   0.0002 (  3.0%)   0.0003 (  3.1%)  AAManager
   0.0002 (  2.9%)   0.0000 (  5.7%)   0.0003 (  3.0%)   0.0003 (  3.0%)  BlockFrequencyAnalysis
   0.0002 (  3.0%)   0.0000 (  3.2%)   0.0003 (  3.0%)   0.0002 (  3.0%)  CycleAnalysis
   0.0002 (  2.9%)   0.0000 (  0.0%)   0.0002 (  2.8%)   0.0002 (  2.8%)  ModuleSummaryIndexAnalysis
   0.0002 (  2.4%)   0.0000 (  3.2%)   0.0002 (  2.4%)   0.0002 (  2.4%)  PostDominatorTreeAnalysis
   0.0001 (  1.3%)   0.0000 (  2.9%)   0.0001 (  1.4%)   0.0001 (  1.4%)  ScalarEvolutionAnalysis
   0.0001 (  0.7%)   0.0000 (  1.6%)   0.0001 (  0.8%)   0.0001 (  0.8%)  BasicAA
   0.0001 (  0.7%)   0.0000 (  0.0%)   0.0001 (  0.7%)   0.0001 (  0.7%)  CallGraphAnalysis
   0.0000 (  0.4%)   0.0000 (  3.2%)   0.0000 (  0.5%)   0.0000 (  0.4%)  TargetLibraryAnalysis
   0.0000 (  0.3%)   0.0000 (  4.1%)   0.0000 (  0.4%)   0.0000 (  0.4%)  AssumptionAnalysis
   0.0000 (  0.4%)   0.0000 (  0.6%)   0.0000 (  0.4%)   0.0000 (  0.4%)  LastRunTrackingAnalysis
   0.0000 (  0.3%)   0.0000 (  1.3%)   0.0000 (  0.3%)   0.0000 (  0.4%)  LazyCallGraphAnalysis
   0.0000 (  0.3%)   0.0000 (  0.6%)   0.0000 (  0.3%)   0.0000 (  0.3%)  OptimizationRemarkEmitterAnalysis
   0.0000 (  0.2%)   0.0000 (  0.6%)   0.0000 (  0.2%)   0.0000 (  0.3%)  ScopedNoAliasAA
   0.0000 (  0.3%)   0.0000 (  0.3%)   0.0000 (  0.3%)   0.0000 (  0.3%)  GlobalsAA
   0.0000 (  0.2%)   0.0000 (  1.6%)   0.0000 (  0.3%)   0.0000 (  0.3%)  FunctionAnalysisManagerCGSCCProxy
   0.0000 (  0.2%)   0.0000 (  1.0%)   0.0000 (  0.2%)   0.0000 (  0.2%)  AMDGPUAA
   0.0000 (  0.2%)   0.0000 (  1.0%)   0.0000 (  0.3%)   0.0000 (  0.2%)  TypeBasedAA
   0.0000 (  0.2%)   0.0000 (  1.0%)   0.0000 (  0.3%)   0.0000 (  0.2%)  OuterAnalysisManagerProxy<ModuleAnalysisManager, Function>
   0.0000 (  0.2%)   0.0000 (  1.6%)   0.0000 (  0.3%)   0.0000 (  0.2%)  LazyValueAnalysis
   0.0000 (  0.2%)   0.0000 (  0.0%)   0.0000 (  0.1%)   0.0000 (  0.2%)  InnerAnalysisManagerProxy<LoopAnalysisManager, Function>
   0.0000 (  0.1%)   0.0000 (  1.0%)   0.0000 (  0.1%)   0.0000 (  0.2%)  DemandedBitsAnalysis
   0.0000 (  0.2%)   0.0000 (  0.6%)   0.0000 (  0.2%)   0.0000 (  0.1%)  EphemeralValuesAnalysis
   0.0000 (  0.1%)   0.0000 (  0.6%)   0.0000 (  0.1%)   0.0000 (  0.1%)  MemoryDependenceAnalysis
   0.0000 (  0.1%)   0.0000 (  0.3%)   0.0000 (  0.1%)   0.0000 (  0.1%)  LoopAccessAnalysis
   0.0000 (  0.1%)   0.0000 (  0.3%)   0.0000 (  0.1%)   0.0000 (  0.1%)  OuterAnalysisManagerProxy<ModuleAnalysisManager, LazyCallGraph::SCC, LazyCallGraph &>
   0.0000 (  0.1%)   0.0000 (  0.6%)   0.0000 (  0.1%)   0.0000 (  0.1%)  ShouldNotRunFunctionPassesAnalysis
   0.0000 (  0.0%)   0.0000 (  0.0%)   0.0000 (  0.0%)   0.0000 (  0.0%)  InnerAnalysisManagerProxy<FunctionAnalysisManager, Module>
   0.0000 (  0.0%)   0.0000 (  0.0%)   0.0000 (  0.0%)   0.0000 (  0.0%)  InnerAnalysisManagerProxy<CGSCCAnalysisManager, Module>
   0.0000 (  0.0%)   0.0000 (  0.0%)   0.0000 (  0.0%)   0.0000 (  0.0%)  ProfileSummaryAnalysis
   0.0000 (  0.0%)   0.0000 (  0.0%)   0.0000 (  0.0%)   0.0000 (  0.0%)  InlineAdvisorAnalysis
   0.0079 (100.0%)   0.0003 (100.0%)   0.0083 (100.0%)   0.0083 (100.0%)  Total

===-------------------------------------------------------------------------===
                          Pass execution timing report
===-------------------------------------------------------------------------===
  Total Execution Time: 0.0763 seconds (0.0763 wall clock)

   ---User Time---   --System Time--   --User+System--   ---Wall Time---  --- Name ---
   0.0183 ( 25.1%)   0.0007 ( 19.1%)   0.0190 ( 24.8%)   0.0190 ( 24.8%)  InstCombinePass
   0.0060 (  8.2%)   0.0001 (  1.6%)   0.0060 (  7.9%)   0.0060 (  7.9%)  GVNPass
   0.0052 (  7.1%)   0.0002 (  6.2%)   0.0054 (  7.1%)   0.0054 (  7.1%)  LoopVectorizePass
   0.0036 (  5.0%)   0.0000 (  0.3%)   0.0036 (  4.7%)   0.0036 (  4.7%)  LoopUnrollPass
   0.0030 (  4.2%)   0.0005 ( 12.9%)   0.0035 (  4.6%)   0.0035 (  4.6%)  SimplifyCFGPass
   0.0031 (  4.3%)   0.0001 (  3.6%)   0.0032 (  4.2%)   0.0032 (  4.2%)  InlinerPass
   0.0028 (  3.9%)   0.0000 (  0.2%)   0.0028 (  3.7%)   0.0028 (  3.7%)  LICMPass
   0.0025 (  3.4%)   0.0000 (  1.0%)   0.0025 (  3.3%)   0.0025 (  3.3%)  CorrelatedValuePropagationPass
   0.0023 (  3.2%)   0.0000 (  0.0%)   0.0023 (  3.0%)   0.0023 (  3.0%)  SLPVectorizerPass
   0.0016 (  2.2%)   0.0004 ( 12.1%)   0.0020 (  2.7%)   0.0020 (  2.7%)  EarlyCSEPass
   0.0014 (  1.9%)   0.0006 ( 16.4%)   0.0020 (  2.6%)   0.0020 (  2.6%)  LoopDeletionPass
   0.0019 (  2.6%)   0.0000 (  0.7%)   0.0019 (  2.6%)   0.0019 (  2.6%)  AMDGPUUniformIntrinsicCombinePass
   0.0019 (  2.6%)   0.0000 (  0.1%)   0.0019 (  2.5%)   0.0019 (  2.5%)  IndVarSimplifyPass
   0.0018 (  2.4%)   0.0000 (  0.3%)   0.0018 (  2.3%)   0.0018 (  2.3%)  DSEPass
   0.0015 (  2.1%)   0.0000 (  0.0%)   0.0015 (  2.0%)   0.0015 (  2.0%)  BitcodeWriterPass
   0.0014 (  1.9%)   0.0000 (  0.7%)   0.0014 (  1.9%)   0.0014 (  1.9%)  SCCPPass
   0.0013 (  1.8%)   0.0000 (  0.0%)   0.0013 (  1.7%)   0.0013 (  1.7%)  LoopIdiomRecognizePass
   0.0009 (  1.3%)   0.0000 (  0.0%)   0.0009 (  1.2%)   0.0009 (  1.2%)  VerifierPass
   0.0009 (  1.2%)   0.0000 (  0.8%)   0.0009 (  1.2%)   0.0009 (  1.2%)  ReassociatePass
   0.0008 (  1.2%)   0.0000 (  0.1%)   0.0008 (  1.1%)   0.0008 (  1.1%)  LoopFullUnrollPass
   0.0007 (  1.0%)   0.0000 (  0.1%)   0.0007 (  0.9%)   0.0007 (  0.9%)  LCSSAPass
   0.0007 (  0.9%)   0.0000 (  0.1%)   0.0007 (  0.9%)   0.0007 (  0.9%)  LoopSimplifyPass
   0.0006 (  0.9%)   0.0000 (  0.4%)   0.0007 (  0.9%)   0.0007 (  0.9%)  BDCEPass
   0.0006 (  0.8%)   0.0000 (  1.1%)   0.0006 (  0.8%)   0.0006 (  0.8%)  ConstraintEliminationPass
   0.0006 (  0.8%)   0.0001 (  2.1%)   0.0006 (  0.8%)   0.0006 (  0.8%)  AMDGPUPromoteKernelArgumentsPass
   0.0006 (  0.8%)   0.0000 (  0.0%)   0.0006 (  0.8%)   0.0006 (  0.8%)  LoopInstSimplifyPass
   0.0003 (  0.5%)   0.0002 (  5.9%)   0.0006 (  0.7%)   0.0006 (  0.7%)  IPSCCPPass
   0.0005 (  0.7%)   0.0000 (  0.0%)   0.0005 (  0.7%)   0.0005 (  0.7%)  InstSimplifyPass
   0.0005 (  0.6%)   0.0000 (  0.4%)   0.0005 (  0.6%)   0.0005 (  0.6%)  ADCEPass
   0.0004 (  0.6%)   0.0000 (  0.4%)   0.0005 (  0.6%)   0.0005 (  0.6%)  MemCpyOptPass
   0.0004 (  0.6%)   0.0000 (  0.2%)   0.0004 (  0.6%)   0.0004 (  0.6%)  InferAlignmentPass
   0.0004 (  0.5%)   0.0001 (  1.6%)   0.0004 (  0.6%)   0.0004 (  0.5%)  PostOrderFunctionAttrsPass
   0.0004 (  0.5%)   0.0001 (  1.4%)   0.0004 (  0.5%)   0.0004 (  0.5%)  InferAddressSpacesPass
   0.0004 (  0.5%)   0.0000 (  0.3%)   0.0004 (  0.5%)   0.0004 (  0.5%)  AggressiveInstCombinePass
   0.0003 (  0.4%)   0.0001 (  2.2%)   0.0003 (  0.4%)   0.0003 (  0.4%)  SROAPass
   0.0003 (  0.4%)   0.0000 (  0.4%)   0.0003 (  0.4%)   0.0003 (  0.4%)  GlobalOptPass
   0.0003 (  0.4%)   0.0001 (  1.6%)   0.0003 (  0.4%)   0.0003 (  0.4%)  LoopRotatePass
   0.0003 (  0.4%)   0.0000 (  0.4%)   0.0003 (  0.4%)   0.0003 (  0.4%)  TailCallElimPass
   0.0002 (  0.3%)   0.0000 (  0.0%)   0.0002 (  0.3%)   0.0002 (  0.3%)  LoopSimplifyCFGPass
   0.0002 (  0.2%)   0.0000 (  0.4%)   0.0002 (  0.3%)   0.0002 (  0.3%)  CalledValuePropagationPass
   0.0002 (  0.2%)   0.0000 (  0.0%)   0.0002 (  0.2%)   0.0002 (  0.2%)  AlwaysInlinerPass
   0.0001 (  0.2%)   0.0000 (  0.2%)   0.0002 (  0.2%)   0.0002 (  0.2%)  VectorCombinePass
   0.0002 (  0.2%)   0.0000 (  0.0%)   0.0002 (  0.2%)   0.0002 (  0.2%)  SimpleLoopUnswitchPass
   0.0001 (  0.2%)   0.0000 (  0.2%)   0.0001 (  0.2%)   0.0001 (  0.2%)  SpeculativeExecutionPass
   0.0001 (  0.2%)   0.0000 (  0.2%)   0.0001 (  0.2%)   0.0001 (  0.2%)  AMDGPUSimplifyLibCallsPass
   0.0001 (  0.1%)   0.0000 (  0.2%)   0.0001 (  0.1%)   0.0001 (  0.1%)  LibCallsShrinkWrapPass
   0.0001 (  0.1%)   0.0000 (  0.3%)   0.0001 (  0.1%)   0.0001 (  0.1%)  AMDGPUPromoteAllocaToVectorPass
   0.0001 (  0.1%)   0.0000 (  0.1%)   0.0001 (  0.1%)   0.0001 (  0.1%)  LoopLoadEliminationPass
   0.0001 (  0.1%)   0.0000 (  0.4%)   0.0001 (  0.1%)   0.0001 (  0.1%)  LoopDistributePass
   0.0001 (  0.1%)   0.0000 (  0.0%)   0.0001 (  0.1%)   0.0001 (  0.1%)  Float2IntPass
   0.0001 (  0.1%)   0.0000 (  0.0%)   0.0001 (  0.1%)   0.0001 (  0.1%)  RequireAnalysisPass<llvm::GlobalsAA, llvm::Module, llvm::AnalysisManager<Module>>
   0.0001 (  0.1%)   0.0000 (  0.0%)   0.0001 (  0.1%)   0.0001 (  0.1%)  DeadArgumentEliminationPass
   0.0000 (  0.1%)   0.0000 (  0.0%)   0.0000 (  0.1%)   0.0001 (  0.1%)  ReversePostOrderFunctionAttrsPass
   0.0000 (  0.1%)   0.0000 (  0.0%)   0.0000 (  0.1%)   0.0000 (  0.1%)  InferFunctionAttrsPass
   0.0000 (  0.1%)   0.0000 (  0.1%)   0.0000 (  0.1%)   0.0000 (  0.1%)  AMDGPULowerKernelAttributesPass
   0.0000 (  0.1%)   0.0000 (  0.0%)   0.0000 (  0.1%)   0.0000 (  0.1%)  RecomputeGlobalsAAPass
   0.0000 (  0.1%)   0.0000 (  0.1%)   0.0000 (  0.1%)   0.0000 (  0.1%)  WarnMissedTransformationsPass
   0.0000 (  0.1%)   0.0000 (  0.0%)   0.0000 (  0.1%)   0.0000 (  0.0%)  GlobalDCEPass
   0.0000 (  0.0%)   0.0000 (  0.1%)   0.0000 (  0.0%)   0.0000 (  0.0%)  JumpTableToSwitchPass
   0.0000 (  0.0%)   0.0000 (  1.0%)   0.0000 (  0.1%)   0.0000 (  0.0%)  LowerExpectIntrinsicPass
   0.0000 (  0.0%)   0.0000 (  0.1%)   0.0000 (  0.0%)   0.0000 (  0.0%)  AMDGPUUseNativeCallsPass
   0.0000 (  0.0%)   0.0000 (  0.1%)   0.0000 (  0.0%)   0.0000 (  0.0%)  ArgumentPromotionPass
   0.0000 (  0.0%)   0.0000 (  0.0%)   0.0000 (  0.0%)   0.0000 (  0.0%)  LowerConstantIntrinsicsPass
   0.0000 (  0.0%)   0.0000 (  0.1%)   0.0000 (  0.0%)   0.0000 (  0.0%)  RequireAnalysisPass<llvm::ShouldNotRunFunctionPassesAnalysis, llvm::Function, llvm::AnalysisManager<Function>>
   0.0000 (  0.0%)   0.0000 (  0.2%)   0.0000 (  0.0%)   0.0000 (  0.0%)  DFAJumpThreadingPass
   0.0000 (  0.0%)   0.0000 (  0.0%)   0.0000 (  0.0%)   0.0000 (  0.0%)  ExpandMemCmpPass
   0.0000 (  0.0%)   0.0000 (  0.4%)   0.0000 (  0.0%)   0.0000 (  0.0%)  InjectTLIMappings
   0.0000 (  0.0%)   0.0000 (  0.1%)   0.0000 (  0.0%)   0.0000 (  0.0%)  CoroAnnotationElidePass
   0.0000 (  0.0%)   0.0000 (  0.0%)   0.0000 (  0.0%)   0.0000 (  0.0%)  DivRemPairsPass
   0.0000 (  0.0%)   0.0000 (  0.3%)   0.0000 (  0.0%)   0.0000 (  0.0%)  CallSiteSplittingPass
   0.0000 (  0.0%)   0.0000 (  0.1%)   0.0000 (  0.0%)   0.0000 (  0.0%)  JumpThreadingPass
   0.0000 (  0.0%)   0.0000 (  0.1%)   0.0000 (  0.0%)   0.0000 (  0.0%)  MergedLoadStoreMotionPass
   0.0000 (  0.0%)   0.0000 (  0.2%)   0.0000 (  0.0%)   0.0000 (  0.0%)  CoroSplitPass
   0.0000 (  0.0%)   0.0000 (  0.2%)   0.0000 (  0.0%)   0.0000 (  0.0%)  OpenMPOptCGSCCPass
   0.0000 (  0.0%)   0.0000 (  0.0%)   0.0000 (  0.0%)   0.0000 (  0.0%)  AssignGUIDPass
   0.0000 (  0.0%)   0.0000 (  0.0%)   0.0000 (  0.0%)   0.0000 (  0.0%)  ControlHeightReductionPass
   0.0000 (  0.0%)   0.0000 (  0.0%)   0.0000 (  0.0%)   0.0000 (  0.0%)  PromotePass
   0.0000 (  0.0%)   0.0000 (  0.2%)   0.0000 (  0.0%)   0.0000 (  0.0%)  EntryExitInstrumenterPass
   0.0000 (  0.0%)   0.0000 (  0.1%)   0.0000 (  0.0%)   0.0000 (  0.0%)  MoveAutoInitPass
   0.0000 (  0.0%)   0.0000 (  0.1%)   0.0000 (  0.0%)   0.0000 (  0.0%)  CoroElidePass
   0.0000 (  0.0%)   0.0000 (  0.0%)   0.0000 (  0.0%)   0.0000 (  0.0%)  InvalidateAnalysisPass<llvm::AAManager>
   0.0000 (  0.0%)   0.0000 (  0.0%)   0.0000 (  0.0%)   0.0000 (  0.0%)  InvalidateAnalysisPass<llvm::ShouldNotRunFunctionPassesAnalysis>
   0.0000 (  0.0%)   0.0000 (  0.0%)   0.0000 (  0.0%)   0.0000 (  0.0%)  MergeICmpsPass
   0.0000 (  0.0%)   0.0000 (  0.0%)   0.0000 (  0.0%)   0.0000 (  0.0%)  AlignmentFromAssumptionsPass
   0.0000 (  0.0%)   0.0000 (  0.0%)   0.0000 (  0.0%)   0.0000 (  0.0%)  AnnotationRemarksPass
   0.0000 (  0.0%)   0.0000 (  0.0%)   0.0000 (  0.0%)   0.0000 (  0.0%)  LoopSinkPass
   0.0000 (  0.0%)   0.0000 (  0.0%)   0.0000 (  0.0%)   0.0000 (  0.0%)  ConstantMergePass
   0.0000 (  0.0%)   0.0000 (  0.0%)   0.0000 (  0.0%)   0.0000 (  0.0%)  Annotation2MetadataPass
   0.0000 (  0.0%)   0.0000 (  0.0%)   0.0000 (  0.0%)   0.0000 (  0.0%)  CoroEarlyPass
   0.0000 (  0.0%)   0.0000 (  0.0%)   0.0000 (  0.0%)   0.0000 (  0.0%)  NameAnonGlobalPass
   0.0000 (  0.0%)   0.0000 (  0.0%)   0.0000 (  0.0%)   0.0000 (  0.0%)  CoroCleanupPass
   0.0000 (  0.0%)   0.0000 (  0.0%)   0.0000 (  0.0%)   0.0000 (  0.0%)  ForceFunctionAttrsPass
   0.0000 (  0.0%)   0.0000 (  0.0%)   0.0000 (  0.0%)   0.0000 (  0.0%)  OpenMPOptPass
   0.0000 (  0.0%)   0.0000 (  0.0%)   0.0000 (  0.0%)   0.0000 (  0.0%)  LowerCommentStringPass
   0.0000 (  0.0%)   0.0000 (  0.0%)   0.0000 (  0.0%)   0.0000 (  0.0%)  RequireAnalysisPass<llvm::ProfileSummaryAnalysis, llvm::Module, llvm::AnalysisManager<Module>>
   0.0000 (  0.0%)   0.0000 (  0.0%)   0.0000 (  0.0%)   0.0000 (  0.0%)  CanonicalizeAliasesPass
   0.0727 (100.0%)   0.0036 (100.0%)   0.0763 (100.0%)   0.0763 (100.0%)  Total

===-------------------------------------------------------------------------===
                               Clang time report
===-------------------------------------------------------------------------===
  Total Execution Time: 0.6338 seconds (0.6334 wall clock)

   ---User Time---   --System Time--   --User+System--   ---Wall Time---  --- Name ---
   0.5092 ( 85.3%)   0.0320 ( 86.9%)   0.5412 ( 85.4%)   0.5407 ( 85.4%)  Front end
   0.0760 ( 12.7%)   0.0040 ( 10.9%)   0.0800 ( 12.6%)   0.0800 ( 12.6%)  Optimizer
   0.0118 (  2.0%)   0.0008 (  2.2%)   0.0127 (  2.0%)   0.0127 (  2.0%)  LLVM IR generation
   0.5970 (100.0%)   0.0368 (100.0%)   0.6338 (100.0%)   0.6334 (100.0%)  Total

===-------------------------------------------------------------------------===
                          Pass execution timing report
===-------------------------------------------------------------------------===
  Total Execution Time: 0.0389 seconds (0.0390 wall clock)

   ---User Time---   --System Time--   --User+System--   ---Wall Time---  --- Name ---
   0.0033 ( 11.6%)   0.0007 (  7.1%)   0.0040 ( 10.4%)   0.0040 ( 10.3%)  AMDGPU DAG->DAG Pattern Instruction Selection
   0.0021 (  7.4%)   0.0001 (  0.7%)   0.0022 (  5.6%)   0.0022 (  5.6%)  Loop Strength Reduction
   0.0020 (  6.9%)   0.0001 (  0.8%)   0.0021 (  5.3%)   0.0021 (  5.3%)  SLPVectorizerPass
   0.0017 (  5.8%)   0.0003 (  2.4%)   0.0019 (  4.9%)   0.0019 (  4.9%)  InstCombinePass
   0.0008 (  2.9%)   0.0007 (  6.4%)   0.0015 (  3.8%)   0.0015 (  3.8%)  Straight line strength reduction
   0.0011 (  4.0%)   0.0003 (  2.6%)   0.0014 (  3.6%)   0.0014 (  3.6%)  IndVarSimplifyPass
   0.0012 (  4.2%)   0.0000 (  0.1%)   0.0012 (  3.1%)   0.0012 (  3.1%)  Machine Register Class Info Analysis
   0.0004 (  1.3%)   0.0007 (  6.5%)   0.0010 (  2.7%)   0.0010 (  2.7%)  LoopVectorizePass
   0.0010 (  3.5%)   0.0000 (  0.0%)   0.0010 (  2.6%)   0.0010 (  2.6%)  Live Variable Analysis
   0.0010 (  3.4%)   0.0000 (  0.0%)   0.0010 (  2.5%)   0.0010 (  2.5%)  Machine Instruction Scheduler
   0.0008 (  2.9%)   0.0001 (  1.4%)   0.0010 (  2.5%)   0.0010 (  2.5%)  CallSiteSplittingPass
   0.0000 (  0.1%)   0.0009 (  9.1%)   0.0010 (  2.5%)   0.0010 (  2.5%)  Prologue/Epilogue Insertion & Frame Finalization
   0.0007 (  2.3%)   0.0000 (  0.1%)   0.0007 (  1.7%)   0.0007 (  1.7%)  PostRA Machine Instruction Scheduler
   0.0004 (  1.5%)   0.0002 (  2.1%)   0.0006 (  1.6%)   0.0006 (  1.6%)  Greedy Register Allocator
   0.0006 (  1.9%)   0.0000 (  0.0%)   0.0006 (  1.4%)   0.0006 (  1.4%)  Nary reassociation
   0.0001 (  0.4%)   0.0004 (  4.3%)   0.0006 (  1.4%)   0.0006 (  1.4%)  Greedy Register Allocator #3
   0.0003 (  1.1%)   0.0002 (  1.9%)   0.0005 (  1.3%)   0.0005 (  1.3%)  Live Register Matrix #2
   0.0005 (  1.7%)   0.0000 (  0.0%)   0.0005 (  1.2%)   0.0005 (  1.2%)  GVNPass
   0.0003 (  1.1%)   0.0002 (  1.5%)   0.0005 (  1.2%)   0.0005 (  1.2%)  Function register usage analysis
   0.0000 (  0.0%)   0.0005 (  4.4%)   0.0005 (  1.2%)   0.0005 (  1.2%)  Live Register Matrix
   0.0000 (  0.0%)   0.0004 (  4.4%)   0.0005 (  1.2%)   0.0005 (  1.2%)  Live Register Matrix #3
   0.0004 (  1.5%)   0.0000 (  0.0%)   0.0004 (  1.1%)   0.0004 (  1.1%)  Induction Variable Users
   0.0004 (  1.4%)   0.0000 (  0.0%)   0.0004 (  1.0%)   0.0004 (  1.0%)  GPU Load and Store Vectorizer
   0.0002 (  0.7%)   0.0002 (  2.0%)   0.0004 (  1.0%)   0.0004 (  1.0%)  AMDGPU Assembly Printer
   0.0001 (  0.2%)   0.0003 (  3.3%)   0.0004 (  1.0%)   0.0004 (  1.0%)  Greedy Register Allocator #2
   0.0001 (  0.4%)   0.0003 (  2.4%)   0.0004 (  0.9%)   0.0004 (  0.9%)  Global Value Numbering #2
   0.0003 (  1.2%)   0.0000 (  0.0%)   0.0003 (  0.9%)   0.0003 (  0.9%)  IPSCCPPass
   0.0003 (  1.1%)   0.0000 (  0.0%)   0.0003 (  0.8%)   0.0003 (  0.8%)  Register Coalescer
   0.0002 (  0.9%)   0.0001 (  0.8%)   0.0003 (  0.8%)   0.0003 (  0.8%)  Finalize ISel and expand pseudo-instructions
   0.0002 (  0.7%)   0.0001 (  1.0%)   0.0003 (  0.8%)   0.0003 (  0.8%)  Machine Module Information
   0.0001 (  0.4%)   0.0002 (  2.0%)   0.0003 (  0.8%)   0.0003 (  0.8%)  Global Value Numbering
   0.0002 (  0.6%)   0.0001 (  1.0%)   0.0003 (  0.7%)   0.0003 (  0.7%)  Dominator Tree Construction #11
   0.0002 (  0.6%)   0.0001 (  1.0%)   0.0003 (  0.7%)   0.0003 (  0.7%)  Function Alias Analysis Results #9
   0.0002 (  0.6%)   0.0001 (  1.1%)   0.0003 (  0.7%)   0.0003 (  0.7%)  Basic Alias Analysis (stateless AA impl) #9
   0.0001 (  0.5%)   0.0001 (  1.1%)   0.0003 (  0.6%)   0.0003 (  0.7%)  VerifierPass
   0.0002 (  0.8%)   0.0000 (  0.0%)   0.0002 (  0.6%)   0.0002 (  0.6%)  SCCPPass
   0.0002 (  0.7%)   0.0000 (  0.2%)   0.0002 (  0.6%)   0.0002 (  0.6%)  EarlyCSEPass
   0.0002 (  0.6%)   0.0000 (  0.4%)   0.0002 (  0.5%)   0.0002 (  0.5%)  AMDGPUUniformIntrinsicCombinePass
   0.0001 (  0.2%)   0.0001 (  1.3%)   0.0002 (  0.5%)   0.0002 (  0.5%)  Machine Register Class Info Analysis #2
   0.0002 (  0.7%)   0.0000 (  0.0%)   0.0002 (  0.5%)   0.0002 (  0.5%)  Post RA hazard recognizer
   0.0001 (  0.4%)   0.0001 (  0.9%)   0.0002 (  0.5%)   0.0002 (  0.5%)  Machine Common Subexpression Elimination
   0.0001 (  0.4%)   0.0001 (  1.0%)   0.0002 (  0.5%)   0.0002 (  0.5%)  PostOrderFunctionAttrsPass
   0.0002 (  0.6%)   0.0000 (  0.3%)   0.0002 (  0.5%)   0.0002 (  0.5%)  Live Interval Analysis
   0.0002 (  0.6%)   0.0000 (  0.1%)   0.0002 (  0.5%)   0.0002 (  0.5%)  SI insert wait instructions
   0.0000 (  0.1%)   0.0002 (  1.5%)   0.0002 (  0.5%)   0.0002 (  0.5%)  SI lower SGPR spill instructions
   0.0002 (  0.6%)   0.0000 (  0.0%)   0.0002 (  0.5%)   0.0002 (  0.5%)  Branch relaxation pass
   0.0002 (  0.6%)   0.0000 (  0.0%)   0.0002 (  0.4%)   0.0002 (  0.4%)  AMDGPUAttributorPass
   0.0000 (  0.0%)   0.0002 (  1.5%)   0.0002 (  0.4%)   0.0002 (  0.4%)  AMDGPU Rewrite AGPR-Copy-MFMA
   0.0002 (  0.6%)   0.0000 (  0.0%)   0.0002 (  0.4%)   0.0002 (  0.4%)  Structurize control flow
   0.0001 (  0.3%)   0.0001 (  0.6%)   0.0001 (  0.4%)   0.0001 (  0.4%)  Machine Common Subexpression Elimination #2
   0.0001 (  0.5%)   0.0000 (  0.0%)   0.0001 (  0.4%)   0.0001 (  0.4%)  AMDGPUPromoteKernelArgumentsPass
   0.0001 (  0.5%)   0.0000 (  0.0%)   0.0001 (  0.4%)   0.0001 (  0.3%)  CodeGen Prepare
   0.0001 (  0.5%)   0.0000 (  0.0%)   0.0001 (  0.3%)   0.0001 (  0.3%)  SI Form memory clauses
   0.0000 (  0.0%)   0.0001 (  1.2%)   0.0001 (  0.3%)   0.0001 (  0.3%)  Split GEPs to a variadic base and a constant offset for better CSE
   0.0001 (  0.3%)   0.0000 (  0.4%)   0.0001 (  0.3%)   0.0001 (  0.3%)  Early Machine Loop Invariant Code Motion
   0.0001 (  0.4%)   0.0000 (  0.0%)   0.0001 (  0.3%)   0.0001 (  0.3%)  ConstraintEliminationPass
   0.0001 (  0.2%)   0.0000 (  0.5%)   0.0001 (  0.3%)   0.0001 (  0.3%)  Machine code sinking
   0.0001 (  0.3%)   0.0000 (  0.3%)   0.0001 (  0.3%)   0.0001 (  0.3%)  LICMPass
   0.0001 (  0.3%)   0.0000 (  0.3%)   0.0001 (  0.3%)   0.0001 (  0.3%)  LoopUnrollPass
   0.0001 (  0.3%)   0.0000 (  0.3%)   0.0001 (  0.3%)   0.0001 (  0.3%)  SI Fold Operands
   0.0001 (  0.3%)   0.0000 (  0.1%)   0.0001 (  0.3%)   0.0001 (  0.3%)  Early CSE
   0.0001 (  0.3%)   0.0000 (  0.1%)   0.0001 (  0.3%)   0.0001 (  0.3%)  SimplifyCFGPass
   0.0001 (  0.2%)   0.0000 (  0.3%)   0.0001 (  0.2%)   0.0001 (  0.2%)  Peephole Optimizations
   0.0001 (  0.3%)   0.0000 (  0.0%)   0.0001 (  0.2%)   0.0001 (  0.2%)  Code sinking
   0.0000 (  0.1%)   0.0001 (  0.5%)   0.0001 (  0.2%)   0.0001 (  0.2%)  Control Flow Optimizer
   0.0000 (  0.1%)   0.0000 (  0.4%)   0.0001 (  0.2%)   0.0001 (  0.2%)  Machine Copy Propagation Pass
   0.0001 (  0.3%)   0.0000 (  0.0%)   0.0001 (  0.2%)   0.0001 (  0.2%)  Branch Probability Basic Block Placement
   0.0001 (  0.2%)   0.0000 (  0.2%)   0.0001 (  0.2%)   0.0001 (  0.2%)  LoopFullUnrollPass
   0.0000 (  0.0%)   0.0001 (  0.6%)   0.0001 (  0.2%)   0.0001 (  0.2%)  Uniformity Analysis #8
   0.0001 (  0.3%)   0.0000 (  0.0%)   0.0001 (  0.2%)   0.0001 (  0.2%)  DSEPass
   0.0000 (  0.1%)   0.0000 (  0.3%)   0.0001 (  0.2%)   0.0001 (  0.2%)  SI Load Store Optimizer
   0.0000 (  0.1%)   0.0000 (  0.1%)   0.0001 (  0.1%)   0.0001 (  0.2%)  MachineDominator Tree Construction #5
   0.0001 (  0.2%)   0.0000 (  0.1%)   0.0001 (  0.2%)   0.0001 (  0.2%)  BDCEPass
   0.0001 (  0.2%)   0.0000 (  0.1%)   0.0001 (  0.2%)   0.0001 (  0.2%)  LoopSimplifyPass
   0.0000 (  0.2%)   0.0000 (  0.1%)   0.0001 (  0.2%)   0.0001 (  0.2%)  InferAlignmentPass
   0.0001 (  0.2%)   0.0000 (  0.0%)   0.0001 (  0.2%)   0.0001 (  0.2%)  InferAddressSpacesPass
   0.0000 (  0.1%)   0.0000 (  0.1%)   0.0001 (  0.1%)   0.0001 (  0.2%)  Slot index numbering #2
   0.0000 (  0.2%)   0.0000 (  0.1%)   0.0001 (  0.2%)   0.0001 (  0.2%)  LCSSAPass
   0.0001 (  0.2%)   0.0000 (  0.0%)   0.0001 (  0.1%)   0.0001 (  0.2%)  AggressiveInstCombinePass
   0.0000 (  0.1%)   0.0000 (  0.4%)   0.0001 (  0.2%)   0.0001 (  0.2%)  Analysis if a function is memory bound
   0.0000 (  0.1%)   0.0000 (  0.2%)   0.0001 (  0.1%)   0.0001 (  0.1%)  SI Shrink Instructions
   0.0001 (  0.2%)   0.0000 (  0.0%)   0.0001 (  0.2%)   0.0001 (  0.1%)  Two-Address instruction pass
   0.0001 (  0.2%)   0.0000 (  0.0%)   0.0001 (  0.1%)   0.0001 (  0.1%)  Canonicalize Freeze Instructions in Loops
   0.0000 (  0.1%)   0.0000 (  0.3%)   0.0001 (  0.1%)   0.0001 (  0.1%)  Early Machine Loop Invariant Code Motion #2
   0.0000 (  0.1%)   0.0000 (  0.2%)   0.0001 (  0.1%)   0.0001 (  0.1%)  Virtual Register Rewriter
   0.0000 (  0.1%)   0.0000 (  0.1%)   0.0000 (  0.1%)   0.0001 (  0.1%)  Machine Block Frequency Analysis #3
   0.0000 (  0.2%)   0.0000 (  0.0%)   0.0000 (  0.1%)   0.0001 (  0.1%)  Loop Invariant Code Motion
   0.0000 (  0.1%)   0.0000 (  0.1%)   0.0001 (  0.1%)   0.0001 (  0.1%)  Machine Natural Loop Construction
   0.0000 (  0.2%)   0.0000 (  0.0%)   0.0000 (  0.1%)   0.0000 (  0.1%)  Memory SSA #2
   0.0000 (  0.1%)   0.0000 (  0.2%)   0.0000 (  0.1%)   0.0000 (  0.1%)  Virtual Register Rewriter #3
   0.0000 (  0.2%)   0.0000 (  0.0%)   0.0000 (  0.1%)   0.0000 (  0.1%)  Lower buffer fat pointer operations to buffer resources
   0.0000 (  0.2%)   0.0000 (  0.0%)   0.0000 (  0.1%)   0.0000 (  0.1%)  CalledValuePropagationPass
   0.0000 (  0.1%)   0.0000 (  0.1%)   0.0000 (  0.1%)   0.0000 (  0.1%)  Memory SSA
   0.0000 (  0.1%)   0.0000 (  0.1%)   0.0000 (  0.1%)   0.0000 (  0.1%)  SI Fix SGPR copies
   0.0000 (  0.1%)   0.0000 (  0.3%)   0.0001 (  0.1%)   0.0000 (  0.1%)  Machine Natural Loop Construction #3
   0.0000 (  0.1%)   0.0000 (  0.0%)   0.0000 (  0.1%)   0.0000 (  0.1%)  Uniformity Analysis #3
   0.0000 (  0.1%)   0.0000 (  0.2%)   0.0000 (  0.1%)   0.0000 (  0.1%)  Detect Dead Lanes
   0.0000 (  0.1%)   0.0000 (  0.3%)   0.0000 (  0.1%)   0.0000 (  0.1%)  Dominator Tree Construction #4
   0.0000 (  0.1%)   0.0000 (  0.2%)   0.0000 (  0.1%)   0.0000 (  0.1%)  Natural Loop Information
   0.0000 (  0.0%)   0.0000 (  0.4%)   0.0000 (  0.1%)   0.0000 (  0.1%)  Uniformity Analysis #2
   0.0000 (  0.1%)   0.0000 (  0.2%)   0.0000 (  0.1%)   0.0000 (  0.1%)  Uniformity Analysis
   0.0000 (  0.1%)   0.0000 (  0.1%)   0.0000 (  0.1%)   0.0000 (  0.1%)  Early Tail Duplication
   0.0000 (  0.1%)   0.0000 (  0.0%)   0.0000 (  0.1%)   0.0000 (  0.1%)  Uniformity Analysis #4
   0.0000 (  0.1%)   0.0000 (  0.1%)   0.0000 (  0.1%)   0.0000 (  0.1%)  Machine Block Frequency Analysis #4
   0.0000 (  0.1%)   0.0000 (  0.0%)   0.0000 (  0.1%)   0.0000 (  0.1%)  AMDGPU Annotate Uniform Values
   0.0000 (  0.1%)   0.0000 (  0.0%)   0.0000 (  0.1%)   0.0000 (  0.1%)  Eliminate PHI nodes for register allocation
   0.0000 (  0.1%)   0.0000 (  0.0%)   0.0000 (  0.1%)   0.0000 (  0.1%)  Uniformity Analysis #6
   0.0000 (  0.1%)   0.0000 (  0.1%)   0.0000 (  0.1%)   0.0000 (  0.1%)  Remove dead machine instructions
   0.0000 (  0.1%)   0.0000 (  0.1%)   0.0000 (  0.1%)   0.0000 (  0.1%)  Uniformity Analysis #7
   0.0000 (  0.1%)   0.0000 (  0.0%)   0.0000 (  0.1%)   0.0000 (  0.1%)  MemCpyOptPass
   0.0000 (  0.1%)   0.0000 (  0.0%)   0.0000 (  0.1%)   0.0000 (  0.1%)  SI Whole Quad Mode
   0.0000 (  0.1%)   0.0000 (  0.0%)   0.0000 (  0.1%)   0.0000 (  0.1%)  GlobalOptPass
   0.0000 (  0.1%)   0.0000 (  0.1%)   0.0000 (  0.1%)   0.0000 (  0.1%)  LoopDeletionPass
   0.0000 (  0.1%)   0.0000 (  0.2%)   0.0000 (  0.1%)   0.0000 (  0.1%)  Machine Copy Propagation Pass #2
   0.0000 (  0.0%)   0.0000 (  0.1%)   0.0000 (  0.1%)   0.0000 (  0.1%)  Branch Probability Analysis #3
   0.0000 (  0.1%)   0.0000 (  0.0%)   0.0000 (  0.1%)   0.0000 (  0.1%)  AMDGPU Lower Kernel Arguments
   0.0000 (  0.1%)   0.0000 (  0.1%)   0.0000 (  0.1%)   0.0000 (  0.1%)  Scalar Evolution Analysis #3
   0.0000 (  0.1%)   0.0000 (  0.1%)   0.0000 (  0.1%)   0.0000 (  0.1%)  Machine Late Instructions Cleanup Pass
   0.0000 (  0.0%)   0.0000 (  0.2%)   0.0000 (  0.1%)   0.0000 (  0.1%)  PGOIndirectCallPromotion
   0.0000 (  0.0%)   0.0000 (  0.2%)   0.0000 (  0.1%)   0.0000 (  0.1%)  Spill Code Placement Analysis
   0.0000 (  0.1%)   0.0000 (  0.1%)   0.0000 (  0.1%)   0.0000 (  0.1%)  Remove dead machine instructions #2
   0.0000 (  0.1%)   0.0000 (  0.0%)   0.0000 (  0.1%)   0.0000 (  0.1%)  PromotePass
   0.0000 (  0.1%)   0.0000 (  0.1%)   0.0000 (  0.1%)   0.0000 (  0.1%)  Machine Block Frequency Analysis #2
   0.0000 (  0.1%)   0.0000 (  0.1%)   0.0000 (  0.1%)   0.0000 (  0.1%)  Block Frequency Analysis
   0.0000 (  0.1%)   0.0000 (  0.0%)   0.0000 (  0.1%)   0.0000 (  0.1%)  Canonicalize natural loops
   0.0000 (  0.1%)   0.0000 (  0.0%)   0.0000 (  0.1%)   0.0000 (  0.1%)  RequireAnalysisPass<llvm::GlobalsAA, llvm::Module, llvm::AnalysisManager<Module>>
   0.0000 (  0.1%)   0.0000 (  0.1%)   0.0000 (  0.1%)   0.0000 (  0.1%)  SI Fold Operands #2
   0.0000 (  0.1%)   0.0000 (  0.0%)   0.0000 (  0.1%)   0.0000 (  0.1%)  Uniformity Analysis #5
   0.0000 (  0.1%)   0.0000 (  0.1%)   0.0000 (  0.1%)   0.0000 (  0.1%)  Machine Block Frequency Analysis
   0.0000 (  0.1%)   0.0000 (  0.0%)   0.0000 (  0.1%)   0.0000 (  0.1%)  SI annotate control flow
   0.0000 (  0.0%)   0.0000 (  0.1%)   0.0000 (  0.1%)   0.0000 (  0.1%)  SI post-RA bundler
   0.0000 (  0.1%)   0.0000 (  0.1%)   0.0000 (  0.1%)   0.0000 (  0.1%)  AMDGPU IR optimizations
   0.0000 (  0.0%)   0.0000 (  0.2%)   0.0000 (  0.1%)   0.0000 (  0.1%)  SI Shrink Instructions #2
   0.0000 (  0.1%)   0.0000 (  0.0%)   0.0000 (  0.1%)   0.0000 (  0.1%)  Expand IR instructions
   0.0000 (  0.1%)   0.0000 (  0.0%)   0.0000 (  0.1%)   0.0000 (  0.1%)  VectorCombinePass
   0.0000 (  0.1%)   0.0000 (  0.0%)   0.0000 (  0.1%)   0.0000 (  0.1%)  NoRecurseLTOInferencePass
   0.0000 (  0.1%)   0.0000 (  0.0%)   0.0000 (  0.1%)   0.0000 (  0.1%)  SI optimize exec mask operations pre-RA
   0.0000 (  0.1%)   0.0000 (  0.1%)   0.0000 (  0.1%)   0.0000 (  0.1%)  Constant Hoisting
   0.0000 (  0.0%)   0.0000 (  0.2%)   0.0000 (  0.1%)   0.0000 (  0.1%)  Scalar Evolution Analysis
   0.0000 (  0.0%)   0.0000 (  0.1%)   0.0000 (  0.1%)   0.0000 (  0.1%)  Machine Block Frequency Analysis #5
   0.0000 (  0.1%)   0.0000 (  0.0%)   0.0000 (  0.1%)   0.0000 (  0.1%)  AMDGPUPromoteAllocaToVectorPass
   0.0000 (  0.1%)   0.0000 (  0.0%)   0.0000 (  0.1%)   0.0000 (  0.1%)  Dominator Tree Construction #10
   0.0000 (  0.0%)   0.0000 (  0.2%)   0.0000 (  0.1%)   0.0000 (  0.1%)  InferFunctionAttrsPass
   0.0000 (  0.0%)   0.0000 (  0.0%)   0.0000 (  0.0%)   0.0000 (  0.1%)  Debug Variable Analysis
   0.0000 (  0.1%)   0.0000 (  0.0%)   0.0000 (  0.1%)   0.0000 (  0.1%)  CallGraph Construction
   0.0000 (  0.0%)   0.0000 (  0.1%)   0.0000 (  0.1%)   0.0000 (  0.1%)  Machine Loop Invariant Code Motion
   0.0000 (  0.0%)   0.0000 (  0.1%)   0.0000 (  0.1%)   0.0000 (  0.1%)  AMDGPU Remove Incompatible Functions
   0.0000 (  0.1%)   0.0000 (  0.0%)   0.0000 (  0.1%)   0.0000 (  0.1%)  Live DEBUG_VALUE analysis
   0.0000 (  0.0%)   0.0000 (  0.1%)   0.0000 (  0.1%)   0.0000 (  0.1%)  Free MachineFunction
   0.0000 (  0.0%)   0.0000 (  0.1%)   0.0000 (  0.1%)   0.0000 (  0.1%)  Bundle Machine CFG Edges
   0.0000 (  0.1%)   0.0000 (  0.0%)   0.0000 (  0.1%)   0.0000 (  0.1%)  AMDGPULowerModuleLDSPass
   0.0000 (  0.0%)   0.0000 (  0.1%)   0.0000 (  0.1%)   0.0000 (  0.1%)  Scalar Evolution Analysis #2
   0.0000 (  0.1%)   0.0000 (  0.0%)   0.0000 (  0.1%)   0.0000 (  0.1%)  LoopDistributePass
   0.0000 (  0.1%)   0.0000 (  0.0%)   0.0000 (  0.1%)   0.0000 (  0.1%)  SI Memory Legalizer
   0.0000 (  0.1%)   0.0000 (  0.0%)   0.0000 (  0.0%)   0.0000 (  0.1%)  AMDGPULowerKernelAttributesPass
   0.0000 (  0.0%)   0.0000 (  0.1%)   0.0000 (  0.0%)   0.0000 (  0.1%)  Machine Optimization Remark Emitter
   0.0000 (  0.0%)   0.0000 (  0.1%)   0.0000 (  0.0%)   0.0000 (  0.1%)  Remove dead machine instructions #3
   0.0000 (  0.0%)   0.0000 (  0.1%)   0.0000 (  0.0%)   0.0000 (  0.0%)  GlobalDCEPass
   0.0000 (  0.0%)   0.0000 (  0.1%)   0.0000 (  0.1%)   0.0000 (  0.0%)  Branch Probability Analysis
   0.0000 (  0.1%)   0.0000 (  0.0%)   0.0000 (  0.1%)   0.0000 (  0.0%)  Slot index numbering
   0.0000 (  0.1%)   0.0000 (  0.0%)   0.0000 (  0.0%)   0.0000 (  0.0%)  SI Lower control flow pseudo instructions
   0.0000 (  0.1%)   0.0000 (  0.0%)   0.0000 (  0.1%)   0.0000 (  0.0%)  Loop-Closed SSA Form Pass
   0.0000 (  0.0%)   0.0000 (  0.1%)   0.0000 (  0.0%)   0.0000 (  0.0%)  Function Alias Analysis Results #2
   0.0000 (  0.1%)   0.0000 (  0.0%)   0.0000 (  0.1%)   0.0000 (  0.0%)  Machine Natural Loop Construction #5
   0.0000 (  0.1%)   0.0000 (  0.0%)   0.0000 (  0.0%)   0.0000 (  0.0%)  Machine Block Frequency Analysis #6
   0.0000 (  0.0%)   0.0000 (  0.1%)   0.0000 (  0.0%)   0.0000 (  0.0%)  MachineDominator Tree Construction
   0.0000 (  0.1%)   0.0000 (  0.0%)   0.0000 (  0.0%)   0.0000 (  0.0%)  Block Frequency Analysis #2
   0.0000 (  0.1%)   0.0000 (  0.0%)   0.0000 (  0.0%)   0.0000 (  0.0%)  Rename Disconnected Subregister Components
   0.0000 (  0.0%)   0.0000 (  0.0%)   0.0000 (  0.0%)   0.0000 (  0.0%)  Machine Natural Loop Construction #2
   0.0000 (  0.0%)   0.0000 (  0.1%)   0.0000 (  0.0%)   0.0000 (  0.0%)  PostRA Machine Sink
   0.0000 (  0.0%)   0.0000 (  0.1%)   0.0000 (  0.0%)   0.0000 (  0.0%)  Memory Dependence Analysis #2
   0.0000 (  0.0%)   0.0000 (  0.1%)   0.0000 (  0.0%)   0.0000 (  0.0%)  SI optimize exec mask operations
   0.0000 (  0.0%)   0.0000 (  0.1%)   0.0000 (  0.0%)   0.0000 (  0.0%)  Target Library Information
   0.0000 (  0.0%)   0.0000 (  0.0%)   0.0000 (  0.0%)   0.0000 (  0.0%)  MachinePostDominator Tree Construction
   0.0000 (  0.1%)   0.0000 (  0.0%)   0.0000 (  0.0%)   0.0000 (  0.0%)  Detect single entry single exit regions
   0.0000 (  0.1%)   0.0000 (  0.0%)   0.0000 (  0.0%)   0.0000 (  0.0%)  AMDGPULowerExecSyncPass
   0.0000 (  0.0%)   0.0000 (  0.1%)   0.0000 (  0.0%)   0.0000 (  0.0%)  Virtual Register Rewriter #2
   0.0000 (  0.0%)   0.0000 (  0.0%)   0.0000 (  0.0%)   0.0000 (  0.0%)  SROAPass
   0.0000 (  0.0%)   0.0000 (  0.1%)   0.0000 (  0.0%)   0.0000 (  0.0%)  DummyCGSCCPass
   0.0000 (  0.0%)   0.0000 (  0.1%)   0.0000 (  0.0%)   0.0000 (  0.0%)  Remove dead machine instructions #4
   0.0000 (  0.0%)   0.0000 (  0.0%)   0.0000 (  0.0%)   0.0000 (  0.0%)  MachineDominator Tree Construction #8
   0.0000 (  0.0%)   0.0000 (  0.1%)   0.0000 (  0.0%)   0.0000 (  0.0%)  Live Stack Slot Analysis #2
   0.0000 (  0.0%)   0.0000 (  0.1%)   0.0000 (  0.0%)   0.0000 (  0.0%)  Post-Dominator Tree Construction #5
   0.0000 (  0.0%)   0.0000 (  0.1%)   0.0000 (  0.0%)   0.0000 (  0.0%)  Instrument function entry/exit with calls to e.g. mcount() (post inlining)
   0.0000 (  0.0%)   0.0000 (  0.1%)   0.0000 (  0.0%)   0.0000 (  0.0%)  DivRemPairsPass
   0.0000 (  0.0%)   0.0000 (  0.0%)   0.0000 (  0.0%)   0.0000 (  0.0%)  SI Lower i1 Copies
   0.0000 (  0.0%)   0.0000 (  0.1%)   0.0000 (  0.0%)   0.0000 (  0.0%)  Post-Dominator Tree Construction
   0.0000 (  0.0%)   0.0000 (  0.0%)   0.0000 (  0.0%)   0.0000 (  0.0%)  Scalar Evolution Analysis #4
   0.0000 (  0.0%)   0.0000 (  0.0%)   0.0000 (  0.0%)   0.0000 (  0.0%)  AMDGPU Pre-RA Long Branch Reg
   0.0000 (  0.1%)   0.0000 (  0.0%)   0.0000 (  0.0%)   0.0000 (  0.0%)  Branch Probability Analysis #2
   0.0000 (  0.0%)   0.0000 (  0.0%)   0.0000 (  0.0%)   0.0000 (  0.0%)  AMDGPUSimplifyLibCallsPass
   0.0000 (  0.0%)   0.0000 (  0.0%)   0.0000 (  0.0%)   0.0000 (  0.0%)  Loop-Closed SSA Form Pass #2
   0.0000 (  0.0%)   0.0000 (  0.0%)   0.0000 (  0.0%)   0.0000 (  0.0%)  SI peephole optimizations
   0.0000 (  0.0%)   0.0000 (  0.1%)   0.0000 (  0.0%)   0.0000 (  0.0%)  Post-RA pseudo instruction expansion pass
   0.0000 (  0.0%)   0.0000 (  0.0%)   0.0000 (  0.0%)   0.0000 (  0.0%)  AMDGPU lowering of execution synchronization
   0.0000 (  0.0%)   0.0000 (  0.0%)   0.0000 (  0.0%)   0.0000 (  0.0%)  Natural Loop Information #2
   0.0000 (  0.0%)   0.0000 (  0.0%)   0.0000 (  0.0%)   0.0000 (  0.0%)  SI Peephole SDWA
   0.0000 (  0.0%)   0.0000 (  0.0%)   0.0000 (  0.0%)   0.0000 (  0.0%)  Natural Loop Information #9
   0.0000 (  0.0%)   0.0000 (  0.0%)   0.0000 (  0.0%)   0.0000 (  0.0%)  Virtual Register Map
   0.0000 (  0.0%)   0.0000 (  0.0%)   0.0000 (  0.0%)   0.0000 (  0.0%)  WholeProgramDevirtPass
   0.0000 (  0.0%)   0.0000 (  0.1%)   0.0000 (  0.0%)   0.0000 (  0.0%)  MachinePostDominator Tree Construction #3
   0.0000 (  0.0%)   0.0000 (  0.0%)   0.0000 (  0.0%)   0.0000 (  0.0%)  TailCallElimPass
   0.0000 (  0.0%)   0.0000 (  0.1%)   0.0000 (  0.0%)   0.0000 (  0.0%)  Cycle Info Analysis #13
   0.0000 (  0.0%)   0.0000 (  0.1%)   0.0000 (  0.0%)   0.0000 (  0.0%)  Function Alias Analysis Results #3
   0.0000 (  0.0%)   0.0000 (  0.0%)   0.0000 (  0.0%)   0.0000 (  0.0%)  Basic Alias Analysis (stateless AA impl)
   0.0000 (  0.0%)   0.0000 (  0.1%)   0.0000 (  0.0%)   0.0000 (  0.0%)  Natural Loop Information #10
   0.0000 (  0.0%)   0.0000 (  0.0%)   0.0000 (  0.0%)   0.0000 (  0.0%)  MachinePostDominator Tree Construction #4
   0.0000 (  0.0%)   0.0000 (  0.1%)   0.0000 (  0.0%)   0.0000 (  0.0%)  Assumption Cache Tracker
   0.0000 (  0.0%)   0.0000 (  0.0%)   0.0000 (  0.0%)   0.0000 (  0.0%)  AMDGPU IR late optimizations
   0.0000 (  0.0%)   0.0000 (  0.0%)   0.0000 (  0.0%)   0.0000 (  0.0%)  Dominance Frontier Construction
   0.0000 (  0.0%)   0.0000 (  0.1%)   0.0000 (  0.0%)   0.0000 (  0.0%)  Scalarize Masked Memory Intrinsics
   0.0000 (  0.0%)   0.0000 (  0.0%)   0.0000 (  0.0%)   0.0000 (  0.0%)  Remove unreachable machine basic blocks
   0.0000 (  0.0%)   0.0000 (  0.1%)   0.0000 (  0.0%)   0.0000 (  0.0%)  MachineDominator Tree Construction #6
   0.0000 (  0.0%)   0.0000 (  0.1%)   0.0000 (  0.0%)   0.0000 (  0.0%)  AMDGPU Promote Alloca
   0.0000 (  0.0%)   0.0000 (  0.0%)   0.0000 (  0.0%)   0.0000 (  0.0%)  Basic Alias Analysis (stateless AA impl) #3
   0.0000 (  0.0%)   0.0000 (  0.1%)   0.0000 (  0.0%)   0.0000 (  0.0%)  Cycle Info Analysis #6
   0.0000 (  0.0%)   0.0000 (  0.0%)   0.0000 (  0.0%)   0.0000 (  0.0%)  MachinePostDominator Tree Construction #5
   0.0000 (  0.0%)   0.0000 (  0.0%)   0.0000 (  0.0%)   0.0000 (  0.0%)  Live Stack Slot Analysis
   0.0000 (  0.0%)   0.0000 (  0.0%)   0.0000 (  0.0%)   0.0000 (  0.0%)  MachinePostDominator Tree Construction #2
   0.0000 (  0.0%)   0.0000 (  0.0%)   0.0000 (  0.0%)   0.0000 (  0.0%)  Machine Cycle Info Analysis
   0.0000 (  0.0%)   0.0000 (  0.0%)   0.0000 (  0.0%)   0.0000 (  0.0%)  MachineDominator Tree Construction #7
   0.0000 (  0.0%)   0.0000 (  0.0%)   0.0000 (  0.0%)   0.0000 (  0.0%)  InlinerPass
   0.0000 (  0.0%)   0.0000 (  0.0%)   0.0000 (  0.0%)   0.0000 (  0.0%)  Dominator Tree Construction
   0.0000 (  0.0%)   0.0000 (  0.1%)   0.0000 (  0.0%)   0.0000 (  0.0%)  SI Pre-allocate WWM Registers
   0.0000 (  0.0%)   0.0000 (  0.0%)   0.0000 (  0.0%)   0.0000 (  0.0%)  CGProfilePass
   0.0000 (  0.0%)   0.0000 (  0.0%)   0.0000 (  0.0%)   0.0000 (  0.0%)  Optimize machine instruction PHIs
   0.0000 (  0.0%)   0.0000 (  0.0%)   0.0000 (  0.0%)   0.0000 (  0.0%)  Partially inline calls to library functions
   0.0000 (  0.0%)   0.0000 (  0.1%)   0.0000 (  0.0%)   0.0000 (  0.0%)  Tail Duplication
   0.0000 (  0.0%)   0.0000 (  0.0%)   0.0000 (  0.0%)   0.0000 (  0.0%)  AnnotationRemarksPass
   0.0000 (  0.0%)   0.0000 (  0.0%)   0.0000 (  0.0%)   0.0000 (  0.0%)  Virtual Register Map #3
   0.0000 (  0.0%)   0.0000 (  0.0%)   0.0000 (  0.0%)   0.0000 (  0.0%)  Insert required mode register values
   0.0000 (  0.0%)   0.0000 (  0.0%)   0.0000 (  0.0%)   0.0000 (  0.0%)  Rewrite Partial Register Uses
   0.0000 (  0.0%)   0.0000 (  0.0%)   0.0000 (  0.0%)   0.0000 (  0.0%)  Function Alias Analysis Results
   0.0000 (  0.0%)   0.0000 (  0.0%)   0.0000 (  0.0%)   0.0000 (  0.0%)  Dominator Tree Construction #9
   0.0000 (  0.0%)   0.0000 (  0.0%)   0.0000 (  0.0%)   0.0000 (  0.0%)  Machine Natural Loop Construction #4
   0.0000 (  0.0%)   0.0000 (  0.0%)   0.0000 (  0.0%)   0.0000 (  0.0%)  Virtual Register Map #2
   0.0000 (  0.0%)   0.0000 (  0.1%)   0.0000 (  0.0%)   0.0000 (  0.0%)  Machine Cycle Info Analysis #2
   0.0000 (  0.0%)   0.0000 (  0.0%)   0.0000 (  0.0%)   0.0000 (  0.0%)  AMDGPUUseNativeCallsPass
   0.0000 (  0.0%)   0.0000 (  0.1%)   0.0000 (  0.0%)   0.0000 (  0.0%)  Dominator Tree Construction #3
   0.0000 (  0.0%)   0.0000 (  0.0%)   0.0000 (  0.0%)   0.0000 (  0.0%)  Replace intrinsics with calls to vector library
   0.0000 (  0.0%)   0.0000 (  0.0%)   0.0000 (  0.0%)   0.0000 (  0.0%)  Post-Dominator Tree Construction #2
   0.0000 (  0.0%)   0.0000 (  0.0%)   0.0000 (  0.0%)   0.0000 (  0.0%)  Cycle Info Analysis #9
   0.0000 (  0.0%)   0.0000 (  0.0%)   0.0000 (  0.0%)   0.0000 (  0.0%)  Lazy Branch Probability Analysis #5
   0.0000 (  0.0%)   0.0000 (  0.1%)   0.0000 (  0.0%)   0.0000 (  0.0%)  AMDGPU atomic optimizations
   0.0000 (  0.0%)   0.0000 (  0.0%)   0.0000 (  0.0%)   0.0000 (  0.0%)  Cycle Info Analysis
   0.0000 (  0.0%)   0.0000 (  0.1%)   0.0000 (  0.0%)   0.0000 (  0.0%)  Function Alias Analysis Results #4
   0.0000 (  0.0%)   0.0000 (  0.0%)   0.0000 (  0.0%)   0.0000 (  0.0%)  Remove unreachable blocks from the CFG
   0.0000 (  0.0%)   0.0000 (  0.0%)   0.0000 (  0.0%)   0.0000 (  0.0%)  Lower uses of LDS variables from non-kernel functions
   0.0000 (  0.0%)   0.0000 (  0.0%)   0.0000 (  0.0%)   0.0000 (  0.0%)  Natural Loop Information #5
   0.0000 (  0.0%)   0.0000 (  0.1%)   0.0000 (  0.0%)   0.0000 (  0.0%)  Expand reduction intrinsics
   0.0000 (  0.0%)   0.0000 (  0.0%)   0.0000 (  0.0%)   0.0000 (  0.0%)  Dominator Tree Construction #5
   0.0000 (  0.0%)   0.0000 (  0.0%)   0.0000 (  0.0%)   0.0000 (  0.0%)  Post-Dominator Tree Construction #3
   0.0000 (  0.0%)   0.0000 (  0.0%)   0.0000 (  0.0%)   0.0000 (  0.0%)  Natural Loop Information #7
   0.0000 (  0.0%)   0.0000 (  0.1%)   0.0000 (  0.0%)   0.0000 (  0.0%)  Create Garbage Collector Module Metadata
   0.0000 (  0.0%)   0.0000 (  0.0%)   0.0000 (  0.0%)   0.0000 (  0.0%)  Flatten the CFG
   0.0000 (  0.0%)   0.0000 (  0.1%)   0.0000 (  0.0%)   0.0000 (  0.0%)  Natural Loop Information #3
   0.0000 (  0.0%)   0.0000 (  0.0%)   0.0000 (  0.0%)   0.0000 (  0.0%)  AMDGPU Pre-RA optimizations
   0.0000 (  0.0%)   0.0000 (  0.0%)   0.0000 (  0.0%)   0.0000 (  0.0%)  Fixup each natural loop to have a single exit block
   0.0000 (  0.0%)   0.0000 (  0.0%)   0.0000 (  0.0%)   0.0000 (  0.0%)  ObjC ARC contraction
   0.0000 (  0.0%)   0.0000 (  0.1%)   0.0000 (  0.0%)   0.0000 (  0.0%)  Default Regalloc Priority Advisor
   0.0000 (  0.0%)   0.0000 (  0.0%)   0.0000 (  0.0%)   0.0000 (  0.0%)  MachineDominator Tree Construction #3
   0.0000 (  0.0%)   0.0000 (  0.0%)   0.0000 (  0.0%)   0.0000 (  0.0%)  Function Alias Analysis Results #5
   0.0000 (  0.0%)   0.0000 (  0.0%)   0.0000 (  0.0%)   0.0000 (  0.0%)  LCSSA Verifier
   0.0000 (  0.0%)   0.0000 (  0.1%)   0.0000 (  0.0%)   0.0000 (  0.0%)  Expand Atomic instructions
   0.0000 (  0.0%)   0.0000 (  0.0%)   0.0000 (  0.0%)   0.0000 (  0.0%)  Natural Loop Information #8
   0.0000 (  0.0%)   0.0000 (  0.0%)   0.0000 (  0.0%)   0.0000 (  0.0%)  Dominator Tree Construction #6
   0.0000 (  0.0%)   0.0000 (  0.0%)   0.0000 (  0.0%)   0.0000 (  0.0%)  Stack Slot Coloring
   0.0000 (  0.0%)   0.0000 (  0.0%)   0.0000 (  0.0%)   0.0000 (  0.0%)  Library Function Lowering Analysis
   0.0000 (  0.0%)   0.0000 (  0.0%)   0.0000 (  0.0%)   0.0000 (  0.0%)  MachineDominator Tree Construction #2
   0.0000 (  0.0%)   0.0000 (  0.0%)   0.0000 (  0.0%)   0.0000 (  0.0%)  Process Implicit Definitions
   0.0000 (  0.0%)   0.0000 (  0.0%)   0.0000 (  0.0%)   0.0000 (  0.0%)  Insert stack protectors
   0.0000 (  0.0%)   0.0000 (  0.0%)   0.0000 (  0.0%)   0.0000 (  0.0%)  LowerTypeTestsPass
   0.0000 (  0.0%)   0.0000 (  0.0%)   0.0000 (  0.0%)   0.0000 (  0.0%)  Dominator Tree Construction #2
   0.0000 (  0.0%)   0.0000 (  0.0%)   0.0000 (  0.0%)   0.0000 (  0.0%)  SI Lower WWM Copies
   0.0000 (  0.0%)   0.0000 (  0.1%)   0.0000 (  0.0%)   0.0000 (  0.0%)  Target Pass Configuration
   0.0000 (  0.0%)   0.0000 (  0.0%)   0.0000 (  0.0%)   0.0000 (  0.0%)  Merge disjoint stack slots
   0.0000 (  0.0%)   0.0000 (  0.0%)   0.0000 (  0.0%)   0.0000 (  0.0%)  DropUnnecessaryAssumesPass
   0.0000 (  0.0%)   0.0000 (  0.0%)   0.0000 (  0.0%)   0.0000 (  0.0%)  Basic Alias Analysis (stateless AA impl) #5
   0.0000 (  0.0%)   0.0000 (  0.0%)   0.0000 (  0.0%)   0.0000 (  0.0%)  Assignment Tracking Analysis
   0.0000 (  0.0%)   0.0000 (  0.1%)   0.0000 (  0.0%)   0.0000 (  0.0%)  Memory Dependence Analysis
   0.0000 (  0.0%)   0.0000 (  0.0%)   0.0000 (  0.0%)   0.0000 (  0.0%)  Insert XRay ops
   0.0000 (  0.0%)   0.0000 (  0.0%)   0.0000 (  0.0%)   0.0000 (  0.0%)  Machine Branch Probability Analysis
   0.0000 (  0.0%)   0.0000 (  0.0%)   0.0000 (  0.0%)   0.0000 (  0.0%)  Remove unreachable blocks from the CFG #2
   0.0000 (  0.0%)   0.0000 (  0.1%)   0.0000 (  0.0%)   0.0000 (  0.0%)  Target Transform Information
   0.0000 (  0.0%)   0.0000 (  0.0%)   0.0000 (  0.0%)   0.0000 (  0.0%)  Cycle Info Analysis #10
   0.0000 (  0.0%)   0.0000 (  0.0%)   0.0000 (  0.0%)   0.0000 (  0.0%)  External Alias Analysis
   0.0000 (  0.0%)   0.0000 (  0.0%)   0.0000 (  0.0%)   0.0000 (  0.0%)  JumpThreadingPass
   0.0000 (  0.0%)   0.0000 (  0.0%)   0.0000 (  0.0%)   0.0000 (  0.0%)  Register Usage Information Storage
   0.0000 (  0.0%)   0.0000 (  0.0%)   0.0000 (  0.0%)   0.0000 (  0.0%)  AMDGPU Uniform Intrinsic Combine
   0.0000 (  0.0%)   0.0000 (  0.0%)   0.0000 (  0.0%)   0.0000 (  0.0%)  SI Optimize VGPR LiveRange
   0.0000 (  0.0%)   0.0000 (  0.0%)   0.0000 (  0.0%)   0.0000 (  0.0%)  Cycle Info Analysis #12
   0.0000 (  0.0%)   0.0000 (  0.0%)   0.0000 (  0.0%)   0.0000 (  0.0%)  Type-Based Alias Analysis
   0.0000 (  0.0%)   0.0000 (  0.0%)   0.0000 (  0.0%)   0.0000 (  0.0%)  Function Alias Analysis Results #8
   0.0000 (  0.0%)   0.0000 (  0.0%)   0.0000 (  0.0%)   0.0000 (  0.0%)  GCN DPP Combine
   0.0000 (  0.0%)   0.0000 (  0.0%)   0.0000 (  0.0%)   0.0000 (  0.0%)  MachineDominator Tree Construction #4
   0.0000 (  0.0%)   0.0000 (  0.0%)   0.0000 (  0.0%)   0.0000 (  0.0%)  Default Regalloc Eviction Advisor
   0.0000 (  0.0%)   0.0000 (  0.0%)   0.0000 (  0.0%)   0.0000 (  0.0%)  SI Final Branch Preparation
   0.0000 (  0.0%)   0.0000 (  0.0%)   0.0000 (  0.0%)   0.0000 (  0.0%)  Lazy Machine Block Frequency Analysis #2
   0.0000 (  0.0%)   0.0000 (  0.0%)   0.0000 (  0.0%)   0.0000 (  0.0%)  Cycle Info Analysis #5
   0.0000 (  0.0%)   0.0000 (  0.0%)   0.0000 (  0.0%)   0.0000 (  0.0%)  Unify divergent function exit nodes
   0.0000 (  0.0%)   0.0000 (  0.0%)   0.0000 (  0.0%)   0.0000 (  0.0%)  Scoped NoAlias Alias Analysis
   0.0000 (  0.0%)   0.0000 (  0.0%)   0.0000 (  0.0%)   0.0000 (  0.0%)  Natural Loop Information #4
   0.0000 (  0.0%)   0.0000 (  0.0%)   0.0000 (  0.0%)   0.0000 (  0.0%)  Stack Slot Coloring #2
   0.0000 (  0.0%)   0.0000 (  0.1%)   0.0000 (  0.0%)   0.0000 (  0.0%)  Cycle Info Analysis #3
   0.0000 (  0.0%)   0.0000 (  0.0%)   0.0000 (  0.0%)   0.0000 (  0.0%)  ArgumentPromotionPass
   0.0000 (  0.0%)   0.0000 (  0.0%)   0.0000 (  0.0%)   0.0000 (  0.0%)  Cycle Info Analysis #11
   0.0000 (  0.0%)   0.0000 (  0.0%)   0.0000 (  0.0%)   0.0000 (  0.0%)  Cycle Info Analysis #8
   0.0000 (  0.0%)   0.0000 (  0.0%)   0.0000 (  0.0%)   0.0000 (  0.0%)  Profile summary info
   0.0000 (  0.0%)   0.0000 (  0.0%)   0.0000 (  0.0%)   0.0000 (  0.0%)  Post-Dominator Tree Construction #4
   0.0000 (  0.0%)   0.0000 (  0.0%)   0.0000 (  0.0%)   0.0000 (  0.0%)  Lazy Branch Probability Analysis #2
   0.0000 (  0.0%)   0.0000 (  0.0%)   0.0000 (  0.0%)   0.0000 (  0.0%)  Machine Optimization Remark Emitter #2
   0.0000 (  0.0%)   0.0000 (  0.0%)   0.0000 (  0.0%)   0.0000 (  0.0%)  CoroAnnotationElidePass
   0.0000 (  0.0%)   0.0000 (  0.0%)   0.0000 (  0.0%)   0.0000 (  0.0%)  Function Alias Analysis Results #6
   0.0000 (  0.0%)   0.0000 (  0.0%)   0.0000 (  0.0%)   0.0000 (  0.0%)  Cycle Info Analysis #4
   0.0000 (  0.0%)   0.0000 (  0.0%)   0.0000 (  0.0%)   0.0000 (  0.0%)  WarnMissedTransformationsPass
   0.0000 (  0.0%)   0.0000 (  0.0%)   0.0000 (  0.0%)   0.0000 (  0.0%)  AMDGPU Reserve WWM Registers
   0.0000 (  0.0%)   0.0000 (  0.0%)   0.0000 (  0.0%)   0.0000 (  0.0%)  Basic Alias Analysis (stateless AA impl) #7
   0.0000 (  0.0%)   0.0000 (  0.0%)   0.0000 (  0.0%)   0.0000 (  0.0%)  Lazy Block Frequency Analysis #5
   0.0000 (  0.0%)   0.0000 (  0.0%)   0.0000 (  0.0%)   0.0000 (  0.0%)  SI Fix VGPR copies
   0.0000 (  0.0%)   0.0000 (  0.0%)   0.0000 (  0.0%)   0.0000 (  0.0%)  Cycle Info Analysis #7
   0.0000 (  0.0%)   0.0000 (  0.0%)   0.0000 (  0.0%)   0.0000 (  0.0%)  Stack Frame Layout Analysis
   0.0000 (  0.0%)   0.0000 (  0.0%)   0.0000 (  0.0%)   0.0000 (  0.0%)  Shrink Wrapping analysis
   0.0000 (  0.0%)   0.0000 (  0.0%)   0.0000 (  0.0%)   0.0000 (  0.0%)  InvalidateAnalysisPass<llvm::AAManager>
   0.0000 (  0.0%)   0.0000 (  0.0%)   0.0000 (  0.0%)   0.0000 (  0.0%)  AMDGPU Mark Last Scratch Load
   0.0000 (  0.0%)   0.0000 (  0.0%)   0.0000 (  0.0%)   0.0000 (  0.0%)  Dominator Tree Construction #8
   0.0000 (  0.0%)   0.0000 (  0.1%)   0.0000 (  0.0%)   0.0000 (  0.0%)  GCN NSA Reassign
   0.0000 (  0.0%)   0.0000 (  0.0%)   0.0000 (  0.0%)   0.0000 (  0.0%)  Safe Stack instrumentation pass
   0.0000 (  0.0%)   0.0000 (  0.0%)   0.0000 (  0.0%)   0.0000 (  0.0%)  LCSSA Verifier #2
   0.0000 (  0.0%)   0.0000 (  0.0%)   0.0000 (  0.0%)   0.0000 (  0.0%)  AMDGPU Insert waits for SGPR read hazards
   0.0000 (  0.0%)   0.0000 (  0.0%)   0.0000 (  0.0%)   0.0000 (  0.0%)  Lazy Block Frequency Analysis #2
   0.0000 (  0.0%)   0.0000 (  0.0%)   0.0000 (  0.0%)   0.0000 (  0.0%)  Lazy Branch Probability Analysis
   0.0000 (  0.0%)   0.0000 (  0.0%)   0.0000 (  0.0%)   0.0000 (  0.0%)  Local Stack Slot Allocation
   0.0000 (  0.0%)   0.0000 (  0.0%)   0.0000 (  0.0%)   0.0000 (  0.0%)  Scalar Evolution Analysis #5
   0.0000 (  0.0%)   0.0000 (  0.1%)   0.0000 (  0.0%)   0.0000 (  0.0%)  Cycle Info Analysis #2
   0.0000 (  0.0%)   0.0000 (  0.0%)   0.0000 (  0.0%)   0.0000 (  0.0%)  Machine Sanitizer Binary Metadata
   0.0000 (  0.0%)   0.0000 (  0.0%)   0.0000 (  0.0%)   0.0000 (  0.0%)  AMDGPU Insert Delay ALU
   0.0000 (  0.0%)   0.0000 (  0.0%)   0.0000 (  0.0%)   0.0000 (  0.0%)  Lazy Branch Probability Analysis #4
   0.0000 (  0.0%)   0.0000 (  0.0%)   0.0000 (  0.0%)   0.0000 (  0.0%)  Basic Alias Analysis (stateless AA impl) #2
   0.0000 (  0.0%)   0.0000 (  0.0%)   0.0000 (  0.0%)   0.0000 (  0.0%)  AMDGPU Image Intrinsic Optimizer
   0.0000 (  0.0%)   0.0000 (  0.0%)   0.0000 (  0.0%)   0.0000 (  0.0%)  Expand variadic functions
   0.0000 (  0.0%)   0.0000 (  0.0%)   0.0000 (  0.0%)   0.0000 (  0.0%)  Insert fentry calls
   0.0000 (  0.0%)   0.0000 (  0.0%)   0.0000 (  0.0%)   0.0000 (  0.0%)  Init Undef Pass
   0.0000 (  0.0%)   0.0000 (  0.0%)   0.0000 (  0.0%)   0.0000 (  0.0%)  Lower SwitchInst's to branches
   0.0000 (  0.0%)   0.0000 (  0.0%)   0.0000 (  0.0%)   0.0000 (  0.0%)  Register Usage Information Propagation
   0.0000 (  0.0%)   0.0000 (  0.0%)   0.0000 (  0.0%)   0.0000 (  0.0%)  Lazy Machine Block Frequency Analysis
   0.0000 (  0.0%)   0.0000 (  0.0%)   0.0000 (  0.0%)   0.0000 (  0.0%)  Remove Redundant DEBUG_VALUE analysis
   0.0000 (  0.0%)   0.0000 (  0.0%)   0.0000 (  0.0%)   0.0000 (  0.0%)  Basic Alias Analysis (stateless AA impl) #6
   0.0000 (  0.0%)   0.0000 (  0.1%)   0.0000 (  0.0%)   0.0000 (  0.0%)  Optimization Remark Emitter
   0.0000 (  0.0%)   0.0000 (  0.0%)   0.0000 (  0.0%)   0.0000 (  0.0%)  Register Usage Information Collector Pass
   0.0000 (  0.0%)   0.0000 (  0.0%)   0.0000 (  0.0%)   0.0000 (  0.0%)  Lazy Branch Probability Analysis #3
   0.0000 (  0.0%)   0.0000 (  0.0%)   0.0000 (  0.0%)   0.0000 (  0.0%)  Function Alias Analysis Results #7
   0.0000 (  0.0%)   0.0000 (  0.0%)   0.0000 (  0.0%)   0.0000 (  0.0%)  Remove Loads Into Fake Uses
   0.0000 (  0.0%)   0.0000 (  0.0%)   0.0000 (  0.0%)   0.0000 (  0.0%)  AMDGPU Lower VGPR Encoding
   0.0000 (  0.0%)   0.0000 (  0.0%)   0.0000 (  0.0%)   0.0000 (  0.0%)  Fixup Statepoint Caller Saved
   0.0000 (  0.0%)   0.0000 (  0.0%)   0.0000 (  0.0%)   0.0000 (  0.0%)  Basic Alias Analysis (stateless AA impl) #4
   0.0000 (  0.0%)   0.0000 (  0.0%)   0.0000 (  0.0%)   0.0000 (  0.0%)  GCN Create VOPD Instructions
   0.0000 (  0.0%)   0.0000 (  0.0%)   0.0000 (  0.0%)   0.0000 (  0.0%)  SI Insert Hard Clauses
   0.0000 (  0.0%)   0.0000 (  0.0%)   0.0000 (  0.0%)   0.0000 (  0.0%)  Prepare inline asm insts
   0.0000 (  0.0%)   0.0000 (  0.0%)   0.0000 (  0.0%)   0.0000 (  0.0%)  Convert irreducible control-flow into natural loops
   0.0000 (  0.0%)   0.0000 (  0.0%)   0.0000 (  0.0%)   0.0000 (  0.0%)  CrossDSOCFIPass
   0.0000 (  0.0%)   0.0000 (  0.0%)   0.0000 (  0.0%)   0.0000 (  0.0%)  OpenMPOptCGSCCPass
   0.0000 (  0.0%)   0.0000 (  0.0%)   0.0000 (  0.0%)   0.0000 (  0.0%)  AMDGPU Rewrite Undef for PHI
   0.0000 (  0.0%)   0.0000 (  0.0%)   0.0000 (  0.0%)   0.0000 (  0.0%)  MergedLoadStoreMotionPass
   0.0000 (  0.0%)   0.0000 (  0.0%)   0.0000 (  0.0%)   0.0000 (  0.0%)  Lazy Machine Block Frequency Analysis #5
   0.0000 (  0.0%)   0.0000 (  0.0%)   0.0000 (  0.0%)   0.0000 (  0.0%)  Lazy Value Information Analysis
   0.0000 (  0.0%)   0.0000 (  0.0%)   0.0000 (  0.0%)   0.0000 (  0.0%)  ExpandVariadicsPass
   0.0000 (  0.0%)   0.0000 (  0.0%)   0.0000 (  0.0%)   0.0000 (  0.0%)  Lazy Block Frequency Analysis #3
   0.0000 (  0.0%)   0.0000 (  0.0%)   0.0000 (  0.0%)   0.0000 (  0.0%)  AMDGPU Preload Kernel Arguments Prolog
   0.0000 (  0.0%)   0.0000 (  0.0%)   0.0000 (  0.0%)   0.0000 (  0.0%)  Basic Alias Analysis (stateless AA impl) #8
   0.0000 (  0.0%)   0.0000 (  0.0%)   0.0000 (  0.0%)   0.0000 (  0.0%)  Optimization Remark Emitter #2
   0.0000 (  0.0%)   0.0000 (  0.0%)   0.0000 (  0.0%)   0.0000 (  0.0%)  Lower invoke and unwind, for unwindless code generators
   0.0000 (  0.0%)   0.0000 (  0.0%)   0.0000 (  0.0%)   0.0000 (  0.0%)  Lazy Machine Block Frequency Analysis #4
   0.0000 (  0.0%)   0.0000 (  0.0%)   0.0000 (  0.0%)   0.0000 (  0.0%)  OpenMPOptPass
   0.0000 (  0.0%)   0.0000 (  0.0%)   0.0000 (  0.0%)   0.0000 (  0.0%)  Lazy Block Frequency Analysis #4
   0.0000 (  0.0%)   0.0000 (  0.0%)   0.0000 (  0.0%)   0.0000 (  0.0%)  MoveAutoInitPass
   0.0000 (  0.0%)   0.0000 (  0.0%)   0.0000 (  0.0%)   0.0000 (  0.0%)  Lazy Block Frequency Analysis
   0.0000 (  0.0%)   0.0000 (  0.0%)   0.0000 (  0.0%)   0.0000 (  0.0%)  AMDGPU Prepare AGPR Alloc
   0.0000 (  0.0%)   0.0000 (  0.0%)   0.0000 (  0.0%)   0.0000 (  0.0%)  Lazy Machine Block Frequency Analysis #3
   0.0000 (  0.0%)   0.0000 (  0.0%)   0.0000 (  0.0%)   0.0000 (  0.0%)  CoroSplitPass
   0.0000 (  0.0%)   0.0000 (  0.0%)   0.0000 (  0.0%)   0.0000 (  0.0%)  Dominator Tree Construction #7
   0.0000 (  0.0%)   0.0000 (  0.0%)   0.0000 (  0.0%)   0.0000 (  0.0%)  Optimization Remark Emitter #3
   0.0000 (  0.0%)   0.0000 (  0.0%)   0.0000 (  0.0%)   0.0000 (  0.0%)  AlignmentFromAssumptionsPass
   0.0000 (  0.0%)   0.0000 (  0.0%)   0.0000 (  0.0%)   0.0000 (  0.0%)  Unnamed pass: implement Pass::getPassName()
   0.0000 (  0.0%)   0.0000 (  0.0%)   0.0000 (  0.0%)   0.0000 (  0.0%)  DeadArgumentEliminationPass
   0.0000 (  0.0%)   0.0000 (  0.0%)   0.0000 (  0.0%)   0.0000 (  0.0%)  AMDGPU Preload Kernel Arguments
   0.0000 (  0.0%)   0.0000 (  0.0%)   0.0000 (  0.0%)   0.0000 (  0.0%)  Machine Optimization Remark Emitter #3
   0.0000 (  0.0%)   0.0000 (  0.0%)   0.0000 (  0.0%)   0.0000 (  0.0%)  MemProfRemoveInfo
   0.0000 (  0.0%)   0.0000 (  0.0%)   0.0000 (  0.0%)   0.0000 (  0.0%)  Natural Loop Information #6
   0.0000 (  0.0%)   0.0000 (  0.0%)   0.0000 (  0.0%)   0.0000 (  0.0%)  AllocTokenPass
   0.0000 (  0.0%)   0.0000 (  0.0%)   0.0000 (  0.0%)   0.0000 (  0.0%)  LoopSinkPass
   0.0000 (  0.0%)   0.0000 (  0.0%)   0.0000 (  0.0%)   0.0000 (  0.0%)  KernelInfoPrinter
   0.0000 (  0.0%)   0.0000 (  0.0%)   0.0000 (  0.0%)   0.0000 (  0.0%)  CoroEarlyPass
   0.0000 (  0.0%)   0.0000 (  0.0%)   0.0000 (  0.0%)   0.0000 (  0.0%)  RelLookupTableConverterPass
   0.0000 (  0.0%)   0.0000 (  0.0%)   0.0000 (  0.0%)   0.0000 (  0.0%)  GlobalSplitPass
   0.0000 (  0.0%)   0.0000 (  0.0%)   0.0000 (  0.0%)   0.0000 (  0.0%)  CoroCleanupPass
   0.0000 (  0.0%)   0.0000 (  0.0%)   0.0000 (  0.0%)   0.0000 (  0.0%)  AMDGPU Printf lowering
   0.0000 (  0.0%)   0.0000 (  0.0%)   0.0000 (  0.0%)   0.0000 (  0.0%)  ConstantMergePass
   0.0000 (  0.0%)   0.0000 (  0.0%)   0.0000 (  0.0%)   0.0000 (  0.0%)  Lower ctors and dtors for AMDGPU
   0.0000 (  0.0%)   0.0000 (  0.0%)   0.0000 (  0.0%)   0.0000 (  0.0%)  Pre-ISel Intrinsic Lowering
   0.0000 (  0.0%)   0.0000 (  0.0%)   0.0000 (  0.0%)   0.0000 (  0.0%)  Externalize enqueued block runtime handles
   0.0000 (  0.0%)   0.0000 (  0.0%)   0.0000 (  0.0%)   0.0000 (  0.0%)  ReversePostOrderFunctionAttrsPass
   0.0000 (  0.0%)   0.0000 (  0.0%)   0.0000 (  0.0%)   0.0000 (  0.0%)  AMDGPU Software lowering of LDS
   0.0000 (  0.0%)   0.0000 (  0.0%)   0.0000 (  0.0%)   0.0000 (  0.0%)  AMDGPU Inline All Functions
   0.0000 (  0.0%)   0.0000 (  0.0%)   0.0000 (  0.0%)   0.0000 (  0.0%)  EliminateAvailableExternallyPass
   0.0000 (  0.0%)   0.0000 (  0.0%)   0.0000 (  0.0%)   0.0000 (  0.0%)  AMDGPU lower intrinsics
   0.0000 (  0.0%)   0.0000 (  0.0%)   0.0000 (  0.0%)   0.0000 (  0.0%)  DropTypeTestsPass
   0.0000 (  0.0%)   0.0000 (  0.0%)   0.0000 (  0.0%)   0.0000 (  0.0%)  AMDGPUSwLowerLDSPass
   0.0286 (100.0%)   0.0103 (100.0%)   0.0389 (100.0%)   0.0390 (100.0%)  Total

===-------------------------------------------------------------------------===
                      Instruction Selection and Scheduling
===-------------------------------------------------------------------------===
  Total Execution Time: 0.0029 seconds (0.0029 wall clock)

   ---User Time---   --System Time--   --User+System--   ---Wall Time---  --- Name ---
   0.0007 ( 29.3%)   0.0001 ( 16.3%)   0.0008 ( 27.0%)   0.0008 ( 26.9%)  Instruction Selection
   0.0006 ( 24.5%)   0.0002 ( 32.7%)   0.0008 ( 26.0%)   0.0008 ( 26.0%)  Instruction Scheduling
   0.0004 ( 16.1%)   0.0001 ( 19.7%)   0.0005 ( 16.7%)   0.0005 ( 16.7%)  DAG Combining 1
   0.0002 ( 10.2%)   0.0001 ( 13.2%)   0.0003 ( 10.7%)   0.0003 ( 10.8%)  DAG Combining 2
   0.0002 (  7.6%)   0.0001 (  9.6%)   0.0002 (  8.0%)   0.0002 (  7.8%)  DAG Legalization
   0.0002 (  7.6%)   0.0000 (  3.8%)   0.0002 (  6.9%)   0.0002 (  6.9%)  Instruction Creation
   0.0001 (  2.2%)   0.0000 (  1.9%)   0.0001 (  2.2%)   0.0001 (  2.2%)  Type Legalization
   0.0000 (  1.4%)   0.0000 (  2.3%)   0.0000 (  1.6%)   0.0000 (  1.6%)  Vector Legalization
   0.0000 (  1.0%)   0.0000 (  0.6%)   0.0000 (  1.0%)   0.0000 (  0.9%)  Instruction Scheduling Cleanup
   0.0024 (100.0%)   0.0005 (100.0%)   0.0029 (100.0%)   0.0029 (100.0%)  Total

===-------------------------------------------------------------------------===
                              Register Allocation
===-------------------------------------------------------------------------===
  Total Execution Time: 0.0000 seconds (0.0000 wall clock)

   ---User Time---   --System Time--   --User+System--   ---Wall Time---  --- Name ---
   0.0000 (100.0%)   0.0000 (100.0%)   0.0000 (100.0%)   0.0000 (100.0%)  Seed Live Regs
   0.0000 (100.0%)   0.0000 (100.0%)   0.0000 (100.0%)   0.0000 (100.0%)  Total

===-------------------------------------------------------------------------===
                        Analysis execution timing report
===-------------------------------------------------------------------------===
  Total Execution Time: 0.0019 seconds (0.0019 wall clock)

   ---User Time---   --System Time--   --User+System--   ---Wall Time---  --- Name ---
   0.0008 ( 54.0%)   0.0001 ( 31.2%)   0.0010 ( 49.5%)   0.0010 ( 49.4%)  TargetIRAnalysis
   0.0001 (  8.8%)   0.0001 ( 28.3%)   0.0002 ( 12.7%)   0.0002 ( 12.7%)  VerifierAnalysis
   0.0002 (  9.9%)   0.0000 ( 12.6%)   0.0002 ( 10.4%)   0.0002 ( 10.3%)  UniformityInfoAnalysis
   0.0001 (  6.6%)   0.0000 (  6.0%)   0.0001 (  6.5%)   0.0001 (  6.7%)  MemorySSAAnalysis
   0.0001 (  3.8%)   0.0000 (  4.2%)   0.0001 (  3.9%)   0.0001 (  4.0%)  AAManager
   0.0000 (  1.9%)   0.0000 (  3.1%)   0.0000 (  2.2%)   0.0000 (  2.2%)  DominatorTreeAnalysis
   0.0000 (  2.1%)   0.0000 (  1.6%)   0.0000 (  2.0%)   0.0000 (  2.1%)  ScalarEvolutionAnalysis
   0.0000 (  1.5%)   0.0000 (  1.6%)   0.0000 (  1.5%)   0.0000 (  1.5%)  CycleAnalysis
   0.0000 (  1.1%)   0.0000 (  1.8%)   0.0000 (  1.2%)   0.0000 (  1.2%)  LazyCallGraphAnalysis
   0.0000 (  1.0%)   0.0000 (  2.1%)   0.0000 (  1.2%)   0.0000 (  1.2%)  BasicAA
   0.0000 (  1.3%)   0.0000 (  0.8%)   0.0000 (  1.2%)   0.0000 (  1.2%)  LoopAnalysis
   0.0000 (  0.8%)   0.0000 (  1.0%)   0.0000 (  0.8%)   0.0000 (  0.8%)  FunctionAnalysisManagerCGSCCProxy
   0.0000 (  0.6%)   0.0000 (  1.3%)   0.0000 (  0.7%)   0.0000 (  0.7%)  TargetLibraryAnalysis
   0.0000 (  0.8%)   0.0000 (  0.0%)   0.0000 (  0.7%)   0.0000 (  0.7%)  GlobalsAA
   0.0000 (  0.8%)   0.0000 (  0.5%)   0.0000 (  0.8%)   0.0000 (  0.7%)  AssumptionAnalysis
   0.0000 (  0.8%)   0.0000 (  0.0%)   0.0000 (  0.6%)   0.0000 (  0.6%)  PostDominatorTreeAnalysis
   0.0000 (  0.5%)   0.0000 (  0.3%)   0.0000 (  0.5%)   0.0000 (  0.5%)  LastRunTrackingAnalysis
   0.0000 (  0.5%)   0.0000 (  0.3%)   0.0000 (  0.4%)   0.0000 (  0.5%)  OuterAnalysisManagerProxy<ModuleAnalysisManager, LazyCallGraph::SCC, LazyCallGraph &>
   0.0000 (  0.5%)   0.0000 (  0.0%)   0.0000 (  0.4%)   0.0000 (  0.4%)  CallGraphAnalysis
   0.0000 (  0.3%)   0.0000 (  0.3%)   0.0000 (  0.3%)   0.0000 (  0.3%)  OptimizationRemarkEmitterAnalysis
   0.0000 (  0.2%)   0.0000 (  0.0%)   0.0000 (  0.2%)   0.0000 (  0.3%)  AMDGPUAA
   0.0000 (  0.3%)   0.0000 (  0.8%)   0.0000 (  0.4%)   0.0000 (  0.3%)  DemandedBitsAnalysis
   0.0000 (  0.3%)   0.0000 (  0.3%)   0.0000 (  0.3%)   0.0000 (  0.3%)  InnerAnalysisManagerProxy<CGSCCAnalysisManager, Module>
   0.0000 (  0.3%)   0.0000 (  0.5%)   0.0000 (  0.4%)   0.0000 (  0.3%)  TypeBasedAA
   0.0000 (  0.2%)   0.0000 (  0.5%)   0.0000 (  0.3%)   0.0000 (  0.3%)  OuterAnalysisManagerProxy<ModuleAnalysisManager, Function>
   0.0000 (  0.2%)   0.0000 (  0.0%)   0.0000 (  0.2%)   0.0000 (  0.2%)  ScopedNoAliasAA
   0.0000 (  0.2%)   0.0000 (  0.3%)   0.0000 (  0.2%)   0.0000 (  0.2%)  LoopAccessAnalysis
   0.0000 (  0.1%)   0.0000 (  0.3%)   0.0000 (  0.2%)   0.0000 (  0.2%)  InnerAnalysisManagerProxy<FunctionAnalysisManager, Module>
   0.0000 (  0.2%)   0.0000 (  0.3%)   0.0000 (  0.2%)   0.0000 (  0.2%)  InnerAnalysisManagerProxy<LoopAnalysisManager, Function>
   0.0000 (  0.2%)   0.0000 (  0.0%)   0.0000 (  0.2%)   0.0000 (  0.2%)  MemoryDependenceAnalysis
   0.0000 (  0.1%)   0.0000 (  0.3%)   0.0000 (  0.1%)   0.0000 (  0.1%)  ProfileSummaryAnalysis
   0.0000 (  0.0%)   0.0000 (  0.0%)   0.0000 (  0.0%)   0.0000 (  0.0%)  InlineAdvisorAnalysis
   0.0015 (100.0%)   0.0004 (100.0%)   0.0019 (100.0%)   0.0019 (100.0%)  Total

/root/polybenchGpu/HIP/BICG/bicg.hip.cpp:89:2: warning: ignoring return value of type 'hipError_t' declared with 'nodiscard' attribute [-Wunused-value]
   89 |         hipGetDeviceProperties(&deviceProp, GPU_DEVICE);
      |         ^~~~~~~~~~~~~~~~~~~~~~~~~~~~~~~~~~~~~~~~~~~~~~~
/opt/rocm-7.0.2/include/hip/hip_runtime_api.h:102:32: note: expanded from macro 'hipGetDeviceProperties'
  102 | #define hipGetDeviceProperties hipGetDevicePropertiesR0600
      |                                ^
/root/polybenchGpu/HIP/BICG/bicg.hip.cpp:91:2: warning: ignoring return value of type 'hipError_t' declared with 'nodiscard' attribute [-Wunused-value]
   91 |         hipSetDevice( GPU_DEVICE );
      |         ^~~~~~~~~~~~~~~~~~~~~~~~~~
/root/polybenchGpu/HIP/BICG/bicg.hip.cpp:187:2: warning: ignoring return value of type 'hipError_t' declared with 'nodiscard' attribute [-Wunused-value]
  187 |         hipMalloc((void **)&A_gpu, sizeof(DATA_TYPE) * NX * NY);
      |         ^~~~~~~~~~~~~~~~~~~~~~~~~~~~~~~~~~~~~~~~~~~~~~~~~~~~~~~
/root/polybenchGpu/HIP/BICG/bicg.hip.cpp:188:2: warning: ignoring return value of type 'hipError_t' declared with 'nodiscard' attribute [-Wunused-value]
  188 |         hipMalloc((void **)&r_gpu, sizeof(DATA_TYPE) * NX);
      |         ^~~~~~~~~~~~~~~~~~~~~~~~~~~~~~~~~~~~~~~~~~~~~~~~~~
/root/polybenchGpu/HIP/BICG/bicg.hip.cpp:189:2: warning: ignoring return value of type 'hipError_t' declared with 'nodiscard' attribute [-Wunused-value]
  189 |         hipMalloc((void **)&s_gpu, sizeof(DATA_TYPE) * NY);
      |         ^~~~~~~~~~~~~~~~~~~~~~~~~~~~~~~~~~~~~~~~~~~~~~~~~~
/root/polybenchGpu/HIP/BICG/bicg.hip.cpp:190:2: warning: ignoring return value of type 'hipError_t' declared with 'nodiscard' attribute [-Wunused-value]
  190 |         hipMalloc((void **)&p_gpu, sizeof(DATA_TYPE) * NY);
      |         ^~~~~~~~~~~~~~~~~~~~~~~~~~~~~~~~~~~~~~~~~~~~~~~~~~
/root/polybenchGpu/HIP/BICG/bicg.hip.cpp:191:2: warning: ignoring return value of type 'hipError_t' declared with 'nodiscard' attribute [-Wunused-value]
  191 |         hipMalloc((void **)&q_gpu, sizeof(DATA_TYPE) * NX);
      |         ^~~~~~~~~~~~~~~~~~~~~~~~~~~~~~~~~~~~~~~~~~~~~~~~~~
/root/polybenchGpu/HIP/BICG/bicg.hip.cpp:192:2: warning: ignoring return value of type 'hipError_t' declared with 'nodiscard' attribute [-Wunused-value]
  192 |         hipMemcpy(A_gpu, A, sizeof(DATA_TYPE) * NX * NY, hipMemcpyHostToDevice);
      |         ^~~~~~~~~~~~~~~~~~~~~~~~~~~~~~~~~~~~~~~~~~~~~~~~~~~~~~~~~~~~~~~~~~~~~~~
/root/polybenchGpu/HIP/BICG/bicg.hip.cpp:193:2: warning: ignoring return value of type 'hipError_t' declared with 'nodiscard' attribute [-Wunused-value]
  193 |         hipMemcpy(r_gpu, r, sizeof(DATA_TYPE) * NX, hipMemcpyHostToDevice);
      |         ^~~~~~~~~~~~~~~~~~~~~~~~~~~~~~~~~~~~~~~~~~~~~~~~~~~~~~~~~~~~~~~~~~
/root/polybenchGpu/HIP/BICG/bicg.hip.cpp:194:2: warning: ignoring return value of type 'hipError_t' declared with 'nodiscard' attribute [-Wunused-value]
  194 |         hipMemcpy(s_gpu, s, sizeof(DATA_TYPE) * NY, hipMemcpyHostToDevice);
      |         ^~~~~~~~~~~~~~~~~~~~~~~~~~~~~~~~~~~~~~~~~~~~~~~~~~~~~~~~~~~~~~~~~~
/root/polybenchGpu/HIP/BICG/bicg.hip.cpp:195:2: warning: ignoring return value of type 'hipError_t' declared with 'nodiscard' attribute [-Wunused-value]
  195 |         hipMemcpy(p_gpu, p, sizeof(DATA_TYPE) * NY, hipMemcpyHostToDevice);
      |         ^~~~~~~~~~~~~~~~~~~~~~~~~~~~~~~~~~~~~~~~~~~~~~~~~~~~~~~~~~~~~~~~~~
/root/polybenchGpu/HIP/BICG/bicg.hip.cpp:196:2: warning: ignoring return value of type 'hipError_t' declared with 'nodiscard' attribute [-Wunused-value]
  196 |         hipMemcpy(q_gpu, q, sizeof(DATA_TYPE) * NX, hipMemcpyHostToDevice);
      |         ^~~~~~~~~~~~~~~~~~~~~~~~~~~~~~~~~~~~~~~~~~~~~~~~~~~~~~~~~~~~~~~~~~
/root/polybenchGpu/HIP/BICG/bicg.hip.cpp:206:2: warning: ignoring return value of type 'hipError_t' declared with 'nodiscard' attribute [-Wunused-value]
  206 |         hipDeviceSynchronize();
      |         ^~~~~~~~~~~~~~~~~~~~~~
/root/polybenchGpu/HIP/BICG/bicg.hip.cpp:208:2: warning: ignoring return value of type 'hipError_t' declared with 'nodiscard' attribute [-Wunused-value]
  208 |         hipDeviceSynchronize();
      |         ^~~~~~~~~~~~~~~~~~~~~~
/root/polybenchGpu/HIP/BICG/bicg.hip.cpp:215:2: warning: ignoring return value of type 'hipError_t' declared with 'nodiscard' attribute [-Wunused-value]
  215 |         hipMemcpy(s_outputFromGpu, s_gpu, sizeof(DATA_TYPE) * NY, hipMemcpyDeviceToHost);
      |         ^~~~~~~~~~~~~~~~~~~~~~~~~~~~~~~~~~~~~~~~~~~~~~~~~~~~~~~~~~~~~~~~~~~~~~~~~~~~~~~~
/root/polybenchGpu/HIP/BICG/bicg.hip.cpp:216:2: warning: ignoring return value of type 'hipError_t' declared with 'nodiscard' attribute [-Wunused-value]
  216 |         hipMemcpy(q_outputFromGpu, q_gpu, sizeof(DATA_TYPE) * NX, hipMemcpyDeviceToHost);
      |         ^~~~~~~~~~~~~~~~~~~~~~~~~~~~~~~~~~~~~~~~~~~~~~~~~~~~~~~~~~~~~~~~~~~~~~~~~~~~~~~~
/root/polybenchGpu/HIP/BICG/bicg.hip.cpp:218:2: warning: ignoring return value of type 'hipError_t' declared with 'nodiscard' attribute [-Wunused-value]
  218 |         hipFree(A_gpu);
      |         ^~~~~~~~~~~~~~
/root/polybenchGpu/HIP/BICG/bicg.hip.cpp:219:2: warning: ignoring return value of type 'hipError_t' declared with 'nodiscard' attribute [-Wunused-value]
  219 |         hipFree(r_gpu);
      |         ^~~~~~~~~~~~~~
/root/polybenchGpu/HIP/BICG/bicg.hip.cpp:220:2: warning: ignoring return value of type 'hipError_t' declared with 'nodiscard' attribute [-Wunused-value]
  220 |         hipFree(s_gpu);
      |         ^~~~~~~~~~~~~~
/root/polybenchGpu/HIP/BICG/bicg.hip.cpp:221:2: warning: ignoring return value of type 'hipError_t' declared with 'nodiscard' attribute [-Wunused-value]
  221 |         hipFree(p_gpu);
      |         ^~~~~~~~~~~~~~
/root/polybenchGpu/HIP/BICG/bicg.hip.cpp:222:2: warning: ignoring return value of type 'hipError_t' declared with 'nodiscard' attribute [-Wunused-value]
  222 |         hipFree(q_gpu);
      |         ^~~~~~~~~~~~~~
21 warnings generated when compiling for host.
===-------------------------------------------------------------------------===
                              Register Allocation
===-------------------------------------------------------------------------===
  Total Execution Time: 0.0004 seconds (0.0004 wall clock)

   ---User Time---   --System Time--   --User+System--   ---Wall Time---  --- Name ---
   0.0001 ( 36.7%)   0.0001 ( 56.8%)   0.0002 ( 44.8%)   0.0002 ( 45.1%)  Global Splitting
   0.0001 ( 22.9%)   0.0000 ( 22.3%)   0.0001 ( 22.7%)   0.0001 ( 21.8%)  Seed Live Regs
   0.0000 ( 22.0%)   0.0000 ( 14.9%)   0.0001 ( 19.1%)   0.0001 ( 19.4%)  Spiller
   0.0000 ( 11.0%)   0.0000 (  6.1%)   0.0000 (  9.0%)   0.0000 (  9.0%)  Evict
   0.0000 (  7.3%)   0.0000 (  0.0%)   0.0000 (  4.4%)   0.0000 (  4.7%)  Local Splitting
   0.0002 (100.0%)   0.0001 (100.0%)   0.0004 (100.0%)   0.0004 (100.0%)  Total

===-------------------------------------------------------------------------===
                      Instruction Selection and Scheduling
===-------------------------------------------------------------------------===
  Total Execution Time: 0.0121 seconds (0.0121 wall clock)

   ---User Time---   --System Time--   --User+System--   ---Wall Time---  --- Name ---
   0.0017 ( 15.8%)   0.0002 ( 24.0%)   0.0020 ( 16.5%)   0.0020 ( 16.4%)  Instruction Selection
   0.0017 ( 15.7%)   0.0002 ( 23.4%)   0.0020 ( 16.3%)   0.0020 ( 16.2%)  DAG Combining 1
   0.0018 ( 16.2%)   0.0001 ( 12.2%)   0.0019 ( 15.9%)   0.0019 ( 15.9%)  DAG Combining 2
   0.0010 (  9.1%)   0.0001 (  9.8%)   0.0011 (  9.2%)   0.0011 (  9.2%)  DAG Legalization
   0.0010 (  8.8%)   0.0001 ( 10.5%)   0.0011 (  9.0%)   0.0011 (  9.0%)  Instruction Scheduling
   0.0009 (  8.3%)   0.0001 (  8.7%)   0.0010 (  8.3%)   0.0010 (  8.3%)  Instruction Creation
   0.0009 (  8.4%)   0.0001 (  5.5%)   0.0010 (  8.1%)   0.0010 (  8.1%)  Type Legalization
   0.0008 (  7.3%)   0.0000 (  3.2%)   0.0008 (  7.0%)   0.0008 (  7.0%)  DAG Combining after legalize types
   0.0008 (  7.3%)   0.0000 (  0.0%)   0.0008 (  6.7%)   0.0008 (  6.7%)  DAG Combining after legalize vectors
   0.0002 (  2.2%)   0.0000 (  1.9%)   0.0003 (  2.1%)   0.0003 (  2.1%)  Vector Legalization
   0.0001 (  0.7%)   0.0000 (  1.0%)   0.0001 (  0.7%)   0.0001 (  0.8%)  Instruction Scheduling Cleanup
   0.0000 (  0.2%)   0.0000 (  0.0%)   0.0000 (  0.2%)   0.0000 (  0.2%)  Type Legalization 2
   0.0111 (100.0%)   0.0010 (100.0%)   0.0121 (100.0%)   0.0121 (100.0%)  Total

===-------------------------------------------------------------------------===
                        Analysis execution timing report
===-------------------------------------------------------------------------===
  Total Execution Time: 0.0030 seconds (0.0030 wall clock)

   ---User Time---   --System Time--   --User+System--   ---Wall Time---  --- Name ---
   0.0004 ( 17.1%)   0.0003 ( 58.4%)   0.0007 ( 24.1%)   0.0007 ( 24.1%)  TargetIRAnalysis
   0.0004 ( 17.4%)   0.0000 (  5.5%)   0.0005 ( 15.4%)   0.0005 ( 15.4%)  VerifierAnalysis
   0.0003 ( 14.1%)   0.0001 ( 13.2%)   0.0004 ( 14.0%)   0.0004 ( 13.9%)  MemorySSAAnalysis
   0.0002 (  7.2%)   0.0000 (  0.8%)   0.0002 (  6.1%)   0.0002 (  6.3%)  AAManager
   0.0001 (  4.7%)   0.0000 (  3.4%)   0.0001 (  4.4%)   0.0001 (  4.4%)  DominatorTreeAnalysis
   0.0001 (  4.0%)   0.0000 (  1.2%)   0.0001 (  3.6%)   0.0001 (  3.6%)  ScalarEvolutionAnalysis
   0.0001 (  4.2%)   0.0000 (  2.0%)   0.0001 (  3.8%)   0.0001 (  3.6%)  BlockFrequencyAnalysis
   0.0001 (  3.8%)   0.0000 (  2.2%)   0.0001 (  3.6%)   0.0001 (  3.5%)  LoopAnalysis
   0.0001 (  3.1%)   0.0000 (  5.3%)   0.0001 (  3.5%)   0.0001 (  3.4%)  PostDominatorTreeAnalysis
   0.0001 (  3.6%)   0.0000 (  1.6%)   0.0001 (  3.3%)   0.0001 (  3.1%)  BranchProbabilityAnalysis
   0.0001 (  2.2%)   0.0000 (  0.2%)   0.0001 (  1.8%)   0.0001 (  2.1%)  BasicAA
   0.0001 (  2.3%)   0.0000 (  0.0%)   0.0001 (  1.9%)   0.0001 (  1.9%)  CallGraphAnalysis
   0.0000 (  1.8%)   0.0000 (  1.4%)   0.0001 (  1.7%)   0.0001 (  1.8%)  CycleAnalysis
   0.0000 (  1.8%)   0.0000 (  0.2%)   0.0000 (  1.5%)   0.0000 (  1.5%)  LastRunTrackingAnalysis
   0.0000 (  1.1%)   0.0000 (  0.4%)   0.0000 (  1.0%)   0.0000 (  1.2%)  TargetLibraryAnalysis
   0.0000 (  1.3%)   0.0000 (  0.0%)   0.0000 (  1.1%)   0.0000 (  1.1%)  GlobalsAA
   0.0000 (  1.1%)   0.0000 (  0.0%)   0.0000 (  0.9%)   0.0000 (  1.0%)  FunctionAnalysisManagerCGSCCProxy
   0.0000 (  1.1%)   0.0000 (  1.0%)   0.0000 (  1.0%)   0.0000 (  0.9%)  LazyValueAnalysis
   0.0000 (  1.1%)   0.0000 (  0.8%)   0.0000 (  1.0%)   0.0000 (  0.9%)  DemandedBitsAnalysis
   0.0000 (  1.0%)   0.0000 (  0.2%)   0.0000 (  0.8%)   0.0000 (  0.8%)  LoopAccessAnalysis
   0.0000 (  0.5%)   0.0000 (  0.0%)   0.0000 (  0.4%)   0.0000 (  0.6%)  EphemeralValuesAnalysis
   0.0000 (  0.6%)   0.0000 (  0.8%)   0.0000 (  0.7%)   0.0000 (  0.6%)  MemoryDependenceAnalysis
   0.0000 (  0.5%)   0.0000 (  0.0%)   0.0000 (  0.4%)   0.0000 (  0.4%)  OuterAnalysisManagerProxy<ModuleAnalysisManager, LazyCallGraph::SCC, LazyCallGraph &>
   0.0000 (  0.6%)   0.0000 (  0.2%)   0.0000 (  0.6%)   0.0000 (  0.4%)  UniformityInfoAnalysis
   0.0000 (  0.5%)   0.0000 (  0.0%)   0.0000 (  0.4%)   0.0000 (  0.4%)  LazyCallGraphAnalysis
   0.0000 (  0.3%)   0.0000 (  0.8%)   0.0000 (  0.4%)   0.0000 (  0.4%)  AssumptionAnalysis
   0.0000 (  0.4%)   0.0000 (  0.0%)   0.0000 (  0.3%)   0.0000 (  0.4%)  ShouldNotRunFunctionPassesAnalysis
   0.0000 (  0.4%)   0.0000 (  0.2%)   0.0000 (  0.4%)   0.0000 (  0.4%)  InnerAnalysisManagerProxy<LoopAnalysisManager, Function>
   0.0000 (  0.4%)   0.0000 (  0.0%)   0.0000 (  0.3%)   0.0000 (  0.3%)  TypeBasedAA
   0.0000 (  0.5%)   0.0000 (  0.0%)   0.0000 (  0.4%)   0.0000 (  0.3%)  OptimizationRemarkEmitterAnalysis
   0.0000 (  0.4%)   0.0000 (  0.0%)   0.0000 (  0.3%)   0.0000 (  0.3%)  OuterAnalysisManagerProxy<ModuleAnalysisManager, Function>
   0.0000 (  0.3%)   0.0000 (  0.0%)   0.0000 (  0.3%)   0.0000 (  0.3%)  ScopedNoAliasAA
   0.0000 (  0.2%)   0.0000 (  0.0%)   0.0000 (  0.2%)   0.0000 (  0.3%)  ShouldRunExtraVectorPasses
   0.0000 (  0.0%)   0.0000 (  0.4%)   0.0000 (  0.1%)   0.0000 (  0.1%)  ShouldRunExtraSimpleLoopUnswitch
   0.0000 (  0.0%)   0.0000 (  0.0%)   0.0000 (  0.0%)   0.0000 (  0.0%)  InnerAnalysisManagerProxy<CGSCCAnalysisManager, Module>
   0.0000 (  0.0%)   0.0000 (  0.0%)   0.0000 (  0.0%)   0.0000 (  0.0%)  InnerAnalysisManagerProxy<FunctionAnalysisManager, Module>
   0.0000 (  0.0%)   0.0000 (  0.0%)   0.0000 (  0.0%)   0.0000 (  0.0%)  ProfileSummaryAnalysis
   0.0000 (  0.0%)   0.0000 (  0.0%)   0.0000 (  0.0%)   0.0000 (  0.0%)  InlineAdvisorAnalysis
   0.0025 (100.0%)   0.0005 (100.0%)   0.0030 (100.0%)   0.0030 (100.0%)  Total

===-------------------------------------------------------------------------===
                          Pass execution timing report
===-------------------------------------------------------------------------===
  Total Execution Time: 0.0780 seconds (0.0779 wall clock)

   ---User Time---   --System Time--   --User+System--   ---Wall Time---  --- Name ---
   0.0136 ( 21.3%)   0.0016 ( 11.2%)   0.0152 ( 19.5%)   0.0152 ( 19.5%)  X86 DAG->DAG Instruction Selection
   0.0059 (  9.3%)   0.0005 (  3.8%)   0.0065 (  8.3%)   0.0065 (  8.3%)  InstCombinePass
   0.0044 (  6.8%)   0.0014 ( 10.0%)   0.0058 (  7.4%)   0.0058 (  7.4%)  LoopVectorizePass
   0.0029 (  4.6%)   0.0000 (  0.0%)   0.0029 (  3.8%)   0.0029 (  3.8%)  Loop Strength Reduction
   0.0021 (  3.3%)   0.0000 (  0.1%)   0.0021 (  2.7%)   0.0021 (  2.7%)  SLPVectorizerPass
   0.0017 (  2.7%)   0.0004 (  2.8%)   0.0021 (  2.7%)   0.0021 (  2.7%)  Machine Instruction Scheduler
   0.0015 (  2.3%)   0.0005 (  3.3%)   0.0019 (  2.5%)   0.0019 (  2.5%)  SimplifyCFGPass
   0.0012 (  1.8%)   0.0006 (  4.4%)   0.0018 (  2.3%)   0.0018 (  2.3%)  IndVarSimplifyPass
   0.0016 (  2.5%)   0.0000 (  0.1%)   0.0016 (  2.0%)   0.0016 (  2.0%)  InlinerPass
   0.0014 (  2.2%)   0.0000 (  0.0%)   0.0014 (  1.8%)   0.0014 (  1.8%)  LoopUnrollPass
   0.0008 (  1.3%)   0.0005 (  3.7%)   0.0013 (  1.7%)   0.0013 (  1.7%)  Greedy Register Allocator #2
   0.0009 (  1.4%)   0.0001 (  0.9%)   0.0010 (  1.3%)   0.0010 (  1.3%)  Live Variable Analysis
   0.0007 (  1.1%)   0.0002 (  1.8%)   0.0010 (  1.2%)   0.0010 (  1.3%)  EarlyCSEPass
   0.0007 (  1.1%)   0.0003 (  2.1%)   0.0010 (  1.2%)   0.0010 (  1.2%)  GVNPass
   0.0009 (  1.3%)   0.0001 (  0.4%)   0.0009 (  1.2%)   0.0009 (  1.2%)  Two-Address instruction pass
   0.0006 (  0.9%)   0.0003 (  2.1%)   0.0009 (  1.1%)   0.0009 (  1.2%)  Machine Module Information
   0.0005 (  0.7%)   0.0004 (  2.9%)   0.0009 (  1.1%)   0.0009 (  1.1%)  SROAPass
   0.0006 (  1.0%)   0.0002 (  1.3%)   0.0008 (  1.0%)   0.0008 (  1.0%)  Register Coalescer
   0.0005 (  0.8%)   0.0003 (  1.8%)   0.0008 (  1.0%)   0.0008 (  1.0%)  X86 Assembly Printer
   0.0005 (  0.8%)   0.0002 (  1.8%)   0.0007 (  0.9%)   0.0007 (  0.9%)  Dominator Tree Construction #3
   0.0005 (  0.8%)   0.0002 (  1.6%)   0.0007 (  0.9%)   0.0007 (  0.9%)  Machine Common Subexpression Elimination
   0.0005 (  0.8%)   0.0002 (  1.5%)   0.0007 (  0.9%)   0.0007 (  0.9%)  Function Alias Analysis Results #2
   0.0005 (  0.7%)   0.0002 (  1.3%)   0.0006 (  0.8%)   0.0007 (  0.8%)  Basic Alias Analysis (stateless AA impl) #3
   0.0006 (  0.9%)   0.0000 (  0.1%)   0.0006 (  0.8%)   0.0006 (  0.8%)  Canonicalize Freeze Instructions in Loops
   0.0004 (  0.6%)   0.0003 (  1.8%)   0.0006 (  0.8%)   0.0006 (  0.8%)  DSEPass
   0.0005 (  0.7%)   0.0001 (  0.9%)   0.0006 (  0.8%)   0.0006 (  0.8%)  CorrelatedValuePropagationPass
   0.0004 (  0.6%)   0.0002 (  1.4%)   0.0006 (  0.7%)   0.0006 (  0.7%)  Unnamed pass: implement Pass::getPassName()
   0.0005 (  0.7%)   0.0001 (  0.9%)   0.0006 (  0.7%)   0.0006 (  0.7%)  Live Interval Analysis
   0.0005 (  0.9%)   0.0000 (  0.0%)   0.0006 (  0.7%)   0.0006 (  0.7%)  PostOrderFunctionAttrsPass
   0.0003 (  0.5%)   0.0002 (  1.6%)   0.0005 (  0.7%)   0.0006 (  0.7%)  LoopIdiomRecognizePass
   0.0004 (  0.7%)   0.0001 (  0.6%)   0.0005 (  0.7%)   0.0005 (  0.7%)  CodeGen Prepare
   0.0005 (  0.7%)   0.0000 (  0.2%)   0.0005 (  0.6%)   0.0005 (  0.6%)  LICMPass
   0.0005 (  0.7%)   0.0000 (  0.2%)   0.0005 (  0.6%)   0.0005 (  0.6%)  LoopLoadEliminationPass
   0.0003 (  0.5%)   0.0002 (  1.2%)   0.0005 (  0.6%)   0.0005 (  0.6%)  SCCPPass
   0.0003 (  0.5%)   0.0002 (  1.1%)   0.0005 (  0.6%)   0.0005 (  0.6%)  Reaching Definitions Analysis
   0.0004 (  0.7%)   0.0000 (  0.2%)   0.0005 (  0.6%)   0.0005 (  0.6%)  VerifierPass
   0.0004 (  0.7%)   0.0000 (  0.2%)   0.0005 (  0.6%)   0.0005 (  0.6%)  Induction Variable Users
   0.0002 (  0.3%)   0.0003 (  1.8%)   0.0005 (  0.6%)   0.0004 (  0.6%)  LoopDeletionPass
   0.0004 (  0.6%)   0.0001 (  0.4%)   0.0004 (  0.5%)   0.0004 (  0.5%)  JumpThreadingPass
   0.0004 (  0.6%)   0.0000 (  0.3%)   0.0004 (  0.5%)   0.0004 (  0.5%)  Unnamed pass: implement Pass::getPassName() #2
   0.0004 (  0.6%)   0.0000 (  0.0%)   0.0004 (  0.5%)   0.0004 (  0.5%)  IPSCCPPass
   0.0003 (  0.4%)   0.0001 (  0.8%)   0.0004 (  0.5%)   0.0004 (  0.5%)  Machine Copy Propagation Pass
   0.0003 (  0.5%)   0.0001 (  0.4%)   0.0004 (  0.5%)   0.0004 (  0.5%)  Peephole Optimizations
   0.0002 (  0.4%)   0.0001 (  0.8%)   0.0003 (  0.4%)   0.0003 (  0.4%)  Machine code sinking
   0.0002 (  0.4%)   0.0001 (  0.8%)   0.0003 (  0.4%)   0.0003 (  0.4%)  Machine Register Class Info Analysis
   0.0003 (  0.5%)   0.0000 (  0.2%)   0.0003 (  0.4%)   0.0003 (  0.4%)  ConstraintEliminationPass
   0.0003 (  0.5%)   0.0000 (  0.1%)   0.0003 (  0.4%)   0.0003 (  0.4%)  LoopRotatePass
   0.0002 (  0.3%)   0.0001 (  0.8%)   0.0003 (  0.4%)   0.0003 (  0.4%)  Prologue/Epilogue Insertion & Frame Finalization
   0.0002 (  0.3%)   0.0001 (  0.8%)   0.0003 (  0.4%)   0.0003 (  0.4%)  Virtual Register Rewriter
   0.0002 (  0.3%)   0.0001 (  0.7%)   0.0003 (  0.4%)   0.0003 (  0.4%)  Early Machine Loop Invariant Code Motion
   0.0002 (  0.3%)   0.0001 (  0.8%)   0.0003 (  0.3%)   0.0003 (  0.3%)  Control Flow Optimizer
   0.0002 (  0.4%)   0.0000 (  0.2%)   0.0003 (  0.3%)   0.0003 (  0.3%)  LoopSimplifyPass
   0.0002 (  0.3%)   0.0001 (  0.4%)   0.0003 (  0.3%)   0.0002 (  0.3%)  Branch Probability Basic Block Placement
   0.0002 (  0.3%)   0.0000 (  0.3%)   0.0002 (  0.3%)   0.0002 (  0.3%)  ReassociatePass
   0.0002 (  0.2%)   0.0001 (  0.5%)   0.0002 (  0.3%)   0.0002 (  0.3%)  Machine Copy Propagation Pass #2
   0.0002 (  0.3%)   0.0001 (  0.4%)   0.0002 (  0.3%)   0.0002 (  0.3%)  Live Range Shrink
   0.0001 (  0.2%)   0.0001 (  0.6%)   0.0002 (  0.3%)   0.0002 (  0.3%)  ADCEPass
   0.0001 (  0.2%)   0.0001 (  0.8%)   0.0002 (  0.3%)   0.0002 (  0.3%)  MemCpyOptPass
   0.0002 (  0.3%)   0.0000 (  0.0%)   0.0002 (  0.3%)   0.0002 (  0.3%)  SimpleLoopUnswitchPass
   0.0002 (  0.3%)   0.0000 (  0.1%)   0.0002 (  0.3%)   0.0002 (  0.3%)  Merge disjoint stack slots
   0.0001 (  0.2%)   0.0001 (  0.5%)   0.0002 (  0.3%)   0.0002 (  0.3%)  BDCEPass
   0.0002 (  0.3%)   0.0000 (  0.2%)   0.0002 (  0.3%)   0.0002 (  0.3%)  TailCallElimPass
   0.0002 (  0.3%)   0.0000 (  0.0%)   0.0002 (  0.3%)   0.0002 (  0.3%)  GlobalOptPass
   0.0002 (  0.3%)   0.0000 (  0.0%)   0.0002 (  0.2%)   0.0002 (  0.2%)  InferAlignmentPass
   0.0001 (  0.2%)   0.0000 (  0.3%)   0.0002 (  0.2%)   0.0002 (  0.2%)  X86 Execution Dependency Fix
   0.0001 (  0.2%)   0.0000 (  0.3%)   0.0002 (  0.2%)   0.0002 (  0.2%)  Remove dead machine instructions
   0.0001 (  0.2%)   0.0000 (  0.3%)   0.0002 (  0.2%)   0.0002 (  0.2%)  LoopFullUnrollPass
   0.0001 (  0.2%)   0.0001 (  0.4%)   0.0002 (  0.2%)   0.0002 (  0.2%)  X86 Byte/Word Instruction Fixup
   0.0001 (  0.2%)   0.0000 (  0.2%)   0.0002 (  0.2%)   0.0002 (  0.2%)  LCSSAPass
   0.0001 (  0.2%)   0.0000 (  0.3%)   0.0002 (  0.2%)   0.0002 (  0.2%)  VectorCombinePass
   0.0001 (  0.2%)   0.0001 (  0.4%)   0.0002 (  0.2%)   0.0002 (  0.2%)  Machine Late Instructions Cleanup Pass
   0.0001 (  0.2%)   0.0000 (  0.3%)   0.0002 (  0.2%)   0.0002 (  0.2%)  Machine Natural Loop Construction #3
   0.0001 (  0.2%)   0.0000 (  0.3%)   0.0002 (  0.2%)   0.0001 (  0.2%)  Slot index numbering #2
   0.0001 (  0.2%)   0.0000 (  0.3%)   0.0001 (  0.2%)   0.0001 (  0.2%)  Greedy Register Allocator
   0.0001 (  0.2%)   0.0000 (  0.0%)   0.0001 (  0.2%)   0.0001 (  0.2%)  InstSimplifyPass
   0.0001 (  0.2%)   0.0000 (  0.2%)   0.0001 (  0.2%)   0.0001 (  0.2%)  Shrink Wrapping analysis
   0.0001 (  0.2%)   0.0000 (  0.2%)   0.0001 (  0.2%)   0.0001 (  0.2%)  Constant Hoisting
   0.0001 (  0.2%)   0.0000 (  0.3%)   0.0002 (  0.2%)   0.0001 (  0.2%)  MachineDominator Tree Construction #5
   0.0001 (  0.2%)   0.0000 (  0.2%)   0.0001 (  0.2%)   0.0001 (  0.2%)  Scalar Evolution Analysis
   0.0001 (  0.2%)   0.0000 (  0.2%)   0.0001 (  0.2%)   0.0001 (  0.2%)  Remove dead machine instructions #2
   0.0001 (  0.1%)   0.0000 (  0.3%)   0.0001 (  0.2%)   0.0001 (  0.2%)  Dominator Tree Construction #2
   0.0001 (  0.1%)   0.0000 (  0.2%)   0.0001 (  0.2%)   0.0001 (  0.2%)  Eliminate PHI nodes for register allocation
   0.0001 (  0.1%)   0.0000 (  0.2%)   0.0001 (  0.1%)   0.0001 (  0.1%)  Finalize ISel and expand pseudo-instructions
   0.0001 (  0.1%)   0.0000 (  0.2%)   0.0001 (  0.1%)   0.0001 (  0.1%)  BreakFalseDeps
   0.0001 (  0.1%)   0.0000 (  0.2%)   0.0001 (  0.1%)   0.0001 (  0.1%)  Machine InstCombiner
   0.0001 (  0.1%)   0.0000 (  0.1%)   0.0001 (  0.1%)   0.0001 (  0.1%)  AggressiveInstCombinePass
   0.0001 (  0.2%)   0.0000 (  0.0%)   0.0001 (  0.1%)   0.0001 (  0.1%)  CalledValuePropagationPass
   0.0001 (  0.2%)   0.0000 (  0.0%)   0.0001 (  0.1%)   0.0001 (  0.1%)  InferFunctionAttrsPass
   0.0001 (  0.1%)   0.0000 (  0.1%)   0.0001 (  0.1%)   0.0001 (  0.1%)  Natural Loop Information
   0.0001 (  0.1%)   0.0001 (  0.4%)   0.0001 (  0.1%)   0.0001 (  0.1%)  Float2IntPass
   0.0001 (  0.1%)   0.0000 (  0.2%)   0.0001 (  0.1%)   0.0001 (  0.1%)  Machine Block Frequency Analysis #3
   0.0001 (  0.2%)   0.0000 (  0.0%)   0.0001 (  0.1%)   0.0001 (  0.1%)  LoopInstSimplifyPass
   0.0001 (  0.1%)   0.0000 (  0.2%)   0.0001 (  0.1%)   0.0001 (  0.1%)  Live DEBUG_VALUE analysis
   0.0001 (  0.1%)   0.0000 (  0.1%)   0.0001 (  0.1%)   0.0001 (  0.1%)  LoopDistributePass
   0.0001 (  0.1%)   0.0000 (  0.1%)   0.0001 (  0.1%)   0.0001 (  0.1%)  Block Frequency Analysis
   0.0001 (  0.1%)   0.0000 (  0.2%)   0.0001 (  0.1%)   0.0001 (  0.1%)  Machine Block Frequency Analysis
   0.0000 (  0.1%)   0.0000 (  0.3%)   0.0001 (  0.1%)   0.0001 (  0.1%)  Machine Block Frequency Analysis #4
   0.0001 (  0.1%)   0.0000 (  0.1%)   0.0001 (  0.1%)   0.0001 (  0.1%)  Slot index numbering
   0.0000 (  0.1%)   0.0000 (  0.3%)   0.0001 (  0.1%)   0.0001 (  0.1%)  Expand IR instructions
   0.0001 (  0.1%)   0.0000 (  0.0%)   0.0001 (  0.1%)   0.0001 (  0.1%)  LoopSimplifyCFGPass
   0.0000 (  0.1%)   0.0000 (  0.2%)   0.0001 (  0.1%)   0.0001 (  0.1%)  X86 Fixup Vector Constants
   0.0001 (  0.1%)   0.0000 (  0.1%)   0.0001 (  0.1%)   0.0001 (  0.1%)  Branch Probability Analysis
   0.0001 (  0.1%)   0.0000 (  0.1%)   0.0001 (  0.1%)   0.0001 (  0.1%)  X86 LEA Optimize
   0.0001 (  0.1%)   0.0000 (  0.0%)   0.0001 (  0.1%)   0.0001 (  0.1%)  GlobalDCEPass
   0.0001 (  0.1%)   0.0000 (  0.1%)   0.0001 (  0.1%)   0.0001 (  0.1%)  Machine Dominance Frontier Construction
   0.0001 (  0.1%)   0.0000 (  0.1%)   0.0001 (  0.1%)   0.0001 (  0.1%)  X86 Optimize Call Frame
   0.0000 (  0.1%)   0.0000 (  0.2%)   0.0001 (  0.1%)   0.0001 (  0.1%)  Free MachineFunction
   0.0001 (  0.1%)   0.0000 (  0.0%)   0.0001 (  0.1%)   0.0001 (  0.1%)  LibCallsShrinkWrapPass
   0.0001 (  0.1%)   0.0000 (  0.1%)   0.0001 (  0.1%)   0.0001 (  0.1%)  Machine Loop Invariant Code Motion
   0.0001 (  0.1%)   0.0000 (  0.0%)   0.0001 (  0.1%)   0.0001 (  0.1%)  RequireAnalysisPass<llvm::GlobalsAA, llvm::Module, llvm::AnalysisManager<Module>>
   0.0000 (  0.1%)   0.0000 (  0.1%)   0.0001 (  0.1%)   0.0001 (  0.1%)  Check CFA info and insert CFI instructions if needed
   0.0000 (  0.1%)   0.0000 (  0.1%)   0.0001 (  0.1%)   0.0001 (  0.1%)  Canonicalize natural loops
   0.0000 (  0.1%)   0.0000 (  0.1%)   0.0001 (  0.1%)   0.0001 (  0.1%)  Post-Dominator Tree Construction
   0.0000 (  0.1%)   0.0000 (  0.1%)   0.0001 (  0.1%)   0.0001 (  0.1%)  MachineDominator Tree Construction #6
   0.0000 (  0.1%)   0.0000 (  0.1%)   0.0001 (  0.1%)   0.0001 (  0.1%)  Post-RA pseudo instruction expansion pass
   0.0000 (  0.1%)   0.0000 (  0.1%)   0.0001 (  0.1%)   0.0001 (  0.1%)  MachineDominator Tree Construction
   0.0000 (  0.1%)   0.0000 (  0.1%)   0.0001 (  0.1%)   0.0001 (  0.1%)  X86 LEA Fixup
   0.0000 (  0.1%)   0.0000 (  0.1%)   0.0001 (  0.1%)   0.0001 (  0.1%)  Machine Natural Loop Construction #2
   0.0000 (  0.1%)   0.0000 (  0.1%)   0.0001 (  0.1%)   0.0001 (  0.1%)  PostRA Machine Sink
   0.0000 (  0.1%)   0.0000 (  0.1%)   0.0001 (  0.1%)   0.0001 (  0.1%)  Machine Block Frequency Analysis #2
   0.0000 (  0.1%)   0.0000 (  0.1%)   0.0001 (  0.1%)   0.0001 (  0.1%)  MachinePostDominator Tree Construction
   0.0000 (  0.1%)   0.0000 (  0.1%)   0.0001 (  0.1%)   0.0001 (  0.1%)  Live Register Matrix
   0.0000 (  0.1%)   0.0000 (  0.1%)   0.0001 (  0.1%)   0.0001 (  0.1%)  X86 Fixup SetCC
   0.0001 (  0.1%)   0.0000 (  0.0%)   0.0001 (  0.1%)   0.0001 (  0.1%)  RecomputeGlobalsAAPass
   0.0000 (  0.1%)   0.0000 (  0.1%)   0.0001 (  0.1%)   0.0001 (  0.1%)  Stack Slot Coloring
   0.0000 (  0.1%)   0.0000 (  0.1%)   0.0001 (  0.1%)   0.0001 (  0.1%)  Init Undef Pass
   0.0000 (  0.1%)   0.0000 (  0.1%)   0.0000 (  0.1%)   0.0000 (  0.1%)  X86 cmov Conversion
   0.0000 (  0.1%)   0.0000 (  0.1%)   0.0001 (  0.1%)   0.0000 (  0.1%)  X86 pseudo instruction expansion pass
   0.0000 (  0.1%)   0.0000 (  0.1%)   0.0001 (  0.1%)   0.0000 (  0.1%)  MachinePostDominator Tree Construction #2
   0.0000 (  0.0%)   0.0000 (  0.1%)   0.0000 (  0.1%)   0.0000 (  0.1%)  Machine Block Frequency Analysis #5
   0.0000 (  0.1%)   0.0000 (  0.1%)   0.0000 (  0.1%)   0.0000 (  0.1%)  Early Tail Duplication
   0.0000 (  0.0%)   0.0000 (  0.1%)   0.0000 (  0.0%)   0.0000 (  0.1%)  Bundle Machine CFG Edges
   0.0000 (  0.1%)   0.0000 (  0.1%)   0.0001 (  0.1%)   0.0000 (  0.1%)  Machine Trace Metrics
   0.0000 (  0.1%)   0.0000 (  0.1%)   0.0001 (  0.1%)   0.0000 (  0.1%)  Cycle Info Analysis
   0.0000 (  0.0%)   0.0000 (  0.2%)   0.0001 (  0.1%)   0.0000 (  0.1%)  Machine Natural Loop Construction
   0.0000 (  0.1%)   0.0000 (  0.1%)   0.0000 (  0.1%)   0.0000 (  0.1%)  Branch Probability Analysis #3
   0.0000 (  0.1%)   0.0000 (  0.1%)   0.0001 (  0.1%)   0.0000 (  0.1%)  Natural Loop Information #2
   0.0000 (  0.0%)   0.0000 (  0.1%)   0.0000 (  0.1%)   0.0000 (  0.1%)  Remove unreachable machine basic blocks
   0.0000 (  0.1%)   0.0000 (  0.1%)   0.0000 (  0.1%)   0.0000 (  0.1%)  Live Stack Slot Analysis
   0.0000 (  0.0%)   0.0000 (  0.1%)   0.0000 (  0.1%)   0.0000 (  0.1%)  Interleaved Access Pass
   0.0000 (  0.1%)   0.0000 (  0.1%)   0.0000 (  0.1%)   0.0000 (  0.1%)  Debug Variable Analysis
   0.0000 (  0.0%)   0.0000 (  0.1%)   0.0000 (  0.0%)   0.0000 (  0.1%)  Partially inline calls to library functions
   0.0000 (  0.0%)   0.0000 (  0.1%)   0.0000 (  0.1%)   0.0000 (  0.1%)  Virtual Register Map
   0.0000 (  0.1%)   0.0000 (  0.0%)   0.0000 (  0.1%)   0.0000 (  0.1%)  WarnMissedTransformationsPass
   0.0000 (  0.1%)   0.0000 (  0.0%)   0.0000 (  0.0%)   0.0000 (  0.1%)  RequireAnalysisPass<llvm::ShouldNotRunFunctionPassesAnalysis, llvm::Function, llvm::AnalysisManager<Function>>
   0.0000 (  0.1%)   0.0000 (  0.0%)   0.0000 (  0.0%)   0.0000 (  0.1%)  Block Frequency Analysis #2
   0.0000 (  0.1%)   0.0000 (  0.0%)   0.0000 (  0.0%)   0.0000 (  0.1%)  Expand reduction intrinsics
   0.0000 (  0.0%)   0.0000 (  0.1%)   0.0000 (  0.0%)   0.0000 (  0.1%)  Branch Probability Analysis #2
   0.0000 (  0.0%)   0.0000 (  0.1%)   0.0000 (  0.1%)   0.0000 (  0.1%)  X86 Fixup Inst Tuning
   0.0000 (  0.1%)   0.0000 (  0.1%)   0.0000 (  0.1%)   0.0000 (  0.0%)  Spill Code Placement Analysis
   0.0000 (  0.1%)   0.0000 (  0.1%)   0.0000 (  0.1%)   0.0000 (  0.0%)  Tail Duplication
   0.0000 (  0.0%)   0.0000 (  0.1%)   0.0000 (  0.0%)   0.0000 (  0.0%)  Remove unreachable blocks from the CFG
   0.0000 (  0.0%)   0.0000 (  0.1%)   0.0000 (  0.0%)   0.0000 (  0.0%)  Machine Cycle Info Analysis
   0.0000 (  0.0%)   0.0000 (  0.1%)   0.0000 (  0.1%)   0.0000 (  0.0%)  MachineDominator Tree Construction #2
   0.0000 (  0.1%)   0.0000 (  0.0%)   0.0000 (  0.0%)   0.0000 (  0.0%)  CGProfilePass
   0.0000 (  0.0%)   0.0000 (  0.1%)   0.0000 (  0.1%)   0.0000 (  0.0%)  Post-Dominator Tree Construction #3
   0.0000 (  0.0%)   0.0000 (  0.0%)   0.0000 (  0.0%)   0.0000 (  0.0%)  DFAJumpThreadingPass
   0.0000 (  0.1%)   0.0000 (  0.0%)   0.0000 (  0.0%)   0.0000 (  0.0%)  ReversePostOrderFunctionAttrsPass
   0.0000 (  0.0%)   0.0000 (  0.1%)   0.0000 (  0.1%)   0.0000 (  0.0%)  Machine Natural Loop Construction #4
   0.0000 (  0.0%)   0.0000 (  0.0%)   0.0000 (  0.0%)   0.0000 (  0.0%)  DropUnnecessaryAssumesPass
   0.0000 (  0.0%)   0.0000 (  0.1%)   0.0000 (  0.1%)   0.0000 (  0.0%)  MachineDominator Tree Construction #7
   0.0000 (  0.0%)   0.0000 (  0.2%)   0.0000 (  0.0%)   0.0000 (  0.0%)  Dominator Tree Construction
   0.0000 (  0.0%)   0.0000 (  0.1%)   0.0000 (  0.0%)   0.0000 (  0.0%)  Replace intrinsics with calls to vector library
   0.0000 (  0.0%)   0.0000 (  0.1%)   0.0000 (  0.0%)   0.0000 (  0.0%)  MachinePostDominator Tree Construction #3
   0.0000 (  0.1%)   0.0000 (  0.0%)   0.0000 (  0.0%)   0.0000 (  0.0%)  CoroAnnotationElidePass
   0.0000 (  0.0%)   0.0000 (  0.1%)   0.0000 (  0.0%)   0.0000 (  0.0%)  Scalarize Masked Memory Intrinsics
   0.0000 (  0.0%)   0.0000 (  0.1%)   0.0000 (  0.0%)   0.0000 (  0.0%)  Exception handling preparation
   0.0000 (  0.0%)   0.0000 (  0.1%)   0.0000 (  0.0%)   0.0000 (  0.0%)  X86 Avoid Store Forwarding Blocks
   0.0000 (  0.0%)   0.0000 (  0.1%)   0.0000 (  0.0%)   0.0000 (  0.0%)  Expand Atomic instructions
   0.0000 (  0.0%)   0.0000 (  0.0%)   0.0000 (  0.0%)   0.0000 (  0.0%)  Natural Loop Information #4
   0.0000 (  0.0%)   0.0000 (  0.0%)   0.0000 (  0.0%)   0.0000 (  0.0%)  Bundle Machine CFG Edges #2
   0.0000 (  0.0%)   0.0000 (  0.1%)   0.0000 (  0.0%)   0.0000 (  0.0%)  Lower AMX type for load/store
   0.0000 (  0.0%)   0.0000 (  0.1%)   0.0000 (  0.0%)   0.0000 (  0.0%)  Basic Alias Analysis (stateless AA impl)
   0.0000 (  0.0%)   0.0000 (  0.1%)   0.0000 (  0.0%)   0.0000 (  0.0%)  CallSiteSplittingPass
   0.0000 (  0.0%)   0.0000 (  0.1%)   0.0000 (  0.0%)   0.0000 (  0.0%)  Machine Optimization Remark Emitter
   0.0000 (  0.0%)   0.0000 (  0.0%)   0.0000 (  0.0%)   0.0000 (  0.0%)  MachineDominator Tree Construction #4
   0.0000 (  0.0%)   0.0000 (  0.0%)   0.0000 (  0.0%)   0.0000 (  0.0%)  Cycle Info Analysis #3
   0.0000 (  0.0%)   0.0000 (  0.1%)   0.0000 (  0.0%)   0.0000 (  0.0%)  Process Implicit Definitions
   0.0000 (  0.0%)   0.0000 (  0.0%)   0.0000 (  0.0%)   0.0000 (  0.0%)  Post-Dominator Tree Construction #2
   0.0000 (  0.0%)   0.0000 (  0.1%)   0.0000 (  0.0%)   0.0000 (  0.0%)  LowerExpectIntrinsicPass
   0.0000 (  0.0%)   0.0000 (  0.1%)   0.0000 (  0.0%)   0.0000 (  0.0%)  Function Alias Analysis Results
   0.0000 (  0.0%)   0.0000 (  0.0%)   0.0000 (  0.0%)   0.0000 (  0.0%)  LowerConstantIntrinsicsPass
   0.0000 (  0.0%)   0.0000 (  0.0%)   0.0000 (  0.0%)   0.0000 (  0.0%)  X86 Partial Reduction
   0.0000 (  0.0%)   0.0000 (  0.0%)   0.0000 (  0.0%)   0.0000 (  0.0%)  ExpandMemCmpPass
   0.0000 (  0.0%)   0.0000 (  0.0%)   0.0000 (  0.0%)   0.0000 (  0.0%)  Optimize machine instruction PHIs
   0.0000 (  0.0%)   0.0000 (  0.0%)   0.0000 (  0.0%)   0.0000 (  0.0%)  Pseudo Probe Inserter
   0.0000 (  0.0%)   0.0000 (  0.0%)   0.0000 (  0.0%)   0.0000 (  0.0%)  JumpTableToSwitchPass
   0.0000 (  0.0%)   0.0000 (  0.0%)   0.0000 (  0.0%)   0.0000 (  0.0%)  Early If-Conversion
   0.0000 (  0.0%)   0.0000 (  0.0%)   0.0000 (  0.0%)   0.0000 (  0.0%)  Natural Loop Information #3
   0.0000 (  0.0%)   0.0000 (  0.1%)   0.0000 (  0.0%)   0.0000 (  0.0%)  Insert XRay ops
   0.0000 (  0.0%)   0.0000 (  0.0%)   0.0000 (  0.0%)   0.0000 (  0.0%)  Shadow Stack GC Lowering
   0.0000 (  0.0%)   0.0000 (  0.0%)   0.0000 (  0.0%)   0.0000 (  0.0%)  MachineDominator Tree Construction #3
   0.0000 (  0.0%)   0.0000 (  0.1%)   0.0000 (  0.0%)   0.0000 (  0.0%)  Insert stack protectors
   0.0000 (  0.0%)   0.0000 (  0.1%)   0.0000 (  0.0%)   0.0000 (  0.0%)  Machine Optimization Remark Emitter #2
   0.0000 (  0.0%)   0.0000 (  0.0%)   0.0000 (  0.0%)   0.0000 (  0.0%)  Assignment Tracking Analysis
   0.0000 (  0.0%)   0.0000 (  0.0%)   0.0000 (  0.0%)   0.0000 (  0.0%)  ArgumentPromotionPass
   0.0000 (  0.0%)   0.0000 (  0.0%)   0.0000 (  0.0%)   0.0000 (  0.0%)  Lazy Branch Probability Analysis #2
   0.0000 (  0.0%)   0.0000 (  0.1%)   0.0000 (  0.0%)   0.0000 (  0.0%)  Basic Alias Analysis (stateless AA impl) #2
   0.0000 (  0.0%)   0.0000 (  0.0%)   0.0000 (  0.0%)   0.0000 (  0.0%)  X86 Domain Reassignment Pass
   0.0000 (  0.0%)   0.0000 (  0.1%)   0.0000 (  0.0%)   0.0000 (  0.0%)  Post RA top-down list latency scheduler
   0.0000 (  0.0%)   0.0000 (  0.0%)   0.0000 (  0.0%)   0.0000 (  0.0%)  X86 EFLAGS copy lowering
   0.0000 (  0.0%)   0.0000 (  0.0%)   0.0000 (  0.0%)   0.0000 (  0.0%)  Lazy Machine Block Frequency Analysis #8
   0.0000 (  0.0%)   0.0000 (  0.0%)   0.0000 (  0.0%)   0.0000 (  0.0%)  Lazy Machine Block Frequency Analysis #4
   0.0000 (  0.0%)   0.0000 (  0.0%)   0.0000 (  0.0%)   0.0000 (  0.0%)  AllocTokenPass
   0.0000 (  0.0%)   0.0000 (  0.0%)   0.0000 (  0.0%)   0.0000 (  0.0%)  Local Dynamic TLS Access Clean-up
   0.0000 (  0.0%)   0.0000 (  0.0%)   0.0000 (  0.0%)   0.0000 (  0.0%)  Stack Frame Layout Analysis
   0.0000 (  0.0%)   0.0000 (  0.0%)   0.0000 (  0.0%)   0.0000 (  0.0%)  Lazy Machine Block Frequency Analysis #2
   0.0000 (  0.0%)   0.0000 (  0.0%)   0.0000 (  0.0%)   0.0000 (  0.0%)  InjectTLIMappings
   0.0000 (  0.0%)   0.0000 (  0.0%)   0.0000 (  0.0%)   0.0000 (  0.0%)  Cycle Info Analysis #2
   0.0000 (  0.0%)   0.0000 (  0.0%)   0.0000 (  0.0%)   0.0000 (  0.0%)  Tile Register Pre-configure
   0.0000 (  0.0%)   0.0000 (  0.0%)   0.0000 (  0.0%)   0.0000 (  0.0%)  X86 FP Stackifier
   0.0000 (  0.0%)   0.0000 (  0.0%)   0.0000 (  0.0%)   0.0000 (  0.0%)  InvalidateAnalysisPass<llvm::ShouldNotRunFunctionPassesAnalysis>
   0.0000 (  0.0%)   0.0000 (  0.2%)   0.0000 (  0.0%)   0.0000 (  0.0%)  ObjC ARC contraction
   0.0000 (  0.0%)   0.0000 (  0.1%)   0.0000 (  0.0%)   0.0000 (  0.0%)  Unpack machine instruction bundles
   0.0000 (  0.0%)   0.0000 (  0.0%)   0.0000 (  0.0%)   0.0000 (  0.0%)  PromotePass
   0.0000 (  0.0%)   0.0000 (  0.1%)   0.0000 (  0.0%)   0.0000 (  0.0%)  Lazy Block Frequency Analysis #2
   0.0000 (  0.0%)   0.0000 (  0.0%)   0.0000 (  0.0%)   0.0000 (  0.0%)  X86 speculative load hardening
   0.0000 (  0.0%)   0.0000 (  0.0%)   0.0000 (  0.0%)   0.0000 (  0.0%)  Remove Loads Into Fake Uses
   0.0000 (  0.0%)   0.0000 (  0.0%)   0.0000 (  0.0%)   0.0000 (  0.0%)  DivRemPairsPass
   0.0000 (  0.0%)   0.0000 (  0.0%)   0.0000 (  0.0%)   0.0000 (  0.0%)  Insert KCFI indirect call checks
   0.0000 (  0.0%)   0.0000 (  0.0%)   0.0000 (  0.0%)   0.0000 (  0.0%)  Local Stack Slot Allocation
   0.0000 (  0.0%)   0.0000 (  0.0%)   0.0000 (  0.0%)   0.0000 (  0.0%)  Implement the 'patchable-function' attribute
   0.0000 (  0.0%)   0.0000 (  0.0%)   0.0000 (  0.0%)   0.0000 (  0.0%)  Argument Stack Rebase
   0.0000 (  0.0%)   0.0000 (  0.0%)   0.0000 (  0.0%)   0.0000 (  0.0%)  Insert fentry calls
   0.0000 (  0.0%)   0.0000 (  0.0%)   0.0000 (  0.0%)   0.0000 (  0.0%)  X86 Load Value Injection (LVI) Ret-Hardening
   0.0000 (  0.0%)   0.0000 (  0.0%)   0.0000 (  0.0%)   0.0000 (  0.0%)  MergedLoadStoreMotionPass
   0.0000 (  0.0%)   0.0000 (  0.0%)   0.0000 (  0.0%)   0.0000 (  0.0%)  Expand indirectbr instructions
   0.0000 (  0.0%)   0.0000 (  0.0%)   0.0000 (  0.0%)   0.0000 (  0.0%)  Lazy Branch Probability Analysis
   0.0000 (  0.0%)   0.0000 (  0.0%)   0.0000 (  0.0%)   0.0000 (  0.0%)  MoveAutoInitPass
   0.0000 (  0.0%)   0.0000 (  0.0%)   0.0000 (  0.0%)   0.0000 (  0.0%)  X86 Atom pad short functions
   0.0000 (  0.0%)   0.0000 (  0.1%)   0.0000 (  0.0%)   0.0000 (  0.0%)  X86 Indirect Thunks
   0.0000 (  0.0%)   0.0000 (  0.0%)   0.0000 (  0.0%)   0.0000 (  0.0%)  MergeICmpsPass
   0.0000 (  0.0%)   0.0000 (  0.0%)   0.0000 (  0.0%)   0.0000 (  0.0%)  Instrument function entry/exit with calls to e.g. mcount() (post inlining)
   0.0000 (  0.0%)   0.0000 (  0.0%)   0.0000 (  0.0%)   0.0000 (  0.0%)  X86 Indirect Branch Tracking
   0.0000 (  0.0%)   0.0000 (  0.0%)   0.0000 (  0.0%)   0.0000 (  0.0%)  X86 Lower Tile Copy
   0.0000 (  0.0%)   0.0000 (  0.0%)   0.0000 (  0.0%)   0.0000 (  0.0%)  Rename Disconnected Subregister Components
   0.0000 (  0.0%)   0.0000 (  0.0%)   0.0000 (  0.0%)   0.0000 (  0.0%)  Machine Sanitizer Binary Metadata
   0.0000 (  0.0%)   0.0000 (  0.1%)   0.0000 (  0.0%)   0.0000 (  0.0%)  Fixup Statepoint Caller Saved
   0.0000 (  0.0%)   0.0000 (  0.0%)   0.0000 (  0.0%)   0.0000 (  0.0%)  StackMap Liveness Analysis
   0.0000 (  0.0%)   0.0000 (  0.0%)   0.0000 (  0.0%)   0.0000 (  0.0%)  Lazy Machine Block Frequency Analysis
   0.0000 (  0.0%)   0.0000 (  0.0%)   0.0000 (  0.0%)   0.0000 (  0.0%)  X86 PIC Global Base Reg Initialization
   0.0000 (  0.0%)   0.0000 (  0.1%)   0.0000 (  0.0%)   0.0000 (  0.0%)  Safe Stack instrumentation pass
   0.0000 (  0.0%)   0.0000 (  0.0%)   0.0000 (  0.0%)   0.0000 (  0.0%)  Compressing EVEX instrs when possible
   0.0000 (  0.0%)   0.0000 (  0.0%)   0.0000 (  0.0%)   0.0000 (  0.0%)  Register Allocation Pass Scoring
   0.0000 (  0.0%)   0.0000 (  0.0%)   0.0000 (  0.0%)   0.0000 (  0.0%)  X86 Return Thunks
   0.0000 (  0.0%)   0.0000 (  0.0%)   0.0000 (  0.0%)   0.0000 (  0.0%)  Detect Dead Lanes
   0.0000 (  0.0%)   0.0000 (  0.0%)   0.0000 (  0.0%)   0.0000 (  0.0%)  Prepare inline asm insts
   0.0000 (  0.0%)   0.0000 (  0.0%)   0.0000 (  0.0%)   0.0000 (  0.0%)  X86 vzeroupper inserter
   0.0000 (  0.0%)   0.0000 (  0.0%)   0.0000 (  0.0%)   0.0000 (  0.0%)  Contiguously Lay Out Funclets
   0.0000 (  0.0%)   0.0000 (  0.0%)   0.0000 (  0.0%)   0.0000 (  0.0%)  X86 Load Value Injection (LVI) Load Hardening
   0.0000 (  0.0%)   0.0000 (  0.0%)   0.0000 (  0.0%)   0.0000 (  0.0%)  X86 Suppress APX features for relocation
   0.0000 (  0.0%)   0.0000 (  0.0%)   0.0000 (  0.0%)   0.0000 (  0.0%)  X86 Speculative Execution Side Effect Suppression
   0.0000 (  0.0%)   0.0000 (  0.0%)   0.0000 (  0.0%)   0.0000 (  0.0%)  CoroSplitPass
   0.0000 (  0.0%)   0.0000 (  0.0%)   0.0000 (  0.0%)   0.0000 (  0.0%)  X86 insert wait instruction
   0.0000 (  0.0%)   0.0000 (  0.0%)   0.0000 (  0.0%)   0.0000 (  0.0%)  Machine Optimization Remark Emitter #4
   0.0000 (  0.0%)   0.0000 (  0.0%)   0.0000 (  0.0%)   0.0000 (  0.0%)  Lower AMX intrinsics
   0.0000 (  0.0%)   0.0000 (  0.0%)   0.0000 (  0.0%)   0.0000 (  0.0%)  X86 DynAlloca Expander
   0.0000 (  0.0%)   0.0000 (  0.0%)   0.0000 (  0.0%)   0.0000 (  0.0%)  AlignmentFromAssumptionsPass
   0.0000 (  0.0%)   0.0000 (  0.0%)   0.0000 (  0.0%)   0.0000 (  0.0%)  CoroElidePass
   0.0000 (  0.0%)   0.0000 (  0.0%)   0.0000 (  0.0%)   0.0000 (  0.0%)  InvalidateAnalysisPass<llvm::AAManager>
   0.0000 (  0.0%)   0.0000 (  0.0%)   0.0000 (  0.0%)   0.0000 (  0.0%)  Tile Register Configure
   0.0000 (  0.0%)   0.0000 (  0.0%)   0.0000 (  0.0%)   0.0000 (  0.0%)  Remove Redundant DEBUG_VALUE analysis
   0.0000 (  0.0%)   0.0000 (  0.1%)   0.0000 (  0.0%)   0.0000 (  0.0%)  Pre-ISel Intrinsic Lowering
   0.0000 (  0.0%)   0.0000 (  0.0%)   0.0000 (  0.0%)   0.0000 (  0.0%)  Lower Garbage Collection Instructions
   0.0000 (  0.0%)   0.0000 (  0.0%)   0.0000 (  0.0%)   0.0000 (  0.0%)  Analyze Machine Code For Garbage Collection
   0.0000 (  0.0%)   0.0000 (  0.0%)   0.0000 (  0.0%)   0.0000 (  0.0%)  Optimization Remark Emitter
   0.0000 (  0.0%)   0.0000 (  0.0%)   0.0000 (  0.0%)   0.0000 (  0.0%)  Machine Optimization Remark Emitter #3
   0.0000 (  0.0%)   0.0000 (  0.0%)   0.0000 (  0.0%)   0.0000 (  0.0%)  Lazy Machine Block Frequency Analysis #7
   0.0000 (  0.0%)   0.0000 (  0.0%)   0.0000 (  0.0%)   0.0000 (  0.0%)  OpenMPOptCGSCCPass
   0.0000 (  0.0%)   0.0000 (  0.0%)   0.0000 (  0.0%)   0.0000 (  0.0%)  Lazy Block Frequency Analysis
   0.0000 (  0.0%)   0.0000 (  0.0%)   0.0000 (  0.0%)   0.0000 (  0.0%)  SpeculativeExecutionPass
   0.0000 (  0.0%)   0.0000 (  0.0%)   0.0000 (  0.0%)   0.0000 (  0.0%)  Lazy Machine Block Frequency Analysis #3
   0.0000 (  0.0%)   0.0000 (  0.0%)   0.0000 (  0.0%)   0.0000 (  0.0%)  Lazy Machine Block Frequency Analysis #6
   0.0000 (  0.0%)   0.0000 (  0.0%)   0.0000 (  0.0%)   0.0000 (  0.0%)  Lazy Machine Block Frequency Analysis #10
   0.0000 (  0.0%)   0.0000 (  0.0%)   0.0000 (  0.0%)   0.0000 (  0.0%)  Lazy Machine Block Frequency Analysis #5
   0.0000 (  0.0%)   0.0000 (  0.0%)   0.0000 (  0.0%)   0.0000 (  0.0%)  EntryExitInstrumenterPass
   0.0000 (  0.0%)   0.0000 (  0.0%)   0.0000 (  0.0%)   0.0000 (  0.0%)  AssignmentTrackingPass
   0.0000 (  0.0%)   0.0000 (  0.0%)   0.0000 (  0.0%)   0.0000 (  0.0%)  Lazy Machine Block Frequency Analysis #9
   0.0000 (  0.0%)   0.0000 (  0.0%)   0.0000 (  0.0%)   0.0000 (  0.0%)  ControlHeightReductionPass
   0.0000 (  0.0%)   0.0000 (  0.0%)   0.0000 (  0.0%)   0.0000 (  0.0%)  AlwaysInlinerPass
   0.0000 (  0.0%)   0.0000 (  0.0%)   0.0000 (  0.0%)   0.0000 (  0.0%)  MemProfRemoveInfo
   0.0000 (  0.0%)   0.0000 (  0.0%)   0.0000 (  0.0%)   0.0000 (  0.0%)  DeadArgumentEliminationPass
   0.0000 (  0.0%)   0.0000 (  0.0%)   0.0000 (  0.0%)   0.0000 (  0.0%)  LoopSinkPass
   0.0000 (  0.0%)   0.0000 (  0.0%)   0.0000 (  0.0%)   0.0000 (  0.0%)  AnnotationRemarksPass
   0.0000 (  0.0%)   0.0000 (  0.0%)   0.0000 (  0.0%)   0.0000 (  0.0%)  Target Library Information
   0.0000 (  0.0%)   0.0000 (  0.0%)   0.0000 (  0.0%)   0.0000 (  0.0%)  Create Garbage Collector Module Metadata
   0.0000 (  0.0%)   0.0000 (  0.0%)   0.0000 (  0.0%)   0.0000 (  0.0%)  CoroEarlyPass
   0.0000 (  0.0%)   0.0000 (  0.0%)   0.0000 (  0.0%)   0.0000 (  0.0%)  OpenMPOptPass
   0.0000 (  0.0%)   0.0000 (  0.0%)   0.0000 (  0.0%)   0.0000 (  0.0%)  ConstantMergePass
   0.0000 (  0.0%)   0.0000 (  0.0%)   0.0000 (  0.0%)   0.0000 (  0.0%)  Assumption Cache Tracker
   0.0000 (  0.0%)   0.0000 (  0.0%)   0.0000 (  0.0%)   0.0000 (  0.0%)  RelLookupTableConverterPass
   0.0000 (  0.0%)   0.0000 (  0.0%)   0.0000 (  0.0%)   0.0000 (  0.0%)  CoroCleanupPass
   0.0000 (  0.0%)   0.0000 (  0.0%)   0.0000 (  0.0%)   0.0000 (  0.0%)  Annotation2MetadataPass
   0.0000 (  0.0%)   0.0000 (  0.0%)   0.0000 (  0.0%)   0.0000 (  0.0%)  ForceFunctionAttrsPass
   0.0000 (  0.0%)   0.0000 (  0.0%)   0.0000 (  0.0%)   0.0000 (  0.0%)  EliminateAvailableExternallyPass
   0.0000 (  0.0%)   0.0000 (  0.0%)   0.0000 (  0.0%)   0.0000 (  0.0%)  LowerCommentStringPass
   0.0000 (  0.0%)   0.0000 (  0.0%)   0.0000 (  0.0%)   0.0000 (  0.0%)  RequireAnalysisPass<llvm::ProfileSummaryAnalysis, llvm::Module, llvm::AnalysisManager<Module>>
   0.0000 (  0.0%)   0.0000 (  0.0%)   0.0000 (  0.0%)   0.0000 (  0.0%)  Machine Branch Probability Analysis
   0.0000 (  0.0%)   0.0000 (  0.0%)   0.0000 (  0.0%)   0.0000 (  0.0%)  Target Pass Configuration
   0.0000 (  0.0%)   0.0000 (  0.0%)   0.0000 (  0.0%)   0.0000 (  0.0%)  Library Function Lowering Analysis
   0.0000 (  0.0%)   0.0000 (  0.0%)   0.0000 (  0.0%)   0.0000 (  0.0%)  Profile summary info
   0.0000 (  0.0%)   0.0000 (  0.0%)   0.0000 (  0.0%)   0.0000 (  0.0%)  Target Transform Information
   0.0000 (  0.0%)   0.0000 (  0.0%)   0.0000 (  0.0%)   0.0000 (  0.0%)  Scoped NoAlias Alias Analysis
   0.0000 (  0.0%)   0.0000 (  0.0%)   0.0000 (  0.0%)   0.0000 (  0.0%)  Default Regalloc Priority Advisor
   0.0000 (  0.0%)   0.0000 (  0.0%)   0.0000 (  0.0%)   0.0000 (  0.0%)  Default Regalloc Eviction Advisor
   0.0000 (  0.0%)   0.0000 (  0.0%)   0.0000 (  0.0%)   0.0000 (  0.0%)  Type-Based Alias Analysis
   0.0640 (100.0%)   0.0140 (100.0%)   0.0780 (100.0%)   0.0779 (100.0%)  Total

===-------------------------------------------------------------------------===
                               Clang time report
===-------------------------------------------------------------------------===
  Total Execution Time: 0.6219 seconds (0.6214 wall clock)

   ---User Time---   --System Time--   --User+System--   ---Wall Time---  --- Name ---
   0.4880 ( 84.8%)   0.0283 ( 60.5%)   0.5163 ( 83.0%)   0.5158 ( 83.0%)  Front end
   0.0421 (  7.3%)   0.0118 ( 25.2%)   0.0539 (  8.7%)   0.0539 (  8.7%)  Machine code generation
   0.0309 (  5.4%)   0.0060 ( 12.9%)   0.0369 (  5.9%)   0.0369 (  5.9%)  Optimizer
   0.0142 (  2.5%)   0.0006 (  1.4%)   0.0149 (  2.4%)   0.0148 (  2.4%)  LLVM IR generation
   0.5751 (100.0%)   0.0468 (100.0%)   0.6219 (100.0%)   0.6214 (100.0%)  Total

