COMMAND: /root/llvm-project/build/bin/clang-24 --gcc-install-dir=/usr/lib/gcc/x86_64-linux-gnu/13 -x hip --hip-path=/opt/rocm-7.0.2 --offload-arch=gfx942 --rocm-device-lib-path=/opt/rocm-7.0.2/core-7.14/lib/llvm/amdgcn/bitcode -D__AMDGCN_WAVEFRONT_SIZE=64 -I/root/polybenchGpu/CUDA/JACOBI1D -std=c++17 -O3 -ftime-report -mllvm -time-passes -c /root/polybenchGpu/HIP/JACOBI1D/jacobi1D.hip.cpp -I/root/polybenchGpu -I/root/polybenchGpu/HIP/JACOBI1D -o /root/polybench-gpu-audit/temp/compile-hip-gfx942-j1/HIP_JACOBI1D_jacobi1D.hip.cpp.og.gfx942.o

SAMPLES (wall seconds): ['1.3572', '1.3629', '1.3474', '1.3501', '1.3539', '1.3554', '1.3531', '1.3580']

STDOUT (last sample):

STDERR (last sample):
/root/polybenchGpu/HIP/JACOBI1D/jacobi1D.hip.cpp:117:2: warning: ignoring return value of type 'hipError_t' declared with 'nodiscard' attribute [-Wunused-value]
  117 |         hipMalloc(&Agpu, N * sizeof(DATA_TYPE));
      |         ^~~~~~~~~~~~~~~~~~~~~~~~~~~~~~~~~~~~~~~
/root/polybenchGpu/HIP/JACOBI1D/jacobi1D.hip.cpp:118:2: warning: ignoring return value of type 'hipError_t' declared with 'nodiscard' attribute [-Wunused-value]
  118 |         hipMalloc(&Bgpu, N * sizeof(DATA_TYPE));
      |         ^~~~~~~~~~~~~~~~~~~~~~~~~~~~~~~~~~~~~~~
/root/polybenchGpu/HIP/JACOBI1D/jacobi1D.hip.cpp:120:2: warning: ignoring return value of type 'hipError_t' declared with 'nodiscard' attribute [-Wunused-value]
  120 |         hipMemcpy(Agpu, A, N * sizeof(DATA_TYPE), hipMemcpyHostToDevice);
      |         ^~~~~~~~~~~~~~~~~~~~~~~~~~~~~~~~~~~~~~~~~~~~~~~~~~~~~~~~~~~~~~~~
/root/polybenchGpu/HIP/JACOBI1D/jacobi1D.hip.cpp:121:2: warning: ignoring return value of type 'hipError_t' declared with 'nodiscard' attribute [-Wunused-value]
  121 |         hipMemcpy(Bgpu, B, N * sizeof(DATA_TYPE), hipMemcpyHostToDevice);
      |         ^~~~~~~~~~~~~~~~~~~~~~~~~~~~~~~~~~~~~~~~~~~~~~~~~~~~~~~~~~~~~~~~
/root/polybenchGpu/HIP/JACOBI1D/jacobi1D.hip.cpp:133:3: warning: ignoring return value of type 'hipError_t' declared with 'nodiscard' attribute [-Wunused-value]
  133 |                 hipDeviceSynchronize();
      |                 ^~~~~~~~~~~~~~~~~~~~~~
/root/polybenchGpu/HIP/JACOBI1D/jacobi1D.hip.cpp:135:3: warning: ignoring return value of type 'hipError_t' declared with 'nodiscard' attribute [-Wunused-value]
  135 |                 hipDeviceSynchronize();
      |                 ^~~~~~~~~~~~~~~~~~~~~~
/root/polybenchGpu/HIP/JACOBI1D/jacobi1D.hip.cpp:143:2: warning: ignoring return value of type 'hipError_t' declared with 'nodiscard' attribute [-Wunused-value]
  143 |         hipMemcpy(A_outputFromGpu, Agpu, sizeof(DATA_TYPE) * N, hipMemcpyDeviceToHost);
      |         ^~~~~~~~~~~~~~~~~~~~~~~~~~~~~~~~~~~~~~~~~~~~~~~~~~~~~~~~~~~~~~~~~~~~~~~~~~~~~~
/root/polybenchGpu/HIP/JACOBI1D/jacobi1D.hip.cpp:144:2: warning: ignoring return value of type 'hipError_t' declared with 'nodiscard' attribute [-Wunused-value]
  144 |         hipMemcpy(B_outputFromGpu, Bgpu, sizeof(DATA_TYPE) * N, hipMemcpyDeviceToHost);
      |         ^~~~~~~~~~~~~~~~~~~~~~~~~~~~~~~~~~~~~~~~~~~~~~~~~~~~~~~~~~~~~~~~~~~~~~~~~~~~~~
/root/polybenchGpu/HIP/JACOBI1D/jacobi1D.hip.cpp:146:2: warning: ignoring return value of type 'hipError_t' declared with 'nodiscard' attribute [-Wunused-value]
  146 |         hipFree(Agpu);
      |         ^~~~~~~~~~~~~
/root/polybenchGpu/HIP/JACOBI1D/jacobi1D.hip.cpp:147:2: warning: ignoring return value of type 'hipError_t' declared with 'nodiscard' attribute [-Wunused-value]
  147 |         hipFree(Bgpu);
      |         ^~~~~~~~~~~~~
10 warnings generated when compiling for gfx942.
===-------------------------------------------------------------------------===
                        Analysis execution timing report
===-------------------------------------------------------------------------===
  Total Execution Time: 0.0081 seconds (0.0081 wall clock)

   ---User Time---   --System Time--   --User+System--   ---Wall Time---  --- Name ---
   0.0021 ( 27.2%)   0.0000 (  8.3%)   0.0022 ( 26.5%)   0.0022 ( 26.6%)  UniformityInfoAnalysis
   0.0015 ( 19.8%)   0.0001 ( 30.6%)   0.0016 ( 20.2%)   0.0016 ( 20.2%)  MemorySSAAnalysis
   0.0008 ( 10.6%)   0.0000 ( 12.3%)   0.0009 ( 10.7%)   0.0009 ( 10.7%)  VerifierAnalysis
   0.0007 (  9.5%)   0.0000 (  2.0%)   0.0008 (  9.2%)   0.0007 (  9.2%)  TargetIRAnalysis
   0.0003 (  4.4%)   0.0000 (  6.0%)   0.0004 (  4.4%)   0.0004 (  4.4%)  DominatorTreeAnalysis
   0.0003 (  3.4%)   0.0000 (  1.7%)   0.0003 (  3.3%)   0.0003 (  3.3%)  LoopAnalysis
   0.0002 (  2.9%)   0.0000 (  6.3%)   0.0002 (  3.0%)   0.0003 (  3.2%)  AAManager
   0.0003 (  3.3%)   0.0000 (  4.3%)   0.0003 (  3.3%)   0.0003 (  3.2%)  BranchProbabilityAnalysis
   0.0002 (  3.0%)   0.0000 (  5.3%)   0.0003 (  3.1%)   0.0002 (  3.1%)  BlockFrequencyAnalysis
   0.0002 (  3.1%)   0.0000 (  1.7%)   0.0002 (  3.0%)   0.0002 (  3.0%)  CycleAnalysis
   0.0002 (  2.9%)   0.0000 (  0.0%)   0.0002 (  2.8%)   0.0002 (  2.8%)  ModuleSummaryIndexAnalysis
   0.0002 (  2.5%)   0.0000 (  8.0%)   0.0002 (  2.7%)   0.0002 (  2.6%)  PostDominatorTreeAnalysis
   0.0001 (  1.4%)   0.0000 (  1.3%)   0.0001 (  1.4%)   0.0001 (  1.3%)  ScalarEvolutionAnalysis
   0.0001 (  0.7%)   0.0000 (  2.7%)   0.0001 (  0.8%)   0.0001 (  0.8%)  BasicAA
   0.0001 (  0.7%)   0.0000 (  0.0%)   0.0001 (  0.6%)   0.0001 (  0.6%)  CallGraphAnalysis
   0.0000 (  0.4%)   0.0000 (  1.3%)   0.0000 (  0.5%)   0.0000 (  0.5%)  LastRunTrackingAnalysis
   0.0000 (  0.5%)   0.0000 (  0.7%)   0.0000 (  0.6%)   0.0000 (  0.5%)  TargetLibraryAnalysis
   0.0000 (  0.4%)   0.0000 (  0.7%)   0.0000 (  0.4%)   0.0000 (  0.5%)  AssumptionAnalysis
   0.0000 (  0.4%)   0.0000 (  0.7%)   0.0000 (  0.4%)   0.0000 (  0.4%)  OptimizationRemarkEmitterAnalysis
   0.0000 (  0.3%)   0.0000 (  0.7%)   0.0000 (  0.3%)   0.0000 (  0.3%)  TypeBasedAA
   0.0000 (  0.3%)   0.0000 (  0.7%)   0.0000 (  0.3%)   0.0000 (  0.3%)  ScopedNoAliasAA
   0.0000 (  0.3%)   0.0000 (  1.0%)   0.0000 (  0.3%)   0.0000 (  0.3%)  FunctionAnalysisManagerCGSCCProxy
   0.0000 (  0.3%)   0.0000 (  0.0%)   0.0000 (  0.3%)   0.0000 (  0.3%)  GlobalsAA
   0.0000 (  0.2%)   0.0000 (  0.7%)   0.0000 (  0.2%)   0.0000 (  0.3%)  AMDGPUAA
   0.0000 (  0.3%)   0.0000 (  0.7%)   0.0000 (  0.3%)   0.0000 (  0.2%)  OuterAnalysisManagerProxy<ModuleAnalysisManager, Function>
   0.0000 (  0.2%)   0.0000 (  0.7%)   0.0000 (  0.3%)   0.0000 (  0.2%)  LazyValueAnalysis
   0.0000 (  0.3%)   0.0000 (  0.0%)   0.0000 (  0.3%)   0.0000 (  0.2%)  LazyCallGraphAnalysis
   0.0000 (  0.2%)   0.0000 (  0.3%)   0.0000 (  0.2%)   0.0000 (  0.2%)  DemandedBitsAnalysis
   0.0000 (  0.2%)   0.0000 (  0.3%)   0.0000 (  0.2%)   0.0000 (  0.2%)  InnerAnalysisManagerProxy<LoopAnalysisManager, Function>
   0.0000 (  0.1%)   0.0000 (  0.7%)   0.0000 (  0.1%)   0.0000 (  0.2%)  EphemeralValuesAnalysis
   0.0000 (  0.1%)   0.0000 (  0.0%)   0.0000 (  0.1%)   0.0000 (  0.1%)  MemoryDependenceAnalysis
   0.0000 (  0.1%)   0.0000 (  0.0%)   0.0000 (  0.1%)   0.0000 (  0.1%)  LoopAccessAnalysis
   0.0000 (  0.1%)   0.0000 (  0.3%)   0.0000 (  0.1%)   0.0000 (  0.1%)  OuterAnalysisManagerProxy<ModuleAnalysisManager, LazyCallGraph::SCC, LazyCallGraph &>
   0.0000 (  0.1%)   0.0000 (  0.3%)   0.0000 (  0.1%)   0.0000 (  0.1%)  ShouldNotRunFunctionPassesAnalysis
   0.0000 (  0.1%)   0.0000 (  0.0%)   0.0000 (  0.0%)   0.0000 (  0.0%)  InnerAnalysisManagerProxy<FunctionAnalysisManager, Module>
   0.0000 (  0.0%)   0.0000 (  0.0%)   0.0000 (  0.0%)   0.0000 (  0.0%)  ProfileSummaryAnalysis
   0.0000 (  0.0%)   0.0000 (  0.0%)   0.0000 (  0.0%)   0.0000 (  0.0%)  InnerAnalysisManagerProxy<CGSCCAnalysisManager, Module>
   0.0000 (  0.0%)   0.0000 (  0.0%)   0.0000 (  0.0%)   0.0000 (  0.0%)  InlineAdvisorAnalysis
   0.0078 (100.0%)   0.0003 (100.0%)   0.0081 (100.0%)   0.0081 (100.0%)  Total

===-------------------------------------------------------------------------===
                          Pass execution timing report
===-------------------------------------------------------------------------===
  Total Execution Time: 0.0735 seconds (0.0734 wall clock)

   ---User Time---   --System Time--   --User+System--   ---Wall Time---  --- Name ---
   0.0180 ( 25.2%)   0.0003 ( 15.9%)   0.0183 ( 24.9%)   0.0183 ( 25.0%)  InstCombinePass
   0.0062 (  8.6%)   0.0000 (  2.3%)   0.0062 (  8.4%)   0.0062 (  8.4%)  GVNPass
   0.0052 (  7.3%)   0.0000 (  0.0%)   0.0052 (  7.1%)   0.0052 (  7.1%)  LoopVectorizePass
   0.0033 (  4.6%)   0.0001 (  7.6%)   0.0035 (  4.7%)   0.0035 (  4.7%)  SimplifyCFGPass
   0.0030 (  4.1%)   0.0003 ( 13.8%)   0.0032 (  4.4%)   0.0032 (  4.4%)  InlinerPass
   0.0024 (  3.4%)   0.0002 (  8.2%)   0.0026 (  3.5%)   0.0026 (  3.5%)  LICMPass
   0.0025 (  3.5%)   0.0001 (  3.3%)   0.0026 (  3.5%)   0.0026 (  3.5%)  CorrelatedValuePropagationPass
   0.0024 (  3.3%)   0.0000 (  0.0%)   0.0024 (  3.2%)   0.0024 (  3.2%)  SLPVectorizerPass
   0.0020 (  2.8%)   0.0001 (  4.5%)   0.0021 (  2.9%)   0.0021 (  2.9%)  EarlyCSEPass
   0.0019 (  2.7%)   0.0000 (  0.0%)   0.0019 (  2.6%)   0.0019 (  2.6%)  LoopUnrollPass
   0.0019 (  2.7%)   0.0000 (  1.7%)   0.0019 (  2.6%)   0.0019 (  2.6%)  AMDGPUUniformIntrinsicCombinePass
   0.0019 (  2.7%)   0.0000 (  0.0%)   0.0019 (  2.6%)   0.0019 (  2.6%)  LoopDeletionPass
   0.0016 (  2.2%)   0.0002 ( 11.5%)   0.0018 (  2.4%)   0.0018 (  2.4%)  DSEPass
   0.0017 (  2.4%)   0.0000 (  0.0%)   0.0017 (  2.4%)   0.0017 (  2.4%)  IndVarSimplifyPass
   0.0014 (  2.0%)   0.0000 (  0.0%)   0.0014 (  1.9%)   0.0014 (  1.9%)  BitcodeWriterPass
   0.0014 (  1.9%)   0.0000 (  1.4%)   0.0014 (  1.9%)   0.0014 (  1.9%)  SCCPPass
   0.0013 (  1.8%)   0.0000 (  0.0%)   0.0013 (  1.7%)   0.0013 (  1.7%)  LoopIdiomRecognizePass
   0.0009 (  1.3%)   0.0000 (  1.1%)   0.0010 (  1.3%)   0.0010 (  1.3%)  ReassociatePass
   0.0008 (  1.2%)   0.0000 (  1.9%)   0.0009 (  1.2%)   0.0009 (  1.2%)  VerifierPass
   0.0008 (  1.1%)   0.0000 (  0.0%)   0.0008 (  1.1%)   0.0008 (  1.1%)  LoopFullUnrollPass
   0.0007 (  1.0%)   0.0000 (  0.5%)   0.0007 (  1.0%)   0.0007 (  1.0%)  BDCEPass
   0.0006 (  0.9%)   0.0000 (  2.1%)   0.0007 (  0.9%)   0.0007 (  0.9%)  LCSSAPass
   0.0006 (  0.9%)   0.0000 (  1.2%)   0.0007 (  0.9%)   0.0007 (  0.9%)  ConstraintEliminationPass
   0.0006 (  0.9%)   0.0000 (  0.6%)   0.0007 (  0.9%)   0.0006 (  0.9%)  LoopSimplifyPass
   0.0006 (  0.8%)   0.0000 (  1.8%)   0.0006 (  0.9%)   0.0006 (  0.9%)  AMDGPUPromoteKernelArgumentsPass
   0.0006 (  0.8%)   0.0000 (  0.0%)   0.0006 (  0.8%)   0.0006 (  0.7%)  LoopInstSimplifyPass
   0.0005 (  0.7%)   0.0000 (  0.0%)   0.0005 (  0.7%)   0.0005 (  0.7%)  IPSCCPPass
   0.0004 (  0.6%)   0.0001 (  5.5%)   0.0005 (  0.7%)   0.0005 (  0.7%)  ADCEPass
   0.0004 (  0.6%)   0.0001 (  4.0%)   0.0005 (  0.7%)   0.0005 (  0.7%)  MemCpyOptPass
   0.0005 (  0.6%)   0.0000 (  0.0%)   0.0005 (  0.6%)   0.0005 (  0.6%)  InstSimplifyPass
   0.0004 (  0.6%)   0.0000 (  0.0%)   0.0004 (  0.6%)   0.0004 (  0.6%)  InferAlignmentPass
   0.0004 (  0.5%)   0.0001 (  3.3%)   0.0004 (  0.6%)   0.0004 (  0.6%)  PostOrderFunctionAttrsPass
   0.0003 (  0.5%)   0.0001 (  2.9%)   0.0004 (  0.6%)   0.0004 (  0.6%)  InferAddressSpacesPass
   0.0004 (  0.5%)   0.0000 (  0.3%)   0.0004 (  0.5%)   0.0004 (  0.5%)  AggressiveInstCombinePass
   0.0003 (  0.5%)   0.0000 (  0.0%)   0.0003 (  0.5%)   0.0003 (  0.5%)  GlobalOptPass
   0.0003 (  0.4%)   0.0000 (  0.5%)   0.0003 (  0.4%)   0.0003 (  0.4%)  SROAPass
   0.0003 (  0.4%)   0.0000 (  0.3%)   0.0003 (  0.4%)   0.0003 (  0.4%)  TailCallElimPass
   0.0002 (  0.3%)   0.0000 (  0.0%)   0.0002 (  0.3%)   0.0002 (  0.3%)  LoopSimplifyCFGPass
   0.0002 (  0.3%)   0.0000 (  0.0%)   0.0002 (  0.3%)   0.0002 (  0.3%)  LoopRotatePass
   0.0002 (  0.3%)   0.0000 (  0.0%)   0.0002 (  0.3%)   0.0002 (  0.3%)  AlwaysInlinerPass
   0.0002 (  0.2%)   0.0000 (  0.0%)   0.0002 (  0.2%)   0.0002 (  0.2%)  CalledValuePropagationPass
   0.0002 (  0.2%)   0.0000 (  0.1%)   0.0002 (  0.2%)   0.0002 (  0.2%)  VectorCombinePass
   0.0001 (  0.2%)   0.0000 (  0.0%)   0.0001 (  0.2%)   0.0001 (  0.2%)  SimpleLoopUnswitchPass
   0.0001 (  0.2%)   0.0000 (  0.5%)   0.0001 (  0.2%)   0.0001 (  0.2%)  SpeculativeExecutionPass
   0.0001 (  0.2%)   0.0000 (  0.3%)   0.0001 (  0.2%)   0.0001 (  0.2%)  AMDGPUSimplifyLibCallsPass
   0.0001 (  0.2%)   0.0000 (  0.0%)   0.0001 (  0.2%)   0.0001 (  0.2%)  LoopDistributePass
   0.0001 (  0.1%)   0.0000 (  0.4%)   0.0001 (  0.2%)   0.0001 (  0.2%)  AMDGPUPromoteAllocaToVectorPass
   0.0001 (  0.2%)   0.0000 (  0.2%)   0.0001 (  0.2%)   0.0001 (  0.2%)  LibCallsShrinkWrapPass
   0.0001 (  0.1%)   0.0000 (  0.0%)   0.0001 (  0.1%)   0.0001 (  0.1%)  LoopLoadEliminationPass
   0.0001 (  0.1%)   0.0000 (  0.0%)   0.0001 (  0.1%)   0.0001 (  0.1%)  Float2IntPass
   0.0001 (  0.1%)   0.0000 (  0.0%)   0.0001 (  0.1%)   0.0001 (  0.1%)  RequireAnalysisPass<llvm::GlobalsAA, llvm::Module, llvm::AnalysisManager<Module>>
   0.0001 (  0.1%)   0.0000 (  0.0%)   0.0001 (  0.1%)   0.0001 (  0.1%)  ReversePostOrderFunctionAttrsPass
   0.0000 (  0.1%)   0.0000 (  0.2%)   0.0001 (  0.1%)   0.0001 (  0.1%)  InferFunctionAttrsPass
   0.0000 (  0.1%)   0.0000 (  0.0%)   0.0000 (  0.1%)   0.0000 (  0.1%)  DeadArgumentEliminationPass
   0.0000 (  0.1%)   0.0000 (  0.1%)   0.0000 (  0.1%)   0.0000 (  0.1%)  JumpTableToSwitchPass
   0.0000 (  0.1%)   0.0000 (  0.4%)   0.0000 (  0.1%)   0.0000 (  0.1%)  AMDGPULowerKernelAttributesPass
   0.0000 (  0.1%)   0.0000 (  0.0%)   0.0000 (  0.1%)   0.0000 (  0.1%)  RecomputeGlobalsAAPass
   0.0000 (  0.1%)   0.0000 (  0.0%)   0.0000 (  0.1%)   0.0000 (  0.1%)  GlobalDCEPass
   0.0000 (  0.1%)   0.0000 (  0.1%)   0.0000 (  0.1%)   0.0000 (  0.1%)  AMDGPUUseNativeCallsPass
   0.0000 (  0.1%)   0.0000 (  0.0%)   0.0000 (  0.0%)   0.0000 (  0.0%)  WarnMissedTransformationsPass
   0.0000 (  0.0%)   0.0000 (  0.1%)   0.0000 (  0.0%)   0.0000 (  0.0%)  LowerExpectIntrinsicPass
   0.0000 (  0.0%)   0.0000 (  0.1%)   0.0000 (  0.0%)   0.0000 (  0.0%)  ArgumentPromotionPass
   0.0000 (  0.0%)   0.0000 (  0.0%)   0.0000 (  0.0%)   0.0000 (  0.0%)  LowerConstantIntrinsicsPass
   0.0000 (  0.0%)   0.0000 (  0.3%)   0.0000 (  0.0%)   0.0000 (  0.0%)  RequireAnalysisPass<llvm::ShouldNotRunFunctionPassesAnalysis, llvm::Function, llvm::AnalysisManager<Function>>
   0.0000 (  0.0%)   0.0000 (  0.2%)   0.0000 (  0.0%)   0.0000 (  0.0%)  CoroAnnotationElidePass
   0.0000 (  0.0%)   0.0000 (  0.0%)   0.0000 (  0.0%)   0.0000 (  0.0%)  InjectTLIMappings
   0.0000 (  0.0%)   0.0000 (  0.0%)   0.0000 (  0.0%)   0.0000 (  0.0%)  ExpandMemCmpPass
   0.0000 (  0.0%)   0.0000 (  0.1%)   0.0000 (  0.0%)   0.0000 (  0.0%)  DFAJumpThreadingPass
   0.0000 (  0.0%)   0.0000 (  0.2%)   0.0000 (  0.0%)   0.0000 (  0.0%)  JumpThreadingPass
   0.0000 (  0.0%)   0.0000 (  0.1%)   0.0000 (  0.0%)   0.0000 (  0.0%)  CallSiteSplittingPass
   0.0000 (  0.0%)   0.0000 (  0.0%)   0.0000 (  0.0%)   0.0000 (  0.0%)  PromotePass
   0.0000 (  0.0%)   0.0000 (  0.1%)   0.0000 (  0.0%)   0.0000 (  0.0%)  MergedLoadStoreMotionPass
   0.0000 (  0.0%)   0.0000 (  0.0%)   0.0000 (  0.0%)   0.0000 (  0.0%)  DivRemPairsPass
   0.0000 (  0.0%)   0.0000 (  0.4%)   0.0000 (  0.0%)   0.0000 (  0.0%)  CoroElidePass
   0.0000 (  0.0%)   0.0000 (  0.1%)   0.0000 (  0.0%)   0.0000 (  0.0%)  MoveAutoInitPass
   0.0000 (  0.0%)   0.0000 (  0.0%)   0.0000 (  0.0%)   0.0000 (  0.0%)  AssignGUIDPass
   0.0000 (  0.0%)   0.0000 (  0.0%)   0.0000 (  0.0%)   0.0000 (  0.0%)  ControlHeightReductionPass
   0.0000 (  0.0%)   0.0000 (  0.1%)   0.0000 (  0.0%)   0.0000 (  0.0%)  EntryExitInstrumenterPass
   0.0000 (  0.0%)   0.0000 (  0.1%)   0.0000 (  0.0%)   0.0000 (  0.0%)  CoroSplitPass
   0.0000 (  0.0%)   0.0000 (  0.1%)   0.0000 (  0.0%)   0.0000 (  0.0%)  OpenMPOptCGSCCPass
   0.0000 (  0.0%)   0.0000 (  0.0%)   0.0000 (  0.0%)   0.0000 (  0.0%)  AlignmentFromAssumptionsPass
   0.0000 (  0.0%)   0.0000 (  0.0%)   0.0000 (  0.0%)   0.0000 (  0.0%)  InvalidateAnalysisPass<llvm::AAManager>
   0.0000 (  0.0%)   0.0000 (  0.0%)   0.0000 (  0.0%)   0.0000 (  0.0%)  InvalidateAnalysisPass<llvm::ShouldNotRunFunctionPassesAnalysis>
   0.0000 (  0.0%)   0.0000 (  0.0%)   0.0000 (  0.0%)   0.0000 (  0.0%)  MergeICmpsPass
   0.0000 (  0.0%)   0.0000 (  0.0%)   0.0000 (  0.0%)   0.0000 (  0.0%)  OpenMPOptPass
   0.0000 (  0.0%)   0.0000 (  0.0%)   0.0000 (  0.0%)   0.0000 (  0.0%)  LoopSinkPass
   0.0000 (  0.0%)   0.0000 (  0.0%)   0.0000 (  0.0%)   0.0000 (  0.0%)  AnnotationRemarksPass
   0.0000 (  0.0%)   0.0000 (  0.1%)   0.0000 (  0.0%)   0.0000 (  0.0%)  CoroEarlyPass
   0.0000 (  0.0%)   0.0000 (  0.0%)   0.0000 (  0.0%)   0.0000 (  0.0%)  ConstantMergePass
   0.0000 (  0.0%)   0.0000 (  0.0%)   0.0000 (  0.0%)   0.0000 (  0.0%)  Annotation2MetadataPass
   0.0000 (  0.0%)   0.0000 (  0.0%)   0.0000 (  0.0%)   0.0000 (  0.0%)  NameAnonGlobalPass
   0.0000 (  0.0%)   0.0000 (  0.0%)   0.0000 (  0.0%)   0.0000 (  0.0%)  ForceFunctionAttrsPass
   0.0000 (  0.0%)   0.0000 (  0.0%)   0.0000 (  0.0%)   0.0000 (  0.0%)  CoroCleanupPass
   0.0000 (  0.0%)   0.0000 (  0.0%)   0.0000 (  0.0%)   0.0000 (  0.0%)  LowerCommentStringPass
   0.0000 (  0.0%)   0.0000 (  0.0%)   0.0000 (  0.0%)   0.0000 (  0.0%)  RequireAnalysisPass<llvm::ProfileSummaryAnalysis, llvm::Module, llvm::AnalysisManager<Module>>
   0.0000 (  0.0%)   0.0000 (  0.0%)   0.0000 (  0.0%)   0.0000 (  0.0%)  CanonicalizeAliasesPass
   0.0715 (100.0%)   0.0019 (100.0%)   0.0735 (100.0%)   0.0734 (100.0%)  Total

===-------------------------------------------------------------------------===
                               Clang time report
===-------------------------------------------------------------------------===
  Total Execution Time: 0.6301 seconds (0.6298 wall clock)

   ---User Time---   --System Time--   --User+System--   ---Wall Time---  --- Name ---
   0.4979 ( 85.1%)   0.0426 ( 94.1%)   0.5404 ( 85.8%)   0.5401 ( 85.8%)  Front end
   0.0750 ( 12.8%)   0.0021 (  4.6%)   0.0771 ( 12.2%)   0.0771 ( 12.2%)  Optimizer
   0.0120 (  2.0%)   0.0006 (  1.3%)   0.0126 (  2.0%)   0.0126 (  2.0%)  LLVM IR generation
   0.5848 (100.0%)   0.0452 (100.0%)   0.6301 (100.0%)   0.6298 (100.0%)  Total

===-------------------------------------------------------------------------===
                          Pass execution timing report
===-------------------------------------------------------------------------===
  Total Execution Time: 0.0192 seconds (0.0192 wall clock)

   ---User Time---   --System Time--   --User+System--   ---Wall Time---  --- Name ---
   0.0014 ( 12.5%)   0.0006 (  8.0%)   0.0021 ( 10.7%)   0.0021 ( 10.7%)  AMDGPU DAG->DAG Pattern Instruction Selection
   0.0012 ( 10.6%)   0.0000 (  0.3%)   0.0012 (  6.4%)   0.0012 (  6.4%)  Machine Register Class Info Analysis
   0.0000 (  0.0%)   0.0010 ( 12.4%)   0.0010 (  5.1%)   0.0010 (  5.0%)  CallSiteSplittingPass
   0.0009 (  7.6%)   0.0001 (  0.8%)   0.0009 (  4.8%)   0.0009 (  4.8%)  Prologue/Epilogue Insertion & Frame Finalization
   0.0006 (  5.2%)   0.0000 (  0.6%)   0.0006 (  3.3%)   0.0006 (  3.3%)  InstCombinePass
   0.0002 (  1.9%)   0.0003 (  4.3%)   0.0006 (  2.9%)   0.0006 (  2.9%)  Greedy Register Allocator
   0.0000 (  0.3%)   0.0005 (  6.3%)   0.0005 (  2.7%)   0.0005 (  2.7%)  Live Register Matrix #3
   0.0000 (  0.4%)   0.0005 (  5.9%)   0.0005 (  2.6%)   0.0005 (  2.6%)  Live Register Matrix
   0.0003 (  2.9%)   0.0001 (  1.8%)   0.0005 (  2.5%)   0.0005 (  2.5%)  Greedy Register Allocator #3
   0.0000 (  0.3%)   0.0004 (  5.6%)   0.0005 (  2.4%)   0.0005 (  2.4%)  Live Register Matrix #2
   0.0002 (  2.1%)   0.0002 (  2.6%)   0.0004 (  2.3%)   0.0004 (  2.3%)  Function register usage analysis
   0.0003 (  2.3%)   0.0001 (  1.9%)   0.0004 (  2.1%)   0.0004 (  2.1%)  SLPVectorizerPass
   0.0003 (  2.6%)   0.0001 (  1.4%)   0.0004 (  2.1%)   0.0004 (  2.1%)  Live Variable Analysis
   0.0001 (  0.9%)   0.0003 (  3.6%)   0.0004 (  2.0%)   0.0004 (  2.0%)  Greedy Register Allocator #2
   0.0002 (  2.1%)   0.0001 (  1.6%)   0.0004 (  1.9%)   0.0004 (  1.9%)  Machine Instruction Scheduler
   0.0002 (  1.7%)   0.0001 (  1.6%)   0.0003 (  1.7%)   0.0003 (  1.6%)  Machine Module Information
   0.0002 (  2.2%)   0.0001 (  0.8%)   0.0003 (  1.6%)   0.0003 (  1.6%)  Finalize ISel and expand pseudo-instructions
   0.0002 (  1.5%)   0.0001 (  1.6%)   0.0003 (  1.5%)   0.0003 (  1.5%)  AMDGPU Assembly Printer
   0.0002 (  1.5%)   0.0001 (  1.3%)   0.0003 (  1.4%)   0.0003 (  1.5%)  Function Alias Analysis Results #9
   0.0002 (  1.7%)   0.0001 (  1.3%)   0.0003 (  1.5%)   0.0003 (  1.4%)  Dominator Tree Construction #11
   0.0002 (  1.5%)   0.0001 (  1.5%)   0.0003 (  1.5%)   0.0003 (  1.4%)  Basic Alias Analysis (stateless AA impl) #9
   0.0000 (  0.2%)   0.0002 (  2.8%)   0.0002 (  1.3%)   0.0002 (  1.3%)  Straight line strength reduction
   0.0001 (  1.1%)   0.0001 (  1.0%)   0.0002 (  1.1%)   0.0002 (  1.2%)  VerifierPass
   0.0001 (  0.8%)   0.0001 (  1.5%)   0.0002 (  1.1%)   0.0002 (  1.1%)  PostRA Machine Instruction Scheduler
   0.0001 (  0.5%)   0.0001 (  1.9%)   0.0002 (  1.0%)   0.0002 (  1.0%)  SI lower SGPR spill instructions
   0.0000 (  0.2%)   0.0002 (  2.2%)   0.0002 (  1.0%)   0.0002 (  1.0%)  Machine Register Class Info Analysis #2
   0.0000 (  0.4%)   0.0001 (  1.7%)   0.0002 (  0.9%)   0.0002 (  0.9%)  PostOrderFunctionAttrsPass
   0.0001 (  0.7%)   0.0001 (  1.0%)   0.0002 (  0.9%)   0.0002 (  0.9%)  AMDGPU Rewrite AGPR-Copy-MFMA
   0.0001 (  1.2%)   0.0000 (  0.0%)   0.0001 (  0.7%)   0.0001 (  0.7%)  IPSCCPPass
   0.0001 (  0.9%)   0.0000 (  0.4%)   0.0001 (  0.7%)   0.0001 (  0.7%)  GVNPass
   0.0000 (  0.3%)   0.0001 (  1.1%)   0.0001 (  0.6%)   0.0001 (  0.6%)  AMDGPUAttributorPass
   0.0001 (  0.8%)   0.0000 (  0.2%)   0.0001 (  0.6%)   0.0001 (  0.6%)  AMDGPUUniformIntrinsicCombinePass
   0.0001 (  0.9%)   0.0000 (  0.0%)   0.0001 (  0.5%)   0.0001 (  0.5%)  GPU Load and Store Vectorizer
   0.0001 (  0.6%)   0.0000 (  0.4%)   0.0001 (  0.5%)   0.0001 (  0.5%)  Live Interval Analysis
   0.0000 (  0.3%)   0.0001 (  0.8%)   0.0001 (  0.5%)   0.0001 (  0.5%)  Branch relaxation pass
   0.0000 (  0.2%)   0.0001 (  0.8%)   0.0001 (  0.5%)   0.0001 (  0.5%)  EarlyCSEPass
   0.0001 (  0.6%)   0.0000 (  0.3%)   0.0001 (  0.5%)   0.0001 (  0.5%)  Machine Common Subexpression Elimination
   0.0000 (  0.1%)   0.0001 (  0.9%)   0.0001 (  0.4%)   0.0001 (  0.4%)  Global Value Numbering
   0.0000 (  0.2%)   0.0000 (  0.6%)   0.0001 (  0.4%)   0.0001 (  0.4%)  SI insert wait instructions
   0.0001 (  0.6%)   0.0000 (  0.0%)   0.0001 (  0.4%)   0.0001 (  0.4%)  ConstraintEliminationPass
   0.0001 (  0.6%)   0.0000 (  0.0%)   0.0001 (  0.4%)   0.0001 (  0.4%)  AMDGPUPromoteKernelArgumentsPass
   0.0000 (  0.4%)   0.0000 (  0.3%)   0.0001 (  0.3%)   0.0001 (  0.3%)  MachineDominator Tree Construction #5
   0.0000 (  0.3%)   0.0000 (  0.3%)   0.0001 (  0.3%)   0.0001 (  0.3%)  Post RA hazard recognizer
   0.0000 (  0.4%)   0.0000 (  0.2%)   0.0001 (  0.3%)   0.0001 (  0.3%)  SCCPPass
   0.0001 (  0.5%)   0.0000 (  0.0%)   0.0001 (  0.3%)   0.0001 (  0.3%)  CodeGen Prepare
   0.0000 (  0.3%)   0.0000 (  0.3%)   0.0001 (  0.3%)   0.0001 (  0.3%)  Register Coalescer
   0.0000 (  0.1%)   0.0000 (  0.6%)   0.0001 (  0.3%)   0.0001 (  0.3%)  Nary reassociation
   0.0000 (  0.3%)   0.0000 (  0.3%)   0.0001 (  0.3%)   0.0001 (  0.3%)  InferAddressSpacesPass
   0.0000 (  0.4%)   0.0000 (  0.1%)   0.0001 (  0.3%)   0.0001 (  0.3%)  Machine Copy Propagation Pass
   0.0000 (  0.3%)   0.0000 (  0.2%)   0.0001 (  0.3%)   0.0000 (  0.3%)  Machine Natural Loop Construction
   0.0000 (  0.2%)   0.0000 (  0.4%)   0.0000 (  0.3%)   0.0000 (  0.3%)  Global Value Numbering #2
   0.0000 (  0.2%)   0.0000 (  0.2%)   0.0000 (  0.2%)   0.0000 (  0.2%)  Slot index numbering #2
   0.0000 (  0.3%)   0.0000 (  0.2%)   0.0000 (  0.2%)   0.0000 (  0.2%)  Machine Block Frequency Analysis #3
   0.0000 (  0.1%)   0.0000 (  0.4%)   0.0000 (  0.2%)   0.0000 (  0.2%)  Early CSE
   0.0000 (  0.3%)   0.0000 (  0.1%)   0.0000 (  0.2%)   0.0000 (  0.2%)  MemCpyOptPass
   0.0000 (  0.2%)   0.0000 (  0.2%)   0.0000 (  0.2%)   0.0000 (  0.2%)  Machine Common Subexpression Elimination #2
   0.0000 (  0.2%)   0.0000 (  0.2%)   0.0000 (  0.2%)   0.0000 (  0.2%)  LoopDistributePass
   0.0000 (  0.1%)   0.0000 (  0.2%)   0.0000 (  0.2%)   0.0000 (  0.2%)  Dominator Tree Construction #4
   0.0000 (  0.4%)   0.0000 (  0.0%)   0.0000 (  0.2%)   0.0000 (  0.2%)  Structurize control flow
   0.0000 (  0.2%)   0.0000 (  0.2%)   0.0000 (  0.2%)   0.0000 (  0.2%)  SimplifyCFGPass
   0.0000 (  0.3%)   0.0000 (  0.1%)   0.0000 (  0.2%)   0.0000 (  0.2%)  Early Machine Loop Invariant Code Motion
   0.0000 (  0.2%)   0.0000 (  0.1%)   0.0000 (  0.2%)   0.0000 (  0.2%)  SI Fold Operands
   0.0000 (  0.1%)   0.0000 (  0.2%)   0.0000 (  0.2%)   0.0000 (  0.2%)  Machine Natural Loop Construction #3
   0.0000 (  0.2%)   0.0000 (  0.2%)   0.0000 (  0.2%)   0.0000 (  0.2%)  Uniformity Analysis #8
   0.0000 (  0.3%)   0.0000 (  0.0%)   0.0000 (  0.2%)   0.0000 (  0.2%)  Lower buffer fat pointer operations to buffer resources
   0.0000 (  0.3%)   0.0000 (  0.1%)   0.0000 (  0.2%)   0.0000 (  0.2%)  Analysis if a function is memory bound
   0.0000 (  0.1%)   0.0000 (  0.1%)   0.0000 (  0.1%)   0.0000 (  0.2%)  Machine code sinking
   0.0000 (  0.2%)   0.0000 (  0.2%)   0.0000 (  0.2%)   0.0000 (  0.2%)  SI Form memory clauses
   0.0000 (  0.2%)   0.0000 (  0.2%)   0.0000 (  0.2%)   0.0000 (  0.2%)  Peephole Optimizations
   0.0000 (  0.1%)   0.0000 (  0.2%)   0.0000 (  0.2%)   0.0000 (  0.2%)  Machine Block Frequency Analysis #4
   0.0000 (  0.2%)   0.0000 (  0.1%)   0.0000 (  0.2%)   0.0000 (  0.2%)  SI Shrink Instructions
   0.0000 (  0.0%)   0.0000 (  0.4%)   0.0000 (  0.2%)   0.0000 (  0.2%)  PGOIndirectCallPromotion
   0.0000 (  0.2%)   0.0000 (  0.1%)   0.0000 (  0.2%)   0.0000 (  0.2%)  InferAlignmentPass
   0.0000 (  0.2%)   0.0000 (  0.1%)   0.0000 (  0.2%)   0.0000 (  0.2%)  BDCEPass
   0.0000 (  0.1%)   0.0000 (  0.2%)   0.0000 (  0.2%)   0.0000 (  0.2%)  Branch Probability Basic Block Placement
   0.0000 (  0.3%)   0.0000 (  0.0%)   0.0000 (  0.2%)   0.0000 (  0.1%)  AMDGPU Lower Kernel Arguments
   0.0000 (  0.1%)   0.0000 (  0.2%)   0.0000 (  0.1%)   0.0000 (  0.1%)  Control Flow Optimizer
   0.0000 (  0.2%)   0.0000 (  0.1%)   0.0000 (  0.1%)   0.0000 (  0.1%)  DSEPass
   0.0000 (  0.2%)   0.0000 (  0.0%)   0.0000 (  0.1%)   0.0000 (  0.1%)  PromotePass
   0.0000 (  0.2%)   0.0000 (  0.0%)   0.0000 (  0.1%)   0.0000 (  0.1%)  Code sinking
   0.0000 (  0.2%)   0.0000 (  0.0%)   0.0000 (  0.1%)   0.0000 (  0.1%)  Virtual Register Rewriter
   0.0000 (  0.1%)   0.0000 (  0.2%)   0.0000 (  0.1%)   0.0000 (  0.1%)  Memory SSA
   0.0000 (  0.2%)   0.0000 (  0.0%)   0.0000 (  0.1%)   0.0000 (  0.1%)  AMDGPU IR late optimizations
   0.0000 (  0.1%)   0.0000 (  0.2%)   0.0000 (  0.1%)   0.0000 (  0.1%)  VectorCombinePass
   0.0000 (  0.1%)   0.0000 (  0.1%)   0.0000 (  0.1%)   0.0000 (  0.1%)  SI Load Store Optimizer
   0.0000 (  0.1%)   0.0000 (  0.1%)   0.0000 (  0.1%)   0.0000 (  0.1%)  Spill Code Placement Analysis
   0.0000 (  0.2%)   0.0000 (  0.0%)   0.0000 (  0.1%)   0.0000 (  0.1%)  RequireAnalysisPass<llvm::GlobalsAA, llvm::Module, llvm::AnalysisManager<Module>>
   0.0000 (  0.2%)   0.0000 (  0.1%)   0.0000 (  0.1%)   0.0000 (  0.1%)  Machine Block Frequency Analysis #2
   0.0000 (  0.2%)   0.0000 (  0.0%)   0.0000 (  0.1%)   0.0000 (  0.1%)  GlobalOptPass
   0.0000 (  0.2%)   0.0000 (  0.0%)   0.0000 (  0.1%)   0.0000 (  0.1%)  AMDGPU Remove Incompatible Functions
   0.0000 (  0.1%)   0.0000 (  0.1%)   0.0000 (  0.1%)   0.0000 (  0.1%)  Natural Loop Information
   0.0000 (  0.2%)   0.0000 (  0.0%)   0.0000 (  0.1%)   0.0000 (  0.1%)  SI annotate control flow
   0.0000 (  0.1%)   0.0000 (  0.2%)   0.0000 (  0.1%)   0.0000 (  0.1%)  AMDGPULowerModuleLDSPass
   0.0000 (  0.1%)   0.0000 (  0.2%)   0.0000 (  0.2%)   0.0000 (  0.1%)  Detect Dead Lanes
   0.0000 (  0.1%)   0.0000 (  0.1%)   0.0000 (  0.1%)   0.0000 (  0.1%)  Remove dead machine instructions
   0.0000 (  0.2%)   0.0000 (  0.0%)   0.0000 (  0.1%)   0.0000 (  0.1%)  NoRecurseLTOInferencePass
   0.0000 (  0.1%)   0.0000 (  0.1%)   0.0000 (  0.1%)   0.0000 (  0.1%)  Debug Variable Analysis
   0.0000 (  0.1%)   0.0000 (  0.1%)   0.0000 (  0.1%)   0.0000 (  0.1%)  Scalar Evolution Analysis
   0.0000 (  0.1%)   0.0000 (  0.1%)   0.0000 (  0.1%)   0.0000 (  0.1%)  Bundle Machine CFG Edges
   0.0000 (  0.1%)   0.0000 (  0.1%)   0.0000 (  0.1%)   0.0000 (  0.1%)  Two-Address instruction pass
   0.0000 (  0.1%)   0.0000 (  0.1%)   0.0000 (  0.1%)   0.0000 (  0.1%)  Live DEBUG_VALUE analysis
   0.0000 (  0.0%)   0.0000 (  0.2%)   0.0000 (  0.1%)   0.0000 (  0.1%)  InferFunctionAttrsPass
   0.0000 (  0.1%)   0.0000 (  0.1%)   0.0000 (  0.1%)   0.0000 (  0.1%)  Machine Optimization Remark Emitter
   0.0000 (  0.1%)   0.0000 (  0.1%)   0.0000 (  0.1%)   0.0000 (  0.1%)  SI Whole Quad Mode
   0.0000 (  0.2%)   0.0000 (  0.0%)   0.0000 (  0.1%)   0.0000 (  0.1%)  Uniformity Analysis
   0.0000 (  0.2%)   0.0000 (  0.0%)   0.0000 (  0.1%)   0.0000 (  0.1%)  Uniformity Analysis #4
   0.0000 (  0.2%)   0.0000 (  0.0%)   0.0000 (  0.1%)   0.0000 (  0.1%)  Dominator Tree Construction #10
   0.0000 (  0.1%)   0.0000 (  0.1%)   0.0000 (  0.1%)   0.0000 (  0.1%)  SI Lower control flow pseudo instructions
   0.0000 (  0.1%)   0.0000 (  0.1%)   0.0000 (  0.1%)   0.0000 (  0.1%)  GlobalDCEPass
   0.0000 (  0.1%)   0.0000 (  0.1%)   0.0000 (  0.1%)   0.0000 (  0.1%)  Free MachineFunction
   0.0000 (  0.1%)   0.0000 (  0.1%)   0.0000 (  0.1%)   0.0000 (  0.1%)  Machine Natural Loop Construction #5
   0.0000 (  0.1%)   0.0000 (  0.0%)   0.0000 (  0.1%)   0.0000 (  0.1%)  Virtual Register Rewriter #3
   0.0000 (  0.1%)   0.0000 (  0.1%)   0.0000 (  0.1%)   0.0000 (  0.1%)  Machine Block Frequency Analysis
   0.0000 (  0.2%)   0.0000 (  0.0%)   0.0000 (  0.1%)   0.0000 (  0.1%)  MachineDominator Tree Construction #2
   0.0000 (  0.1%)   0.0000 (  0.1%)   0.0000 (  0.1%)   0.0000 (  0.1%)  LoopSimplifyPass
   0.0000 (  0.1%)   0.0000 (  0.0%)   0.0000 (  0.1%)   0.0000 (  0.1%)  Memory SSA #2
   0.0000 (  0.1%)   0.0000 (  0.0%)   0.0000 (  0.1%)   0.0000 (  0.1%)  AMDGPULowerKernelAttributesPass
   0.0000 (  0.1%)   0.0000 (  0.1%)   0.0000 (  0.1%)   0.0000 (  0.1%)  Split GEPs to a variadic base and a constant offset for better CSE
   0.0000 (  0.1%)   0.0000 (  0.0%)   0.0000 (  0.1%)   0.0000 (  0.1%)  AMDGPUPromoteAllocaToVectorPass
   0.0000 (  0.1%)   0.0000 (  0.1%)   0.0000 (  0.1%)   0.0000 (  0.1%)  Machine Late Instructions Cleanup Pass
   0.0000 (  0.1%)   0.0000 (  0.1%)   0.0000 (  0.1%)   0.0000 (  0.1%)  MachineDominator Tree Construction
   0.0000 (  0.0%)   0.0000 (  0.2%)   0.0000 (  0.1%)   0.0000 (  0.1%)  AMDGPULowerExecSyncPass
   0.0000 (  0.2%)   0.0000 (  0.0%)   0.0000 (  0.1%)   0.0000 (  0.1%)  Expand IR instructions
   0.0000 (  0.1%)   0.0000 (  0.1%)   0.0000 (  0.1%)   0.0000 (  0.1%)  SI Shrink Instructions #2
   0.0000 (  0.1%)   0.0000 (  0.0%)   0.0000 (  0.1%)   0.0000 (  0.1%)  SI Fix SGPR copies
   0.0000 (  0.1%)   0.0000 (  0.1%)   0.0000 (  0.1%)   0.0000 (  0.1%)  Scalar Evolution Analysis #3
   0.0000 (  0.1%)   0.0000 (  0.1%)   0.0000 (  0.1%)   0.0000 (  0.1%)  Block Frequency Analysis
   0.0000 (  0.1%)   0.0000 (  0.1%)   0.0000 (  0.1%)   0.0000 (  0.1%)  Uniformity Analysis #2
   0.0000 (  0.1%)   0.0000 (  0.1%)   0.0000 (  0.1%)   0.0000 (  0.1%)  Uniformity Analysis #3
   0.0000 (  0.1%)   0.0000 (  0.1%)   0.0000 (  0.1%)   0.0000 (  0.1%)  Scalar Evolution Analysis #2
   0.0000 (  0.1%)   0.0000 (  0.1%)   0.0000 (  0.1%)   0.0000 (  0.1%)  Target Library Information
   0.0000 (  0.1%)   0.0000 (  0.1%)   0.0000 (  0.1%)   0.0000 (  0.1%)  Live Stack Slot Analysis #2
   0.0000 (  0.1%)   0.0000 (  0.0%)   0.0000 (  0.1%)   0.0000 (  0.1%)  AMDGPU lowering of execution synchronization
   0.0000 (  0.1%)   0.0000 (  0.0%)   0.0000 (  0.1%)   0.0000 (  0.1%)  AggressiveInstCombinePass
   0.0000 (  0.0%)   0.0000 (  0.1%)   0.0000 (  0.1%)   0.0000 (  0.1%)  AMDGPU IR optimizations
   0.0000 (  0.1%)   0.0000 (  0.1%)   0.0000 (  0.1%)   0.0000 (  0.1%)  SROAPass
   0.0000 (  0.1%)   0.0000 (  0.1%)   0.0000 (  0.1%)   0.0000 (  0.1%)  SI Memory Legalizer
   0.0000 (  0.1%)   0.0000 (  0.1%)   0.0000 (  0.1%)   0.0000 (  0.1%)  Constant Hoisting
   0.0000 (  0.0%)   0.0000 (  0.1%)   0.0000 (  0.1%)   0.0000 (  0.1%)  Machine Block Frequency Analysis #5
   0.0000 (  0.1%)   0.0000 (  0.1%)   0.0000 (  0.1%)   0.0000 (  0.1%)  MachineDominator Tree Construction #8
   0.0000 (  0.1%)   0.0000 (  0.0%)   0.0000 (  0.1%)   0.0000 (  0.1%)  DummyCGSCCPass
   0.0000 (  0.1%)   0.0000 (  0.1%)   0.0000 (  0.1%)   0.0000 (  0.1%)  AMDGPU Pre-RA Long Branch Reg
   0.0000 (  0.1%)   0.0000 (  0.1%)   0.0000 (  0.1%)   0.0000 (  0.1%)  SI post-RA bundler
   0.0000 (  0.1%)   0.0000 (  0.0%)   0.0000 (  0.1%)   0.0000 (  0.1%)  Basic Alias Analysis (stateless AA impl)
   0.0000 (  0.1%)   0.0000 (  0.0%)   0.0000 (  0.1%)   0.0000 (  0.1%)  CalledValuePropagationPass
   0.0000 (  0.1%)   0.0000 (  0.1%)   0.0000 (  0.1%)   0.0000 (  0.1%)  Machine Copy Propagation Pass #2
   0.0000 (  0.1%)   0.0000 (  0.0%)   0.0000 (  0.1%)   0.0000 (  0.1%)  MachinePostDominator Tree Construction
   0.0000 (  0.1%)   0.0000 (  0.1%)   0.0000 (  0.1%)   0.0000 (  0.1%)  Machine Natural Loop Construction #2
   0.0000 (  0.0%)   0.0000 (  0.1%)   0.0000 (  0.1%)   0.0000 (  0.1%)  DivRemPairsPass
   0.0000 (  0.1%)   0.0000 (  0.1%)   0.0000 (  0.1%)   0.0000 (  0.1%)  Branch Probability Analysis #3
   0.0000 (  0.1%)   0.0000 (  0.0%)   0.0000 (  0.1%)   0.0000 (  0.1%)  Uniformity Analysis #7
   0.0000 (  0.1%)   0.0000 (  0.0%)   0.0000 (  0.1%)   0.0000 (  0.1%)  Default Regalloc Priority Advisor
   0.0000 (  0.1%)   0.0000 (  0.1%)   0.0000 (  0.1%)   0.0000 (  0.1%)  Live Stack Slot Analysis
   0.0000 (  0.1%)   0.0000 (  0.1%)   0.0000 (  0.1%)   0.0000 (  0.1%)  Post-Dominator Tree Construction #5
   0.0000 (  0.1%)   0.0000 (  0.0%)   0.0000 (  0.1%)   0.0000 (  0.1%)  Eliminate PHI nodes for register allocation
   0.0000 (  0.1%)   0.0000 (  0.0%)   0.0000 (  0.1%)   0.0000 (  0.1%)  WholeProgramDevirtPass
   0.0000 (  0.1%)   0.0000 (  0.0%)   0.0000 (  0.1%)   0.0000 (  0.1%)  Uniformity Analysis #5
   0.0000 (  0.0%)   0.0000 (  0.1%)   0.0000 (  0.1%)   0.0000 (  0.1%)  SI optimize exec mask operations
   0.0000 (  0.1%)   0.0000 (  0.0%)   0.0000 (  0.1%)   0.0000 (  0.1%)  Remove dead machine instructions #2
   0.0000 (  0.1%)   0.0000 (  0.1%)   0.0000 (  0.1%)   0.0000 (  0.1%)  Branch Probability Analysis
   0.0000 (  0.1%)   0.0000 (  0.0%)   0.0000 (  0.1%)   0.0000 (  0.1%)  Uniformity Analysis #6
   0.0000 (  0.1%)   0.0000 (  0.0%)   0.0000 (  0.1%)   0.0000 (  0.1%)  Early Tail Duplication
   0.0000 (  0.1%)   0.0000 (  0.1%)   0.0000 (  0.1%)   0.0000 (  0.1%)  SI optimize exec mask operations pre-RA
   0.0000 (  0.1%)   0.0000 (  0.0%)   0.0000 (  0.0%)   0.0000 (  0.1%)  AMDGPUSimplifyLibCallsPass
   0.0000 (  0.0%)   0.0000 (  0.2%)   0.0000 (  0.1%)   0.0000 (  0.1%)  Post-Dominator Tree Construction
   0.0000 (  0.0%)   0.0000 (  0.1%)   0.0000 (  0.0%)   0.0000 (  0.1%)  Post-RA pseudo instruction expansion pass
   0.0000 (  0.1%)   0.0000 (  0.0%)   0.0000 (  0.1%)   0.0000 (  0.1%)  Machine Loop Invariant Code Motion
   0.0000 (  0.0%)   0.0000 (  0.1%)   0.0000 (  0.1%)   0.0000 (  0.1%)  MachinePostDominator Tree Construction #3
   0.0000 (  0.1%)   0.0000 (  0.0%)   0.0000 (  0.0%)   0.0000 (  0.1%)  Natural Loop Information #9
   0.0000 (  0.1%)   0.0000 (  0.0%)   0.0000 (  0.1%)   0.0000 (  0.1%)  Assumption Cache Tracker
   0.0000 (  0.1%)   0.0000 (  0.0%)   0.0000 (  0.0%)   0.0000 (  0.1%)  SI Lower i1 Copies
   0.0000 (  0.0%)   0.0000 (  0.1%)   0.0000 (  0.1%)   0.0000 (  0.1%)  CGProfilePass
   0.0000 (  0.0%)   0.0000 (  0.1%)   0.0000 (  0.1%)   0.0000 (  0.1%)  PostRA Machine Sink
   0.0000 (  0.1%)   0.0000 (  0.0%)   0.0000 (  0.0%)   0.0000 (  0.1%)  Slot index numbering
   0.0000 (  0.1%)   0.0000 (  0.1%)   0.0000 (  0.1%)   0.0000 (  0.1%)  Tail Duplication
   0.0000 (  0.0%)   0.0000 (  0.1%)   0.0000 (  0.0%)   0.0000 (  0.1%)  Function Alias Analysis Results #3
   0.0000 (  0.0%)   0.0000 (  0.0%)   0.0000 (  0.0%)   0.0000 (  0.1%)  Basic Alias Analysis (stateless AA impl) #3
   0.0000 (  0.1%)   0.0000 (  0.1%)   0.0000 (  0.1%)   0.0000 (  0.1%)  AMDGPU Promote Alloca
   0.0000 (  0.0%)   0.0000 (  0.1%)   0.0000 (  0.0%)   0.0000 (  0.1%)  MachineDominator Tree Construction #6
   0.0000 (  0.0%)   0.0000 (  0.1%)   0.0000 (  0.1%)   0.0000 (  0.1%)  AnnotationRemarksPass
   0.0000 (  0.0%)   0.0000 (  0.0%)   0.0000 (  0.0%)   0.0000 (  0.1%)  Virtual Register Map #2
   0.0000 (  0.1%)   0.0000 (  0.0%)   0.0000 (  0.0%)   0.0000 (  0.1%)  Function Alias Analysis Results
   0.0000 (  0.1%)   0.0000 (  0.1%)   0.0000 (  0.1%)   0.0000 (  0.1%)  Machine Cycle Info Analysis
   0.0000 (  0.1%)   0.0000 (  0.0%)   0.0000 (  0.0%)   0.0000 (  0.0%)  Dominator Tree Construction
   0.0000 (  0.0%)   0.0000 (  0.1%)   0.0000 (  0.0%)   0.0000 (  0.0%)  Virtual Register Map
   0.0000 (  0.1%)   0.0000 (  0.0%)   0.0000 (  0.1%)   0.0000 (  0.0%)  Scalar Evolution Analysis #4
   0.0000 (  0.1%)   0.0000 (  0.0%)   0.0000 (  0.1%)   0.0000 (  0.0%)  SI Fold Operands #2
   0.0000 (  0.1%)   0.0000 (  0.1%)   0.0000 (  0.1%)   0.0000 (  0.0%)  Virtual Register Map #3
   0.0000 (  0.1%)   0.0000 (  0.0%)   0.0000 (  0.0%)   0.0000 (  0.0%)  Assignment Tracking Analysis
   0.0000 (  0.0%)   0.0000 (  0.1%)   0.0000 (  0.0%)   0.0000 (  0.0%)  SI peephole optimizations
   0.0000 (  0.0%)   0.0000 (  0.0%)   0.0000 (  0.0%)   0.0000 (  0.0%)  LCSSAPass
   0.0000 (  0.1%)   0.0000 (  0.0%)   0.0000 (  0.0%)   0.0000 (  0.0%)  TailCallElimPass
   0.0000 (  0.1%)   0.0000 (  0.0%)   0.0000 (  0.0%)   0.0000 (  0.0%)  CallGraph Construction
   0.0000 (  0.0%)   0.0000 (  0.1%)   0.0000 (  0.0%)   0.0000 (  0.0%)  Natural Loop Information #2
   0.0000 (  0.1%)   0.0000 (  0.0%)   0.0000 (  0.1%)   0.0000 (  0.0%)  SI Peephole SDWA
   0.0000 (  0.1%)   0.0000 (  0.0%)   0.0000 (  0.0%)   0.0000 (  0.0%)  Natural Loop Information #10
   0.0000 (  0.1%)   0.0000 (  0.0%)   0.0000 (  0.0%)   0.0000 (  0.0%)  AMDGPUUseNativeCallsPass
   0.0000 (  0.0%)   0.0000 (  0.1%)   0.0000 (  0.0%)   0.0000 (  0.0%)  LowerTypeTestsPass
   0.0000 (  0.0%)   0.0000 (  0.1%)   0.0000 (  0.0%)   0.0000 (  0.0%)  Cycle Info Analysis #6
   0.0000 (  0.0%)   0.0000 (  0.1%)   0.0000 (  0.0%)   0.0000 (  0.0%)  Insert required mode register values
   0.0000 (  0.1%)   0.0000 (  0.0%)   0.0000 (  0.0%)   0.0000 (  0.0%)  Detect single entry single exit regions
   0.0000 (  0.1%)   0.0000 (  0.0%)   0.0000 (  0.1%)   0.0000 (  0.0%)  Create Garbage Collector Module Metadata
   0.0000 (  0.0%)   0.0000 (  0.0%)   0.0000 (  0.0%)   0.0000 (  0.0%)  MachinePostDominator Tree Construction #2
   0.0000 (  0.0%)   0.0000 (  0.1%)   0.0000 (  0.0%)   0.0000 (  0.0%)  MachinePostDominator Tree Construction #5
   0.0000 (  0.0%)   0.0000 (  0.0%)   0.0000 (  0.0%)   0.0000 (  0.0%)  Remove dead machine instructions #3
   0.0000 (  0.1%)   0.0000 (  0.0%)   0.0000 (  0.0%)   0.0000 (  0.0%)  Machine Natural Loop Construction #4
   0.0000 (  0.1%)   0.0000 (  0.0%)   0.0000 (  0.0%)   0.0000 (  0.0%)  Remove unreachable machine basic blocks
   0.0000 (  0.1%)   0.0000 (  0.1%)   0.0000 (  0.1%)   0.0000 (  0.0%)  AMDGPU Pre-RA optimizations
   0.0000 (  0.1%)   0.0000 (  0.0%)   0.0000 (  0.0%)   0.0000 (  0.0%)  Library Function Lowering Analysis
   0.0000 (  0.0%)   0.0000 (  0.0%)   0.0000 (  0.0%)   0.0000 (  0.0%)  Lazy Branch Probability Analysis #5
   0.0000 (  0.1%)   0.0000 (  0.0%)   0.0000 (  0.0%)   0.0000 (  0.0%)  AMDGPU atomic optimizations
   0.0000 (  0.1%)   0.0000 (  0.0%)   0.0000 (  0.0%)   0.0000 (  0.0%)  MachineDominator Tree Construction #7
   0.0000 (  0.1%)   0.0000 (  0.2%)   0.0000 (  0.1%)   0.0000 (  0.0%)  Cycle Info Analysis #13
   0.0000 (  0.1%)   0.0000 (  0.1%)   0.0000 (  0.1%)   0.0000 (  0.0%)  Partially inline calls to library functions
   0.0000 (  0.0%)   0.0000 (  0.0%)   0.0000 (  0.0%)   0.0000 (  0.0%)  Machine Block Frequency Analysis #6
   0.0000 (  0.0%)   0.0000 (  0.0%)   0.0000 (  0.0%)   0.0000 (  0.0%)  Dominator Tree Construction #3
   0.0000 (  0.1%)   0.0000 (  0.0%)   0.0000 (  0.0%)   0.0000 (  0.0%)  Dominator Tree Construction #9
   0.0000 (  0.1%)   0.0000 (  0.1%)   0.0000 (  0.1%)   0.0000 (  0.0%)  Virtual Register Rewriter #2
   0.0000 (  0.1%)   0.0000 (  0.0%)   0.0000 (  0.0%)   0.0000 (  0.0%)  Branch Probability Analysis #2
   0.0000 (  0.1%)   0.0000 (  0.0%)   0.0000 (  0.0%)   0.0000 (  0.0%)  Block Frequency Analysis #2
   0.0000 (  0.0%)   0.0000 (  0.0%)   0.0000 (  0.0%)   0.0000 (  0.0%)  Insert stack protectors
   0.0000 (  0.0%)   0.0000 (  0.0%)   0.0000 (  0.0%)   0.0000 (  0.0%)  Rewrite Partial Register Uses
   0.0000 (  0.0%)   0.0000 (  0.1%)   0.0000 (  0.0%)   0.0000 (  0.0%)  Rename Disconnected Subregister Components
   0.0000 (  0.1%)   0.0000 (  0.0%)   0.0000 (  0.0%)   0.0000 (  0.0%)  Lower uses of LDS variables from non-kernel functions
   0.0000 (  0.1%)   0.0000 (  0.0%)   0.0000 (  0.0%)   0.0000 (  0.0%)  ObjC ARC contraction
   0.0000 (  0.0%)   0.0000 (  0.0%)   0.0000 (  0.0%)   0.0000 (  0.0%)  Stack Slot Coloring
   0.0000 (  0.0%)   0.0000 (  0.0%)   0.0000 (  0.0%)   0.0000 (  0.0%)  Remove dead machine instructions #4
   0.0000 (  0.0%)   0.0000 (  0.0%)   0.0000 (  0.0%)   0.0000 (  0.0%)  MachinePostDominator Tree Construction #4
   0.0000 (  0.0%)   0.0000 (  0.0%)   0.0000 (  0.0%)   0.0000 (  0.0%)  Scoped NoAlias Alias Analysis
   0.0000 (  0.0%)   0.0000 (  0.0%)   0.0000 (  0.0%)   0.0000 (  0.0%)  Expand Atomic instructions
   0.0000 (  0.0%)   0.0000 (  0.0%)   0.0000 (  0.0%)   0.0000 (  0.0%)  SI Pre-allocate WWM Registers
   0.0000 (  0.1%)   0.0000 (  0.0%)   0.0000 (  0.0%)   0.0000 (  0.0%)  AMDGPU Uniform Intrinsic Combine
   0.0000 (  0.1%)   0.0000 (  0.0%)   0.0000 (  0.0%)   0.0000 (  0.0%)  InlinerPass
   0.0000 (  0.1%)   0.0000 (  0.0%)   0.0000 (  0.0%)   0.0000 (  0.0%)  Cycle Info Analysis
   0.0000 (  0.0%)   0.0000 (  0.0%)   0.0000 (  0.0%)   0.0000 (  0.0%)  Insert XRay ops
   0.0000 (  0.1%)   0.0000 (  0.0%)   0.0000 (  0.0%)   0.0000 (  0.0%)  Basic Alias Analysis (stateless AA impl) #5
   0.0000 (  0.1%)   0.0000 (  0.0%)   0.0000 (  0.0%)   0.0000 (  0.0%)  Early Machine Loop Invariant Code Motion #2
   0.0000 (  0.0%)   0.0000 (  0.0%)   0.0000 (  0.0%)   0.0000 (  0.0%)  Canonicalize natural loops
   0.0000 (  0.0%)   0.0000 (  0.0%)   0.0000 (  0.0%)   0.0000 (  0.0%)  Natural Loop Information #7
   0.0000 (  0.0%)   0.0000 (  0.0%)   0.0000 (  0.0%)   0.0000 (  0.0%)  MachineDominator Tree Construction #3
   0.0000 (  0.1%)   0.0000 (  0.0%)   0.0000 (  0.1%)   0.0000 (  0.0%)  Dominator Tree Construction #2
   0.0000 (  0.1%)   0.0000 (  0.0%)   0.0000 (  0.0%)   0.0000 (  0.0%)  Merge disjoint stack slots
   0.0000 (  0.0%)   0.0000 (  0.1%)   0.0000 (  0.0%)   0.0000 (  0.0%)  Lazy Machine Block Frequency Analysis #2
   0.0000 (  0.1%)   0.0000 (  0.0%)   0.0000 (  0.0%)   0.0000 (  0.0%)  Cycle Info Analysis #12
   0.0000 (  0.0%)   0.0000 (  0.0%)   0.0000 (  0.0%)   0.0000 (  0.0%)  Dominator Tree Construction #6
   0.0000 (  0.0%)   0.0000 (  0.1%)   0.0000 (  0.0%)   0.0000 (  0.0%)  Lazy Block Frequency Analysis #5
   0.0000 (  0.0%)   0.0000 (  0.0%)   0.0000 (  0.0%)   0.0000 (  0.0%)  Remove unreachable blocks from the CFG
   0.0000 (  0.0%)   0.0000 (  0.0%)   0.0000 (  0.0%)   0.0000 (  0.0%)  Cycle Info Analysis #10
   0.0000 (  0.1%)   0.0000 (  0.0%)   0.0000 (  0.0%)   0.0000 (  0.0%)  Flatten the CFG
   0.0000 (  0.0%)   0.0000 (  0.0%)   0.0000 (  0.0%)   0.0000 (  0.0%)  Machine Cycle Info Analysis #2
   0.0000 (  0.0%)   0.0000 (  0.0%)   0.0000 (  0.0%)   0.0000 (  0.0%)  JumpThreadingPass
   0.0000 (  0.0%)   0.0000 (  0.1%)   0.0000 (  0.0%)   0.0000 (  0.0%)  Scalarize Masked Memory Intrinsics
   0.0000 (  0.1%)   0.0000 (  0.0%)   0.0000 (  0.0%)   0.0000 (  0.0%)  MergedLoadStoreMotionPass
   0.0000 (  0.0%)   0.0000 (  0.0%)   0.0000 (  0.0%)   0.0000 (  0.0%)  LCSSA Verifier
   0.0000 (  0.1%)   0.0000 (  0.0%)   0.0000 (  0.0%)   0.0000 (  0.0%)  Natural Loop Information #5
   0.0000 (  0.0%)   0.0000 (  0.1%)   0.0000 (  0.0%)   0.0000 (  0.0%)  Expand reduction intrinsics
   0.0000 (  0.1%)   0.0000 (  0.0%)   0.0000 (  0.0%)   0.0000 (  0.0%)  Natural Loop Information #8
   0.0000 (  0.0%)   0.0000 (  0.0%)   0.0000 (  0.0%)   0.0000 (  0.0%)  Basic Alias Analysis (stateless AA impl) #7
   0.0000 (  0.1%)   0.0000 (  0.0%)   0.0000 (  0.1%)   0.0000 (  0.0%)  Cycle Info Analysis #9
   0.0000 (  0.0%)   0.0000 (  0.0%)   0.0000 (  0.0%)   0.0000 (  0.0%)  Replace intrinsics with calls to vector library
   0.0000 (  0.0%)   0.0000 (  0.0%)   0.0000 (  0.0%)   0.0000 (  0.0%)  AMDGPU Annotate Uniform Values
   0.0000 (  0.0%)   0.0000 (  0.0%)   0.0000 (  0.0%)   0.0000 (  0.0%)  Default Regalloc Eviction Advisor
   0.0000 (  0.0%)   0.0000 (  0.0%)   0.0000 (  0.0%)   0.0000 (  0.0%)  Target Transform Information
   0.0000 (  0.0%)   0.0000 (  0.0%)   0.0000 (  0.0%)   0.0000 (  0.0%)  Machine Optimization Remark Emitter #2
   0.0000 (  0.0%)   0.0000 (  0.0%)   0.0000 (  0.0%)   0.0000 (  0.0%)  Memory Dependence Analysis
   0.0000 (  0.0%)   0.0000 (  0.0%)   0.0000 (  0.0%)   0.0000 (  0.0%)  Stack Frame Layout Analysis
   0.0000 (  0.0%)   0.0000 (  0.0%)   0.0000 (  0.0%)   0.0000 (  0.0%)  Target Pass Configuration
   0.0000 (  0.0%)   0.0000 (  0.1%)   0.0000 (  0.0%)   0.0000 (  0.0%)  Remove Loads Into Fake Uses
   0.0000 (  0.1%)   0.0000 (  0.0%)   0.0000 (  0.0%)   0.0000 (  0.0%)  Dominance Frontier Construction
   0.0000 (  0.1%)   0.0000 (  0.0%)   0.0000 (  0.0%)   0.0000 (  0.0%)  LCSSA Verifier #2
   0.0000 (  0.0%)   0.0000 (  0.1%)   0.0000 (  0.0%)   0.0000 (  0.0%)  Natural Loop Information #3
   0.0000 (  0.0%)   0.0000 (  0.1%)   0.0000 (  0.1%)   0.0000 (  0.0%)  Function Alias Analysis Results #4
   0.0000 (  0.0%)   0.0000 (  0.0%)   0.0000 (  0.0%)   0.0000 (  0.0%)  Profile summary info
   0.0000 (  0.0%)   0.0000 (  0.0%)   0.0000 (  0.0%)   0.0000 (  0.0%)  Post-Dominator Tree Construction #2
   0.0000 (  0.1%)   0.0000 (  0.0%)   0.0000 (  0.0%)   0.0000 (  0.0%)  Unify divergent function exit nodes
   0.0000 (  0.0%)   0.0000 (  0.0%)   0.0000 (  0.0%)   0.0000 (  0.0%)  ArgumentPromotionPass
   0.0000 (  0.0%)   0.0000 (  0.0%)   0.0000 (  0.0%)   0.0000 (  0.0%)  Function Alias Analysis Results #5
   0.0000 (  0.1%)   0.0000 (  0.0%)   0.0000 (  0.0%)   0.0000 (  0.0%)  Remove unreachable blocks from the CFG #2
   0.0000 (  0.1%)   0.0000 (  0.0%)   0.0000 (  0.0%)   0.0000 (  0.0%)  Function Alias Analysis Results #6
   0.0000 (  0.0%)   0.0000 (  0.0%)   0.0000 (  0.0%)   0.0000 (  0.0%)  SI Final Branch Preparation
   0.0000 (  0.1%)   0.0000 (  0.0%)   0.0000 (  0.0%)   0.0000 (  0.0%)  Dominator Tree Construction #5
   0.0000 (  0.1%)   0.0000 (  0.0%)   0.0000 (  0.0%)   0.0000 (  0.0%)  SI Optimize VGPR LiveRange
   0.0000 (  0.0%)   0.0000 (  0.0%)   0.0000 (  0.0%)   0.0000 (  0.0%)  Memory Dependence Analysis #2
   0.0000 (  0.0%)   0.0000 (  0.0%)   0.0000 (  0.0%)   0.0000 (  0.0%)  Machine Branch Probability Analysis
   0.0000 (  0.1%)   0.0000 (  0.0%)   0.0000 (  0.0%)   0.0000 (  0.0%)  Post-Dominator Tree Construction #3
   0.0000 (  0.0%)   0.0000 (  0.0%)   0.0000 (  0.0%)   0.0000 (  0.0%)  Function Alias Analysis Results #8
   0.0000 (  0.0%)   0.0000 (  0.1%)   0.0000 (  0.0%)   0.0000 (  0.0%)  Shrink Wrapping analysis
   0.0000 (  0.0%)   0.0000 (  0.0%)   0.0000 (  0.0%)   0.0000 (  0.0%)  External Alias Analysis
   0.0000 (  0.0%)   0.0000 (  0.0%)   0.0000 (  0.0%)   0.0000 (  0.0%)  AMDGPU Prepare AGPR Alloc
   0.0000 (  0.0%)   0.0000 (  0.0%)   0.0000 (  0.0%)   0.0000 (  0.0%)  Insert fentry calls
   0.0000 (  0.1%)   0.0000 (  0.0%)   0.0000 (  0.0%)   0.0000 (  0.0%)  AMDGPU Image Intrinsic Optimizer
   0.0000 (  0.0%)   0.0000 (  0.0%)   0.0000 (  0.0%)   0.0000 (  0.0%)  Optimize machine instruction PHIs
   0.0000 (  0.0%)   0.0000 (  0.0%)   0.0000 (  0.0%)   0.0000 (  0.0%)  Function Alias Analysis Results #7
   0.0000 (  0.0%)   0.0000 (  0.0%)   0.0000 (  0.0%)   0.0000 (  0.0%)  Register Usage Information Storage
   0.0000 (  0.0%)   0.0000 (  0.0%)   0.0000 (  0.0%)   0.0000 (  0.0%)  Init Undef Pass
   0.0000 (  0.0%)   0.0000 (  0.0%)   0.0000 (  0.0%)   0.0000 (  0.0%)  Process Implicit Definitions
   0.0000 (  0.1%)   0.0000 (  0.0%)   0.0000 (  0.0%)   0.0000 (  0.0%)  Type-Based Alias Analysis
   0.0000 (  0.0%)   0.0000 (  0.0%)   0.0000 (  0.0%)   0.0000 (  0.0%)  Function Alias Analysis Results #2
   0.0000 (  0.0%)   0.0000 (  0.0%)   0.0000 (  0.0%)   0.0000 (  0.0%)  Register Usage Information Propagation
   0.0000 (  0.0%)   0.0000 (  0.0%)   0.0000 (  0.0%)   0.0000 (  0.0%)  Stack Slot Coloring #2
   0.0000 (  0.0%)   0.0000 (  0.0%)   0.0000 (  0.0%)   0.0000 (  0.0%)  SI Lower WWM Copies
   0.0000 (  0.0%)   0.0000 (  0.0%)   0.0000 (  0.0%)   0.0000 (  0.0%)  Register Usage Information Collector Pass
   0.0000 (  0.0%)   0.0000 (  0.0%)   0.0000 (  0.0%)   0.0000 (  0.0%)  Lower SwitchInst's to branches
   0.0000 (  0.0%)   0.0000 (  0.0%)   0.0000 (  0.0%)   0.0000 (  0.0%)  SI Fix VGPR copies
   0.0000 (  0.0%)   0.0000 (  0.0%)   0.0000 (  0.0%)   0.0000 (  0.0%)  Local Stack Slot Allocation
   0.0000 (  0.1%)   0.0000 (  0.0%)   0.0000 (  0.0%)   0.0000 (  0.0%)  Scalar Evolution Analysis #5
   0.0000 (  0.1%)   0.0000 (  0.0%)   0.0000 (  0.0%)   0.0000 (  0.0%)  CoroAnnotationElidePass
   0.0000 (  0.0%)   0.0000 (  0.0%)   0.0000 (  0.0%)   0.0000 (  0.0%)  AMDGPU Reserve WWM Registers
   0.0000 (  0.0%)   0.0000 (  0.0%)   0.0000 (  0.0%)   0.0000 (  0.0%)  GCN DPP Combine
   0.0000 (  0.0%)   0.0000 (  0.0%)   0.0000 (  0.0%)   0.0000 (  0.0%)  GCN NSA Reassign
   0.0000 (  0.0%)   0.0000 (  0.0%)   0.0000 (  0.0%)   0.0000 (  0.0%)  Remove Redundant DEBUG_VALUE analysis
   0.0000 (  0.1%)   0.0000 (  0.0%)   0.0000 (  0.0%)   0.0000 (  0.0%)  InvalidateAnalysisPass<llvm::AAManager>
   0.0000 (  0.0%)   0.0000 (  0.0%)   0.0000 (  0.0%)   0.0000 (  0.0%)  Lazy Branch Probability Analysis
   0.0000 (  0.0%)   0.0000 (  0.0%)   0.0000 (  0.0%)   0.0000 (  0.0%)  SI Insert Hard Clauses
   0.0000 (  0.0%)   0.0000 (  0.0%)   0.0000 (  0.0%)   0.0000 (  0.0%)  MachineDominator Tree Construction #4
   0.0000 (  0.0%)   0.0000 (  0.0%)   0.0000 (  0.0%)   0.0000 (  0.0%)  Lazy Machine Block Frequency Analysis #4
   0.0000 (  0.0%)   0.0000 (  0.0%)   0.0000 (  0.0%)   0.0000 (  0.0%)  Prepare inline asm insts
   0.0000 (  0.0%)   0.0000 (  0.0%)   0.0000 (  0.0%)   0.0000 (  0.0%)  Lazy Value Information Analysis
   0.0000 (  0.0%)   0.0000 (  0.0%)   0.0000 (  0.0%)   0.0000 (  0.0%)  AMDGPU Mark Last Scratch Load
   0.0000 (  0.0%)   0.0000 (  0.0%)   0.0000 (  0.0%)   0.0000 (  0.0%)  Fixup Statepoint Caller Saved
   0.0000 (  0.0%)   0.0000 (  0.0%)   0.0000 (  0.0%)   0.0000 (  0.0%)  GCN Create VOPD Instructions
   0.0000 (  0.0%)   0.0000 (  0.0%)   0.0000 (  0.0%)   0.0000 (  0.0%)  Basic Alias Analysis (stateless AA impl) #2
   0.0000 (  0.0%)   0.0000 (  0.0%)   0.0000 (  0.0%)   0.0000 (  0.0%)  Basic Alias Analysis (stateless AA impl) #6
   0.0000 (  0.0%)   0.0000 (  0.0%)   0.0000 (  0.0%)   0.0000 (  0.0%)  Safe Stack instrumentation pass
   0.0000 (  0.0%)   0.0000 (  0.0%)   0.0000 (  0.0%)   0.0000 (  0.0%)  AMDGPU Insert waits for SGPR read hazards
   0.0000 (  0.0%)   0.0000 (  0.0%)   0.0000 (  0.0%)   0.0000 (  0.0%)  AMDGPU Insert Delay ALU
   0.0000 (  0.0%)   0.0000 (  0.0%)   0.0000 (  0.0%)   0.0000 (  0.0%)  Cycle Info Analysis #2
   0.0000 (  0.0%)   0.0000 (  0.0%)   0.0000 (  0.0%)   0.0000 (  0.0%)  Instrument function entry/exit with calls to e.g. mcount() (post inlining)
   0.0000 (  0.0%)   0.0000 (  0.0%)   0.0000 (  0.0%)   0.0000 (  0.0%)  Fixup each natural loop to have a single exit block
   0.0000 (  0.0%)   0.0000 (  0.0%)   0.0000 (  0.0%)   0.0000 (  0.0%)  Cycle Info Analysis #8
   0.0000 (  0.0%)   0.0000 (  0.1%)   0.0000 (  0.0%)   0.0000 (  0.0%)  Optimization Remark Emitter #2
   0.0000 (  0.0%)   0.0000 (  0.0%)   0.0000 (  0.0%)   0.0000 (  0.0%)  AMDGPU Preload Kernel Arguments Prolog
   0.0000 (  0.0%)   0.0000 (  0.0%)   0.0000 (  0.0%)   0.0000 (  0.0%)  Lazy Branch Probability Analysis #3
   0.0000 (  0.0%)   0.0000 (  0.0%)   0.0000 (  0.0%)   0.0000 (  0.0%)  Post-Dominator Tree Construction #4
   0.0000 (  0.0%)   0.0000 (  0.0%)   0.0000 (  0.0%)   0.0000 (  0.0%)  Lazy Block Frequency Analysis #4
   0.0000 (  0.0%)   0.0000 (  0.0%)   0.0000 (  0.0%)   0.0000 (  0.0%)  Machine Optimization Remark Emitter #3
   0.0000 (  0.0%)   0.0000 (  0.0%)   0.0000 (  0.0%)   0.0000 (  0.0%)  Lazy Branch Probability Analysis #2
   0.0000 (  0.0%)   0.0000 (  0.0%)   0.0000 (  0.0%)   0.0000 (  0.0%)  AMDGPU Preload Kernel Arguments
   0.0000 (  0.0%)   0.0000 (  0.0%)   0.0000 (  0.0%)   0.0000 (  0.0%)  Lazy Machine Block Frequency Analysis #3
   0.0000 (  0.0%)   0.0000 (  0.0%)   0.0000 (  0.0%)   0.0000 (  0.0%)  Dominator Tree Construction #8
   0.0000 (  0.0%)   0.0000 (  0.0%)   0.0000 (  0.0%)   0.0000 (  0.0%)  Cycle Info Analysis #3
   0.0000 (  0.1%)   0.0000 (  0.0%)   0.0000 (  0.0%)   0.0000 (  0.0%)  Cycle Info Analysis #11
   0.0000 (  0.0%)   0.0000 (  0.0%)   0.0000 (  0.0%)   0.0000 (  0.0%)  Loop-Closed SSA Form Pass
   0.0000 (  0.0%)   0.0000 (  0.1%)   0.0000 (  0.0%)   0.0000 (  0.0%)  Lazy Branch Probability Analysis #4
   0.0000 (  0.0%)   0.0000 (  0.0%)   0.0000 (  0.0%)   0.0000 (  0.0%)  Basic Alias Analysis (stateless AA impl) #4
   0.0000 (  0.0%)   0.0000 (  0.0%)   0.0000 (  0.0%)   0.0000 (  0.0%)  Lazy Machine Block Frequency Analysis
   0.0000 (  0.0%)   0.0000 (  0.0%)   0.0000 (  0.0%)   0.0000 (  0.0%)  AMDGPU Lower VGPR Encoding
   0.0000 (  0.0%)   0.0000 (  0.0%)   0.0000 (  0.0%)   0.0000 (  0.0%)  Basic Alias Analysis (stateless AA impl) #8
   0.0000 (  0.0%)   0.0000 (  0.0%)   0.0000 (  0.0%)   0.0000 (  0.0%)  Convert irreducible control-flow into natural loops
   0.0000 (  0.0%)   0.0000 (  0.0%)   0.0000 (  0.0%)   0.0000 (  0.0%)  Loop-Closed SSA Form Pass #2
   0.0000 (  0.0%)   0.0000 (  0.0%)   0.0000 (  0.0%)   0.0000 (  0.0%)  AMDGPU Rewrite Undef for PHI
   0.0000 (  0.0%)   0.0000 (  0.0%)   0.0000 (  0.0%)   0.0000 (  0.0%)  MoveAutoInitPass
   0.0000 (  0.0%)   0.0000 (  0.0%)   0.0000 (  0.0%)   0.0000 (  0.0%)  Lazy Block Frequency Analysis
   0.0000 (  0.0%)   0.0000 (  0.0%)   0.0000 (  0.0%)   0.0000 (  0.0%)  Cycle Info Analysis #7
   0.0000 (  0.0%)   0.0000 (  0.0%)   0.0000 (  0.0%)   0.0000 (  0.0%)  Optimization Remark Emitter #3
   0.0000 (  0.1%)   0.0000 (  0.0%)   0.0000 (  0.0%)   0.0000 (  0.0%)  Lower invoke and unwind, for unwindless code generators
   0.0000 (  0.0%)   0.0000 (  0.0%)   0.0000 (  0.0%)   0.0000 (  0.0%)  Cycle Info Analysis #4
   0.0000 (  0.0%)   0.0000 (  0.0%)   0.0000 (  0.0%)   0.0000 (  0.0%)  Natural Loop Information #4
   0.0000 (  0.0%)   0.0000 (  0.0%)   0.0000 (  0.0%)   0.0000 (  0.0%)  AlignmentFromAssumptionsPass
   0.0000 (  0.0%)   0.0000 (  0.0%)   0.0000 (  0.0%)   0.0000 (  0.0%)  MemProfRemoveInfo
   0.0000 (  0.0%)   0.0000 (  0.0%)   0.0000 (  0.0%)   0.0000 (  0.0%)  Expand variadic functions
   0.0000 (  0.0%)   0.0000 (  0.0%)   0.0000 (  0.0%)   0.0000 (  0.0%)  Lazy Block Frequency Analysis #2
   0.0000 (  0.0%)   0.0000 (  0.0%)   0.0000 (  0.0%)   0.0000 (  0.0%)  Cycle Info Analysis #5
   0.0000 (  0.0%)   0.0000 (  0.0%)   0.0000 (  0.0%)   0.0000 (  0.0%)  ExpandVariadicsPass
   0.0000 (  0.0%)   0.0000 (  0.0%)   0.0000 (  0.0%)   0.0000 (  0.0%)  LoopVectorizePass
   0.0000 (  0.0%)   0.0000 (  0.0%)   0.0000 (  0.0%)   0.0000 (  0.0%)  Machine Sanitizer Binary Metadata
   0.0000 (  0.0%)   0.0000 (  0.0%)   0.0000 (  0.0%)   0.0000 (  0.0%)  DeadArgumentEliminationPass
   0.0000 (  0.0%)   0.0000 (  0.0%)   0.0000 (  0.0%)   0.0000 (  0.0%)  Lazy Block Frequency Analysis #3
   0.0000 (  0.0%)   0.0000 (  0.0%)   0.0000 (  0.0%)   0.0000 (  0.0%)  WarnMissedTransformationsPass
   0.0000 (  0.0%)   0.0000 (  0.0%)   0.0000 (  0.0%)   0.0000 (  0.0%)  OpenMPOptPass
   0.0000 (  0.0%)   0.0000 (  0.0%)   0.0000 (  0.0%)   0.0000 (  0.0%)  CoroSplitPass
   0.0000 (  0.0%)   0.0000 (  0.0%)   0.0000 (  0.0%)   0.0000 (  0.0%)  Lazy Machine Block Frequency Analysis #5
   0.0000 (  0.0%)   0.0000 (  0.0%)   0.0000 (  0.0%)   0.0000 (  0.0%)  Optimization Remark Emitter
   0.0000 (  0.0%)   0.0000 (  0.0%)   0.0000 (  0.0%)   0.0000 (  0.0%)  DropUnnecessaryAssumesPass
   0.0000 (  0.0%)   0.0000 (  0.0%)   0.0000 (  0.0%)   0.0000 (  0.0%)  CrossDSOCFIPass
   0.0000 (  0.0%)   0.0000 (  0.0%)   0.0000 (  0.0%)   0.0000 (  0.0%)  OpenMPOptCGSCCPass
   0.0000 (  0.0%)   0.0000 (  0.0%)   0.0000 (  0.0%)   0.0000 (  0.0%)  Dominator Tree Construction #7
   0.0000 (  0.0%)   0.0000 (  0.0%)   0.0000 (  0.0%)   0.0000 (  0.0%)  KernelInfoPrinter
   0.0000 (  0.0%)   0.0000 (  0.0%)   0.0000 (  0.0%)   0.0000 (  0.0%)  LoopSinkPass
   0.0000 (  0.0%)   0.0000 (  0.0%)   0.0000 (  0.0%)   0.0000 (  0.0%)  Natural Loop Information #6
   0.0000 (  0.0%)   0.0000 (  0.0%)   0.0000 (  0.0%)   0.0000 (  0.0%)  LoopUnrollPass
   0.0000 (  0.0%)   0.0000 (  0.0%)   0.0000 (  0.0%)   0.0000 (  0.0%)  Unnamed pass: implement Pass::getPassName()
   0.0000 (  0.0%)   0.0000 (  0.0%)   0.0000 (  0.0%)   0.0000 (  0.0%)  RelLookupTableConverterPass
   0.0000 (  0.0%)   0.0000 (  0.0%)   0.0000 (  0.0%)   0.0000 (  0.0%)  AllocTokenPass
   0.0000 (  0.0%)   0.0000 (  0.0%)   0.0000 (  0.0%)   0.0000 (  0.0%)  CoroEarlyPass
   0.0000 (  0.0%)   0.0000 (  0.0%)   0.0000 (  0.0%)   0.0000 (  0.0%)  AMDGPU Software lowering of LDS
   0.0000 (  0.0%)   0.0000 (  0.0%)   0.0000 (  0.0%)   0.0000 (  0.0%)  EliminateAvailableExternallyPass
   0.0000 (  0.0%)   0.0000 (  0.0%)   0.0000 (  0.0%)   0.0000 (  0.0%)  AMDGPU lower intrinsics
   0.0000 (  0.0%)   0.0000 (  0.0%)   0.0000 (  0.0%)   0.0000 (  0.0%)  CoroCleanupPass
   0.0000 (  0.0%)   0.0000 (  0.0%)   0.0000 (  0.0%)   0.0000 (  0.0%)  ConstantMergePass
   0.0000 (  0.0%)   0.0000 (  0.0%)   0.0000 (  0.0%)   0.0000 (  0.0%)  AMDGPU Inline All Functions
   0.0000 (  0.0%)   0.0000 (  0.0%)   0.0000 (  0.0%)   0.0000 (  0.0%)  Pre-ISel Intrinsic Lowering
   0.0000 (  0.0%)   0.0000 (  0.0%)   0.0000 (  0.0%)   0.0000 (  0.0%)  GlobalSplitPass
   0.0000 (  0.0%)   0.0000 (  0.0%)   0.0000 (  0.0%)   0.0000 (  0.0%)  ReversePostOrderFunctionAttrsPass
   0.0000 (  0.0%)   0.0000 (  0.0%)   0.0000 (  0.0%)   0.0000 (  0.0%)  Externalize enqueued block runtime handles
   0.0000 (  0.0%)   0.0000 (  0.0%)   0.0000 (  0.0%)   0.0000 (  0.0%)  Lower ctors and dtors for AMDGPU
   0.0000 (  0.0%)   0.0000 (  0.0%)   0.0000 (  0.0%)   0.0000 (  0.0%)  AMDGPU Printf lowering
   0.0000 (  0.0%)   0.0000 (  0.0%)   0.0000 (  0.0%)   0.0000 (  0.0%)  AMDGPUSwLowerLDSPass
   0.0000 (  0.0%)   0.0000 (  0.0%)   0.0000 (  0.0%)   0.0000 (  0.0%)  DropTypeTestsPass
   0.0114 (100.0%)   0.0078 (100.0%)   0.0192 (100.0%)   0.0192 (100.0%)  Total

===-------------------------------------------------------------------------===
                      Instruction Selection and Scheduling
===-------------------------------------------------------------------------===
  Total Execution Time: 0.0014 seconds (0.0015 wall clock)

   ---User Time---   --System Time--   --User+System--   ---Wall Time---  --- Name ---
   0.0004 ( 39.3%)   0.0002 ( 36.8%)   0.0006 ( 38.5%)   0.0006 ( 38.3%)  Instruction Scheduling
   0.0002 ( 18.7%)   0.0001 ( 18.5%)   0.0003 ( 18.6%)   0.0003 ( 18.6%)  DAG Combining 1
   0.0002 ( 18.3%)   0.0001 ( 16.4%)   0.0003 ( 17.7%)   0.0003 ( 17.7%)  Instruction Selection
   0.0001 (  7.8%)   0.0001 ( 12.4%)   0.0001 (  9.3%)   0.0001 (  9.5%)  DAG Combining 2
   0.0001 (  6.9%)   0.0000 (  6.5%)   0.0001 (  6.8%)   0.0001 (  6.7%)  DAG Legalization
   0.0001 (  5.9%)   0.0000 (  5.7%)   0.0001 (  5.8%)   0.0001 (  5.7%)  Instruction Creation
   0.0000 (  1.4%)   0.0000 (  1.7%)   0.0000 (  1.5%)   0.0000 (  1.5%)  Type Legalization
   0.0000 (  1.3%)   0.0000 (  1.3%)   0.0000 (  1.3%)   0.0000 (  1.3%)  Vector Legalization
   0.0000 (  0.4%)   0.0000 (  0.6%)   0.0000 (  0.5%)   0.0000 (  0.7%)  Instruction Scheduling Cleanup
   0.0010 (100.0%)   0.0005 (100.0%)   0.0014 (100.0%)   0.0015 (100.0%)  Total

===-------------------------------------------------------------------------===
                              Register Allocation
===-------------------------------------------------------------------------===
  Total Execution Time: 0.0000 seconds (0.0000 wall clock)

   ---User Time---   --System Time--   --User+System--   ---Wall Time---  --- Name ---
   0.0000 (100.0%)   0.0000 (100.0%)   0.0000 (100.0%)   0.0000 (100.0%)  Seed Live Regs
   0.0000 (100.0%)   0.0000 (100.0%)   0.0000 (100.0%)   0.0000 (100.0%)  Total

===-------------------------------------------------------------------------===
                        Analysis execution timing report
===-------------------------------------------------------------------------===
  Total Execution Time: 0.0016 seconds (0.0016 wall clock)

   ---User Time---   --System Time--   --User+System--   ---Wall Time---  --- Name ---
   0.0000 (  1.1%)   0.0009 ( 80.3%)   0.0009 ( 58.4%)   0.0009 ( 58.1%)  TargetIRAnalysis
   0.0001 ( 27.6%)   0.0001 (  6.4%)   0.0002 ( 12.3%)   0.0002 ( 13.2%)  VerifierAnalysis
   0.0000 (  8.9%)   0.0000 (  2.4%)   0.0001 (  4.2%)   0.0001 (  4.1%)  AAManager
   0.0001 ( 11.4%)   0.0000 (  1.0%)   0.0001 (  3.9%)   0.0001 (  4.0%)  UniformityInfoAnalysis
   0.0000 (  9.8%)   0.0000 (  1.2%)   0.0001 (  3.6%)   0.0001 (  3.8%)  MemorySSAAnalysis
   0.0000 (  6.9%)   0.0000 (  0.9%)   0.0000 (  2.5%)   0.0000 (  2.5%)  ScalarEvolutionAnalysis
   0.0000 (  3.6%)   0.0000 (  1.2%)   0.0000 (  1.9%)   0.0000 (  1.7%)  DominatorTreeAnalysis
   0.0000 (  3.1%)   0.0000 (  0.8%)   0.0000 (  1.4%)   0.0000 (  1.4%)  LazyCallGraphAnalysis
   0.0000 (  2.7%)   0.0000 (  0.9%)   0.0000 (  1.4%)   0.0000 (  1.4%)  BasicAA
   0.0000 (  2.7%)   0.0000 (  0.6%)   0.0000 (  1.2%)   0.0000 (  1.1%)  FunctionAnalysisManagerCGSCCProxy
   0.0000 (  1.1%)   0.0000 (  0.9%)   0.0000 (  0.9%)   0.0000 (  0.8%)  TargetLibraryAnalysis
   0.0000 (  1.1%)   0.0000 (  0.8%)   0.0000 (  0.9%)   0.0000 (  0.8%)  AssumptionAnalysis
   0.0000 (  2.9%)   0.0000 (  0.0%)   0.0000 (  0.8%)   0.0000 (  0.8%)  GlobalsAA
   0.0000 (  2.7%)   0.0000 (  0.1%)   0.0000 (  0.8%)   0.0000 (  0.7%)  CycleAnalysis
   0.0000 (  1.8%)   0.0000 (  0.2%)   0.0000 (  0.6%)   0.0000 (  0.6%)  PostDominatorTreeAnalysis
   0.0000 (  1.3%)   0.0000 (  0.1%)   0.0000 (  0.4%)   0.0000 (  0.5%)  LastRunTrackingAnalysis
   0.0000 (  1.8%)   0.0000 (  0.1%)   0.0000 (  0.6%)   0.0000 (  0.5%)  LoopAnalysis
   0.0000 (  1.8%)   0.0000 (  0.3%)   0.0000 (  0.7%)   0.0000 (  0.5%)  OuterAnalysisManagerProxy<ModuleAnalysisManager, LazyCallGraph::SCC, LazyCallGraph &>
   0.0000 (  1.6%)   0.0000 (  0.0%)   0.0000 (  0.4%)   0.0000 (  0.4%)  CallGraphAnalysis
   0.0000 (  0.7%)   0.0000 (  0.3%)   0.0000 (  0.4%)   0.0000 (  0.4%)  OptimizationRemarkEmitterAnalysis
   0.0000 (  1.1%)   0.0000 (  0.0%)   0.0000 (  0.3%)   0.0000 (  0.4%)  DemandedBitsAnalysis
   0.0000 (  0.4%)   0.0000 (  0.2%)   0.0000 (  0.2%)   0.0000 (  0.3%)  InnerAnalysisManagerProxy<CGSCCAnalysisManager, Module>
   0.0000 (  0.7%)   0.0000 (  0.3%)   0.0000 (  0.4%)   0.0000 (  0.3%)  OuterAnalysisManagerProxy<ModuleAnalysisManager, Function>
   0.0000 (  0.4%)   0.0000 (  0.3%)   0.0000 (  0.3%)   0.0000 (  0.3%)  ScopedNoAliasAA
   0.0000 (  0.7%)   0.0000 (  0.1%)   0.0000 (  0.2%)   0.0000 (  0.3%)  TypeBasedAA
   0.0000 (  0.4%)   0.0000 (  0.3%)   0.0000 (  0.4%)   0.0000 (  0.3%)  AMDGPUAA
   0.0000 (  0.7%)   0.0000 (  0.1%)   0.0000 (  0.2%)   0.0000 (  0.2%)  LoopAccessAnalysis
   0.0000 (  0.2%)   0.0000 (  0.3%)   0.0000 (  0.3%)   0.0000 (  0.2%)  InnerAnalysisManagerProxy<FunctionAnalysisManager, Module>
   0.0000 (  0.7%)   0.0000 (  0.0%)   0.0000 (  0.2%)   0.0000 (  0.2%)  MemoryDependenceAnalysis
   0.0000 (  0.0%)   0.0000 (  0.1%)   0.0000 (  0.1%)   0.0000 (  0.1%)  ProfileSummaryAnalysis
   0.0000 (  0.2%)   0.0000 (  0.0%)   0.0000 (  0.1%)   0.0000 (  0.0%)  InlineAdvisorAnalysis
   0.0004 (100.0%)   0.0012 (100.0%)   0.0016 (100.0%)   0.0016 (100.0%)  Total

/root/polybenchGpu/HIP/JACOBI1D/jacobi1D.hip.cpp:117:2: warning: ignoring return value of type 'hipError_t' declared with 'nodiscard' attribute [-Wunused-value]
  117 |         hipMalloc(&Agpu, N * sizeof(DATA_TYPE));
      |         ^~~~~~~~~~~~~~~~~~~~~~~~~~~~~~~~~~~~~~~
/root/polybenchGpu/HIP/JACOBI1D/jacobi1D.hip.cpp:118:2: warning: ignoring return value of type 'hipError_t' declared with 'nodiscard' attribute [-Wunused-value]
  118 |         hipMalloc(&Bgpu, N * sizeof(DATA_TYPE));
      |         ^~~~~~~~~~~~~~~~~~~~~~~~~~~~~~~~~~~~~~~
/root/polybenchGpu/HIP/JACOBI1D/jacobi1D.hip.cpp:120:2: warning: ignoring return value of type 'hipError_t' declared with 'nodiscard' attribute [-Wunused-value]
  120 |         hipMemcpy(Agpu, A, N * sizeof(DATA_TYPE), hipMemcpyHostToDevice);
      |         ^~~~~~~~~~~~~~~~~~~~~~~~~~~~~~~~~~~~~~~~~~~~~~~~~~~~~~~~~~~~~~~~
/root/polybenchGpu/HIP/JACOBI1D/jacobi1D.hip.cpp:121:2: warning: ignoring return value of type 'hipError_t' declared with 'nodiscard' attribute [-Wunused-value]
  121 |         hipMemcpy(Bgpu, B, N * sizeof(DATA_TYPE), hipMemcpyHostToDevice);
      |         ^~~~~~~~~~~~~~~~~~~~~~~~~~~~~~~~~~~~~~~~~~~~~~~~~~~~~~~~~~~~~~~~
/root/polybenchGpu/HIP/JACOBI1D/jacobi1D.hip.cpp:133:3: warning: ignoring return value of type 'hipError_t' declared with 'nodiscard' attribute [-Wunused-value]
  133 |                 hipDeviceSynchronize();
      |                 ^~~~~~~~~~~~~~~~~~~~~~
/root/polybenchGpu/HIP/JACOBI1D/jacobi1D.hip.cpp:135:3: warning: ignoring return value of type 'hipError_t' declared with 'nodiscard' attribute [-Wunused-value]
  135 |                 hipDeviceSynchronize();
      |                 ^~~~~~~~~~~~~~~~~~~~~~
/root/polybenchGpu/HIP/JACOBI1D/jacobi1D.hip.cpp:143:2: warning: ignoring return value of type 'hipError_t' declared with 'nodiscard' attribute [-Wunused-value]
  143 |         hipMemcpy(A_outputFromGpu, Agpu, sizeof(DATA_TYPE) * N, hipMemcpyDeviceToHost);
      |         ^~~~~~~~~~~~~~~~~~~~~~~~~~~~~~~~~~~~~~~~~~~~~~~~~~~~~~~~~~~~~~~~~~~~~~~~~~~~~~
/root/polybenchGpu/HIP/JACOBI1D/jacobi1D.hip.cpp:144:2: warning: ignoring return value of type 'hipError_t' declared with 'nodiscard' attribute [-Wunused-value]
  144 |         hipMemcpy(B_outputFromGpu, Bgpu, sizeof(DATA_TYPE) * N, hipMemcpyDeviceToHost);
      |         ^~~~~~~~~~~~~~~~~~~~~~~~~~~~~~~~~~~~~~~~~~~~~~~~~~~~~~~~~~~~~~~~~~~~~~~~~~~~~~
/root/polybenchGpu/HIP/JACOBI1D/jacobi1D.hip.cpp:146:2: warning: ignoring return value of type 'hipError_t' declared with 'nodiscard' attribute [-Wunused-value]
  146 |         hipFree(Agpu);
      |         ^~~~~~~~~~~~~
/root/polybenchGpu/HIP/JACOBI1D/jacobi1D.hip.cpp:147:2: warning: ignoring return value of type 'hipError_t' declared with 'nodiscard' attribute [-Wunused-value]
  147 |         hipFree(Bgpu);
      |         ^~~~~~~~~~~~~
10 warnings generated when compiling for host.
===-------------------------------------------------------------------------===
                              Register Allocation
===-------------------------------------------------------------------------===
  Total Execution Time: 0.0003 seconds (0.0003 wall clock)

   ---User Time---   --System Time--   --User+System--   ---Wall Time---  --- Name ---
   0.0001 ( 34.3%)   0.0000 ( 21.1%)   0.0001 ( 33.5%)   0.0001 ( 34.3%)  Global Splitting
   0.0001 ( 26.3%)   0.0000 ( 47.4%)   0.0001 ( 27.5%)   0.0001 ( 27.7%)  Seed Live Regs
   0.0001 ( 21.9%)   0.0000 ( 21.1%)   0.0001 ( 21.9%)   0.0001 ( 21.8%)  Spiller
   0.0000 ( 11.1%)   0.0000 ( 10.5%)   0.0000 ( 11.1%)   0.0000 ( 10.3%)  Evict
   0.0000 (  6.3%)   0.0000 (  0.0%)   0.0000 (  6.0%)   0.0000 (  6.0%)  Local Splitting
   0.0003 (100.0%)   0.0000 (100.0%)   0.0003 (100.0%)   0.0003 (100.0%)  Total

===-------------------------------------------------------------------------===
                      Instruction Selection and Scheduling
===-------------------------------------------------------------------------===
  Total Execution Time: 0.0125 seconds (0.0125 wall clock)

   ---User Time---   --System Time--   --User+System--   ---Wall Time---  --- Name ---
   0.0019 ( 16.5%)   0.0002 ( 20.2%)   0.0021 ( 16.8%)   0.0021 ( 16.8%)  DAG Combining 1
   0.0018 ( 15.4%)   0.0002 ( 19.8%)   0.0020 ( 15.7%)   0.0020 ( 15.7%)  Instruction Selection
   0.0019 ( 16.3%)   0.0001 (  6.8%)   0.0019 ( 15.6%)   0.0019 ( 15.6%)  DAG Combining 2
   0.0010 (  8.7%)   0.0001 (  9.4%)   0.0011 (  8.8%)   0.0011 (  8.7%)  DAG Legalization
   0.0009 (  8.1%)   0.0001 ( 13.8%)   0.0011 (  8.5%)   0.0011 (  8.5%)  Instruction Scheduling
   0.0010 (  8.3%)   0.0001 (  9.1%)   0.0010 (  8.4%)   0.0010 (  8.4%)  Type Legalization
   0.0010 (  8.5%)   0.0001 (  6.4%)   0.0010 (  8.3%)   0.0010 (  8.3%)  DAG Combining after legalize types
   0.0009 (  7.7%)   0.0001 ( 10.7%)   0.0010 (  8.0%)   0.0010 (  7.9%)  Instruction Creation
   0.0008 (  7.1%)   0.0000 (  0.0%)   0.0008 (  6.6%)   0.0008 (  6.6%)  DAG Combining after legalize vectors
   0.0003 (  2.3%)   0.0000 (  2.3%)   0.0003 (  2.3%)   0.0003 (  2.4%)  Vector Legalization
   0.0001 (  0.7%)   0.0000 (  1.4%)   0.0001 (  0.8%)   0.0001 (  0.8%)  Instruction Scheduling Cleanup
   0.0000 (  0.2%)   0.0000 (  0.0%)   0.0000 (  0.2%)   0.0000 (  0.2%)  Type Legalization 2
   0.0116 (100.0%)   0.0009 (100.0%)   0.0125 (100.0%)   0.0125 (100.0%)  Total

===-------------------------------------------------------------------------===
                        Analysis execution timing report
===-------------------------------------------------------------------------===
  Total Execution Time: 0.0027 seconds (0.0027 wall clock)

   ---User Time---   --System Time--   --User+System--   ---Wall Time---  --- Name ---
   0.0005 ( 19.9%)   0.0000 (  0.0%)   0.0005 ( 19.2%)   0.0005 ( 19.2%)  TargetIRAnalysis
   0.0004 ( 16.2%)   0.0000 ( 11.2%)   0.0004 ( 16.1%)   0.0004 ( 15.8%)  MemorySSAAnalysis
   0.0004 ( 15.2%)   0.0000 (  0.0%)   0.0004 ( 14.7%)   0.0004 ( 14.7%)  VerifierAnalysis
   0.0002 (  6.8%)   0.0000 ( 10.1%)   0.0002 (  6.9%)   0.0002 (  7.0%)  AAManager
   0.0001 (  4.3%)   0.0000 ( 12.4%)   0.0001 (  4.6%)   0.0001 (  4.7%)  ScalarEvolutionAnalysis
   0.0001 (  4.7%)   0.0000 (  6.7%)   0.0001 (  4.8%)   0.0001 (  4.6%)  DominatorTreeAnalysis
   0.0001 (  3.7%)   0.0000 (  9.0%)   0.0001 (  3.9%)   0.0001 (  4.0%)  BlockFrequencyAnalysis
   0.0001 (  3.5%)   0.0000 (  7.9%)   0.0001 (  3.6%)   0.0001 (  3.7%)  LoopAnalysis
   0.0001 (  3.3%)   0.0000 (  6.7%)   0.0001 (  3.4%)   0.0001 (  3.4%)  BranchProbabilityAnalysis
   0.0001 (  3.1%)   0.0000 (  7.9%)   0.0001 (  3.2%)   0.0001 (  3.1%)  PostDominatorTreeAnalysis
   0.0001 (  2.0%)   0.0000 (  4.5%)   0.0001 (  2.0%)   0.0001 (  2.2%)  BasicAA
   0.0001 (  2.0%)   0.0000 (  3.4%)   0.0001 (  2.0%)   0.0001 (  1.9%)  CycleAnalysis
   0.0000 (  1.9%)   0.0000 (  0.0%)   0.0000 (  1.8%)   0.0000 (  1.8%)  CallGraphAnalysis
   0.0000 (  1.9%)   0.0000 (  2.2%)   0.0001 (  1.9%)   0.0000 (  1.7%)  LastRunTrackingAnalysis
   0.0000 (  0.9%)   0.0000 (  0.0%)   0.0000 (  0.9%)   0.0000 (  1.3%)  TargetLibraryAnalysis
   0.0000 (  1.3%)   0.0000 (  4.5%)   0.0000 (  1.4%)   0.0000 (  1.2%)  FunctionAnalysisManagerCGSCCProxy
   0.0000 (  1.2%)   0.0000 (  0.0%)   0.0000 (  1.2%)   0.0000 (  1.1%)  GlobalsAA
   0.0000 (  0.7%)   0.0000 (  1.1%)   0.0000 (  0.7%)   0.0000 (  1.0%)  DemandedBitsAnalysis
   0.0000 (  1.1%)   0.0000 (  2.2%)   0.0000 (  1.1%)   0.0000 (  0.9%)  LazyValueAnalysis
   0.0000 (  0.5%)   0.0000 (  0.0%)   0.0000 (  0.4%)   0.0000 (  0.7%)  EphemeralValuesAnalysis
   0.0000 (  0.6%)   0.0000 (  2.2%)   0.0000 (  0.7%)   0.0000 (  0.6%)  MemoryDependenceAnalysis
   0.0000 (  0.5%)   0.0000 (  3.4%)   0.0000 (  0.6%)   0.0000 (  0.6%)  UniformityInfoAnalysis
   0.0000 (  0.5%)   0.0000 (  0.0%)   0.0000 (  0.5%)   0.0000 (  0.5%)  LoopAccessAnalysis
   0.0000 (  0.5%)   0.0000 (  1.1%)   0.0000 (  0.5%)   0.0000 (  0.5%)  InnerAnalysisManagerProxy<LoopAnalysisManager, Function>
   0.0000 (  0.5%)   0.0000 (  0.0%)   0.0000 (  0.4%)   0.0000 (  0.4%)  LazyCallGraphAnalysis
   0.0000 (  0.5%)   0.0000 (  2.2%)   0.0000 (  0.6%)   0.0000 (  0.4%)  OuterAnalysisManagerProxy<ModuleAnalysisManager, LazyCallGraph::SCC, LazyCallGraph &>
   0.0000 (  0.3%)   0.0000 (  0.0%)   0.0000 (  0.3%)   0.0000 (  0.4%)  ShouldRunExtraVectorPasses
   0.0000 (  0.4%)   0.0000 (  0.0%)   0.0000 (  0.4%)   0.0000 (  0.4%)  OuterAnalysisManagerProxy<ModuleAnalysisManager, Function>
   0.0000 (  0.5%)   0.0000 (  0.0%)   0.0000 (  0.5%)   0.0000 (  0.4%)  OptimizationRemarkEmitterAnalysis
   0.0000 (  0.6%)   0.0000 (  0.0%)   0.0000 (  0.5%)   0.0000 (  0.4%)  AssumptionAnalysis
   0.0000 (  0.5%)   0.0000 (  0.0%)   0.0000 (  0.5%)   0.0000 (  0.4%)  TypeBasedAA
   0.0000 (  0.3%)   0.0000 (  1.1%)   0.0000 (  0.3%)   0.0000 (  0.4%)  ShouldNotRunFunctionPassesAnalysis
   0.0000 (  0.2%)   0.0000 (  0.0%)   0.0000 (  0.2%)   0.0000 (  0.3%)  ScopedNoAliasAA
   0.0000 (  0.0%)   0.0000 (  0.0%)   0.0000 (  0.0%)   0.0000 (  0.0%)  InnerAnalysisManagerProxy<CGSCCAnalysisManager, Module>
   0.0000 (  0.0%)   0.0000 (  0.0%)   0.0000 (  0.0%)   0.0000 (  0.0%)  InnerAnalysisManagerProxy<FunctionAnalysisManager, Module>
   0.0000 (  0.0%)   0.0000 (  0.0%)   0.0000 (  0.0%)   0.0000 (  0.0%)  InlineAdvisorAnalysis
   0.0000 (  0.0%)   0.0000 (  0.0%)   0.0000 (  0.0%)   0.0000 (  0.0%)  ProfileSummaryAnalysis
   0.0000 (  0.0%)   0.0000 (  0.0%)   0.0000 (  0.0%)   0.0000 (  0.0%)  ShouldRunExtraSimpleLoopUnswitch
   0.0026 (100.0%)   0.0001 (100.0%)   0.0027 (100.0%)   0.0027 (100.0%)  Total

===-------------------------------------------------------------------------===
                          Pass execution timing report
===-------------------------------------------------------------------------===
  Total Execution Time: 0.0847 seconds (0.0847 wall clock)

   ---User Time---   --System Time--   --User+System--   ---Wall Time---  --- Name ---
   0.0142 ( 18.3%)   0.0014 ( 19.6%)   0.0156 ( 18.4%)   0.0156 ( 18.4%)  X86 DAG->DAG Instruction Selection
   0.0075 (  9.7%)   0.0002 (  3.1%)   0.0077 (  9.1%)   0.0077 (  9.1%)  InstCombinePass
   0.0071 (  9.1%)   0.0000 (  0.0%)   0.0071 (  8.4%)   0.0071 (  8.4%)  LoopVectorizePass
   0.0060 (  7.7%)   0.0000 (  0.4%)   0.0060 (  7.1%)   0.0060 (  7.1%)  Loop Strength Reduction
   0.0033 (  4.2%)   0.0000 (  0.0%)   0.0033 (  3.9%)   0.0033 (  3.9%)  LoopUnrollPass
   0.0028 (  3.6%)   0.0000 (  0.0%)   0.0028 (  3.3%)   0.0028 (  3.3%)  SLPVectorizerPass
   0.0017 (  2.3%)   0.0002 (  3.5%)   0.0020 (  2.4%)   0.0020 (  2.3%)  Machine Instruction Scheduler
   0.0017 (  2.2%)   0.0001 (  1.3%)   0.0018 (  2.2%)   0.0018 (  2.2%)  SimplifyCFGPass
   0.0013 (  1.7%)   0.0001 (  1.7%)   0.0014 (  1.7%)   0.0014 (  1.7%)  InlinerPass
   0.0012 (  1.5%)   0.0001 (  1.6%)   0.0013 (  1.5%)   0.0013 (  1.5%)  Greedy Register Allocator #2
   0.0010 (  1.3%)   0.0002 (  2.6%)   0.0012 (  1.4%)   0.0012 (  1.4%)  IndVarSimplifyPass
   0.0010 (  1.3%)   0.0000 (  0.0%)   0.0010 (  1.2%)   0.0010 (  1.2%)  LoopLoadEliminationPass
   0.0009 (  1.2%)   0.0000 (  0.6%)   0.0009 (  1.1%)   0.0009 (  1.1%)  Two-Address instruction pass
   0.0009 (  1.1%)   0.0000 (  0.7%)   0.0009 (  1.1%)   0.0009 (  1.1%)  EarlyCSEPass
   0.0006 (  0.8%)   0.0003 (  3.6%)   0.0009 (  1.0%)   0.0009 (  1.0%)  Live Variable Analysis
   0.0007 (  0.9%)   0.0001 (  1.8%)   0.0008 (  1.0%)   0.0008 (  1.0%)  Register Coalescer
   0.0007 (  0.9%)   0.0002 (  2.5%)   0.0009 (  1.0%)   0.0008 (  1.0%)  Machine Module Information
   0.0008 (  1.0%)   0.0000 (  0.7%)   0.0008 (  1.0%)   0.0008 (  1.0%)  GVNPass
   0.0008 (  1.0%)   0.0000 (  0.1%)   0.0008 (  0.9%)   0.0008 (  0.9%)  Canonicalize Freeze Instructions in Loops
   0.0008 (  1.0%)   0.0000 (  0.1%)   0.0008 (  0.9%)   0.0008 (  0.9%)  SROAPass
   0.0006 (  0.8%)   0.0001 (  1.7%)   0.0007 (  0.9%)   0.0007 (  0.9%)  X86 Assembly Printer
   0.0007 (  0.9%)   0.0000 (  0.0%)   0.0007 (  0.8%)   0.0007 (  0.8%)  Induction Variable Users
   0.0006 (  0.8%)   0.0001 (  1.5%)   0.0007 (  0.8%)   0.0007 (  0.8%)  LICMPass
   0.0005 (  0.6%)   0.0002 (  3.2%)   0.0007 (  0.8%)   0.0007 (  0.8%)  CodeGen Prepare
   0.0005 (  0.7%)   0.0001 (  1.8%)   0.0007 (  0.8%)   0.0007 (  0.8%)  Machine Common Subexpression Elimination
   0.0005 (  0.6%)   0.0001 (  1.9%)   0.0006 (  0.7%)   0.0007 (  0.8%)  Dominator Tree Construction #3
   0.0005 (  0.6%)   0.0001 (  1.9%)   0.0006 (  0.7%)   0.0006 (  0.7%)  Basic Alias Analysis (stateless AA impl) #3
   0.0005 (  0.6%)   0.0001 (  1.9%)   0.0006 (  0.7%)   0.0006 (  0.7%)  Function Alias Analysis Results #2
   0.0005 (  0.6%)   0.0001 (  1.1%)   0.0006 (  0.7%)   0.0006 (  0.7%)  CorrelatedValuePropagationPass
   0.0004 (  0.5%)   0.0002 (  2.1%)   0.0006 (  0.7%)   0.0006 (  0.7%)  Live Interval Analysis
   0.0005 (  0.6%)   0.0001 (  1.1%)   0.0006 (  0.7%)   0.0005 (  0.6%)  Unnamed pass: implement Pass::getPassName()
   0.0005 (  0.6%)   0.0001 (  0.9%)   0.0005 (  0.6%)   0.0005 (  0.6%)  PostOrderFunctionAttrsPass
   0.0004 (  0.6%)   0.0000 (  0.4%)   0.0005 (  0.5%)   0.0005 (  0.5%)  Reaching Definitions Analysis
   0.0005 (  0.6%)   0.0000 (  0.0%)   0.0005 (  0.5%)   0.0005 (  0.5%)  LoopDeletionPass
   0.0004 (  0.5%)   0.0000 (  0.3%)   0.0004 (  0.5%)   0.0004 (  0.5%)  SCCPPass
   0.0004 (  0.5%)   0.0000 (  0.0%)   0.0004 (  0.5%)   0.0004 (  0.5%)  VerifierPass
   0.0004 (  0.5%)   0.0000 (  0.1%)   0.0004 (  0.5%)   0.0004 (  0.5%)  DSEPass
   0.0004 (  0.5%)   0.0000 (  0.6%)   0.0004 (  0.5%)   0.0004 (  0.5%)  LoopIdiomRecognizePass
   0.0003 (  0.3%)   0.0001 (  2.0%)   0.0004 (  0.5%)   0.0004 (  0.5%)  Unnamed pass: implement Pass::getPassName() #2
   0.0004 (  0.5%)   0.0000 (  0.3%)   0.0004 (  0.4%)   0.0004 (  0.4%)  JumpThreadingPass
   0.0003 (  0.4%)   0.0000 (  0.0%)   0.0003 (  0.4%)   0.0003 (  0.4%)  IPSCCPPass
   0.0002 (  0.2%)   0.0002 (  2.7%)   0.0003 (  0.4%)   0.0003 (  0.4%)  LoopRotatePass
   0.0003 (  0.3%)   0.0000 (  0.7%)   0.0003 (  0.4%)   0.0003 (  0.4%)  ConstraintEliminationPass
   0.0003 (  0.4%)   0.0000 (  0.6%)   0.0003 (  0.4%)   0.0003 (  0.4%)  Machine code sinking
   0.0003 (  0.4%)   0.0000 (  0.4%)   0.0003 (  0.4%)   0.0003 (  0.4%)  Machine Copy Propagation Pass
   0.0003 (  0.4%)   0.0000 (  0.3%)   0.0003 (  0.4%)   0.0003 (  0.4%)  Early Machine Loop Invariant Code Motion
   0.0002 (  0.3%)   0.0001 (  0.9%)   0.0003 (  0.3%)   0.0003 (  0.4%)  Machine Register Class Info Analysis
   0.0002 (  0.3%)   0.0001 (  1.1%)   0.0003 (  0.3%)   0.0003 (  0.3%)  Peephole Optimizations
   0.0000 (  0.0%)   0.0003 (  3.7%)   0.0003 (  0.3%)   0.0003 (  0.3%)  SimpleLoopUnswitchPass
   0.0003 (  0.3%)   0.0000 (  0.3%)   0.0003 (  0.3%)   0.0003 (  0.3%)  LoopSimplifyPass
   0.0002 (  0.3%)   0.0000 (  0.4%)   0.0003 (  0.3%)   0.0003 (  0.3%)  Virtual Register Rewriter
   0.0002 (  0.3%)   0.0000 (  0.5%)   0.0002 (  0.3%)   0.0002 (  0.3%)  Prologue/Epilogue Insertion & Frame Finalization
   0.0002 (  0.3%)   0.0000 (  0.5%)   0.0003 (  0.3%)   0.0002 (  0.3%)  Branch Probability Basic Block Placement
   0.0002 (  0.3%)   0.0000 (  0.0%)   0.0002 (  0.3%)   0.0002 (  0.3%)  InferAlignmentPass
   0.0002 (  0.2%)   0.0000 (  0.3%)   0.0002 (  0.3%)   0.0002 (  0.3%)  Control Flow Optimizer
   0.0002 (  0.2%)   0.0000 (  0.4%)   0.0002 (  0.3%)   0.0002 (  0.3%)  ReassociatePass
   0.0002 (  0.3%)   0.0000 (  0.0%)   0.0002 (  0.3%)   0.0002 (  0.3%)  GlobalOptPass
   0.0002 (  0.3%)   0.0000 (  0.0%)   0.0002 (  0.2%)   0.0002 (  0.2%)  InstSimplifyPass
   0.0002 (  0.2%)   0.0000 (  0.1%)   0.0002 (  0.2%)   0.0002 (  0.2%)  LCSSAPass
   0.0001 (  0.2%)   0.0001 (  0.8%)   0.0002 (  0.2%)   0.0002 (  0.2%)  Live Range Shrink
   0.0002 (  0.2%)   0.0000 (  0.2%)   0.0002 (  0.2%)   0.0002 (  0.2%)  Merge disjoint stack slots
   0.0002 (  0.2%)   0.0000 (  0.2%)   0.0002 (  0.2%)   0.0002 (  0.2%)  Machine Copy Propagation Pass #2
   0.0002 (  0.2%)   0.0000 (  0.1%)   0.0002 (  0.2%)   0.0002 (  0.2%)  TailCallElimPass
   0.0002 (  0.2%)   0.0000 (  0.1%)   0.0002 (  0.2%)   0.0002 (  0.2%)  MemCpyOptPass
   0.0002 (  0.2%)   0.0000 (  0.2%)   0.0002 (  0.2%)   0.0002 (  0.2%)  X86 Execution Dependency Fix
   0.0002 (  0.2%)   0.0000 (  0.2%)   0.0002 (  0.2%)   0.0002 (  0.2%)  ADCEPass
   0.0002 (  0.2%)   0.0000 (  0.2%)   0.0002 (  0.2%)   0.0002 (  0.2%)  BDCEPass
   0.0001 (  0.2%)   0.0000 (  0.4%)   0.0002 (  0.2%)   0.0002 (  0.2%)  Remove dead machine instructions
   0.0002 (  0.2%)   0.0000 (  0.0%)   0.0002 (  0.2%)   0.0002 (  0.2%)  LoopFullUnrollPass
   0.0001 (  0.2%)   0.0000 (  0.3%)   0.0002 (  0.2%)   0.0002 (  0.2%)  Machine Late Instructions Cleanup Pass
   0.0001 (  0.2%)   0.0000 (  0.1%)   0.0002 (  0.2%)   0.0001 (  0.2%)  VectorCombinePass
   0.0001 (  0.2%)   0.0000 (  0.4%)   0.0001 (  0.2%)   0.0001 (  0.2%)  Machine Natural Loop Construction #3
   0.0001 (  0.2%)   0.0000 (  0.3%)   0.0002 (  0.2%)   0.0001 (  0.2%)  Slot index numbering #2
   0.0001 (  0.2%)   0.0000 (  0.1%)   0.0001 (  0.2%)   0.0001 (  0.2%)  X86 Byte/Word Instruction Fixup
   0.0001 (  0.2%)   0.0000 (  0.2%)   0.0001 (  0.2%)   0.0001 (  0.2%)  Eliminate PHI nodes for register allocation
   0.0001 (  0.2%)   0.0000 (  0.2%)   0.0001 (  0.2%)   0.0001 (  0.2%)  Constant Hoisting
   0.0001 (  0.1%)   0.0000 (  0.4%)   0.0001 (  0.2%)   0.0001 (  0.2%)  Greedy Register Allocator
   0.0001 (  0.2%)   0.0000 (  0.1%)   0.0001 (  0.2%)   0.0001 (  0.2%)  Scalar Evolution Analysis
   0.0001 (  0.1%)   0.0000 (  0.4%)   0.0001 (  0.2%)   0.0001 (  0.2%)  MachineDominator Tree Construction #5
   0.0001 (  0.1%)   0.0000 (  0.2%)   0.0001 (  0.1%)   0.0001 (  0.2%)  Dominator Tree Construction #2
   0.0001 (  0.1%)   0.0000 (  0.2%)   0.0001 (  0.1%)   0.0001 (  0.1%)  Shrink Wrapping analysis
   0.0001 (  0.1%)   0.0000 (  0.1%)   0.0001 (  0.1%)   0.0001 (  0.1%)  Natural Loop Information
   0.0001 (  0.1%)   0.0001 (  0.8%)   0.0001 (  0.1%)   0.0001 (  0.1%)  LoopInstSimplifyPass
   0.0001 (  0.1%)   0.0000 (  0.5%)   0.0001 (  0.1%)   0.0001 (  0.1%)  Remove dead machine instructions #2
   0.0001 (  0.1%)   0.0000 (  0.2%)   0.0001 (  0.1%)   0.0001 (  0.1%)  Machine InstCombiner
   0.0001 (  0.1%)   0.0000 (  0.2%)   0.0001 (  0.1%)   0.0001 (  0.1%)  BreakFalseDeps
   0.0001 (  0.1%)   0.0000 (  0.2%)   0.0001 (  0.1%)   0.0001 (  0.1%)  Finalize ISel and expand pseudo-instructions
   0.0001 (  0.1%)   0.0000 (  0.2%)   0.0001 (  0.1%)   0.0001 (  0.1%)  Machine Block Frequency Analysis #3
   0.0001 (  0.1%)   0.0000 (  0.2%)   0.0001 (  0.1%)   0.0001 (  0.1%)  AggressiveInstCombinePass
   0.0001 (  0.1%)   0.0000 (  0.0%)   0.0001 (  0.1%)   0.0001 (  0.1%)  InferFunctionAttrsPass
   0.0000 (  0.0%)   0.0001 (  1.0%)   0.0001 (  0.1%)   0.0001 (  0.1%)  LoopSimplifyCFGPass
   0.0001 (  0.1%)   0.0000 (  0.1%)   0.0001 (  0.1%)   0.0001 (  0.1%)  X86 Fixup Vector Constants
   0.0001 (  0.1%)   0.0000 (  0.1%)   0.0001 (  0.1%)   0.0001 (  0.1%)  Block Frequency Analysis
   0.0001 (  0.1%)   0.0000 (  0.0%)   0.0001 (  0.1%)   0.0001 (  0.1%)  CalledValuePropagationPass
   0.0001 (  0.1%)   0.0000 (  0.3%)   0.0001 (  0.1%)   0.0001 (  0.1%)  Expand IR instructions
   0.0001 (  0.1%)   0.0000 (  0.2%)   0.0001 (  0.1%)   0.0001 (  0.1%)  Machine Block Frequency Analysis
   0.0001 (  0.1%)   0.0000 (  0.1%)   0.0001 (  0.1%)   0.0001 (  0.1%)  Branch Probability Analysis
   0.0001 (  0.1%)   0.0000 (  0.1%)   0.0001 (  0.1%)   0.0001 (  0.1%)  Canonicalize natural loops
   0.0001 (  0.1%)   0.0000 (  0.0%)   0.0001 (  0.1%)   0.0001 (  0.1%)  LoopDistributePass
   0.0001 (  0.1%)   0.0000 (  0.0%)   0.0001 (  0.1%)   0.0001 (  0.1%)  Float2IntPass
   0.0001 (  0.1%)   0.0000 (  0.1%)   0.0001 (  0.1%)   0.0001 (  0.1%)  Live DEBUG_VALUE analysis
   0.0001 (  0.1%)   0.0000 (  0.1%)   0.0001 (  0.1%)   0.0001 (  0.1%)  Machine Loop Invariant Code Motion
   0.0001 (  0.1%)   0.0000 (  0.1%)   0.0001 (  0.1%)   0.0001 (  0.1%)  Machine Block Frequency Analysis #4
   0.0001 (  0.1%)   0.0000 (  0.1%)   0.0001 (  0.1%)   0.0001 (  0.1%)  Slot index numbering
   0.0001 (  0.1%)   0.0000 (  0.1%)   0.0001 (  0.1%)   0.0001 (  0.1%)  Post-Dominator Tree Construction
   0.0001 (  0.1%)   0.0000 (  0.1%)   0.0001 (  0.1%)   0.0001 (  0.1%)  Machine Dominance Frontier Construction
   0.0000 (  0.1%)   0.0000 (  0.3%)   0.0001 (  0.1%)   0.0001 (  0.1%)  X86 LEA Optimize
   0.0001 (  0.1%)   0.0000 (  0.1%)   0.0001 (  0.1%)   0.0001 (  0.1%)  LibCallsShrinkWrapPass
   0.0000 (  0.1%)   0.0000 (  0.2%)   0.0001 (  0.1%)   0.0001 (  0.1%)  Free MachineFunction
   0.0001 (  0.1%)   0.0000 (  0.0%)   0.0001 (  0.1%)   0.0001 (  0.1%)  RequireAnalysisPass<llvm::GlobalsAA, llvm::Module, llvm::AnalysisManager<Module>>
   0.0000 (  0.0%)   0.0000 (  0.3%)   0.0001 (  0.1%)   0.0001 (  0.1%)  X86 Optimize Call Frame
   0.0001 (  0.1%)   0.0000 (  0.1%)   0.0001 (  0.1%)   0.0001 (  0.1%)  Check CFA info and insert CFI instructions if needed
   0.0001 (  0.1%)   0.0000 (  0.1%)   0.0001 (  0.1%)   0.0001 (  0.1%)  X86 LEA Fixup
   0.0001 (  0.1%)   0.0000 (  0.1%)   0.0001 (  0.1%)   0.0001 (  0.1%)  MachineDominator Tree Construction
   0.0000 (  0.1%)   0.0000 (  0.1%)   0.0001 (  0.1%)   0.0001 (  0.1%)  Post-RA pseudo instruction expansion pass
   0.0000 (  0.1%)   0.0000 (  0.2%)   0.0001 (  0.1%)   0.0001 (  0.1%)  MachineDominator Tree Construction #6
   0.0000 (  0.1%)   0.0000 (  0.1%)   0.0001 (  0.1%)   0.0001 (  0.1%)  MachinePostDominator Tree Construction #2
   0.0000 (  0.1%)   0.0000 (  0.2%)   0.0001 (  0.1%)   0.0001 (  0.1%)  Machine Block Frequency Analysis #2
   0.0001 (  0.1%)   0.0000 (  0.0%)   0.0001 (  0.1%)   0.0001 (  0.1%)  GlobalDCEPass
   0.0000 (  0.0%)   0.0000 (  0.2%)   0.0000 (  0.1%)   0.0001 (  0.1%)  MachinePostDominator Tree Construction
   0.0000 (  0.0%)   0.0000 (  0.1%)   0.0000 (  0.1%)   0.0001 (  0.1%)  Interleaved Access Pass
   0.0000 (  0.1%)   0.0000 (  0.1%)   0.0000 (  0.1%)   0.0001 (  0.1%)  Init Undef Pass
   0.0000 (  0.1%)   0.0000 (  0.1%)   0.0000 (  0.1%)   0.0000 (  0.1%)  Machine Block Frequency Analysis #5
   0.0000 (  0.1%)   0.0000 (  0.1%)   0.0001 (  0.1%)   0.0000 (  0.1%)  Cycle Info Analysis
   0.0000 (  0.1%)   0.0000 (  0.1%)   0.0000 (  0.1%)   0.0000 (  0.1%)  PostRA Machine Sink
   0.0000 (  0.0%)   0.0000 (  0.2%)   0.0000 (  0.1%)   0.0000 (  0.1%)  X86 Fixup SetCC
   0.0000 (  0.1%)   0.0000 (  0.0%)   0.0000 (  0.1%)   0.0000 (  0.1%)  RecomputeGlobalsAAPass
   0.0000 (  0.0%)   0.0000 (  0.2%)   0.0000 (  0.1%)   0.0000 (  0.1%)  Machine Natural Loop Construction #2
   0.0000 (  0.0%)   0.0000 (  0.3%)   0.0001 (  0.1%)   0.0000 (  0.1%)  Branch Probability Analysis #3
   0.0000 (  0.1%)   0.0000 (  0.1%)   0.0000 (  0.1%)   0.0000 (  0.1%)  Early Tail Duplication
   0.0000 (  0.1%)   0.0000 (  0.1%)   0.0000 (  0.1%)   0.0000 (  0.1%)  X86 cmov Conversion
   0.0000 (  0.0%)   0.0000 (  0.2%)   0.0000 (  0.1%)   0.0000 (  0.1%)  Block Frequency Analysis #2
   0.0000 (  0.0%)   0.0000 (  0.1%)   0.0000 (  0.1%)   0.0000 (  0.1%)  Machine Natural Loop Construction
   0.0000 (  0.0%)   0.0000 (  0.1%)   0.0000 (  0.1%)   0.0000 (  0.1%)  Machine Trace Metrics
   0.0000 (  0.1%)   0.0000 (  0.1%)   0.0000 (  0.1%)   0.0000 (  0.1%)  X86 pseudo instruction expansion pass
   0.0000 (  0.0%)   0.0000 (  0.1%)   0.0000 (  0.0%)   0.0000 (  0.1%)  Natural Loop Information #2
   0.0000 (  0.0%)   0.0000 (  0.1%)   0.0000 (  0.0%)   0.0000 (  0.1%)  Bundle Machine CFG Edges
   0.0000 (  0.1%)   0.0000 (  0.1%)   0.0000 (  0.1%)   0.0000 (  0.0%)  Live Register Matrix
   0.0000 (  0.0%)   0.0000 (  0.1%)   0.0000 (  0.0%)   0.0000 (  0.0%)  Virtual Register Map
   0.0000 (  0.0%)   0.0000 (  0.1%)   0.0000 (  0.0%)   0.0000 (  0.0%)  Remove unreachable machine basic blocks
   0.0000 (  0.0%)   0.0000 (  0.1%)   0.0000 (  0.0%)   0.0000 (  0.0%)  Debug Variable Analysis
   0.0000 (  0.0%)   0.0000 (  0.1%)   0.0000 (  0.0%)   0.0000 (  0.0%)  Live Stack Slot Analysis
   0.0000 (  0.0%)   0.0000 (  0.2%)   0.0000 (  0.0%)   0.0000 (  0.0%)  Branch Probability Analysis #2
   0.0000 (  0.0%)   0.0000 (  0.1%)   0.0000 (  0.0%)   0.0000 (  0.0%)  X86 Partial Reduction
   0.0000 (  0.0%)   0.0000 (  0.1%)   0.0000 (  0.0%)   0.0000 (  0.0%)  RequireAnalysisPass<llvm::ShouldNotRunFunctionPassesAnalysis, llvm::Function, llvm::AnalysisManager<Function>>
   0.0000 (  0.0%)   0.0000 (  0.1%)   0.0000 (  0.0%)   0.0000 (  0.0%)  Partially inline calls to library functions
   0.0000 (  0.0%)   0.0000 (  0.1%)   0.0000 (  0.0%)   0.0000 (  0.0%)  Stack Slot Coloring
   0.0000 (  0.0%)   0.0000 (  0.1%)   0.0000 (  0.0%)   0.0000 (  0.0%)  X86 Fixup Inst Tuning
   0.0000 (  0.0%)   0.0000 (  0.0%)   0.0000 (  0.0%)   0.0000 (  0.0%)  Remove unreachable blocks from the CFG
   0.0000 (  0.0%)   0.0000 (  0.0%)   0.0000 (  0.0%)   0.0000 (  0.0%)  Local Dynamic TLS Access Clean-up
   0.0000 (  0.0%)   0.0000 (  0.1%)   0.0000 (  0.0%)   0.0000 (  0.0%)  Machine Cycle Info Analysis
   0.0000 (  0.0%)   0.0000 (  0.0%)   0.0000 (  0.0%)   0.0000 (  0.0%)  Expand reduction intrinsics
   0.0000 (  0.0%)   0.0000 (  0.0%)   0.0000 (  0.0%)   0.0000 (  0.0%)  CGProfilePass
   0.0000 (  0.0%)   0.0000 (  0.1%)   0.0000 (  0.0%)   0.0000 (  0.0%)  Post-Dominator Tree Construction #3
   0.0000 (  0.0%)   0.0000 (  0.0%)   0.0000 (  0.0%)   0.0000 (  0.0%)  Spill Code Placement Analysis
   0.0000 (  0.0%)   0.0000 (  0.1%)   0.0000 (  0.0%)   0.0000 (  0.0%)  Machine Natural Loop Construction #4
   0.0000 (  0.0%)   0.0000 (  0.0%)   0.0000 (  0.0%)   0.0000 (  0.0%)  Dominator Tree Construction
   0.0000 (  0.0%)   0.0000 (  0.1%)   0.0000 (  0.0%)   0.0000 (  0.0%)  Tail Duplication
   0.0000 (  0.0%)   0.0000 (  0.1%)   0.0000 (  0.0%)   0.0000 (  0.0%)  MachineDominator Tree Construction #2
   0.0000 (  0.0%)   0.0000 (  0.1%)   0.0000 (  0.0%)   0.0000 (  0.0%)  Replace intrinsics with calls to vector library
   0.0000 (  0.0%)   0.0000 (  0.0%)   0.0000 (  0.0%)   0.0000 (  0.0%)  ReversePostOrderFunctionAttrsPass
   0.0000 (  0.0%)   0.0000 (  0.1%)   0.0000 (  0.0%)   0.0000 (  0.0%)  MachineDominator Tree Construction #7
   0.0000 (  0.0%)   0.0000 (  0.1%)   0.0000 (  0.0%)   0.0000 (  0.0%)  Expand Atomic instructions
   0.0000 (  0.0%)   0.0000 (  0.0%)   0.0000 (  0.0%)   0.0000 (  0.0%)  MachinePostDominator Tree Construction #3
   0.0000 (  0.0%)   0.0000 (  0.0%)   0.0000 (  0.0%)   0.0000 (  0.0%)  DFAJumpThreadingPass
   0.0000 (  0.0%)   0.0000 (  0.1%)   0.0000 (  0.0%)   0.0000 (  0.0%)  X86 Avoid Store Forwarding Blocks
   0.0000 (  0.0%)   0.0000 (  0.1%)   0.0000 (  0.0%)   0.0000 (  0.0%)  CoroAnnotationElidePass
   0.0000 (  0.0%)   0.0000 (  0.0%)   0.0000 (  0.0%)   0.0000 (  0.0%)  WarnMissedTransformationsPass
   0.0000 (  0.0%)   0.0000 (  0.1%)   0.0000 (  0.0%)   0.0000 (  0.0%)  Cycle Info Analysis #3
   0.0000 (  0.0%)   0.0000 (  0.1%)   0.0000 (  0.0%)   0.0000 (  0.0%)  Natural Loop Information #4
   0.0000 (  0.0%)   0.0000 (  0.1%)   0.0000 (  0.0%)   0.0000 (  0.0%)  Machine Optimization Remark Emitter
   0.0000 (  0.0%)   0.0000 (  0.0%)   0.0000 (  0.0%)   0.0000 (  0.0%)  CallSiteSplittingPass
   0.0000 (  0.0%)   0.0000 (  0.1%)   0.0000 (  0.0%)   0.0000 (  0.0%)  Exception handling preparation
   0.0000 (  0.0%)   0.0000 (  0.1%)   0.0000 (  0.0%)   0.0000 (  0.0%)  Bundle Machine CFG Edges #2
   0.0000 (  0.0%)   0.0000 (  0.1%)   0.0000 (  0.0%)   0.0000 (  0.0%)  MachineDominator Tree Construction #4
   0.0000 (  0.0%)   0.0000 (  0.1%)   0.0000 (  0.0%)   0.0000 (  0.0%)  Lower AMX type for load/store
   0.0000 (  0.0%)   0.0000 (  0.0%)   0.0000 (  0.0%)   0.0000 (  0.0%)  Scalarize Masked Memory Intrinsics
   0.0000 (  0.0%)   0.0000 (  0.1%)   0.0000 (  0.0%)   0.0000 (  0.0%)  Post-Dominator Tree Construction #2
   0.0000 (  0.0%)   0.0000 (  0.0%)   0.0000 (  0.0%)   0.0000 (  0.0%)  ArgumentPromotionPass
   0.0000 (  0.0%)   0.0000 (  0.0%)   0.0000 (  0.0%)   0.0000 (  0.0%)  Basic Alias Analysis (stateless AA impl)
   0.0000 (  0.0%)   0.0000 (  0.0%)   0.0000 (  0.0%)   0.0000 (  0.0%)  Detect Dead Lanes
   0.0000 (  0.0%)   0.0000 (  0.0%)   0.0000 (  0.0%)   0.0000 (  0.0%)  ExpandMemCmpPass
   0.0000 (  0.0%)   0.0000 (  0.0%)   0.0000 (  0.0%)   0.0000 (  0.0%)  LowerConstantIntrinsicsPass
   0.0000 (  0.0%)   0.0000 (  0.0%)   0.0000 (  0.0%)   0.0000 (  0.0%)  LowerExpectIntrinsicPass
   0.0000 (  0.0%)   0.0000 (  0.1%)   0.0000 (  0.0%)   0.0000 (  0.0%)  Optimize machine instruction PHIs
   0.0000 (  0.0%)   0.0000 (  0.0%)   0.0000 (  0.0%)   0.0000 (  0.0%)  AllocTokenPass
   0.0000 (  0.0%)   0.0000 (  0.0%)   0.0000 (  0.0%)   0.0000 (  0.0%)  Lazy Machine Block Frequency Analysis
   0.0000 (  0.0%)   0.0000 (  0.1%)   0.0000 (  0.0%)   0.0000 (  0.0%)  Process Implicit Definitions
   0.0000 (  0.0%)   0.0000 (  0.1%)   0.0000 (  0.0%)   0.0000 (  0.0%)  Lazy Machine Block Frequency Analysis #10
   0.0000 (  0.0%)   0.0000 (  0.1%)   0.0000 (  0.0%)   0.0000 (  0.0%)  Natural Loop Information #3
   0.0000 (  0.0%)   0.0000 (  0.1%)   0.0000 (  0.0%)   0.0000 (  0.0%)  JumpTableToSwitchPass
   0.0000 (  0.0%)   0.0000 (  0.0%)   0.0000 (  0.0%)   0.0000 (  0.0%)  Function Alias Analysis Results
   0.0000 (  0.0%)   0.0000 (  0.1%)   0.0000 (  0.0%)   0.0000 (  0.0%)  Insert stack protectors
   0.0000 (  0.0%)   0.0000 (  0.0%)   0.0000 (  0.0%)   0.0000 (  0.0%)  Shadow Stack GC Lowering
   0.0000 (  0.0%)   0.0000 (  0.1%)   0.0000 (  0.0%)   0.0000 (  0.0%)  Early If-Conversion
   0.0000 (  0.0%)   0.0000 (  0.0%)   0.0000 (  0.0%)   0.0000 (  0.0%)  DropUnnecessaryAssumesPass
   0.0000 (  0.0%)   0.0000 (  0.1%)   0.0000 (  0.0%)   0.0000 (  0.0%)  Lazy Branch Probability Analysis #2
   0.0000 (  0.0%)   0.0000 (  0.1%)   0.0000 (  0.0%)   0.0000 (  0.0%)  Cycle Info Analysis #2
   0.0000 (  0.0%)   0.0000 (  0.1%)   0.0000 (  0.0%)   0.0000 (  0.0%)  MachineDominator Tree Construction #3
   0.0000 (  0.0%)   0.0000 (  0.1%)   0.0000 (  0.0%)   0.0000 (  0.0%)  Insert XRay ops
   0.0000 (  0.0%)   0.0000 (  0.1%)   0.0000 (  0.0%)   0.0000 (  0.0%)  Assignment Tracking Analysis
   0.0000 (  0.0%)   0.0000 (  0.0%)   0.0000 (  0.0%)   0.0000 (  0.0%)  Basic Alias Analysis (stateless AA impl) #2
   0.0000 (  0.0%)   0.0000 (  0.0%)   0.0000 (  0.0%)   0.0000 (  0.0%)  MergeICmpsPass
   0.0000 (  0.0%)   0.0000 (  0.1%)   0.0000 (  0.0%)   0.0000 (  0.0%)  X86 EFLAGS copy lowering
   0.0000 (  0.0%)   0.0000 (  0.0%)   0.0000 (  0.0%)   0.0000 (  0.0%)  Lazy Machine Block Frequency Analysis #8
   0.0000 (  0.0%)   0.0000 (  0.0%)   0.0000 (  0.0%)   0.0000 (  0.0%)  X86 Domain Reassignment Pass
   0.0000 (  0.0%)   0.0000 (  0.0%)   0.0000 (  0.0%)   0.0000 (  0.0%)  DivRemPairsPass
   0.0000 (  0.0%)   0.0000 (  0.1%)   0.0000 (  0.0%)   0.0000 (  0.0%)  Post RA top-down list latency scheduler
   0.0000 (  0.0%)   0.0000 (  0.1%)   0.0000 (  0.0%)   0.0000 (  0.0%)  Machine Optimization Remark Emitter #2
   0.0000 (  0.0%)   0.0000 (  0.0%)   0.0000 (  0.0%)   0.0000 (  0.0%)  Lazy Machine Block Frequency Analysis #4
   0.0000 (  0.0%)   0.0000 (  0.1%)   0.0000 (  0.0%)   0.0000 (  0.0%)  Lazy Machine Block Frequency Analysis #2
   0.0000 (  0.0%)   0.0000 (  0.0%)   0.0000 (  0.0%)   0.0000 (  0.0%)  PromotePass
   0.0000 (  0.0%)   0.0000 (  0.0%)   0.0000 (  0.0%)   0.0000 (  0.0%)  Stack Frame Layout Analysis
   0.0000 (  0.0%)   0.0000 (  0.0%)   0.0000 (  0.0%)   0.0000 (  0.0%)  InjectTLIMappings
   0.0000 (  0.0%)   0.0000 (  0.0%)   0.0000 (  0.0%)   0.0000 (  0.0%)  ObjC ARC contraction
   0.0000 (  0.0%)   0.0000 (  0.0%)   0.0000 (  0.0%)   0.0000 (  0.0%)  Argument Stack Rebase
   0.0000 (  0.0%)   0.0000 (  0.0%)   0.0000 (  0.0%)   0.0000 (  0.0%)  Insert KCFI indirect call checks
   0.0000 (  0.0%)   0.0000 (  0.1%)   0.0000 (  0.0%)   0.0000 (  0.0%)  Fixup Statepoint Caller Saved
   0.0000 (  0.0%)   0.0000 (  0.0%)   0.0000 (  0.0%)   0.0000 (  0.0%)  Tile Register Pre-configure
   0.0000 (  0.0%)   0.0000 (  0.0%)   0.0000 (  0.0%)   0.0000 (  0.0%)  CoroSplitPass
   0.0000 (  0.0%)   0.0000 (  0.0%)   0.0000 (  0.0%)   0.0000 (  0.0%)  Unpack machine instruction bundles
   0.0000 (  0.0%)   0.0000 (  0.0%)   0.0000 (  0.0%)   0.0000 (  0.0%)  Instrument function entry/exit with calls to e.g. mcount() (post inlining)
   0.0000 (  0.0%)   0.0000 (  0.0%)   0.0000 (  0.0%)   0.0000 (  0.0%)  MoveAutoInitPass
   0.0000 (  0.0%)   0.0000 (  0.0%)   0.0000 (  0.0%)   0.0000 (  0.0%)  Lazy Block Frequency Analysis #2
   0.0000 (  0.0%)   0.0000 (  0.0%)   0.0000 (  0.0%)   0.0000 (  0.0%)  X86 FP Stackifier
   0.0000 (  0.0%)   0.0000 (  0.0%)   0.0000 (  0.0%)   0.0000 (  0.0%)  MergedLoadStoreMotionPass
   0.0000 (  0.0%)   0.0000 (  0.0%)   0.0000 (  0.0%)   0.0000 (  0.0%)  Lazy Branch Probability Analysis
   0.0000 (  0.0%)   0.0000 (  0.0%)   0.0000 (  0.0%)   0.0000 (  0.0%)  X86 speculative load hardening
   0.0000 (  0.0%)   0.0000 (  0.0%)   0.0000 (  0.0%)   0.0000 (  0.0%)  X86 vzeroupper inserter
   0.0000 (  0.0%)   0.0000 (  0.1%)   0.0000 (  0.0%)   0.0000 (  0.0%)  Prepare inline asm insts
   0.0000 (  0.0%)   0.0000 (  0.0%)   0.0000 (  0.0%)   0.0000 (  0.0%)  X86 Load Value Injection (LVI) Ret-Hardening
   0.0000 (  0.0%)   0.0000 (  0.0%)   0.0000 (  0.0%)   0.0000 (  0.0%)  Remove Loads Into Fake Uses
   0.0000 (  0.0%)   0.0000 (  0.1%)   0.0000 (  0.0%)   0.0000 (  0.0%)  Rename Disconnected Subregister Components
   0.0000 (  0.0%)   0.0000 (  0.0%)   0.0000 (  0.0%)   0.0000 (  0.0%)  Compressing EVEX instrs when possible
   0.0000 (  0.0%)   0.0000 (  0.1%)   0.0000 (  0.0%)   0.0000 (  0.0%)  Implement the 'patchable-function' attribute
   0.0000 (  0.0%)   0.0000 (  0.0%)   0.0000 (  0.0%)   0.0000 (  0.0%)  CoroElidePass
   0.0000 (  0.0%)   0.0000 (  0.0%)   0.0000 (  0.0%)   0.0000 (  0.0%)  InvalidateAnalysisPass<llvm::ShouldNotRunFunctionPassesAnalysis>
   0.0000 (  0.0%)   0.0000 (  0.0%)   0.0000 (  0.0%)   0.0000 (  0.0%)  X86 Lower Tile Copy
   0.0000 (  0.0%)   0.0000 (  0.1%)   0.0000 (  0.0%)   0.0000 (  0.0%)  Expand indirectbr instructions
   0.0000 (  0.0%)   0.0000 (  0.0%)   0.0000 (  0.0%)   0.0000 (  0.0%)  Tile Register Configure
   0.0000 (  0.0%)   0.0000 (  0.1%)   0.0000 (  0.0%)   0.0000 (  0.0%)  X86 Indirect Thunks
   0.0000 (  0.0%)   0.0000 (  0.1%)   0.0000 (  0.0%)   0.0000 (  0.0%)  X86 Atom pad short functions
   0.0000 (  0.0%)   0.0000 (  0.1%)   0.0000 (  0.0%)   0.0000 (  0.0%)  Insert fentry calls
   0.0000 (  0.0%)   0.0000 (  0.1%)   0.0000 (  0.0%)   0.0000 (  0.0%)  Analyze Machine Code For Garbage Collection
   0.0000 (  0.0%)   0.0000 (  0.0%)   0.0000 (  0.0%)   0.0000 (  0.0%)  SpeculativeExecutionPass
   0.0000 (  0.0%)   0.0000 (  0.0%)   0.0000 (  0.0%)   0.0000 (  0.0%)  Optimization Remark Emitter
   0.0000 (  0.0%)   0.0000 (  0.0%)   0.0000 (  0.0%)   0.0000 (  0.0%)  Contiguously Lay Out Funclets
   0.0000 (  0.0%)   0.0000 (  0.0%)   0.0000 (  0.0%)   0.0000 (  0.0%)  X86 Indirect Branch Tracking
   0.0000 (  0.0%)   0.0000 (  0.0%)   0.0000 (  0.0%)   0.0000 (  0.0%)  X86 DynAlloca Expander
   0.0000 (  0.0%)   0.0000 (  0.0%)   0.0000 (  0.0%)   0.0000 (  0.0%)  InvalidateAnalysisPass<llvm::AAManager>
   0.0000 (  0.0%)   0.0000 (  0.0%)   0.0000 (  0.0%)   0.0000 (  0.0%)  StackMap Liveness Analysis
   0.0000 (  0.0%)   0.0000 (  0.1%)   0.0000 (  0.0%)   0.0000 (  0.0%)  Safe Stack instrumentation pass
   0.0000 (  0.0%)   0.0000 (  0.1%)   0.0000 (  0.0%)   0.0000 (  0.0%)  X86 Load Value Injection (LVI) Load Hardening
   0.0000 (  0.0%)   0.0000 (  0.0%)   0.0000 (  0.0%)   0.0000 (  0.0%)  Local Stack Slot Allocation
   0.0000 (  0.0%)   0.0000 (  0.1%)   0.0000 (  0.0%)   0.0000 (  0.0%)  X86 Speculative Execution Side Effect Suppression
   0.0000 (  0.0%)   0.0000 (  0.0%)   0.0000 (  0.0%)   0.0000 (  0.0%)  Remove Redundant DEBUG_VALUE analysis
   0.0000 (  0.0%)   0.0000 (  0.0%)   0.0000 (  0.0%)   0.0000 (  0.0%)  X86 insert wait instruction
   0.0000 (  0.0%)   0.0000 (  0.0%)   0.0000 (  0.0%)   0.0000 (  0.0%)  Lazy Block Frequency Analysis
   0.0000 (  0.0%)   0.0000 (  0.0%)   0.0000 (  0.0%)   0.0000 (  0.0%)  X86 PIC Global Base Reg Initialization
   0.0000 (  0.0%)   0.0000 (  0.0%)   0.0000 (  0.0%)   0.0000 (  0.0%)  AlignmentFromAssumptionsPass
   0.0000 (  0.0%)   0.0000 (  0.1%)   0.0000 (  0.0%)   0.0000 (  0.0%)  Lazy Machine Block Frequency Analysis #3
   0.0000 (  0.0%)   0.0000 (  0.0%)   0.0000 (  0.0%)   0.0000 (  0.0%)  X86 Suppress APX features for relocation
   0.0000 (  0.0%)   0.0000 (  0.0%)   0.0000 (  0.0%)   0.0000 (  0.0%)  X86 Return Thunks
   0.0000 (  0.0%)   0.0000 (  0.0%)   0.0000 (  0.0%)   0.0000 (  0.0%)  Lazy Machine Block Frequency Analysis #6
   0.0000 (  0.0%)   0.0000 (  0.0%)   0.0000 (  0.0%)   0.0000 (  0.0%)  Pseudo Probe Inserter
   0.0000 (  0.0%)   0.0000 (  0.0%)   0.0000 (  0.0%)   0.0000 (  0.0%)  Machine Optimization Remark Emitter #4
   0.0000 (  0.0%)   0.0000 (  0.0%)   0.0000 (  0.0%)   0.0000 (  0.0%)  Lower AMX intrinsics
   0.0000 (  0.0%)   0.0000 (  0.0%)   0.0000 (  0.0%)   0.0000 (  0.0%)  Lazy Machine Block Frequency Analysis #5
   0.0000 (  0.0%)   0.0000 (  0.0%)   0.0000 (  0.0%)   0.0000 (  0.0%)  Lazy Machine Block Frequency Analysis #7
   0.0000 (  0.0%)   0.0000 (  0.1%)   0.0000 (  0.0%)   0.0000 (  0.0%)  Register Allocation Pass Scoring
   0.0000 (  0.0%)   0.0000 (  0.1%)   0.0000 (  0.0%)   0.0000 (  0.0%)  Machine Sanitizer Binary Metadata
   0.0000 (  0.0%)   0.0000 (  0.0%)   0.0000 (  0.0%)   0.0000 (  0.0%)  Lower Garbage Collection Instructions
   0.0000 (  0.0%)   0.0000 (  0.0%)   0.0000 (  0.0%)   0.0000 (  0.0%)  OpenMPOptCGSCCPass
   0.0000 (  0.0%)   0.0000 (  0.0%)   0.0000 (  0.0%)   0.0000 (  0.0%)  Lazy Machine Block Frequency Analysis #9
   0.0000 (  0.0%)   0.0000 (  0.0%)   0.0000 (  0.0%)   0.0000 (  0.0%)  Machine Optimization Remark Emitter #3
   0.0000 (  0.0%)   0.0000 (  0.0%)   0.0000 (  0.0%)   0.0000 (  0.0%)  ControlHeightReductionPass
   0.0000 (  0.0%)   0.0000 (  0.0%)   0.0000 (  0.0%)   0.0000 (  0.0%)  EntryExitInstrumenterPass
   0.0000 (  0.0%)   0.0000 (  0.0%)   0.0000 (  0.0%)   0.0000 (  0.0%)  AssignmentTrackingPass
   0.0000 (  0.0%)   0.0000 (  0.0%)   0.0000 (  0.0%)   0.0000 (  0.0%)  LoopSinkPass
   0.0000 (  0.0%)   0.0000 (  0.0%)   0.0000 (  0.0%)   0.0000 (  0.0%)  AlwaysInlinerPass
   0.0000 (  0.0%)   0.0000 (  0.0%)   0.0000 (  0.0%)   0.0000 (  0.0%)  DeadArgumentEliminationPass
   0.0000 (  0.0%)   0.0000 (  0.0%)   0.0000 (  0.0%)   0.0000 (  0.0%)  MemProfRemoveInfo
   0.0000 (  0.0%)   0.0000 (  0.0%)   0.0000 (  0.0%)   0.0000 (  0.0%)  AnnotationRemarksPass
   0.0000 (  0.0%)   0.0000 (  0.0%)   0.0000 (  0.0%)   0.0000 (  0.0%)  Create Garbage Collector Module Metadata
   0.0000 (  0.0%)   0.0000 (  0.0%)   0.0000 (  0.0%)   0.0000 (  0.0%)  CoroEarlyPass
   0.0000 (  0.0%)   0.0000 (  0.0%)   0.0000 (  0.0%)   0.0000 (  0.0%)  Target Library Information
   0.0000 (  0.0%)   0.0000 (  0.0%)   0.0000 (  0.0%)   0.0000 (  0.0%)  OpenMPOptPass
   0.0000 (  0.0%)   0.0000 (  0.0%)   0.0000 (  0.0%)   0.0000 (  0.0%)  ConstantMergePass
   0.0000 (  0.0%)   0.0000 (  0.0%)   0.0000 (  0.0%)   0.0000 (  0.0%)  Assumption Cache Tracker
   0.0000 (  0.0%)   0.0000 (  0.0%)   0.0000 (  0.0%)   0.0000 (  0.0%)  RelLookupTableConverterPass
   0.0000 (  0.0%)   0.0000 (  0.0%)   0.0000 (  0.0%)   0.0000 (  0.0%)  Pre-ISel Intrinsic Lowering
   0.0000 (  0.0%)   0.0000 (  0.0%)   0.0000 (  0.0%)   0.0000 (  0.0%)  CoroCleanupPass
   0.0000 (  0.0%)   0.0000 (  0.0%)   0.0000 (  0.0%)   0.0000 (  0.0%)  EliminateAvailableExternallyPass
   0.0000 (  0.0%)   0.0000 (  0.0%)   0.0000 (  0.0%)   0.0000 (  0.0%)  Annotation2MetadataPass
   0.0000 (  0.0%)   0.0000 (  0.0%)   0.0000 (  0.0%)   0.0000 (  0.0%)  ForceFunctionAttrsPass
   0.0000 (  0.0%)   0.0000 (  0.0%)   0.0000 (  0.0%)   0.0000 (  0.0%)  LowerCommentStringPass
   0.0000 (  0.0%)   0.0000 (  0.0%)   0.0000 (  0.0%)   0.0000 (  0.0%)  Library Function Lowering Analysis
   0.0000 (  0.0%)   0.0000 (  0.0%)   0.0000 (  0.0%)   0.0000 (  0.0%)  Target Pass Configuration
   0.0000 (  0.0%)   0.0000 (  0.0%)   0.0000 (  0.0%)   0.0000 (  0.0%)  Machine Branch Probability Analysis
   0.0000 (  0.0%)   0.0000 (  0.0%)   0.0000 (  0.0%)   0.0000 (  0.0%)  Default Regalloc Priority Advisor
   0.0000 (  0.0%)   0.0000 (  0.0%)   0.0000 (  0.0%)   0.0000 (  0.0%)  RequireAnalysisPass<llvm::ProfileSummaryAnalysis, llvm::Module, llvm::AnalysisManager<Module>>
   0.0000 (  0.0%)   0.0000 (  0.0%)   0.0000 (  0.0%)   0.0000 (  0.0%)  Target Transform Information
   0.0000 (  0.0%)   0.0000 (  0.0%)   0.0000 (  0.0%)   0.0000 (  0.0%)  Type-Based Alias Analysis
   0.0000 (  0.0%)   0.0000 (  0.0%)   0.0000 (  0.0%)   0.0000 (  0.0%)  Profile summary info
   0.0000 (  0.0%)   0.0000 (  0.0%)   0.0000 (  0.0%)   0.0000 (  0.0%)  Scoped NoAlias Alias Analysis
   0.0000 (  0.0%)   0.0000 (  0.0%)   0.0000 (  0.0%)   0.0000 (  0.0%)  Default Regalloc Eviction Advisor
   0.0777 (100.0%)   0.0070 (100.0%)   0.0847 (100.0%)   0.0847 (100.0%)  Total

===-------------------------------------------------------------------------===
                               Clang time report
===-------------------------------------------------------------------------===
  Total Execution Time: 0.6345 seconds (0.6342 wall clock)

   ---User Time---   --System Time--   --User+System--   ---Wall Time---  --- Name ---
   0.4942 ( 82.8%)   0.0285 ( 75.2%)   0.5227 ( 82.4%)   0.5223 ( 82.4%)  Front end
   0.0490 (  8.2%)   0.0070 ( 18.5%)   0.0560 (  8.8%)   0.0561 (  8.8%)  Machine code generation
   0.0389 (  6.5%)   0.0020 (  5.3%)   0.0409 (  6.4%)   0.0409 (  6.5%)  Optimizer
   0.0145 (  2.4%)   0.0004 (  1.1%)   0.0149 (  2.3%)   0.0149 (  2.3%)  LLVM IR generation
   0.5966 (100.0%)   0.0379 (100.0%)   0.6345 (100.0%)   0.6342 (100.0%)  Total

