
	code for sm_86
		Function : _Z11gemm_kerneliiiffPfS_S___noalias
	.headerflags	@"EF_CUDA_TEXMODE_UNIFIED EF_CUDA_64BIT_ADDRESS EF_CUDA_SM86 EF_CUDA_VIRTUAL_SM(EF_CUDA_SM86)"
        /*0000*/                   MOV R1, c[0x0][0x28] ;                          /* 0x00000a0000017a02 */
                                                                                   /* 0x000fe40000000f00 */
        /*0010*/                   S2R R0, SR_CTAID.X ;                            /* 0x0000000000007919 */
                                                                                   /* 0x000e280000002500 */
        /*0020*/                   S2R R3, SR_TID.X ;                              /* 0x0000000000037919 */
                                                                                   /* 0x000e280000002100 */
        /*0030*/                   S2R R11, SR_CTAID.Y ;                           /* 0x00000000000b7919 */
                                                                                   /* 0x000e680000002600 */
        /*0040*/                   S2R R2, SR_TID.Y ;                              /* 0x0000000000027919 */
                                                                                   /* 0x000e620000002200 */
        /*0050*/                   IMAD R0, R0, c[0x0][0x0], R3 ;                  /* 0x0000000000007a24 */
                                                                                   /* 0x001fca00078e0203 */
        /*0060*/                   ISETP.GE.AND P0, PT, R0, c[0x0][0x164], PT ;    /* 0x0000590000007a0c */
                                                                                   /* 0x000fe20003f06270 */
        /*0070*/                   IMAD R11, R11, c[0x0][0x4], R2 ;                /* 0x000001000b0b7a24 */
                                                                                   /* 0x002fca00078e0202 */
        /*0080*/                   ISETP.GE.OR P0, PT, R11, c[0x0][0x160], P0 ;    /* 0x000058000b007a0c */
                                                                                   /* 0x000fda0000706670 */
        /*0090*/               @P0 EXIT ;                                          /* 0x000000000000094d */
                                                                                   /* 0x000fea0003800000 */
        /*00a0*/                   SHF.L.U32 R11, R11, 0x9, RZ ;                   /* 0x000000090b0b7819 */
                                                                                   /* 0x000fe200000006ff */
        /*00b0*/                   ULDC.64 UR6, c[0x0][0x118] ;                    /* 0x0000460000067ab9 */
                                                                                   /* 0x000fe20000000a00 */
        /*00c0*/                   MOV R10, 0x4 ;                                  /* 0x00000004000a7802 */
                                                                                   /* 0x000fe40000000f00 */
        /*00d0*/                   IADD3 R3, R0, R11, RZ ;                         /* 0x0000000b00037210 */
                                                                                   /* 0x000fca0007ffe0ff */
        /*00e0*/                   IMAD.WIDE R2, R3, R10, c[0x0][0x188] ;          /* 0x0000620003027625 */
                                                                                   /* 0x000fca00078e020a */
        /*00f0*/                   LDG.E R4, [R2.64] ;                             /* 0x0000000602047981 */
                                                                                   /* 0x000ea2000c1e1900 */
        /*0100*/                   MOV R5, c[0x0][0x168] ;                         /* 0x00005a0000057a02 */
                                                                                   /* 0x000fc80000000f00 */
        /*0110*/                   ISETP.GE.AND P0, PT, R5, 0x1, PT ;              /* 0x000000010500780c */
                                                                                   /* 0x000fe20003f06270 */
        /*0120*/                   FMUL R7, R4, c[0x0][0x170] ;                    /* 0x00005c0004077a20 */
                                                                                   /* 0x004fca0000400000 */
        /*0130*/                   STG.E [R2.64], R7 ;                             /* 0x0000000702007986 */
                                                                                   /* 0x0001ee000c101906 */
        /*0140*/              @!P0 EXIT ;                                          /* 0x000000000000894d */
                                                                                   /* 0x000fea0003800000 */
        /*0150*/                   ISETP.GE.U32.AND P0, PT, R5.reuse, 0x4, PT ;    /* 0x000000040500780c */
                                                                                   /* 0x040fe40003f06070 */
        /*0160*/                   LOP3.LUT R12, R5, 0x3, RZ, 0xc0, !PT ;          /* 0x00000003050c7812 */
                                                                                   /* 0x000fe400078ec0ff */
        /*0170*/                   MOV R14, RZ ;                                   /* 0x000000ff000e7202 */
                                                                                   /* 0x000fd20000000f00 */
        /*0180*/              @!P0 BRA 0xd00 ;                                     /* 0x00000b7000008947 */
                                                                                   /* 0x000fea0003800000 */
        /*0190*/                   LOP3.LUT R14, R5, 0x7ffffffc, RZ, 0xc0, !PT ;   /* 0x7ffffffc050e7812 */
                                                                                   /* 0x000fe200078ec0ff */
        /*01a0*/                   IMAD.WIDE.U32 R8, R11, R10, c[0x0][0x178] ;     /* 0x00005e000b087625 */
                                                                                   /* 0x000fe200078e000a */
        /*01b0*/                   UMOV UR4, URZ ;                                 /* 0x0000003f00047c82 */
                                                                                   /* 0x000fe20008000000 */
        /*01c0*/                   MOV R13, R0 ;                                   /* 0x00000000000d7202 */
                                                                                   /* 0x000fe40000000f00 */
        /*01d0*/                   ISETP.GT.U32.AND P1, PT, R14, RZ, PT ;          /* 0x000000ff0e00720c */
                                                                                   /* 0x000fe40003f24070 */
        /*01e0*/                   IADD3 R4, P0, R8, 0x8, RZ ;                     /* 0x0000000808047810 */
                                                                                   /* 0x000fc80007f1e0ff */
        /*01f0*/                   IADD3.X R5, RZ, R9, RZ, P0, !PT ;               /* 0x00000009ff057210 */
                                                                                   /* 0x000fe400007fe4ff */
        /*0200*/                   PLOP3.LUT P0, PT, PT, PT, PT, 0x80, 0x0 ;       /* 0x000000000000781c */
                                                                                   /* 0x000fca0003f0f070 */
        /*0210*/               @P1 BRA 0x380 ;                                     /* 0x0000016000001947 */
                                                                                   /* 0x000fea0003800000 */
        /*0220*/                   IMAD.WIDE R8, R13.reuse, R10, c[0x0][0x180] ;   /* 0x000060000d087625 */
                                                                                   /* 0x040fe200078e020a */
        /*0230*/                   LDG.E.CONSTANT R6, [R4.64+-0x8] ;               /* 0xfffff80604067981 */
                                                                                   /* 0x0002a8000c1e9900 */
        /*0240*/                   LDG.E.CONSTANT R15, [R8.64] ;                   /* 0x00000006080f7981 */
                                                                                   /* 0x000ee8000c1e9900 */
        /*0250*/                   LDG.E.CONSTANT R16, [R4.64+-0x4] ;              /* 0xfffffc0604107981 */
                                                                                   /* 0x000328000c1e9900 */
        /*0260*/                   LDG.E.CONSTANT R17, [R8.64+0x800] ;             /* 0x0008000608117981 */
                                                                                   /* 0x000f68000c1e9900 */
        /*0270*/                   LDG.E.CONSTANT R18, [R4.64] ;                   /* 0x0000000604127981 */
                                                                                   /* 0x000368000c1e9900 */
        /*0280*/                   LDG.E.CONSTANT R19, [R8.64+0x1000] ;            /* 0x0010000608137981 */
                                                                                   /* 0x000f68000c1e9900 */
        /*0290*/                   LDG.E.CONSTANT R20, [R4.64+0x4] ;               /* 0x0000040604147981 */
                                                                                   /* 0x000368000c1e9900 */
        /*02a0*/                   LDG.E.CONSTANT R21, [R8.64+0x1800] ;            /* 0x0018000608157981 */
                                                                                   /* 0x000f62000c1e9900 */
        /*02b0*/                   PLOP3.LUT P0, PT, PT, PT, PT, 0x8, 0x0 ;        /* 0x000000000000781c */
                                                                                   /* 0x000fe20003f0e170 */
        /*02c0*/                   UMOV UR4, 0x4 ;                                 /* 0x0000000400047882 */
                                                                                   /* 0x000fe20000000000 */
        /*02d0*/                   IADD3 R13, R13, 0x800, RZ ;                     /* 0x000008000d0d7810 */
                                                                                   /* 0x000fc40007ffe0ff */
        /*02e0*/                   IADD3 R4, P1, R4, 0x10, RZ ;                    /* 0x0000001004047810 */
                                                                                   /* 0x002fc80007f3e0ff */
        /*02f0*/                   IADD3.X R5, RZ, R5, RZ, P1, !PT ;               /* 0x00000005ff057210 */
                                                                                   /* 0x000fe20000ffe4ff */
        /*0300*/                   FMUL R6, R6, c[0x0][0x16c] ;                    /* 0x00005b0006067a20 */
                                                                                   /* 0x004fc80000400000 */
        /*0310*/                   FFMA R6, R6, R15, R7 ;                          /* 0x0000000f06067223 */
                                                                                   /* 0x008fe20000000007 */
        /*0320*/                   FMUL R7, R16, c[0x0][0x16c] ;                   /* 0x00005b0010077a20 */
                                                                                   /* 0x011fc80000400000 */
        /*0330*/                   FFMA R6, R7, R17, R6 ;                          /* 0x0000001107067223 */
                                                                                   /* 0x020fe20000000006 */
        /*0340*/                   FMUL R7, R18, c[0x0][0x16c] ;                   /* 0x00005b0012077a20 */
                                                                                   /* 0x000fc80000400000 */
        /*0350*/                   FFMA R7, R7, R19, R6 ;                          /* 0x0000001307077223 */
                                                                                   /* 0x000fe20000000006 */
        /*0360*/                   FMUL R20, R20, c[0x0][0x16c] ;                  /* 0x00005b0014147a20 */
                                                                                   /* 0x000fc80000400000 */
        /*0370*/                   FFMA R7, R20, R21, R7 ;                         /* 0x0000001514077223 */
                                                                                   /* 0x000fe20000000007 */
        /*0380*/                   IADD3 R6, R14, -UR4, RZ ;                       /* 0x800000040e067c10 */
                                                                                   /* 0x000fc8000fffe0ff */
        /*0390*/                   ISETP.GT.AND P1, PT, R6, 0xc, PT ;              /* 0x0000000c0600780c */
                                                                                   /* 0x000fda0003f24270 */
        /*03a0*/              @!P1 BRA 0x8a0 ;                                     /* 0x000004f000009947 */
                                                                                   /* 0x000fea0003800000 */
        /*03b0*/                   PLOP3.LUT P0, PT, PT, PT, PT, 0x8, 0x0 ;        /* 0x000000000000781c */
                                                                                   /* 0x000fe40003f0e170 */
        /*03c0*/                   IADD3 R32, R14, -0xc, RZ ;                      /* 0xfffffff40e207810 */
                                                                                   /* 0x000fe40007ffe0ff */
        /*03d0*/                   IMAD.WIDE R22, R13.reuse, R10, c[0x0][0x180] ;  /* 0x000060000d167625 */
                                                                                   /* 0x040fe200078e020a */
        /*03e0*/                   LDG.E.CONSTANT R6, [R4.64+-0x8] ;               /* 0xfffff80604067981 */
                                                                                   /* 0x000ea8000c1e9900 */
        /*03f0*/                   LDG.E.CONSTANT R27, [R22.64] ;                  /* 0x00000006161b7981 */
                                                                                   /* 0x0002e8000c1e9900 */
        /*0400*/                   LDG.E.CONSTANT R29, [R4.64+-0x4] ;              /* 0xfffffc06041d7981 */
                                                                                   /* 0x000f28000c1e9900 */
        /*0410*/                   LDG.E.CONSTANT R24, [R22.64+0x800] ;            /* 0x0008000616187981 */
                                                                                   /* 0x000368000c1e9900 */
        /*0420*/                   LDG.E.CONSTANT R25, [R4.64] ;                   /* 0x0000000604197981 */
                                                                                   /* 0x000f62000c1e9900 */
        /*0430*/                   IADD3 R9, R13, 0x800, RZ ;                      /* 0x000008000d097810 */
                                                                                   /* 0x000fc60007ffe0ff */
        /*0440*/                   LDG.E.CONSTANT R26, [R22.64+0x1000] ;           /* 0x00100006161a7981 */
                                                                                   /* 0x000368000c1e9900 */
        /*0450*/                   LDG.E.CONSTANT R28, [R4.64+0x4] ;               /* 0x00000406041c7981 */
                                                                                   /* 0x000f62000c1e9900 */
        /*0460*/                   IMAD.WIDE R8, R9, R10, c[0x0][0x180] ;          /* 0x0000600009087625 */
                                                                                   /* 0x000fc600078e020a */
        /*0470*/                   LDG.E.CONSTANT R31, [R22.64+0x1800] ;           /* 0x00180006161f7981 */
                                                                                   /* 0x000368000c1e9900 */
        /*0480*/                   LDG.E.CONSTANT R15, [R4.64+0x8] ;               /* 0x00000806040f7981 */
                                                                                   /* 0x000f68000c1e9900 */
        /*0490*/                   LDG.E.CONSTANT R16, [R8.64] ;                   /* 0x0000000608107981 */
                                                                                   /* 0x000168000c1e9900 */
        /*04a0*/                   LDG.E.CONSTANT R17, [R4.64+0xc] ;               /* 0x00000c0604117981 */
                                                                                   /* 0x000f68000c1e9900 */
        /*04b0*/                   LDG.E.CONSTANT R18, [R8.64+0x800] ;             /* 0x0008000608127981 */
                                                                                   /* 0x000162000c1e9900 */
        /*04c0*/                   IADD3 R33, R13, 0x1000, RZ ;                    /* 0x000010000d217810 */
                                                                                   /* 0x000fc60007ffe0ff */
        /*04d0*/                   LDG.E.CONSTANT R19, [R4.64+0x10] ;              /* 0x0000100604137981 */
                                                                                   /* 0x000f68000c1e9900 */
        /*04e0*/                   LDG.E.CONSTANT R20, [R8.64+0x1000] ;            /* 0x0010000608147981 */
                                                                                   /* 0x000168000c1e9900 */
        /*04f0*/                   LDG.E.CONSTANT R21, [R4.64+0x14] ;              /* 0x0000140604157981 */
                                                                                   /* 0x000f68000c1e9900 */
        /*0500*/                   LDG.E.CONSTANT R22, [R8.64+0x1800] ;            /* 0x0018000608167981 */
                                                                                   /* 0x002168000c1e9900 */
        /*0510*/                   LDG.E.CONSTANT R23, [R4.64+0x18] ;              /* 0x0000180604177981 */
                                                                                   /* 0x000f68000c1e9900 */
        /*0520*/                   LDG.E.CONSTANT R35, [R4.64+0x34] ;              /* 0x0000340604237981 */
                                                                                   /* 0x000f62000c1e9900 */
        /*0530*/                   FMUL R6, R6, c[0x0][0x16c] ;                    /* 0x00005b0006067a20 */
                                                                                   /* 0x004fc80000400000 */
        /*0540*/                   FFMA R27, R6, R27, R7 ;                         /* 0x0000001b061b7223 */
                                                                                   /* 0x008fe20000000007 */
        /*0550*/                   IMAD.WIDE R6, R33, R10, c[0x0][0x180] ;         /* 0x0000600021067625 */
                                                                                   /* 0x001fe200078e020a */
        /*0560*/                   FMUL R30, R29, c[0x0][0x16c] ;                  /* 0x00005b001d1e7a20 */
                                                                                   /* 0x010fe20000400000 */
        /*0570*/                   IADD3 R33, R13, 0x1800, RZ ;                    /* 0x000018000d217810 */
                                                                                   /* 0x000fe20007ffe0ff */
        /*0580*/                   LDG.E.CONSTANT R29, [R4.64+0x24] ;              /* 0x00002406041d7981 */
                                                                                   /* 0x0000a4000c1e9900 */
        /*0590*/                   FFMA R27, R30, R24, R27 ;                       /* 0x000000181e1b7223 */
                                                                                   /* 0x020fe4000000001b */
        /*05a0*/                   LDG.E.CONSTANT R24, [R4.64+0x1c] ;              /* 0x00001c0604187981 */
                                                                                   /* 0x0000e2000c1e9900 */
        /*05b0*/                   FMUL R30, R25, c[0x0][0x16c] ;                  /* 0x00005b00191e7a20 */
                                                                                   /* 0x000fc60000400000 */
        /*05c0*/                   LDG.E.CONSTANT R25, [R6.64] ;                   /* 0x0000000606197981 */
                                                                                   /* 0x000322000c1e9900 */
        /*05d0*/                   FFMA R34, R30, R26, R27 ;                       /* 0x0000001a1e227223 */
                                                                                   /* 0x000fc6000000001b */
        /*05e0*/                   LDG.E.CONSTANT R27, [R6.64+0x800] ;             /* 0x00080006061b7981 */
                                                                                   /* 0x000362000c1e9900 */
        /*05f0*/                   FMUL R9, R28, c[0x0][0x16c] ;                   /* 0x00005b001c097a20 */
                                                                                   /* 0x000fc60000400000 */
        /*0600*/                   LDG.E.CONSTANT R26, [R4.64+0x20] ;              /* 0x00002006041a7981 */
                                                                                   /* 0x0000a2000c1e9900 */
        /*0610*/                   FFMA R31, R9, R31, R34 ;                        /* 0x0000001f091f7223 */
                                                                                   /* 0x000fc60000000022 */
        /*0620*/                   LDG.E.CONSTANT R28, [R6.64+0x1000] ;            /* 0x00100006061c7981 */
                                                                                   /* 0x0002a2000c1e9900 */
        /*0630*/                   IMAD.WIDE R8, R33, R10, c[0x0][0x180] ;         /* 0x0000600021087625 */
                                                                                   /* 0x000fe200078e020a */
        /*0640*/                   FMUL R34, R15, c[0x0][0x16c] ;                  /* 0x00005b000f227a20 */
                                                                                   /* 0x000fe40000400000 */
        /*0650*/                   LDG.E.CONSTANT R30, [R6.64+0x1800] ;            /* 0x00180006061e7981 */
                                                                                   /* 0x0002a8000c1e9900 */
        /*0660*/                   LDG.E.CONSTANT R15, [R4.64+0x28] ;              /* 0x00002806040f7981 */
                                                                                   /* 0x0000a2000c1e9900 */
        /*0670*/                   FFMA R37, R34, R16, R31 ;                       /* 0x0000001022257223 */
                                                                                   /* 0x000fc6000000001f */
        /*0680*/                   LDG.E.CONSTANT R34, [R8.64] ;                   /* 0x0000000608227981 */
                                                                                   /* 0x0000a8000c1e9900 */
        /*0690*/                   LDG.E.CONSTANT R31, [R4.64+0x2c] ;              /* 0x00002c06041f7981 */
                                                                                   /* 0x0000a8000c1e9900 */
        /*06a0*/                   LDG.E.CONSTANT R33, [R8.64+0x800] ;             /* 0x0008000608217981 */
                                                                                   /* 0x0000a8000c1e9900 */
        /*06b0*/                   LDG.E.CONSTANT R16, [R4.64+0x30] ;              /* 0x0000300604107981 */
                                                                                   /* 0x0000a8000c1e9900 */
        /*06c0*/                   LDG.E.CONSTANT R6, [R8.64+0x1000] ;             /* 0x0010000608067981 */
                                                                                   /* 0x0022a8000c1e9900 */
        /*06d0*/                   LDG.E.CONSTANT R7, [R8.64+0x1800] ;             /* 0x0018000608077981 */
                                                                                   /* 0x0002a2000c1e9900 */
        /*06e0*/                   FMUL R36, R17, c[0x0][0x16c] ;                  /* 0x00005b0011247a20 */
                                                                                   /* 0x000fc80000400000 */
        /*06f0*/                   FFMA R37, R36, R18, R37 ;                       /* 0x0000001224257223 */
                                                                                   /* 0x000fe20000000025 */
        /*0700*/                   FMUL R18, R19, c[0x0][0x16c] ;                  /* 0x00005b0013127a20 */
                                                                                   /* 0x000fc80000400000 */
        /*0710*/                   FFMA R37, R18, R20, R37 ;                       /* 0x0000001412257223 */
                                                                                   /* 0x000fe20000000025 */
        /*0720*/                   FMUL R18, R21, c[0x0][0x16c] ;                  /* 0x00005b0015127a20 */
                                                                                   /* 0x000fe20000400000 */
        /*0730*/                   FMUL R23, R23, c[0x0][0x16c] ;                  /* 0x00005b0017177a20 */
                                                                                   /* 0x000fc60000400000 */
        /*0740*/                   FFMA R18, R18, R22, R37 ;                       /* 0x0000001612127223 */
                                                                                   /* 0x000fe20000000025 */
        /*0750*/                   UIADD3 UR4, UR4, 0x10, URZ ;                    /* 0x0000001004047890 */
                                                                                   /* 0x000fcc000fffe03f */
        /*0760*/                   ISETP.LE.AND P1, PT, R32, UR4, PT ;             /* 0x0000000420007c0c */
                                                                                   /* 0x000fe2000bf23270 */
        /*0770*/                   FMUL R35, R35, c[0x0][0x16c] ;                  /* 0x00005b0023237a20 */
                                                                                   /* 0x000fe20000400000 */
        /*0780*/                   IADD3 R4, P2, R4, 0x40, RZ ;                    /* 0x0000004004047810 */
                                                                                   /* 0x001fe40007f5e0ff */
        /*0790*/                   IADD3 R13, R13, 0x2000, RZ ;                    /* 0x000020000d0d7810 */
                                                                                   /* 0x000fe40007ffe0ff */
        /*07a0*/                   IADD3.X R5, RZ, R5, RZ, P2, !PT ;               /* 0x00000005ff057210 */
                                                                                   /* 0x000fe200017fe4ff */
        /*07b0*/                   FMUL R17, R24, c[0x0][0x16c] ;                  /* 0x00005b0018117a20 */
                                                                                   /* 0x008fe20000400000 */
        /*07c0*/                   FFMA R18, R23, R25, R18 ;                       /* 0x0000001917127223 */
                                                                                   /* 0x010fc80000000012 */
        /*07d0*/                   FFMA R17, R17, R27, R18 ;                       /* 0x0000001b11117223 */
                                                                                   /* 0x020fe20000000012 */
        /*07e0*/                   FMUL R26, R26, c[0x0][0x16c] ;                  /* 0x00005b001a1a7a20 */
                                                                                   /* 0x004fe20000400000 */
        /*07f0*/                   FMUL R8, R29, c[0x0][0x16c] ;                   /* 0x00005b001d087a20 */
                                                                                   /* 0x002fc60000400000 */
        /*0800*/                   FFMA R17, R26, R28, R17 ;                       /* 0x0000001c1a117223 */
                                                                                   /* 0x000fc80000000011 */
        /*0810*/                   FFMA R17, R8, R30, R17 ;                        /* 0x0000001e08117223 */
                                                                                   /* 0x000fe20000000011 */
        /*0820*/                   FMUL R8, R15, c[0x0][0x16c] ;                   /* 0x00005b000f087a20 */
                                                                                   /* 0x000fc80000400000 */
        /*0830*/                   FFMA R8, R8, R34, R17 ;                         /* 0x0000002208087223 */
                                                                                   /* 0x000fe20000000011 */
        /*0840*/                   FMUL R31, R31, c[0x0][0x16c] ;                  /* 0x00005b001f1f7a20 */
                                                                                   /* 0x000fc80000400000 */
        /*0850*/                   FFMA R31, R31, R33, R8 ;                        /* 0x000000211f1f7223 */
                                                                                   /* 0x000fe20000000008 */
        /*0860*/                   FMUL R16, R16, c[0x0][0x16c] ;                  /* 0x00005b0010107a20 */
                                                                                   /* 0x000fc80000400000 */
        /*0870*/                   FFMA R6, R16, R6, R31 ;                         /* 0x0000000610067223 */
                                                                                   /* 0x000fc8000000001f */
        /*0880*/                   FFMA R7, R35, R7, R6 ;                          /* 0x0000000723077223 */
                                                                                   /* 0x000fe20000000006 */
        /*0890*/              @!P1 BRA 0x3d0 ;                                     /* 0xfffffb3000009947 */
                                                                                   /* 0x000fea000383ffff */
        /*08a0*/                   IADD3 R6, R14, -UR4, RZ ;                       /* 0x800000040e067c10 */
                                                                                   /* 0x000fc8000fffe0ff */
        /*08b0*/                   ISETP.GT.AND P1, PT, R6, 0x4, PT ;              /* 0x000000040600780c */
                                                                                   /* 0x000fda0003f24270 */
        /*08c0*/              @!P1 BRA 0xb50 ;                                     /* 0x0000028000009947 */
                                                                                   /* 0x000fea0003800000 */
        /*08d0*/                   IMAD.WIDE R22, R13.reuse, R10, c[0x0][0x180] ;  /* 0x000060000d167625 */
                                                                                   /* 0x040fe200078e020a */
        /*08e0*/                   LDG.E.CONSTANT R25, [R4.64+-0x8] ;              /* 0xfffff80604197981 */
                                                                                   /* 0x0002a8000c1e9900 */
        /*08f0*/                   LDG.E.CONSTANT R27, [R22.64] ;                  /* 0x00000006161b7981 */
                                                                                   /* 0x000ee8000c1e9900 */
        /*0900*/                   LDG.E.CONSTANT R28, [R4.64+-0x4] ;              /* 0xfffffc06041c7981 */
                                                                                   /* 0x000322000c1e9900 */
        /*0910*/                   IADD3 R9, R13, 0x800, RZ ;                      /* 0x000008000d097810 */
                                                                                   /* 0x000fc60007ffe0ff */
        /*0920*/                   LDG.E.CONSTANT R29, [R22.64+0x800] ;            /* 0x00080006161d7981 */
                                                                                   /* 0x000f68000c1e9900 */
        /*0930*/                   LDG.E.CONSTANT R30, [R4.64] ;                   /* 0x00000006041e7981 */
                                                                                   /* 0x000368000c1e9900 */
        /*0940*/                   LDG.E.CONSTANT R31, [R22.64+0x1000] ;           /* 0x00100006161f7981 */
                                                                                   /* 0x000f68000c1e9900 */
        /*0950*/                   LDG.E.CONSTANT R21, [R4.64+0x4] ;               /* 0x0000040604157981 */
                                                                                   /* 0x000362000c1e9900 */
        /*0960*/                   IMAD.WIDE R8, R9, R10, c[0x0][0x180] ;          /* 0x0000600009087625 */
                                                                                   /* 0x000fc600078e020a */
        /*0970*/                   LDG.E.CONSTANT R32, [R22.64+0x1800] ;           /* 0x0018000616207981 */
                                                                                   /* 0x000168000c1e9900 */
        /*0980*/                   LDG.E.CONSTANT R24, [R4.64+0x8] ;               /* 0x0000080604187981 */
                                                                                   /* 0x000368000c1e9900 */
        /*0990*/                   LDG.E.CONSTANT R20, [R8.64] ;                   /* 0x0000000608147981 */
                                                                                   /* 0x000f68000c1e9900 */
        /*09a0*/                   LDG.E.CONSTANT R19, [R4.64+0xc] ;               /* 0x00000c0604137981 */
                                                                                   /* 0x000368000c1e9900 */
        /*09b0*/                   LDG.E.CONSTANT R18, [R8.64+0x800] ;             /* 0x0008000608127981 */
                                                                                   /* 0x000168000c1e9900 */
        /*09c0*/                   LDG.E.CONSTANT R17, [R4.64+0x10] ;              /* 0x0000100604117981 */
                                                                                   /* 0x000368000c1e9900 */
        /*09d0*/                   LDG.E.CONSTANT R16, [R8.64+0x1000] ;            /* 0x0010000608107981 */
                                                                                   /* 0x000168000c1e9900 */
        /*09e0*/                   LDG.E.CONSTANT R6, [R4.64+0x14] ;               /* 0x0000140604067981 */
                                                                                   /* 0x000368000c1e9900 */
        /*09f0*/                   LDG.E.CONSTANT R15, [R8.64+0x1800] ;            /* 0x00180006080f7981 */
                                                                                   /* 0x000162000c1e9900 */
        /*0a00*/                   PLOP3.LUT P0, PT, PT, PT, PT, 0x8, 0x0 ;        /* 0x000000000000781c */
                                                                                   /* 0x000fe20003f0e170 */
        /*0a10*/                   UIADD3 UR4, UR4, 0x8, URZ ;                     /* 0x0000000804047890 */
                                                                                   /* 0x000fe2000fffe03f */
        /*0a20*/                   IADD3 R13, R13, 0x1000, RZ ;                    /* 0x000010000d0d7810 */
                                                                                   /* 0x000fc40007ffe0ff */
        /*0a30*/                   IADD3 R4, P1, R4, 0x20, RZ ;                    /* 0x0000002004047810 */
                                                                                   /* 0x002fc80007f3e0ff */
        /*0a40*/                   IADD3.X R5, RZ, R5, RZ, P1, !PT ;               /* 0x00000005ff057210 */
                                                                                   /* 0x000fe20000ffe4ff */
        /*0a50*/                   FMUL R26, R25, c[0x0][0x16c] ;                  /* 0x00005b00191a7a20 */
                                                                                   /* 0x004fc80000400000 */
        /*0a60*/                   FFMA R26, R26, R27, R7 ;                        /* 0x0000001b1a1a7223 */
                                                                                   /* 0x008fe20000000007 */
        /*0a70*/                   FMUL R7, R28, c[0x0][0x16c] ;                   /* 0x00005b001c077a20 */
                                                                                   /* 0x011fc80000400000 */
        /*0a80*/                   FFMA R7, R7, R29, R26 ;                         /* 0x0000001d07077223 */
                                                                                   /* 0x020fe2000000001a */
        /*0a90*/                   FMUL R30, R30, c[0x0][0x16c] ;                  /* 0x00005b001e1e7a20 */
                                                                                   /* 0x000fc80000400000 */
        /*0aa0*/                   FFMA R7, R30, R31, R7 ;                         /* 0x0000001f1e077223 */
                                                                                   /* 0x000fe20000000007 */
        /*0ab0*/                   FMUL R22, R21, c[0x0][0x16c] ;                  /* 0x00005b0015167a20 */
                                                                                   /* 0x000fc80000400000 */
        /*0ac0*/                   FFMA R22, R22, R32, R7 ;                        /* 0x0000002016167223 */
                                                                                   /* 0x000fe20000000007 */
        /*0ad0*/                   FMUL R7, R24, c[0x0][0x16c] ;                   /* 0x00005b0018077a20 */
                                                                                   /* 0x000fc80000400000 */
        /*0ae0*/                   FFMA R7, R7, R20, R22 ;                         /* 0x0000001407077223 */
                                                                                   /* 0x000fe20000000016 */
        /*0af0*/                   FMUL R8, R19, c[0x0][0x16c] ;                   /* 0x00005b0013087a20 */
                                                                                   /* 0x000fc80000400000 */
        /*0b00*/                   FFMA R7, R8, R18, R7 ;                          /* 0x0000001208077223 */
                                                                                   /* 0x000fe20000000007 */
        /*0b10*/                   FMUL R8, R17, c[0x0][0x16c] ;                   /* 0x00005b0011087a20 */
                                                                                   /* 0x000fc80000400000 */
        /*0b20*/                   FFMA R8, R8, R16, R7 ;                          /* 0x0000001008087223 */
                                                                                   /* 0x000fe20000000007 */
        /*0b30*/                   FMUL R7, R6, c[0x0][0x16c] ;                    /* 0x00005b0006077a20 */
                                                                                   /* 0x000fc80000400000 */
        /*0b40*/                   FFMA R7, R7, R15, R8 ;                          /* 0x0000000f07077223 */
                                                                                   /* 0x000fe20000000008 */
        /*0b50*/                   ISETP.NE.U32.OR P0, PT, R14, UR4, P0 ;          /* 0x000000040e007c0c */
                                                                                   /* 0x000fe40008705470 */
        /*0b60*/                   ISETP.NE.U32.AND P1, PT, R12, RZ, PT ;          /* 0x000000ff0c00720c */
                                                                                   /* 0x000fd60003f25070 */
        /*0b70*/              @!P0 BRA 0xcf0 ;                                     /* 0x0000017000008947 */
                                                                                   /* 0x000fea0003800000 */
        /*0b80*/                   IMAD.WIDE R8, R13.reuse, R10, c[0x0][0x180] ;   /* 0x000060000d087625 */
                                                                                   /* 0x040fe200078e020a */
        /*0b90*/                   LDG.E.CONSTANT R6, [R4.64+-0x8] ;               /* 0xfffff80604067981 */
                                                                                   /* 0x0002a8000c1e9900 */
        /*0ba0*/                   LDG.E.CONSTANT R15, [R8.64] ;                   /* 0x00000006080f7981 */
                                                                                   /* 0x000ee8000c1e9900 */
        /*0bb0*/                   LDG.E.CONSTANT R16, [R4.64+-0x4] ;              /* 0xfffffc0604107981 */
                                                                                   /* 0x000328000c1e9900 */
        /*0bc0*/                   LDG.E.CONSTANT R17, [R8.64+0x800] ;             /* 0x0008000608117981 */
                                                                                   /* 0x000f68000c1e9900 */
        /*0bd0*/                   LDG.E.CONSTANT R18, [R4.64] ;                   /* 0x0000000604127981 */
                                                                                   /* 0x000368000c1e9900 */
        /*0be0*/                   LDG.E.CONSTANT R19, [R8.64+0x1000] ;            /* 0x0010000608137981 */
                                                                                   /* 0x000f68000c1e9900 */
        /*0bf0*/                   LDG.E.CONSTANT R20, [R4.64+0x4] ;               /* 0x0000040604147981 */
                                                                                   /* 0x000368000c1e9900 */
        /*0c00*/                   LDG.E.CONSTANT R21, [R8.64+0x1800] ;            /* 0x0018000608157981 */
                                                                                   /* 0x000f62000c1e9900 */
        /*0c10*/                   UIADD3 UR4, UR4, 0x4, URZ ;                     /* 0x0000000404047890 */
                                                                                   /* 0x000fe2000fffe03f */
        /*0c20*/                   IADD3 R13, R13, 0x800, RZ ;                     /* 0x000008000d0d7810 */
                                                                                   /* 0x000fc40007ffe0ff */
        /*0c30*/                   IADD3 R4, P2, R4, 0x10, RZ ;                    /* 0x0000001004047810 */
                                                                                   /* 0x002fc60007f5e0ff */
        /*0c40*/                   ISETP.NE.U32.AND P0, PT, R14, UR4, PT ;         /* 0x000000040e007c0c */
                                                                                   /* 0x000fe4000bf05070 */
        /*0c50*/                   IADD3.X R5, RZ, R5, RZ, P2, !PT ;               /* 0x00000005ff057210 */
                                                                                   /* 0x000fe200017fe4ff */
        /*0c60*/                   FMUL R6, R6, c[0x0][0x16c] ;                    /* 0x00005b0006067a20 */
                                                                                   /* 0x004fc80000400000 */
        /*0c70*/                   FFMA R6, R6, R15, R7 ;                          /* 0x0000000f06067223 */
                                                                                   /* 0x008fe20000000007 */
        /*0c80*/                   FMUL R7, R16, c[0x0][0x16c] ;                   /* 0x00005b0010077a20 */
                                                                                   /* 0x011fc80000400000 */
        /*0c90*/                   FFMA R6, R7, R17, R6 ;                          /* 0x0000001107067223 */
                                                                                   /* 0x020fe20000000006 */
        /*0ca0*/                   FMUL R7, R18, c[0x0][0x16c] ;                   /* 0x00005b0012077a20 */
                                                                                   /* 0x000fc80000400000 */
        /*0cb0*/                   FFMA R7, R7, R19, R6 ;                          /* 0x0000001307077223 */
                                                                                   /* 0x000fe20000000006 */
        /*0cc0*/                   FMUL R20, R20, c[0x0][0x16c] ;                  /* 0x00005b0014147a20 */
                                                                                   /* 0x000fc80000400000 */
        /*0cd0*/                   FFMA R7, R20, R21, R7 ;                         /* 0x0000001514077223 */
                                                                                   /* 0x000fe20000000007 */
        /*0ce0*/               @P0 BRA 0xb80 ;                                     /* 0xfffffe9000000947 */
                                                                                   /* 0x000fea000383ffff */
        /*0cf0*/              @!P1 BRA 0xe10 ;                                     /* 0x0000011000009947 */
                                                                                   /* 0x000fea0003800000 */
        /*0d00*/                   IADD3 R9, P0, R11, R14, RZ ;                    /* 0x0000000e0b097210 */
                                                                                   /* 0x000fe40007f1e0ff */
        /*0d10*/                   LEA R11, R14, R0, 0x9 ;                         /* 0x000000000e0b7211 */
                                                                                   /* 0x000fe400078e48ff */
        /*0d20*/                   LEA R6, P1, R9, c[0x0][0x178], 0x2 ;            /* 0x00005e0009067a11 */
                                                                                   /* 0x000fe400078210ff */
        /*0d30*/                   IADD3.X R4, RZ, RZ, RZ, P0, !PT ;               /* 0x000000ffff047210 */
                                                                                   /* 0x000fc800007fe4ff */
        /*0d40*/                   LEA.HI.X R9, R9, c[0x0][0x17c], R4, 0x2, P1 ;   /* 0x00005f0009097a11 */
                                                                                   /* 0x000fe400008f1404 */
        /*0d50*/                   MOV R8, R6 ;                                    /* 0x0000000600087202 */
                                                                                   /* 0x000fe20000000f00 */
        /*0d60*/                   IMAD.WIDE R4, R11, R10, c[0x0][0x180] ;         /* 0x000060000b047625 */
                                                                                   /* 0x000fc800078e020a */
        /*0d70*/                   LDG.E.CONSTANT R0, [R8.64] ;                    /* 0x0000000608007981 */
                                                                                   /* 0x0002a8000c1e9900 */
        /*0d80*/                   LDG.E.CONSTANT R4, [R4.64] ;                    /* 0x0000000604047981 */
                                                                                   /* 0x000ee2000c1e9900 */
        /*0d90*/                   IADD3 R12, R12, -0x1, RZ ;                      /* 0xffffffff0c0c7810 */
                                                                                   /* 0x000fe40007ffe0ff */
        /*0da0*/                   IADD3 R6, P1, R6, 0x4, RZ ;                     /* 0x0000000406067810 */
                                                                                   /* 0x000fe40007f3e0ff */
        /*0db0*/                   ISETP.NE.U32.AND P0, PT, R12, RZ, PT ;          /* 0x000000ff0c00720c */
                                                                                   /* 0x000fe40003f05070 */
        /*0dc0*/                   IADD3 R11, R11, 0x200, RZ ;                     /* 0x000002000b0b7810 */
                                                                                   /* 0x000fc40007ffe0ff */
        /*0dd0*/                   IADD3.X R9, RZ, R9, RZ, P1, !PT ;               /* 0x00000009ff097210 */
                                                                                   /* 0x002fe20000ffe4ff */
        /*0de0*/                   FMUL R0, R0, c[0x0][0x16c] ;                    /* 0x00005b0000007a20 */
                                                                                   /* 0x004fc80000400000 */
        /*0df0*/                   FFMA R7, R0, R4, R7 ;                           /* 0x0000000400077223 */
                                                                                   /* 0x009fc80000000007 */
        /*0e00*/               @P0 BRA 0xd50 ;                                     /* 0xffffff4000000947 */
                                                                                   /* 0x000fea000383ffff */
        /*0e10*/                   STG.E [R2.64], R7 ;                             /* 0x0000000702007986 */
                                                                                   /* 0x000fe2000c101906 */
        /*0e20*/                   EXIT ;                                          /* 0x000000000000794d */
                                                                                   /* 0x000fea0003800000 */
        /*0e30*/                   BRA 0xe30;                                      /* 0xfffffff000007947 */
                                                                                   /* 0x000fc0000383ffff */
        /*0e40*/                   NOP;                                            /* 0x0000000000007918 */
                                                                                   /* 0x000fc00000000000 */
        /*0e50*/                   NOP;                                            /* 0x0000000000007918 */
                                                                                   /* 0x000fc00000000000 */
        /*0e60*/                   NOP;                                            /* 0x0000000000007918 */
                                                                                   /* 0x000fc00000000000 */
        /*0e70*/                   NOP;                                            /* 0x0000000000007918 */
                                                                                   /* 0x000fc00000000000 */
        /*0e80*/                   NOP;                                            /* 0x0000000000007918 */
                                                                                   /* 0x000fc00000000000 */
        /*0e90*/                   NOP;                                            /* 0x0000000000007918 */
                                                                                   /* 0x000fc00000000000 */
        /*0ea0*/                   NOP;                                            /* 0x0000000000007918 */
                                                                                   /* 0x000fc00000000000 */
        /*0eb0*/                   NOP;                                            /* 0x0000000000007918 */
                                                                                   /* 0x000fc00000000000 */
        /*0ec0*/                   NOP;                                            /* 0x0000000000007918 */
                                                                                   /* 0x000fc00000000000 */
        /*0ed0*/                   NOP;                                            /* 0x0000000000007918 */
                                                                                   /* 0x000fc00000000000 */
        /*0ee0*/                   NOP;                                            /* 0x0000000000007918 */
                                                                                   /* 0x000fc00000000000 */
        /*0ef0*/                   NOP;                                            /* 0x0000000000007918 */
                                                                                   /* 0x000fc00000000000 */
		..........


		Function : _Z11gemm_kerneliiiffPfS_S_
	.headerflags	@"EF_CUDA_TEXMODE_UNIFIED EF_CUDA_64BIT_ADDRESS EF_CUDA_SM86 EF_CUDA_VIRTUAL_SM(EF_CUDA_SM86)"
        /*0000*/                   MOV R1, c[0x0][0x28] ;                          /* 0x00000a0000017a02 */
                                                                                   /* 0x000fe40000000f00 */
        /*0010*/                   S2R R6, SR_CTAID.X ;                            /* 0x0000000000067919 */
                                                                                   /* 0x000e280000002500 */
        /*0020*/                   S2R R3, SR_TID.X ;                              /* 0x0000000000037919 */
                                                                                   /* 0x000e280000002100 */
        /*0030*/                   S2R R9, SR_CTAID.Y ;                            /* 0x0000000000097919 */
                                                                                   /* 0x000e680000002600 */
        /*0040*/                   S2R R0, SR_TID.Y ;                              /* 0x0000000000007919 */
                                                                                   /* 0x000e620000002200 */
        /*0050*/                   IMAD R6, R6, c[0x0][0x0], R3 ;                  /* 0x0000000006067a24 */
                                                                                   /* 0x001fca00078e0203 */
        /*0060*/                   ISETP.GE.AND P0, PT, R6, c[0x0][0x164], PT ;    /* 0x0000590006007a0c */
                                                                                   /* 0x000fe20003f06270 */
        /*0070*/                   IMAD R9, R9, c[0x0][0x4], R0 ;                  /* 0x0000010009097a24 */
                                                                                   /* 0x002fca00078e0200 */
        /*0080*/                   ISETP.GE.OR P0, PT, R9, c[0x0][0x160], P0 ;     /* 0x0000580009007a0c */
                                                                                   /* 0x000fda0000706670 */
        /*0090*/               @P0 EXIT ;                                          /* 0x000000000000094d */
                                                                                   /* 0x000fea0003800000 */
        /*00a0*/                   SHF.L.U32 R9, R9, 0x9, RZ ;                     /* 0x0000000909097819 */
                                                                                   /* 0x000fe200000006ff */
        /*00b0*/                   ULDC.64 UR6, c[0x0][0x118] ;                    /* 0x0000460000067ab9 */
                                                                                   /* 0x000fe20000000a00 */
        /*00c0*/                   MOV R0, 0x4 ;                                   /* 0x0000000400007802 */
                                                                                   /* 0x000fe40000000f00 */
        /*00d0*/                   IADD3 R3, R6, R9, RZ ;                          /* 0x0000000906037210 */
                                                                                   /* 0x000fca0007ffe0ff */
        /*00e0*/                   IMAD.WIDE R2, R3, R0, c[0x0][0x188] ;           /* 0x0000620003027625 */
                                                                                   /* 0x000fca00078e0200 */
        /*00f0*/                   LDG.E R4, [R2.64] ;                             /* 0x0000000602047981 */
                                                                                   /* 0x000ea2000c1e1900 */
        /*0100*/                   MOV R5, c[0x0][0x168] ;                         /* 0x00005a0000057a02 */
                                                                                   /* 0x000fc80000000f00 */
        /*0110*/                   ISETP.GE.AND P0, PT, R5, 0x1, PT ;              /* 0x000000010500780c */
                                                                                   /* 0x000fe20003f06270 */
        /*0120*/                   FMUL R17, R4, c[0x0][0x170] ;                   /* 0x00005c0004117a20 */
                                                                                   /* 0x004fca0000400000 */
        /*0130*/                   STG.E [R2.64], R17 ;                            /* 0x0000001102007986 */
                                                                                   /* 0x0001ee000c101906 */
        /*0140*/              @!P0 EXIT ;                                          /* 0x000000000000894d */
                                                                                   /* 0x000fea0003800000 */
        /*0150*/                   ISETP.GE.U32.AND P0, PT, R5.reuse, 0x4, PT ;    /* 0x000000040500780c */
                                                                                   /* 0x040fe40003f06070 */
        /*0160*/                   LOP3.LUT R7, R5, 0x3, RZ, 0xc0, !PT ;           /* 0x0000000305077812 */
                                                                                   /* 0x000fe400078ec0ff */
        /*0170*/                   MOV R8, RZ ;                                    /* 0x000000ff00087202 */
                                                                                   /* 0x000fd20000000f00 */
        /*0180*/              @!P0 BRA 0xf00 ;                                     /* 0x00000d7000008947 */
                                                                                   /* 0x000fea0003800000 */
        /*0190*/                   LOP3.LUT R8, R5, 0x7ffffffc, RZ, 0xc0, !PT ;    /* 0x7ffffffc05087812 */
                                                                                   /* 0x000fe200078ec0ff */
        /*01a0*/                   IMAD.WIDE.U32 R10, R9, R0, c[0x0][0x178] ;      /* 0x00005e00090a7625 */
                                                                                   /* 0x000fe200078e0000 */
        /*01b0*/                   UMOV UR4, URZ ;                                 /* 0x0000003f00047c82 */
                                                                                   /* 0x000fe20008000000 */
        /*01c0*/                   MOV R13, R6 ;                                   /* 0x00000006000d7202 */
                                                                                   /* 0x000fe40000000f00 */
        /*01d0*/                   ISETP.GT.U32.AND P1, PT, R8, RZ, PT ;           /* 0x000000ff0800720c */
                                                                                   /* 0x000fe40003f24070 */
        /*01e0*/                   IADD3 R4, P0, R10, 0x8, RZ ;                    /* 0x000000080a047810 */
                                                                                   /* 0x000fc80007f1e0ff */
        /*01f0*/                   IADD3.X R5, RZ, R11, RZ, P0, !PT ;              /* 0x0000000bff057210 */
                                                                                   /* 0x000fe400007fe4ff */
        /*0200*/                   PLOP3.LUT P0, PT, PT, PT, PT, 0x80, 0x0 ;       /* 0x000000000000781c */
                                                                                   /* 0x000fca0003f0f070 */
        /*0210*/               @P1 BRA 0x3c0 ;                                     /* 0x000001a000001947 */
                                                                                   /* 0x000fea0003800000 */
        /*0220*/                   IMAD.WIDE R10, R13, R0, c[0x0][0x180] ;         /* 0x000060000d0a7625 */
                                                                                   /* 0x000fe200078e0200 */
        /*0230*/                   LDG.E R12, [R4.64+-0x8] ;                       /* 0xfffff806040c7981 */
                                                                                   /* 0x000ea8000c1e1900 */
        /*0240*/                   LDG.E R14, [R10.64] ;                           /* 0x000000060a0e7981 */
                                                                                   /* 0x000ee2000c1e1900 */
        /*0250*/                   FMUL R12, R12, c[0x0][0x16c] ;                  /* 0x00005b000c0c7a20 */
                                                                                   /* 0x004fc80000400000 */
        /*0260*/                   FFMA R17, R12, R14, R17 ;                       /* 0x0000000e0c117223 */
                                                                                   /* 0x009fca0000000011 */
        /*0270*/                   STG.E [R2.64], R17 ;                            /* 0x0000001102007986 */
                                                                                   /* 0x0001e8000c101906 */
        /*0280*/                   LDG.E R12, [R4.64+-0x4] ;                       /* 0xfffffc06040c7981 */
                                                                                   /* 0x000ea8000c1e1900 */
        /*0290*/                   LDG.E R14, [R10.64+0x800] ;                     /* 0x000800060a0e7981 */
                                                                                   /* 0x000ee2000c1e1900 */
        /*02a0*/                   FMUL R12, R12, c[0x0][0x16c] ;                  /* 0x00005b000c0c7a20 */
                                                                                   /* 0x004fc80000400000 */
        /*02b0*/                   FFMA R15, R12, R14, R17 ;                       /* 0x0000000e0c0f7223 */
                                                                                   /* 0x008fca0000000011 */
        /*02c0*/                   STG.E [R2.64], R15 ;                            /* 0x0000000f02007986 */
                                                                                   /* 0x0003e8000c101906 */
        /*02d0*/                   LDG.E R12, [R4.64] ;                            /* 0x00000006040c7981 */
                                                                                   /* 0x000ea8000c1e1900 */
        /*02e0*/                   LDG.E R14, [R10.64+0x1000] ;                    /* 0x001000060a0e7981 */
                                                                                   /* 0x000ee2000c1e1900 */
        /*02f0*/                   FMUL R12, R12, c[0x0][0x16c] ;                  /* 0x00005b000c0c7a20 */
                                                                                   /* 0x004fc80000400000 */
        /*0300*/                   FFMA R19, R12, R14, R15 ;                       /* 0x0000000e0c137223 */
                                                                                   /* 0x008fca000000000f */
        /*0310*/                   STG.E [R2.64], R19 ;                            /* 0x0000001302007986 */
                                                                                   /* 0x0003e8000c101906 */
        /*0320*/                   LDG.E R12, [R4.64+0x4] ;                        /* 0x00000406040c7981 */
                                                                                   /* 0x0004e8000c1e1900 */
        /*0330*/                   LDG.E R17, [R10.64+0x1800] ;                    /* 0x001800060a117981 */
                                                                                   /* 0x001f22000c1e1900 */
        /*0340*/                   PLOP3.LUT P0, PT, PT, PT, PT, 0x8, 0x0 ;        /* 0x000000000000781c */
                                                                                   /* 0x000fe20003f0e170 */
        /*0350*/                   UMOV UR4, 0x4 ;                                 /* 0x0000000400047882 */
                                                                                   /* 0x000fe20000000000 */
        /*0360*/                   IADD3 R13, R13, 0x800, RZ ;                     /* 0x000008000d0d7810 */
                                                                                   /* 0x000fc40007ffe0ff */
        /*0370*/                   IADD3 R4, P1, R4, 0x10, RZ ;                    /* 0x0000001004047810 */
                                                                                   /* 0x004fc80007f3e0ff */
        /*0380*/                   IADD3.X R5, RZ, R5, RZ, P1, !PT ;               /* 0x00000005ff057210 */
                                                                                   /* 0x000fe20000ffe4ff */
        /*0390*/                   FMUL R12, R12, c[0x0][0x16c] ;                  /* 0x00005b000c0c7a20 */
                                                                                   /* 0x008fc80000400000 */
        /*03a0*/                   FFMA R17, R12, R17, R19 ;                       /* 0x000000110c117223 */
                                                                                   /* 0x010fca0000000013 */
        /*03b0*/                   STG.E [R2.64], R17 ;                            /* 0x0000001102007986 */
                                                                                   /* 0x0003e4000c101906 */
        /*03c0*/                   IADD3 R10, R8, -UR4, RZ ;                       /* 0x80000004080a7c10 */
                                                                                   /* 0x000fc8000fffe0ff */
        /*03d0*/                   ISETP.GT.AND P1, PT, R10, 0xc, PT ;             /* 0x0000000c0a00780c */
                                                                                   /* 0x000fda0003f24270 */
        /*03e0*/              @!P1 BRA 0x9e0 ;                                     /* 0x000005f000009947 */
                                                                                   /* 0x000fea0003800000 */
        /*03f0*/                   PLOP3.LUT P0, PT, PT, PT, PT, 0x8, 0x0 ;        /* 0x000000000000781c */
                                                                                   /* 0x000fe40003f0e170 */
        /*0400*/                   IADD3 R16, R8, -0xc, RZ ;                       /* 0xfffffff408107810 */
                                                                                   /* 0x000fe40007ffe0ff */
        /*0410*/                   IMAD.WIDE R10, R13, R0, c[0x0][0x180] ;         /* 0x000060000d0a7625 */
                                                                                   /* 0x002fe200078e0200 */
        /*0420*/                   LDG.E R12, [R4.64+-0x8] ;                       /* 0xfffff806040c7981 */
                                                                                   /* 0x000ea8000c1e1900 */
        /*0430*/                   LDG.E R14, [R10.64] ;                           /* 0x000000060a0e7981 */
                                                                                   /* 0x000ee2000c1e1900 */
        /*0440*/                   FMUL R12, R12, c[0x0][0x16c] ;                  /* 0x00005b000c0c7a20 */
                                                                                   /* 0x004fc80000400000 */
        /*0450*/                   FFMA R17, R12, R14, R17 ;                       /* 0x0000000e0c117223 */
                                                                                   /* 0x00bfca0000000011 */
        /*0460*/                   STG.E [R2.64], R17 ;                            /* 0x0000001102007986 */
                                                                                   /* 0x0001e8000c101906 */
        /*0470*/                   LDG.E R12, [R4.64+-0x4] ;                       /* 0xfffffc06040c7981 */
                                                                                   /* 0x000ea8000c1e1900 */
        /*0480*/                   LDG.E R14, [R10.64+0x800] ;                     /* 0x000800060a0e7981 */
                                                                                   /* 0x000ee2000c1e1900 */
        /*0490*/                   FMUL R12, R12, c[0x0][0x16c] ;                  /* 0x00005b000c0c7a20 */
                                                                                   /* 0x004fc80000400000 */
        /*04a0*/                   FFMA R15, R12, R14, R17 ;                       /* 0x0000000e0c0f7223 */
                                                                                   /* 0x008fca0000000011 */
        /*04b0*/                   STG.E [R2.64], R15 ;                            /* 0x0000000f02007986 */
                                                                                   /* 0x0003e8000c101906 */
        /*04c0*/                   LDG.E R12, [R4.64] ;                            /* 0x00000006040c7981 */
                                                                                   /* 0x000ea8000c1e1900 */
        /*04d0*/                   LDG.E R14, [R10.64+0x1000] ;                    /* 0x001000060a0e7981 */
                                                                                   /* 0x000ee2000c1e1900 */
        /*04e0*/                   FMUL R12, R12, c[0x0][0x16c] ;                  /* 0x00005b000c0c7a20 */
                                                                                   /* 0x004fc80000400000 */
        /*04f0*/                   FFMA R19, R12, R14, R15 ;                       /* 0x0000000e0c137223 */
                                                                                   /* 0x008fca000000000f */
        /*0500*/                   STG.E [R2.64], R19 ;                            /* 0x0000001302007986 */
                                                                                   /* 0x0005e8000c101906 */
        /*0510*/                   LDG.E R12, [R4.64+0x4] ;                        /* 0x00000406040c7981 */
                                                                                   /* 0x000ee8000c1e1900 */
        /*0520*/                   LDG.E R14, [R10.64+0x1800] ;                    /* 0x001800060a0e7981 */
                                                                                   /* 0x000e22000c1e1900 */
        /*0530*/                   IADD3 R21, R13, 0x800, RZ ;                     /* 0x000008000d157810 */
                                                                                   /* 0x000fe20007ffe0ff */
        /*0540*/                   FMUL R12, R12, c[0x0][0x16c] ;                  /* 0x00005b000c0c7a20 */
                                                                                   /* 0x008fc80000400000 */
        /*0550*/                   FFMA R17, R12, R14, R19 ;                       /* 0x0000000e0c117223 */
                                                                                   /* 0x001fe20000000013 */
        /*0560*/                   IMAD.WIDE R14, R21, R0, c[0x0][0x180] ;         /* 0x00006000150e7625 */
                                                                                   /* 0x002fc800078e0200 */
        /*0570*/                   STG.E [R2.64], R17 ;                            /* 0x0000001102007986 */
                                                                                   /* 0x0001e8000c101906 */
        /*0580*/                   LDG.E R12, [R4.64+0x8] ;                        /* 0x00000806040c7981 */
                                                                                   /* 0x000ee8000c1e1900 */
        /*0590*/                   LDG.E R18, [R14.64] ;                           /* 0x000000060e127981 */
                                                                                   /* 0x000ea2000c1e1900 */
        /*05a0*/                   FMUL R12, R12, c[0x0][0x16c] ;                  /* 0x00005b000c0c7a20 */
                                                                                   /* 0x008fc80000400000 */
        /*05b0*/                   FFMA R19, R12, R18, R17 ;                       /* 0x000000120c137223 */
                                                                                   /* 0x004fca0000000011 */
        /*05c0*/                   STG.E [R2.64], R19 ;                            /* 0x0000001302007986 */
                                                                                   /* 0x0003e8000c101906 */
        /*05d0*/                   LDG.E R10, [R4.64+0xc] ;                        /* 0x00000c06040a7981 */
                                                                                   /* 0x000ea8000c1e1900 */
        /*05e0*/                   LDG.E R11, [R14.64+0x800] ;                     /* 0x000800060e0b7981 */
                                                                                   /* 0x000ee2000c1e1900 */
        /*05f0*/                   FMUL R10, R10, c[0x0][0x16c] ;                  /* 0x00005b000a0a7a20 */
                                                                                   /* 0x004fc80000400000 */
        /*0600*/                   FFMA R11, R10, R11, R19 ;                       /* 0x0000000b0a0b7223 */
                                                                                   /* 0x008fca0000000013 */
        /*0610*/                   STG.E [R2.64], R11 ;                            /* 0x0000000b02007986 */
                                                                                   /* 0x0005e8000c101906 */
        /*0620*/                   LDG.E R10, [R4.64+0x10] ;                       /* 0x00001006040a7981 */
                                                                                   /* 0x000ee8000c1e1900 */
        /*0630*/                   LDG.E R12, [R14.64+0x1000] ;                    /* 0x001000060e0c7981 */
                                                                                   /* 0x000e22000c1e1900 */
        /*0640*/                   FMUL R10, R10, c[0x0][0x16c] ;                  /* 0x00005b000a0a7a20 */
                                                                                   /* 0x008fc80000400000 */
        /*0650*/                   FFMA R17, R10, R12, R11 ;                       /* 0x0000000c0a117223 */
                                                                                   /* 0x001fca000000000b */
        /*0660*/                   STG.E [R2.64], R17 ;                            /* 0x0000001102007986 */
                                                                                   /* 0x0001e8000c101906 */
        /*0670*/                   LDG.E R10, [R4.64+0x14] ;                       /* 0x00001406040a7981 */
                                                                                   /* 0x000ee8000c1e1900 */
        /*0680*/                   LDG.E R12, [R14.64+0x1800] ;                    /* 0x001800060e0c7981 */
                                                                                   /* 0x000e62000c1e1900 */
        /*0690*/                   IADD3 R21, R13, 0x1000, RZ ;                    /* 0x000010000d157810 */
                                                                                   /* 0x000fe20007ffe0ff */
        /*06a0*/                   FMUL R10, R10, c[0x0][0x16c] ;                  /* 0x00005b000a0a7a20 */
                                                                                   /* 0x008fc80000400000 */
        /*06b0*/                   FFMA R19, R10, R12, R17 ;                       /* 0x0000000c0a137223 */
                                                                                   /* 0x002fe20000000011 */
        /*06c0*/                   IMAD.WIDE R10, R21, R0, c[0x0][0x180] ;         /* 0x00006000150a7625 */
                                                                                   /* 0x004fc800078e0200 */
        /*06d0*/                   STG.E [R2.64], R19 ;                            /* 0x0000001302007986 */
                                                                                   /* 0x0003e8000c101906 */
        /*06e0*/                   LDG.E R12, [R4.64+0x18] ;                       /* 0x00001806040c7981 */
                                                                                   /* 0x000ea8000c1e1900 */
        /*06f0*/                   LDG.E R18, [R10.64] ;                           /* 0x000000060a127981 */
                                                                                   /* 0x000e22000c1e1900 */
        /*0700*/                   FMUL R12, R12, c[0x0][0x16c] ;                  /* 0x00005b000c0c7a20 */
                                                                                   /* 0x004fc80000400000 */
        /*0710*/                   FFMA R17, R12, R18, R19 ;                       /* 0x000000120c117223 */
                                                                                   /* 0x001fca0000000013 */
        /*0720*/                   STG.E [R2.64], R17 ;                            /* 0x0000001102007986 */
                                                                                   /* 0x0001e8000c101906 */
        /*0730*/                   LDG.E R12, [R4.64+0x1c] ;                       /* 0x00001c06040c7981 */
                                                                                   /* 0x000ea8000c1e1900 */
        /*0740*/                   LDG.E R14, [R10.64+0x800] ;                     /* 0x000800060a0e7981 */
                                                                                   /* 0x000ee2000c1e1900 */
        /*0750*/                   FMUL R12, R12, c[0x0][0x16c] ;                  /* 0x00005b000c0c7a20 */
                                                                                   /* 0x004fc80000400000 */
        /*0760*/                   FFMA R15, R12, R14, R17 ;                       /* 0x0000000e0c0f7223 */
                                                                                   /* 0x008fca0000000011 */
        /*0770*/                   STG.E [R2.64], R15 ;                            /* 0x0000000f02007986 */
                                                                                   /* 0x0005e8000c101906 */
        /*0780*/                   LDG.E R12, [R4.64+0x20] ;                       /* 0x00002006040c7981 */
                                                                                   /* 0x000ee8000c1e1900 */
        /*0790*/                   LDG.E R14, [R10.64+0x1000] ;                    /* 0x001000060a0e7981 */
                                                                                   /* 0x000e62000c1e1900 */
        /*07a0*/                   FMUL R12, R12, c[0x0][0x16c] ;                  /* 0x00005b000c0c7a20 */
                                                                                   /* 0x008fc80000400000 */
        /*07b0*/                   FFMA R19, R12, R14, R15 ;                       /* 0x0000000e0c137223 */
                                                                                   /* 0x002fca000000000f */
        /*07c0*/                   STG.E [R2.64], R19 ;                            /* 0x0000001302007986 */
                                                                                   /* 0x0003e8000c101906 */
        /*07d0*/                   LDG.E R12, [R4.64+0x24] ;                       /* 0x00002406040c7981 */
                                                                                   /* 0x000ee8000c1e1900 */
        /*07e0*/                   LDG.E R14, [R10.64+0x1800] ;                    /* 0x001800060a0e7981 */
                                                                                   /* 0x000e22000c1e1900 */
        /*07f0*/                   IADD3 R21, R13, 0x1800, RZ ;                    /* 0x000018000d157810 */
                                                                                   /* 0x000fe20007ffe0ff */
        /*0800*/                   FMUL R12, R12, c[0x0][0x16c] ;                  /* 0x00005b000c0c7a20 */
                                                                                   /* 0x008fc80000400000 */
        /*0810*/                   FFMA R17, R12, R14, R19 ;                       /* 0x0000000e0c117223 */
                                                                                   /* 0x001fe20000000013 */
        /*0820*/                   IMAD.WIDE R14, R21, R0, c[0x0][0x180] ;         /* 0x00006000150e7625 */
                                                                                   /* 0x004fc800078e0200 */
        /*0830*/                   STG.E [R2.64], R17 ;                            /* 0x0000001102007986 */
                                                                                   /* 0x0001e8000c101906 */
        /*0840*/                   LDG.E R12, [R4.64+0x28] ;                       /* 0x00002806040c7981 */
                                                                                   /* 0x000ea8000c1e1900 */
        /*0850*/                   LDG.E R18, [R14.64] ;                           /* 0x000000060e127981 */
                                                                                   /* 0x000e62000c1e1900 */
        /*0860*/                   FMUL R12, R12, c[0x0][0x16c] ;                  /* 0x00005b000c0c7a20 */
                                                                                   /* 0x004fc80000400000 */
        /*0870*/                   FFMA R19, R12, R18, R17 ;                       /* 0x000000120c137223 */
                                                                                   /* 0x002fca0000000011 */
        /*0880*/                   STG.E [R2.64], R19 ;                            /* 0x0000001302007986 */
                                                                                   /* 0x0003e8000c101906 */
        /*0890*/                   LDG.E R10, [R4.64+0x2c] ;                       /* 0x00002c06040a7981 */
                                                                                   /* 0x000ea8000c1e1900 */
        /*08a0*/                   LDG.E R11, [R14.64+0x800] ;                     /* 0x000800060e0b7981 */
                                                                                   /* 0x000ee2000c1e1900 */
        /*08b0*/                   FMUL R10, R10, c[0x0][0x16c] ;                  /* 0x00005b000a0a7a20 */
                                                                                   /* 0x004fc80000400000 */
        /*08c0*/                   FFMA R11, R10, R11, R19 ;                       /* 0x0000000b0a0b7223 */
                                                                                   /* 0x008fca0000000013 */
        /*08d0*/                   STG.E [R2.64], R11 ;                            /* 0x0000000b02007986 */
                                                                                   /* 0x0003e8000c101906 */
        /*08e0*/                   LDG.E R10, [R4.64+0x30] ;                       /* 0x00003006040a7981 */
                                                                                   /* 0x000ea8000c1e1900 */
        /*08f0*/                   LDG.E R12, [R14.64+0x1000] ;                    /* 0x001000060e0c7981 */
                                                                                   /* 0x000ee2000c1e1900 */
        /*0900*/                   FMUL R10, R10, c[0x0][0x16c] ;                  /* 0x00005b000a0a7a20 */
                                                                                   /* 0x004fc80000400000 */
        /*0910*/                   FFMA R21, R10, R12, R11 ;                       /* 0x0000000c0a157223 */
                                                                                   /* 0x008fca000000000b */
        /*0920*/                   STG.E [R2.64], R21 ;                            /* 0x0000001502007986 */
                                                                                   /* 0x0003e8000c101906 */
        /*0930*/                   LDG.E R10, [R4.64+0x34] ;                       /* 0x00003406040a7981 */
                                                                                   /* 0x0004e8000c1e1900 */
        /*0940*/                   LDG.E R17, [R14.64+0x1800] ;                    /* 0x001800060e117981 */
                                                                                   /* 0x001f22000c1e1900 */
        /*0950*/                   UIADD3 UR4, UR4, 0x10, URZ ;                    /* 0x0000001004047890 */
                                                                                   /* 0x000fe2000fffe03f */
        /*0960*/                   IADD3 R13, R13, 0x2000, RZ ;                    /* 0x000020000d0d7810 */
                                                                                   /* 0x000fc40007ffe0ff */
        /*0970*/                   IADD3 R4, P2, R4, 0x40, RZ ;                    /* 0x0000004004047810 */
                                                                                   /* 0x004fc60007f5e0ff */
        /*0980*/                   ISETP.LE.AND P1, PT, R16, UR4, PT ;             /* 0x0000000410007c0c */
                                                                                   /* 0x000fe4000bf23270 */
        /*0990*/                   IADD3.X R5, RZ, R5, RZ, P2, !PT ;               /* 0x00000005ff057210 */
                                                                                   /* 0x000fe200017fe4ff */
        /*09a0*/                   FMUL R10, R10, c[0x0][0x16c] ;                  /* 0x00005b000a0a7a20 */
                                                                                   /* 0x008fc80000400000 */
        /*09b0*/                   FFMA R17, R10, R17, R21 ;                       /* 0x000000110a117223 */
                                                                                   /* 0x010fca0000000015 */
        /*09c0*/                   STG.E [R2.64], R17 ;                            /* 0x0000001102007986 */
                                                                                   /* 0x0003e2000c101906 */
        /*09d0*/              @!P1 BRA 0x410 ;                                     /* 0xfffffa3000009947 */
                                                                                   /* 0x000fea000383ffff */
        /*09e0*/                   IADD3 R10, R8, -UR4, RZ ;                       /* 0x80000004080a7c10 */
                                                                                   /* 0x000fc8000fffe0ff */
        /*09f0*/                   ISETP.GT.AND P1, PT, R10, 0x4, PT ;             /* 0x000000040a00780c */
                                                                                   /* 0x000fda0003f24270 */
        /*0a00*/              @!P1 BRA 0xd10 ;                                     /* 0x0000030000009947 */
                                                                                   /* 0x000fea0003800000 */
        /*0a10*/                   IMAD.WIDE R10, R13, R0, c[0x0][0x180] ;         /* 0x000060000d0a7625 */
                                                                                   /* 0x002fe200078e0200 */
        /*0a20*/                   LDG.E R12, [R4.64+-0x8] ;                       /* 0xfffff806040c7981 */
                                                                                   /* 0x000ea8000c1e1900 */
        /*0a30*/                   LDG.E R14, [R10.64] ;                           /* 0x000000060a0e7981 */
                                                                                   /* 0x000ee2000c1e1900 */
        /*0a40*/                   FMUL R12, R12, c[0x0][0x16c] ;                  /* 0x00005b000c0c7a20 */
                                                                                   /* 0x004fc80000400000 */
        /*0a50*/                   FFMA R17, R12, R14, R17 ;                       /* 0x0000000e0c117223 */
                                                                                   /* 0x009fca0000000011 */
        /*0a60*/                   STG.E [R2.64], R17 ;                            /* 0x0000001102007986 */
                                                                                   /* 0x0001e8000c101906 */
        /*0a70*/                   LDG.E R12, [R4.64+-0x4] ;                       /* 0xfffffc06040c7981 */
                                                                                   /* 0x000ea8000c1e1900 */
        /*0a80*/                   LDG.E R14, [R10.64+0x800] ;                     /* 0x000800060a0e7981 */
                                                                                   /* 0x000ee2000c1e1900 */
        /*0a90*/                   FMUL R12, R12, c[0x0][0x16c] ;                  /* 0x00005b000c0c7a20 */
                                                                                   /* 0x004fc80000400000 */
        /*0aa0*/                   FFMA R15, R12, R14, R17 ;                       /* 0x0000000e0c0f7223 */
                                                                                   /* 0x008fca0000000011 */
        /*0ab0*/                   STG.E [R2.64], R15 ;                            /* 0x0000000f02007986 */
                                                                                   /* 0x0003e8000c101906 */
        /*0ac0*/                   LDG.E R12, [R4.64] ;                            /* 0x00000006040c7981 */
                                                                                   /* 0x000ea8000c1e1900 */
        /*0ad0*/                   LDG.E R14, [R10.64+0x1000] ;                    /* 0x001000060a0e7981 */
                                                                                   /* 0x000ee2000c1e1900 */
        /*0ae0*/                   FMUL R12, R12, c[0x0][0x16c] ;                  /* 0x00005b000c0c7a20 */
                                                                                   /* 0x004fc80000400000 */
        /*0af0*/                   FFMA R19, R12, R14, R15 ;                       /* 0x0000000e0c137223 */
                                                                                   /* 0x008fca000000000f */
        /*0b00*/                   STG.E [R2.64], R19 ;                            /* 0x0000001302007986 */
                                                                                   /* 0x0005e8000c101906 */
        /*0b10*/                   LDG.E R12, [R4.64+0x4] ;                        /* 0x00000406040c7981 */
                                                                                   /* 0x000ee8000c1e1900 */
        /*0b20*/                   LDG.E R14, [R10.64+0x1800] ;                    /* 0x001800060a0e7981 */
                                                                                   /* 0x000e22000c1e1900 */
        /*0b30*/                   IADD3 R21, R13, 0x800, RZ ;                     /* 0x000008000d157810 */
                                                                                   /* 0x000fe20007ffe0ff */
        /*0b40*/                   FMUL R12, R12, c[0x0][0x16c] ;                  /* 0x00005b000c0c7a20 */
                                                                                   /* 0x008fc80000400000 */
        /*0b50*/                   FFMA R17, R12, R14, R19 ;                       /* 0x0000000e0c117223 */
                                                                                   /* 0x001fe20000000013 */
        /*0b60*/                   IMAD.WIDE R14, R21, R0, c[0x0][0x180] ;         /* 0x00006000150e7625 */
                                                                                   /* 0x002fc800078e0200 */
        /*0b70*/                   STG.E [R2.64], R17 ;                            /* 0x0000001102007986 */
                                                                                   /* 0x0001e8000c101906 */
        /*0b80*/                   LDG.E R12, [R4.64+0x8] ;                        /* 0x00000806040c7981 */
                                                                                   /* 0x000ee8000c1e1900 */
        /*0b90*/                   LDG.E R16, [R14.64] ;                           /* 0x000000060e107981 */
                                                                                   /* 0x000ea2000c1e1900 */
        /*0ba0*/                   FMUL R12, R12, c[0x0][0x16c] ;                  /* 0x00005b000c0c7a20 */
                                                                                   /* 0x008fc80000400000 */
        /*0bb0*/                   FFMA R19, R12, R16, R17 ;                       /* 0x000000100c137223 */
                                                                                   /* 0x004fca0000000011 */
        /*0bc0*/                   STG.E [R2.64], R19 ;                            /* 0x0000001302007986 */
                                                                                   /* 0x0003e8000c101906 */
        /*0bd0*/                   LDG.E R10, [R4.64+0xc] ;                        /* 0x00000c06040a7981 */
                                                                                   /* 0x000ea8000c1e1900 */
        /*0be0*/                   LDG.E R11, [R14.64+0x800] ;                     /* 0x000800060e0b7981 */
                                                                                   /* 0x000ee2000c1e1900 */
        /*0bf0*/                   FMUL R10, R10, c[0x0][0x16c] ;                  /* 0x00005b000a0a7a20 */
                                                                                   /* 0x004fc80000400000 */
        /*0c00*/                   FFMA R11, R10, R11, R19 ;                       /* 0x0000000b0a0b7223 */
                                                                                   /* 0x008fca0000000013 */
        /*0c10*/                   STG.E [R2.64], R11 ;                            /* 0x0000000b02007986 */
                                                                                   /* 0x0003e8000c101906 */
        /*0c20*/                   LDG.E R10, [R4.64+0x10] ;                       /* 0x00001006040a7981 */
                                                                                   /* 0x000ea8000c1e1900 */
        /*0c30*/                   LDG.E R12, [R14.64+0x1000] ;                    /* 0x001000060e0c7981 */
                                                                                   /* 0x000ee2000c1e1900 */
        /*0c40*/                   FMUL R10, R10, c[0x0][0x16c] ;                  /* 0x00005b000a0a7a20 */
                                                                                   /* 0x004fc80000400000 */
        /*0c50*/                   FFMA R21, R10, R12, R11 ;                       /* 0x0000000c0a157223 */
                                                                                   /* 0x008fca000000000b */
        /*0c60*/                   STG.E [R2.64], R21 ;                            /* 0x0000001502007986 */
                                                                                   /* 0x0003e8000c101906 */
        /*0c70*/                   LDG.E R10, [R4.64+0x14] ;                       /* 0x00001406040a7981 */
                                                                                   /* 0x0004e8000c1e1900 */
        /*0c80*/                   LDG.E R17, [R14.64+0x1800] ;                    /* 0x001800060e117981 */
                                                                                   /* 0x001f22000c1e1900 */
        /*0c90*/                   PLOP3.LUT P0, PT, PT, PT, PT, 0x8, 0x0 ;        /* 0x000000000000781c */
                                                                                   /* 0x000fe20003f0e170 */
        /*0ca0*/                   UIADD3 UR4, UR4, 0x8, URZ ;                     /* 0x0000000804047890 */
                                                                                   /* 0x000fe2000fffe03f */
        /*0cb0*/                   IADD3 R13, R13, 0x1000, RZ ;                    /* 0x000010000d0d7810 */
                                                                                   /* 0x000fc40007ffe0ff */
        /*0cc0*/                   IADD3 R4, P1, R4, 0x20, RZ ;                    /* 0x0000002004047810 */
                                                                                   /* 0x004fc80007f3e0ff */
        /*0cd0*/                   IADD3.X R5, RZ, R5, RZ, P1, !PT ;               /* 0x00000005ff057210 */
                                                                                   /* 0x000fe20000ffe4ff */
        /*0ce0*/                   FMUL R10, R10, c[0x0][0x16c] ;                  /* 0x00005b000a0a7a20 */
                                                                                   /* 0x008fc80000400000 */
        /*0cf0*/                   FFMA R17, R10, R17, R21 ;                       /* 0x000000110a117223 */
                                                                                   /* 0x010fca0000000015 */
        /*0d00*/                   STG.E [R2.64], R17 ;                            /* 0x0000001102007986 */
                                                                                   /* 0x0003e4000c101906 */
        /*0d10*/                   ISETP.NE.U32.OR P0, PT, R8, UR4, P0 ;           /* 0x0000000408007c0c */
                                                                                   /* 0x000fe40008705470 */
        /*0d20*/                   ISETP.NE.U32.AND P1, PT, R7, RZ, PT ;           /* 0x000000ff0700720c */
                                                                                   /* 0x000fd60003f25070 */
        /*0d30*/              @!P0 BRA 0xef0 ;                                     /* 0x000001b000008947 */
                                                                                   /* 0x000fea0003800000 */
        /*0d40*/                   IMAD.WIDE R10, R13, R0, c[0x0][0x180] ;         /* 0x000060000d0a7625 */
                                                                                   /* 0x002fe200078e0200 */
        /*0d50*/                   LDG.E R12, [R4.64+-0x8] ;                       /* 0xfffff806040c7981 */
                                                                                   /* 0x000ea8000c1e1900 */
        /*0d60*/                   LDG.E R14, [R10.64] ;                           /* 0x000000060a0e7981 */
                                                                                   /* 0x000ee2000c1e1900 */
        /*0d70*/                   FMUL R12, R12, c[0x0][0x16c] ;                  /* 0x00005b000c0c7a20 */
                                                                                   /* 0x004fc80000400000 */
        /*0d80*/                   FFMA R17, R12, R14, R17 ;                       /* 0x0000000e0c117223 */
                                                                                   /* 0x009fca0000000011 */
        /*0d90*/                   STG.E [R2.64], R17 ;                            /* 0x0000001102007986 */
                                                                                   /* 0x0001e8000c101906 */
        /*0da0*/                   LDG.E R12, [R4.64+-0x4] ;                       /* 0xfffffc06040c7981 */
                                                                                   /* 0x000ea8000c1e1900 */
        /*0db0*/                   LDG.E R14, [R10.64+0x800] ;                     /* 0x000800060a0e7981 */
                                                                                   /* 0x000ee2000c1e1900 */
        /*0dc0*/                   FMUL R12, R12, c[0x0][0x16c] ;                  /* 0x00005b000c0c7a20 */
                                                                                   /* 0x004fc80000400000 */
        /*0dd0*/                   FFMA R15, R12, R14, R17 ;                       /* 0x0000000e0c0f7223 */
                                                                                   /* 0x008fca0000000011 */
        /*0de0*/                   STG.E [R2.64], R15 ;                            /* 0x0000000f02007986 */
                                                                                   /* 0x0003e8000c101906 */
        /*0df0*/                   LDG.E R12, [R4.64] ;                            /* 0x00000006040c7981 */
                                                                                   /* 0x000ea8000c1e1900 */
        /*0e00*/                   LDG.E R14, [R10.64+0x1000] ;                    /* 0x001000060a0e7981 */
                                                                                   /* 0x000ee2000c1e1900 */
        /*0e10*/                   FMUL R12, R12, c[0x0][0x16c] ;                  /* 0x00005b000c0c7a20 */
                                                                                   /* 0x004fc80000400000 */
        /*0e20*/                   FFMA R19, R12, R14, R15 ;                       /* 0x0000000e0c137223 */
                                                                                   /* 0x008fca000000000f */
        /*0e30*/                   STG.E [R2.64], R19 ;                            /* 0x0000001302007986 */
                                                                                   /* 0x0003e8000c101906 */
        /*0e40*/                   LDG.E R12, [R4.64+0x4] ;                        /* 0x00000406040c7981 */
                                                                                   /* 0x0004e8000c1e1900 */
        /*0e50*/                   LDG.E R17, [R10.64+0x1800] ;                    /* 0x001800060a117981 */
                                                                                   /* 0x001f22000c1e1900 */
        /*0e60*/                   UIADD3 UR4, UR4, 0x4, URZ ;                     /* 0x0000000404047890 */
                                                                                   /* 0x000fe2000fffe03f */
        /*0e70*/                   IADD3 R13, R13, 0x800, RZ ;                     /* 0x000008000d0d7810 */
                                                                                   /* 0x000fc40007ffe0ff */
        /*0e80*/                   IADD3 R4, P2, R4, 0x10, RZ ;                    /* 0x0000001004047810 */
                                                                                   /* 0x004fc60007f5e0ff */
        /*0e90*/                   ISETP.NE.U32.AND P0, PT, R8, UR4, PT ;          /* 0x0000000408007c0c */
                                                                                   /* 0x000fe4000bf05070 */
        /*0ea0*/                   IADD3.X R5, RZ, R5, RZ, P2, !PT ;               /* 0x00000005ff057210 */
                                                                                   /* 0x000fe200017fe4ff */
        /*0eb0*/                   FMUL R12, R12, c[0x0][0x16c] ;                  /* 0x00005b000c0c7a20 */
                                                                                   /* 0x008fc80000400000 */
        /*0ec0*/                   FFMA R17, R12, R17, R19 ;                       /* 0x000000110c117223 */
                                                                                   /* 0x010fca0000000013 */
        /*0ed0*/                   STG.E [R2.64], R17 ;                            /* 0x0000001102007986 */
                                                                                   /* 0x0003e2000c101906 */
        /*0ee0*/               @P0 BRA 0xd40 ;                                     /* 0xfffffe5000000947 */
                                                                                   /* 0x000fea000383ffff */
        /*0ef0*/              @!P1 EXIT ;                                          /* 0x000000000000994d */
                                                                                   /* 0x000fea0003800000 */
        /*0f00*/                   IADD3 R9, P0, R9, R8, RZ ;                      /* 0x0000000809097210 */
                                                                                   /* 0x000fe40007f1e0ff */
        /*0f10*/                   LEA R11, R8, R6, 0x9 ;                          /* 0x00000006080b7211 */
                                                                                   /* 0x002fe400078e48ff */
        /*0f20*/                   LEA R10, P1, R9, c[0x0][0x178], 0x2 ;           /* 0x00005e00090a7a11 */
                                                                                   /* 0x000fe400078210ff */
        /*0f30*/                   IADD3.X R4, RZ, RZ, RZ, P0, !PT ;               /* 0x000000ffff047210 */
                                                                                   /* 0x000fc800007fe4ff */
        /*0f40*/                   LEA.HI.X R9, R9, c[0x0][0x17c], R4, 0x2, P1 ;   /* 0x00005f0009097a11 */
                                                                                   /* 0x000fe400008f1404 */
        /*0f50*/                   MOV R8, R10 ;                                   /* 0x0000000a00087202 */
                                                                                   /* 0x000fe20000000f00 */
        /*0f60*/                   IMAD.WIDE R4, R11, R0, c[0x0][0x180] ;          /* 0x000060000b047625 */
                                                                                   /* 0x000fc800078e0200 */
        /*0f70*/                   LDG.E R6, [R8.64] ;                             /* 0x0000000608067981 */
                                                                                   /* 0x0002a8000c1e1900 */
        /*0f80*/                   LDG.E R4, [R4.64] ;                             /* 0x0000000604047981 */
                                                                                   /* 0x000ee2000c1e1900 */
        /*0f90*/                   IADD3 R7, R7, -0x1, RZ ;                        /* 0xffffffff07077810 */
                                                                                   /* 0x000fe40007ffe0ff */
        /*0fa0*/                   IADD3 R10, P1, R10, 0x4, RZ ;                   /* 0x000000040a0a7810 */
                                                                                   /* 0x000fe40007f3e0ff */
        /*0fb0*/                   ISETP.NE.U32.AND P0, PT, R7, RZ, PT ;           /* 0x000000ff0700720c */
                                                                                   /* 0x000fe40003f05070 */
        /*0fc0*/                   IADD3 R11, R11, 0x200, RZ ;                     /* 0x000002000b0b7810 */
                                                                                   /* 0x000fc40007ffe0ff */
        /*0fd0*/                   IADD3.X R9, RZ, R9, RZ, P1, !PT ;               /* 0x00000009ff097210 */
                                                                                   /* 0x002fe20000ffe4ff */
        /*0fe0*/                   FMUL R6, R6, c[0x0][0x16c] ;                    /* 0x00005b0006067a20 */
                                                                                   /* 0x004fc80000400000 */
        /*0ff0*/                   FFMA R17, R6, R4, R17 ;                         /* 0x0000000406117223 */
                                                                                   /* 0x009fca0000000011 */
        /*1000*/                   STG.E [R2.64], R17 ;                            /* 0x0000001102007986 */
                                                                                   /* 0x0001e2000c101906 */
        /*1010*/               @P0 BRA 0xf50 ;                                     /* 0xffffff3000000947 */
                                                                                   /* 0x000fea000383ffff */
        /*1020*/                   EXIT ;                                          /* 0x000000000000794d */
                                                                                   /* 0x000fea0003800000 */
        /*1030*/                   BRA 0x1030;                                     /* 0xfffffff000007947 */
                                                                                   /* 0x000fc0000383ffff */
        /*1040*/                   NOP;                                            /* 0x0000000000007918 */
                                                                                   /* 0x000fc00000000000 */
        /*1050*/                   NOP;                                            /* 0x0000000000007918 */
                                                                                   /* 0x000fc00000000000 */
        /*1060*/                   NOP;                                            /* 0x0000000000007918 */
                                                                                   /* 0x000fc00000000000 */
        /*1070*/                   NOP;                                            /* 0x0000000000007918 */
                                                                                   /* 0x000fc00000000000 */
        /*1080*/                   NOP;                                            /* 0x0000000000007918 */
                                                                                   /* 0x000fc00000000000 */
        /*1090*/                   NOP;                                            /* 0x0000000000007918 */
                                                                                   /* 0x000fc00000000000 */
        /*10a0*/                   NOP;                                            /* 0x0000000000007918 */
                                                                                   /* 0x000fc00000000000 */
        /*10b0*/                   NOP;                                            /* 0x0000000000007918 */
                                                                                   /* 0x000fc00000000000 */
        /*10c0*/                   NOP;                                            /* 0x0000000000007918 */
                                                                                   /* 0x000fc00000000000 */
        /*10d0*/                   NOP;                                            /* 0x0000000000007918 */
                                                                                   /* 0x000fc00000000000 */
        /*10e0*/                   NOP;                                            /* 0x0000000000007918 */
                                                                                   /* 0x000fc00000000000 */
        /*10f0*/                   NOP;                                            /* 0x0000000000007918 */
                                                                                   /* 0x000fc00000000000 */
		..........


