
	code for sm_86
		Function : _Z14gemver_kernel3iffPfS_S___noalias
	.headerflags	@"EF_CUDA_TEXMODE_UNIFIED EF_CUDA_64BIT_ADDRESS EF_CUDA_SM86 EF_CUDA_VIRTUAL_SM(EF_CUDA_SM86)"
        /*0000*/                   MOV R1, c[0x0][0x28] ;                              /* 0x00000a0000017a02 */
                                                                                       /* 0x000fe40000000f00 */
        /*0010*/                   S2R R9, SR_CTAID.X ;                                /* 0x0000000000097919 */
                                                                                       /* 0x000e220000002500 */
        /*0020*/                   MOV R4, c[0x0][0x160] ;                             /* 0x0000580000047a02 */
                                                                                       /* 0x000fc60000000f00 */
        /*0030*/                   S2R R0, SR_TID.X ;                                  /* 0x0000000000007919 */
                                                                                       /* 0x000e220000002100 */
        /*0040*/                   ISETP.GE.AND P0, PT, R4, 0x1, PT ;                  /* 0x000000010400780c */
                                                                                       /* 0x000fe20003f06270 */
        /*0050*/                   IMAD R9, R9, c[0x0][0x0], R0 ;                      /* 0x0000000009097a24 */
                                                                                       /* 0x001fca00078e0200 */
        /*0060*/                   ISETP.LT.OR P0, PT, R9, RZ, !P0 ;                   /* 0x000000ff0900720c */
                                                                                       /* 0x000fc80004701670 */
        /*0070*/                   ISETP.GE.OR P0, PT, R9, c[0x0][0x160], P0 ;         /* 0x0000580009007a0c */
                                                                                       /* 0x000fda0000706670 */
        /*0080*/               @P0 EXIT ;                                              /* 0x000000000000094d */
                                                                                       /* 0x000fea0003800000 */
        /*0090*/                   ISETP.GE.U32.AND P0, PT, R4, 0x4, PT ;              /* 0x000000040400780c */
                                                                                       /* 0x000fe20003f06070 */
        /*00a0*/                   ULDC.64 UR8, c[0x0][0x118] ;                        /* 0x0000460000087ab9 */
                                                                                       /* 0x000fe20000000a00 */
        /*00b0*/                   MOV R0, 0x4 ;                                       /* 0x0000000400007802 */
                                                                                       /* 0x000fca0000000f00 */
        /*00c0*/                   IMAD.WIDE.U32 R2, R9.reuse, R0, c[0x0][0x180] ;     /* 0x0000600009027625 */
                                                                                       /* 0x040fe200078e0000 */
        /*00d0*/                   SHF.L.U32 R9, R9, 0xc, RZ ;                         /* 0x0000000c09097819 */
                                                                                       /* 0x000fc800000006ff */
        /*00e0*/                   LDG.E R21, [R2.64] ;                                /* 0x0000000802157981 */
                                                                                       /* 0x000162000c1e1900 */
        /*00f0*/                   LOP3.LUT R8, R4, 0x3, RZ, 0xc0, !PT ;               /* 0x0000000304087812 */
                                                                                       /* 0x000fe400078ec0ff */
        /*0100*/                   MOV R10, RZ ;                                       /* 0x000000ff000a7202 */
                                                                                       /* 0x000fe20000000f00 */
        /*0110*/              @!P0 BRA 0xca0 ;                                         /* 0x00000b8000008947 */
                                                                                       /* 0x000fea0003800000 */
        /*0120*/                   LOP3.LUT R10, R4, 0x7ffffffc, RZ, 0xc0, !PT ;       /* 0x7ffffffc040a7812 */
                                                                                       /* 0x000fe200078ec0ff */
        /*0130*/                   ULDC.64 UR6, c[0x0][0x178] ;                        /* 0x00005e0000067ab9 */
                                                                                       /* 0x000fe20000000a00 */
        /*0140*/                   IMAD.WIDE.U32 R6, R9, R0, c[0x0][0x170] ;           /* 0x00005c0009067625 */
                                                                                       /* 0x000fe200078e0000 */
        /*0150*/                   UIADD3 UR6, UP0, UR6, 0x8, URZ ;                    /* 0x0000000806067890 */
                                                                                       /* 0x000fe2000ff1e03f */
        /*0160*/                   ISETP.GT.U32.AND P1, PT, R10, RZ, PT ;              /* 0x000000ff0a00720c */
                                                                                       /* 0x000fe20003f24070 */
        /*0170*/                   UMOV UR4, URZ ;                                     /* 0x0000003f00047c82 */
                                                                                       /* 0x000fe40008000000 */
        /*0180*/                   UIADD3.X UR7, URZ, UR7, URZ, UP0, !UPT ;            /* 0x000000073f077290 */
                                                                                       /* 0x000fe200087fe43f */
        /*0190*/                   IADD3 R6, P0, R6, 0x8, RZ ;                         /* 0x0000000806067810 */
                                                                                       /* 0x000fc40007f1e0ff */
        /*01a0*/                   MOV R4, UR6 ;                                       /* 0x0000000600047c02 */
                                                                                       /* 0x000fe40008000f00 */
        /*01b0*/                   IADD3.X R7, RZ, R7, RZ, P0, !PT ;                   /* 0x00000007ff077210 */
                                                                                       /* 0x000fe400007fe4ff */
        /*01c0*/                   MOV R5, UR7 ;                                       /* 0x0000000700057c02 */
                                                                                       /* 0x000fe40008000f00 */
        /*01d0*/                   PLOP3.LUT P0, PT, PT, PT, PT, 0x80, 0x0 ;           /* 0x000000000000781c */
                                                                                       /* 0x000fe20003f0f070 */
        /*01e0*/               @P1 BRA 0x370 ;                                         /* 0x0000018000001947 */
                                                                                       /* 0x000fea0003800000 */
        /*01f0*/                   LDG.E.CONSTANT R11, [R6.64+-0x8] ;                  /* 0xfffff808060b7981 */
                                                                                       /* 0x000ea8000c1e9900 */
        /*0200*/                   LDG.E.CONSTANT R13, [R4.64+-0x8] ;                  /* 0xfffff808040d7981 */
                                                                                       /* 0x000ee8000c1e9900 */
        /*0210*/                   LDG.E.CONSTANT R14, [R6.64+-0x4] ;                  /* 0xfffffc08060e7981 */
                                                                                       /* 0x000f28000c1e9900 */
        /*0220*/                   LDG.E.CONSTANT R15, [R4.64+-0x4] ;                  /* 0xfffffc08040f7981 */
                                                                                       /* 0x000f28000c1e9900 */
        /*0230*/                   LDG.E.CONSTANT R16, [R6.64] ;                       /* 0x0000000806107981 */
                                                                                       /* 0x000328000c1e9900 */
        /*0240*/                   LDG.E.CONSTANT R17, [R4.64] ;                       /* 0x0000000804117981 */
                                                                                       /* 0x000128000c1e9900 */
        /*0250*/                   LDG.E.CONSTANT R18, [R6.64+0x4] ;                   /* 0x0000040806127981 */
                                                                                       /* 0x000328000c1e9900 */
        /*0260*/                   LDG.E.CONSTANT R19, [R4.64+0x4] ;                   /* 0x0000040804137981 */
                                                                                       /* 0x000122000c1e9900 */
        /*0270*/                   PLOP3.LUT P0, PT, PT, PT, PT, 0x8, 0x0 ;            /* 0x000000000000781c */
                                                                                       /* 0x000fe20003f0e170 */
        /*0280*/                   UMOV UR4, 0x4 ;                                     /* 0x0000000400047882 */
                                                                                       /* 0x000fe20000000000 */
        /*0290*/                   FMUL R12, R11, c[0x0][0x164] ;                      /* 0x000059000b0c7a20 */
                                                                                       /* 0x004fc80000400000 */
        /*02a0*/                   FFMA R12, R12, R13, R21 ;                           /* 0x0000000d0c0c7223 */
                                                                                       /* 0x028fe20000000015 */
        /*02b0*/                   IADD3 R13, P1, R6, 0x10, RZ ;                       /* 0x00000010060d7810 */
                                                                                       /* 0x000fe20007f3e0ff */
        /*02c0*/                   FMUL R11, R14, c[0x0][0x164] ;                      /* 0x000059000e0b7a20 */
                                                                                       /* 0x010fc60000400000 */
        /*02d0*/                   IADD3.X R7, RZ, R7, RZ, P1, !PT ;                   /* 0x00000007ff077210 */
                                                                                       /* 0x002fe40000ffe4ff */
        /*02e0*/                   MOV R6, R13 ;                                       /* 0x0000000d00067202 */
                                                                                       /* 0x000fe20000000f00 */
        /*02f0*/                   FFMA R11, R11, R15, R12 ;                           /* 0x0000000f0b0b7223 */
                                                                                       /* 0x000fe2000000000c */
        /*0300*/                   IADD3 R12, P2, R4, 0x10, RZ ;                       /* 0x00000010040c7810 */
                                                                                       /* 0x000fe20007f5e0ff */
        /*0310*/                   FMUL R16, R16, c[0x0][0x164] ;                      /* 0x0000590010107a20 */
                                                                                       /* 0x000fc60000400000 */
        /*0320*/                   IADD3.X R5, RZ, R5, RZ, P2, !PT ;                   /* 0x00000005ff057210 */
                                                                                       /* 0x001fe400017fe4ff */
        /*0330*/                   MOV R4, R12 ;                                       /* 0x0000000c00047202 */
                                                                                       /* 0x000fe20000000f00 */
        /*0340*/                   FFMA R11, R16, R17, R11 ;                           /* 0x00000011100b7223 */
                                                                                       /* 0x000fe2000000000b */
        /*0350*/                   FMUL R18, R18, c[0x0][0x164] ;                      /* 0x0000590012127a20 */
                                                                                       /* 0x000fc80000400000 */
        /*0360*/                   FFMA R21, R18, R19, R11 ;                           /* 0x0000001312157223 */
                                                                                       /* 0x000fe2000000000b */
        /*0370*/                   IADD3 R11, R10, -UR4, RZ ;                          /* 0x800000040a0b7c10 */
                                                                                       /* 0x000fc8000fffe0ff */
        /*0380*/                   ISETP.GT.AND P1, PT, R11, 0xc, PT ;                 /* 0x0000000c0b00780c */
                                                                                       /* 0x000fda0003f24270 */
        /*0390*/              @!P1 BRA 0x840 ;                                         /* 0x000004a000009947 */
                                                                                       /* 0x000fea0003800000 */
        /*03a0*/                   PLOP3.LUT P0, PT, PT, PT, PT, 0x8, 0x0 ;            /* 0x000000000000781c */
                                                                                       /* 0x000fe40003f0e170 */
        /*03b0*/                   IADD3 R31, R10, -0xc, RZ ;                          /* 0xfffffff40a1f7810 */
                                                                                       /* 0x000fe40007ffe0ff */
        /*03c0*/                   LDG.E.CONSTANT R11, [R6.64+-0x8] ;                  /* 0xfffff808060b7981 */
                                                                                       /* 0x000ea8000c1e9900 */
        /*03d0*/                   LDG.E.CONSTANT R22, [R4.64+-0x8] ;                  /* 0xfffff80804167981 */
                                                                                       /* 0x000ee8000c1e9900 */
        /*03e0*/                   LDG.E.CONSTANT R23, [R6.64+-0x4] ;                  /* 0xfffffc0806177981 */
                                                                                       /* 0x000f28000c1e9900 */
        /*03f0*/                   LDG.E.CONSTANT R30, [R4.64+-0x4] ;                  /* 0xfffffc08041e7981 */
                                                                                       /* 0x000f28000c1e9900 */
        /*0400*/                   LDG.E.CONSTANT R32, [R6.64] ;                       /* 0x0000000806207981 */
                                                                                       /* 0x000f28000c1e9900 */
        /*0410*/                   LDG.E.CONSTANT R28, [R4.64] ;                       /* 0x00000008041c7981 */
                                                                                       /* 0x000f28000c1e9900 */
        /*0420*/                   LDG.E.CONSTANT R27, [R6.64+0x4] ;                   /* 0x00000408061b7981 */
                                                                                       /* 0x000f28000c1e9900 */
        /*0430*/                   LDG.E.CONSTANT R26, [R4.64+0x4] ;                   /* 0x00000408041a7981 */
                                                                                       /* 0x000f28000c1e9900 */
        /*0440*/                   LDG.E.CONSTANT R25, [R6.64+0x8] ;                   /* 0x0000080806197981 */
                                                                                       /* 0x000f28000c1e9900 */
        /*0450*/                   LDG.E.CONSTANT R24, [R4.64+0x8] ;                   /* 0x0000080804187981 */
                                                                                       /* 0x000f28000c1e9900 */
        /*0460*/                   LDG.E.CONSTANT R19, [R6.64+0xc] ;                   /* 0x00000c0806137981 */
                                                                                       /* 0x000f28000c1e9900 */
        /*0470*/                   LDG.E.CONSTANT R18, [R4.64+0xc] ;                   /* 0x00000c0804127981 */
                                                                                       /* 0x000f28000c1e9900 */
        /*0480*/                   LDG.E.CONSTANT R16, [R6.64+0x10] ;                  /* 0x0000100806107981 */
                                                                                       /* 0x000f28000c1e9900 */
        /*0490*/                   LDG.E.CONSTANT R17, [R4.64+0x10] ;                  /* 0x0000100804117981 */
                                                                                       /* 0x000f28000c1e9900 */
        /*04a0*/                   LDG.E.CONSTANT R14, [R6.64+0x14] ;                  /* 0x00001408060e7981 */
                                                                                       /* 0x000f28000c1e9900 */
        /*04b0*/                   LDG.E.CONSTANT R15, [R4.64+0x14] ;                  /* 0x00001408040f7981 */
                                                                                       /* 0x000f28000c1e9900 */
        /*04c0*/                   LDG.E.CONSTANT R12, [R6.64+0x18] ;                  /* 0x00001808060c7981 */
                                                                                       /* 0x000f28000c1e9900 */
        /*04d0*/                   LDG.E.CONSTANT R13, [R4.64+0x18] ;                  /* 0x00001808040d7981 */
                                                                                       /* 0x000f28000c1e9900 */
        /*04e0*/                   LDG.E.CONSTANT R33, [R4.64+0x2c] ;                  /* 0x00002c0804217981 */
                                                                                       /* 0x000f22000c1e9900 */
        /*04f0*/                   FMUL R20, R11, c[0x0][0x164] ;                      /* 0x000059000b147a20 */
                                                                                       /* 0x004fc60000400000 */
        /*0500*/                   LDG.E.CONSTANT R11, [R6.64+0x1c] ;                  /* 0x00001c08060b7981 */
                                                                                       /* 0x0002a2000c1e9900 */
        /*0510*/                   FFMA R20, R20, R22, R21 ;                           /* 0x0000001614147223 */
                                                                                       /* 0x028fc60000000015 */
        /*0520*/                   LDG.E.CONSTANT R21, [R6.64+0x20] ;                  /* 0x0000200806157981 */
                                                                                       /* 0x0002e2000c1e9900 */
        /*0530*/                   FMUL R29, R23, c[0x0][0x164] ;                      /* 0x00005900171d7a20 */
                                                                                       /* 0x010fc60000400000 */
        /*0540*/                   LDG.E.CONSTANT R23, [R4.64+0x1c] ;                  /* 0x00001c0804177981 */
                                                                                       /* 0x000f22000c1e9900 */
        /*0550*/                   FFMA R29, R29, R30, R20 ;                           /* 0x0000001e1d1d7223 */
                                                                                       /* 0x000fc60000000014 */
        /*0560*/                   LDG.E.CONSTANT R22, [R4.64+0x20] ;                  /* 0x0000200804167981 */
                                                                                       /* 0x000f22000c1e9900 */
        /*0570*/                   FMUL R32, R32, c[0x0][0x164] ;                      /* 0x0000590020207a20 */
                                                                                       /* 0x000fc60000400000 */
        /*0580*/                   LDG.E.CONSTANT R20, [R6.64+0x24] ;                  /* 0x0000240806147981 */
                                                                                       /* 0x000322000c1e9900 */
        /*0590*/                   FFMA R29, R32, R28, R29 ;                           /* 0x0000001c201d7223 */
                                                                                       /* 0x000fc6000000001d */
        /*05a0*/                   LDG.E.CONSTANT R28, [R6.64+0x28] ;                  /* 0x00002808061c7981 */
                                                                                       /* 0x000322000c1e9900 */
        /*05b0*/                   FMUL R30, R27, c[0x0][0x164] ;                      /* 0x000059001b1e7a20 */
                                                                                       /* 0x000fc60000400000 */
        /*05c0*/                   LDG.E.CONSTANT R27, [R4.64+0x24] ;                  /* 0x00002408041b7981 */
                                                                                       /* 0x000f22000c1e9900 */
        /*05d0*/                   FFMA R29, R30, R26, R29 ;                           /* 0x0000001a1e1d7223 */
                                                                                       /* 0x000fc6000000001d */
        /*05e0*/                   LDG.E.CONSTANT R26, [R4.64+0x28] ;                  /* 0x00002808041a7981 */
                                                                                       /* 0x000f22000c1e9900 */
        /*05f0*/                   FMUL R30, R25, c[0x0][0x164] ;                      /* 0x00005900191e7a20 */
                                                                                       /* 0x000fc60000400000 */
        /*0600*/                   LDG.E.CONSTANT R25, [R6.64+0x2c] ;                  /* 0x00002c0806197981 */
                                                                                       /* 0x000322000c1e9900 */
        /*0610*/                   FFMA R35, R30, R24, R29 ;                           /* 0x000000181e237223 */
                                                                                       /* 0x000fc6000000001d */
        /*0620*/                   LDG.E.CONSTANT R30, [R6.64+0x30] ;                  /* 0x00003008061e7981 */
                                                                                       /* 0x000328000c1e9900 */
        /*0630*/                   LDG.E.CONSTANT R24, [R4.64+0x30] ;                  /* 0x0000300804187981 */
                                                                                       /* 0x000f28000c1e9900 */
        /*0640*/                   LDG.E.CONSTANT R29, [R6.64+0x34] ;                  /* 0x00003408061d7981 */
                                                                                       /* 0x000328000c1e9900 */
        /*0650*/                   LDG.E.CONSTANT R32, [R4.64+0x34] ;                  /* 0x0000340804207981 */
                                                                                       /* 0x000122000c1e9900 */
        /*0660*/                   FMUL R34, R19, c[0x0][0x164] ;                      /* 0x0000590013227a20 */
                                                                                       /* 0x000fe20000400000 */
        /*0670*/                   FMUL R19, R16, c[0x0][0x164] ;                      /* 0x0000590010137a20 */
                                                                                       /* 0x000fc60000400000 */
        /*0680*/                   FFMA R18, R34, R18, R35 ;                           /* 0x0000001222127223 */
                                                                                       /* 0x000fc80000000023 */
        /*0690*/                   FFMA R18, R19, R17, R18 ;                           /* 0x0000001113127223 */
                                                                                       /* 0x000fe20000000012 */
        /*06a0*/                   FMUL R17, R14, c[0x0][0x164] ;                      /* 0x000059000e117a20 */
                                                                                       /* 0x000fc80000400000 */
        /*06b0*/                   FFMA R18, R17, R15, R18 ;                           /* 0x0000000f11127223 */
                                                                                       /* 0x000fe20000000012 */
        /*06c0*/                   FMUL R15, R12, c[0x0][0x164] ;                      /* 0x000059000c0f7a20 */
                                                                                       /* 0x000fc80000400000 */
        /*06d0*/                   FFMA R18, R15, R13, R18 ;                           /* 0x0000000d0f127223 */
                                                                                       /* 0x000fe20000000012 */
        /*06e0*/                   UIADD3 UR4, UR4, 0x10, URZ ;                        /* 0x0000001004047890 */
                                                                                       /* 0x000fe2000fffe03f */
        /*06f0*/                   IADD3 R6, P1, R6, 0x40, RZ ;                        /* 0x0000004006067810 */
                                                                                       /* 0x002fc80007f3e0ff */
        /*0700*/                   IADD3.X R7, RZ, R7, RZ, P1, !PT ;                   /* 0x00000007ff077210 */
                                                                                       /* 0x000fe40000ffe4ff */
        /*0710*/                   ISETP.LE.AND P1, PT, R31, UR4, PT ;                 /* 0x000000041f007c0c */
                                                                                       /* 0x000fe2000bf23270 */
        /*0720*/                   FMUL R11, R11, c[0x0][0x164] ;                      /* 0x000059000b0b7a20 */
                                                                                       /* 0x004fe20000400000 */
        /*0730*/                   FMUL R12, R21, c[0x0][0x164] ;                      /* 0x00005900150c7a20 */
                                                                                       /* 0x008fc60000400000 */
        /*0740*/                   FFMA R11, R11, R23, R18 ;                           /* 0x000000170b0b7223 */
                                                                                       /* 0x010fc80000000012 */
        /*0750*/                   FFMA R12, R12, R22, R11 ;                           /* 0x000000160c0c7223 */
                                                                                       /* 0x000fe2000000000b */
        /*0760*/                   FMUL R11, R20, c[0x0][0x164] ;                      /* 0x00005900140b7a20 */
                                                                                       /* 0x000fe20000400000 */
        /*0770*/                   FMUL R28, R28, c[0x0][0x164] ;                      /* 0x000059001c1c7a20 */
                                                                                       /* 0x000fc60000400000 */
        /*0780*/                   FFMA R11, R11, R27, R12 ;                           /* 0x0000001b0b0b7223 */
                                                                                       /* 0x000fc8000000000c */
        /*0790*/                   FFMA R26, R28, R26, R11 ;                           /* 0x0000001a1c1a7223 */
                                                                                       /* 0x000fe2000000000b */
        /*07a0*/                   FMUL R25, R25, c[0x0][0x164] ;                      /* 0x0000590019197a20 */
                                                                                       /* 0x000fe20000400000 */
        /*07b0*/                   IADD3 R11, P2, R4, 0x40, RZ ;                       /* 0x00000040040b7810 */
                                                                                       /* 0x000fc60007f5e0ff */
        /*07c0*/                   FFMA R25, R25, R33, R26 ;                           /* 0x0000002119197223 */
                                                                                       /* 0x000fe2000000001a */
        /*07d0*/                   FMUL R30, R30, c[0x0][0x164] ;                      /* 0x000059001e1e7a20 */
                                                                                       /* 0x000fc80000400000 */
        /*07e0*/                   FFMA R25, R30, R24, R25 ;                           /* 0x000000181e197223 */
                                                                                       /* 0x000fe20000000019 */
        /*07f0*/                   FMUL R4, R29, c[0x0][0x164] ;                       /* 0x000059001d047a20 */
                                                                                       /* 0x001fe20000400000 */
        /*0800*/                   IADD3.X R5, RZ, R5, RZ, P2, !PT ;                   /* 0x00000005ff057210 */
                                                                                       /* 0x000fc600017fe4ff */
        /*0810*/                   FFMA R21, R4, R32, R25 ;                            /* 0x0000002004157223 */
                                                                                       /* 0x000fe20000000019 */
        /*0820*/                   MOV R4, R11 ;                                       /* 0x0000000b00047202 */
                                                                                       /* 0x000fe20000000f00 */
        /*0830*/              @!P1 BRA 0x3c0 ;                                         /* 0xfffffb8000009947 */
                                                                                       /* 0x000fea000383ffff */
        /*0840*/                   IADD3 R11, R10, -UR4, RZ ;                          /* 0x800000040a0b7c10 */
                                                                                       /* 0x000fc8000fffe0ff */
        /*0850*/                   ISETP.GT.AND P1, PT, R11, 0x4, PT ;                 /* 0x000000040b00780c */
                                                                                       /* 0x000fda0003f24270 */
        /*0860*/              @!P1 BRA 0xad0 ;                                         /* 0x0000026000009947 */
                                                                                       /* 0x000fea0003800000 */
        /*0870*/                   LDG.E.CONSTANT R19, [R6.64+-0x8] ;                  /* 0xfffff80806137981 */
                                                                                       /* 0x0002a8000c1e9900 */
        /*0880*/                   LDG.E.CONSTANT R22, [R4.64+-0x8] ;                  /* 0xfffff80804167981 */
                                                                                       /* 0x000728000c1e9900 */
        /*0890*/                   LDG.E.CONSTANT R23, [R6.64+-0x4] ;                  /* 0xfffffc0806177981 */
                                                                                       /* 0x000328000c1e9900 */
        /*08a0*/                   LDG.E.CONSTANT R24, [R4.64+-0x4] ;                  /* 0xfffffc0804187981 */
                                                                                       /* 0x000728000c1e9900 */
        /*08b0*/                   LDG.E.CONSTANT R25, [R6.64] ;                       /* 0x0000000806197981 */
                                                                                       /* 0x000328000c1e9900 */
        /*08c0*/                   LDG.E.CONSTANT R26, [R4.64] ;                       /* 0x00000008041a7981 */
                                                                                       /* 0x000728000c1e9900 */
        /*08d0*/                   LDG.E.CONSTANT R27, [R6.64+0x4] ;                   /* 0x00000408061b7981 */
                                                                                       /* 0x000328000c1e9900 */
        /*08e0*/                   LDG.E.CONSTANT R28, [R4.64+0x4] ;                   /* 0x00000408041c7981 */
                                                                                       /* 0x000728000c1e9900 */
        /*08f0*/                   LDG.E.CONSTANT R16, [R6.64+0x8] ;                   /* 0x0000080806107981 */
                                                                                       /* 0x000328000c1e9900 */
        /*0900*/                   LDG.E.CONSTANT R17, [R4.64+0x8] ;                   /* 0x0000080804117981 */
                                                                                       /* 0x000728000c1e9900 */
        /*0910*/                   LDG.E.CONSTANT R18, [R6.64+0xc] ;                   /* 0x00000c0806127981 */
                                                                                       /* 0x000328000c1e9900 */
        /*0920*/                   LDG.E.CONSTANT R15, [R4.64+0xc] ;                   /* 0x00000c08040f7981 */
                                                                                       /* 0x000728000c1e9900 */
        /*0930*/                   LDG.E.CONSTANT R14, [R6.64+0x10] ;                  /* 0x00001008060e7981 */
                                                                                       /* 0x000328000c1e9900 */
        /*0940*/                   LDG.E.CONSTANT R13, [R4.64+0x10] ;                  /* 0x00001008040d7981 */
                                                                                       /* 0x000728000c1e9900 */
        /*0950*/                   LDG.E.CONSTANT R12, [R6.64+0x14] ;                  /* 0x00001408060c7981 */
                                                                                       /* 0x000328000c1e9900 */
        /*0960*/                   LDG.E.CONSTANT R11, [R4.64+0x14] ;                  /* 0x00001408040b7981 */
                                                                                       /* 0x000722000c1e9900 */
        /*0970*/                   PLOP3.LUT P0, PT, PT, PT, PT, 0x8, 0x0 ;            /* 0x000000000000781c */
                                                                                       /* 0x000fe20003f0e170 */
        /*0980*/                   UIADD3 UR4, UR4, 0x8, URZ ;                         /* 0x0000000804047890 */
                                                                                       /* 0x000fe2000fffe03f */
        /*0990*/                   IADD3 R6, P1, R6, 0x20, RZ ;                        /* 0x0000002006067810 */
                                                                                       /* 0x002fc40007f3e0ff */
        /*09a0*/                   IADD3 R4, P2, R4, 0x20, RZ ;                        /* 0x0000002004047810 */
                                                                                       /* 0x008fe40007f5e0ff */
        /*09b0*/                   IADD3.X R7, RZ, R7, RZ, P1, !PT ;                   /* 0x00000007ff077210 */
                                                                                       /* 0x000fe40000ffe4ff */
        /*09c0*/                   IADD3.X R5, RZ, R5, RZ, P2, !PT ;                   /* 0x00000005ff057210 */
                                                                                       /* 0x000fe200017fe4ff */
        /*09d0*/                   FMUL R20, R19, c[0x0][0x164] ;                      /* 0x0000590013147a20 */
                                                                                       /* 0x004fc80000400000 */
        /*09e0*/                   FFMA R20, R20, R22, R21 ;                           /* 0x0000001614147223 */
                                                                                       /* 0x030fe20000000015 */
        /*09f0*/                   FMUL R23, R23, c[0x0][0x164] ;                      /* 0x0000590017177a20 */
                                                                                       /* 0x000fc80000400000 */
        /*0a00*/                   FFMA R20, R23, R24, R20 ;                           /* 0x0000001817147223 */
                                                                                       /* 0x000fe20000000014 */
        /*0a10*/                   FMUL R25, R25, c[0x0][0x164] ;                      /* 0x0000590019197a20 */
                                                                                       /* 0x000fc80000400000 */
        /*0a20*/                   FFMA R20, R25, R26, R20 ;                           /* 0x0000001a19147223 */
                                                                                       /* 0x000fe20000000014 */
        /*0a30*/                   FMUL R27, R27, c[0x0][0x164] ;                      /* 0x000059001b1b7a20 */
                                                                                       /* 0x000fc80000400000 */
        /*0a40*/                   FFMA R27, R27, R28, R20 ;                           /* 0x0000001c1b1b7223 */
                                                                                       /* 0x000fe20000000014 */
        /*0a50*/                   FMUL R16, R16, c[0x0][0x164] ;                      /* 0x0000590010107a20 */
                                                                                       /* 0x000fc80000400000 */
        /*0a60*/                   FFMA R16, R16, R17, R27 ;                           /* 0x0000001110107223 */
                                                                                       /* 0x000fe2000000001b */
        /*0a70*/                   FMUL R17, R18, c[0x0][0x164] ;                      /* 0x0000590012117a20 */
                                                                                       /* 0x000fc80000400000 */
        /*0a80*/                   FFMA R16, R17, R15, R16 ;                           /* 0x0000000f11107223 */
                                                                                       /* 0x000fe20000000010 */
        /*0a90*/                   FMUL R15, R14, c[0x0][0x164] ;                      /* 0x000059000e0f7a20 */
                                                                                       /* 0x000fc80000400000 */
        /*0aa0*/                   FFMA R16, R15, R13, R16 ;                           /* 0x0000000d0f107223 */
                                                                                       /* 0x000fe20000000010 */
        /*0ab0*/                   FMUL R21, R12, c[0x0][0x164] ;                      /* 0x000059000c157a20 */
                                                                                       /* 0x000fc80000400000 */
        /*0ac0*/                   FFMA R21, R21, R11, R16 ;                           /* 0x0000000b15157223 */
                                                                                       /* 0x000fe20000000010 */
        /*0ad0*/                   ISETP.NE.U32.OR P0, PT, R10, UR4, P0 ;              /* 0x000000040a007c0c */
                                                                                       /* 0x000fe40008705470 */
        /*0ae0*/                   ISETP.NE.U32.AND P1, PT, R8, RZ, PT ;               /* 0x000000ff0800720c */
                                                                                       /* 0x000fd60003f25070 */
        /*0af0*/              @!P0 BRA 0xc90 ;                                         /* 0x0000019000008947 */
                                                                                       /* 0x000fea0003800000 */
        /*0b00*/                   LDG.E.CONSTANT R11, [R6.64+-0x8] ;                  /* 0xfffff808060b7981 */
                                                                                       /* 0x000ea8000c1e9900 */
        /*0b10*/                   LDG.E.CONSTANT R13, [R4.64+-0x8] ;                  /* 0xfffff808040d7981 */
                                                                                       /* 0x0002e8000c1e9900 */
        /*0b20*/                   LDG.E.CONSTANT R14, [R6.64+-0x4] ;                  /* 0xfffffc08060e7981 */
                                                                                       /* 0x000928000c1e9900 */
        /*0b30*/                   LDG.E.CONSTANT R15, [R4.64+-0x4] ;                  /* 0xfffffc08040f7981 */
                                                                                       /* 0x000328000c1e9900 */
        /*0b40*/                   LDG.E.CONSTANT R16, [R6.64] ;                       /* 0x0000000806107981 */
                                                                                       /* 0x000928000c1e9900 */
        /*0b50*/                   LDG.E.CONSTANT R17, [R4.64] ;                       /* 0x0000000804117981 */
                                                                                       /* 0x000328000c1e9900 */
        /*0b60*/                   LDG.E.CONSTANT R18, [R6.64+0x4] ;                   /* 0x0000040806127981 */
                                                                                       /* 0x000928000c1e9900 */
        /*0b70*/                   LDG.E.CONSTANT R19, [R4.64+0x4] ;                   /* 0x0000040804137981 */
                                                                                       /* 0x000322000c1e9900 */
        /*0b80*/                   UIADD3 UR4, UR4, 0x4, URZ ;                         /* 0x0000000404047890 */
                                                                                       /* 0x000fe2000fffe03f */
        /*0b90*/                   IADD3 R4, P2, R4, 0x10, RZ ;                        /* 0x0000001004047810 */
                                                                                       /* 0x002fc80007f5e0ff */
        /*0ba0*/                   IADD3.X R5, RZ, R5, RZ, P2, !PT ;                   /* 0x00000005ff057210 */
                                                                                       /* 0x000fe200017fe4ff */
        /*0bb0*/                   FMUL R12, R11, c[0x0][0x164] ;                      /* 0x000059000b0c7a20 */
                                                                                       /* 0x004fe20000400000 */
        /*0bc0*/                   IADD3 R11, P0, R6, 0x10, RZ ;                       /* 0x00000010060b7810 */
                                                                                       /* 0x000fc60007f1e0ff */
        /*0bd0*/                   FFMA R12, R12, R13, R21 ;                           /* 0x0000000d0c0c7223 */
                                                                                       /* 0x028fe20000000015 */
        /*0be0*/                   MOV R6, R11 ;                                       /* 0x0000000b00067202 */
                                                                                       /* 0x010fe20000000f00 */
        /*0bf0*/                   FMUL R13, R14, c[0x0][0x164] ;                      /* 0x000059000e0d7a20 */
                                                                                       /* 0x000fc80000400000 */
        /*0c00*/                   FFMA R13, R13, R15, R12 ;                           /* 0x0000000f0d0d7223 */
                                                                                       /* 0x000fe2000000000c */
        /*0c10*/                   IADD3.X R12, RZ, R7, RZ, P0, !PT ;                  /* 0x00000007ff0c7210 */
                                                                                       /* 0x000fe400007fe4ff */
        /*0c20*/                   ISETP.NE.U32.AND P0, PT, R10, UR4, PT ;             /* 0x000000040a007c0c */
                                                                                       /* 0x000fe2000bf05070 */
        /*0c30*/                   FMUL R16, R16, c[0x0][0x164] ;                      /* 0x0000590010107a20 */
                                                                                       /* 0x000fe20000400000 */
        /*0c40*/                   MOV R7, R12 ;                                       /* 0x0000000c00077202 */
                                                                                       /* 0x000fc60000000f00 */
        /*0c50*/                   FFMA R13, R16, R17, R13 ;                           /* 0x00000011100d7223 */
                                                                                       /* 0x000fe2000000000d */
        /*0c60*/                   FMUL R18, R18, c[0x0][0x164] ;                      /* 0x0000590012127a20 */
                                                                                       /* 0x000fc80000400000 */
        /*0c70*/                   FFMA R21, R18, R19, R13 ;                           /* 0x0000001312157223 */
                                                                                       /* 0x000fc6000000000d */
        /*0c80*/               @P0 BRA 0xb00 ;                                         /* 0xfffffe7000000947 */
                                                                                       /* 0x000fea000383ffff */
        /*0c90*/              @!P1 BRA 0xdf0 ;                                         /* 0x0000015000009947 */
                                                                                       /* 0x000fea0003800000 */
        /*0ca0*/                   IADD3 R4, P0, R9, R10, RZ ;                         /* 0x0000000a09047210 */
                                                                                       /* 0x000fe20007f1e0ff */
        /*0cb0*/                   IMAD.WIDE.U32 R10, R10, R0, c[0x0][0x178] ;         /* 0x00005e000a0a7625 */
                                                                                       /* 0x000fc600078e0000 */
        /*0cc0*/                   LEA R7, P1, R4.reuse, c[0x0][0x170], 0x2 ;          /* 0x00005c0004077a11 */
                                                                                       /* 0x040fe400078210ff */
        /*0cd0*/                   IADD3.X R5, RZ, RZ, RZ, P0, !PT ;                   /* 0x000000ffff057210 */
                                                                                       /* 0x000fe400007fe4ff */
        /*0ce0*/                   MOV R9, R10 ;                                       /* 0x0000000a00097202 */
                                                                                       /* 0x000fe40000000f00 */
        /*0cf0*/                   LEA.HI.X R10, R4, c[0x0][0x174], R5, 0x2, P1 ;      /* 0x00005d00040a7a11 */
                                                                                       /* 0x000fe400008f1405 */
        /*0d00*/                   MOV R4, R7 ;                                        /* 0x0000000700047202 */
                                                                                       /* 0x000fe40000000f00 */
        /*0d10*/                   MOV R5, R10 ;                                       /* 0x0000000a00057202 */
                                                                                       /* 0x000fca0000000f00 */
        /*0d20*/                   LDG.E.CONSTANT R0, [R4.64] ;                        /* 0x0000000804007981 */
                                                                                       /* 0x0002a4000c1e9900 */
        /*0d30*/                   MOV R4, R9 ;                                        /* 0x0000000900047202 */
                                                                                       /* 0x002fe40000000f00 */
        /*0d40*/                   MOV R5, R11 ;                                       /* 0x0000000b00057202 */
                                                                                       /* 0x000fca0000000f00 */
        /*0d50*/                   LDG.E.CONSTANT R6, [R4.64] ;                        /* 0x0000000804067981 */
                                                                                       /* 0x000ee2000c1e9900 */
        /*0d60*/                   IADD3 R8, R8, -0x1, RZ ;                            /* 0xffffffff08087810 */
                                                                                       /* 0x000fe40007ffe0ff */
        /*0d70*/                   IADD3 R9, P1, R9, 0x4, RZ ;                         /* 0x0000000409097810 */
                                                                                       /* 0x000fe40007f3e0ff */
        /*0d80*/                   ISETP.NE.U32.AND P0, PT, R8, RZ, PT ;               /* 0x000000ff0800720c */
                                                                                       /* 0x000fe40003f05070 */
        /*0d90*/                   IADD3 R7, P2, R7, 0x4, RZ ;                         /* 0x0000000407077810 */
                                                                                       /* 0x000fe40007f5e0ff */
        /*0da0*/                   IADD3.X R11, RZ, R11, RZ, P1, !PT ;                 /* 0x0000000bff0b7210 */
                                                                                       /* 0x000fe40000ffe4ff */
        /*0db0*/                   IADD3.X R10, RZ, R10, RZ, P2, !PT ;                 /* 0x0000000aff0a7210 */
                                                                                       /* 0x000fe200017fe4ff */
        /*0dc0*/                   FMUL R0, R0, c[0x0][0x164] ;                        /* 0x0000590000007a20 */
                                                                                       /* 0x004fc80000400000 */
        /*0dd0*/                   FFMA R21, R0, R6, R21 ;                             /* 0x0000000600157223 */
                                                                                       /* 0x028fe40000000015 */
        /*0de0*/               @P0 BRA 0xd00 ;                                         /* 0xffffff1000000947 */
                                                                                       /* 0x000fea000383ffff */
        /*0df0*/                   STG.E [R2.64], R21 ;                                /* 0x0000001502007986 */
                                                                                       /* 0x020fe2000c101908 */
        /*0e00*/                   EXIT ;                                              /* 0x000000000000794d */
                                                                                       /* 0x000fea0003800000 */
        /*0e10*/                   BRA 0xe10;                                          /* 0xfffffff000007947 */
                                                                                       /* 0x000fc0000383ffff */
        /*0e20*/                   NOP;                                                /* 0x0000000000007918 */
                                                                                       /* 0x000fc00000000000 */
        /*0e30*/                   NOP;                                                /* 0x0000000000007918 */
                                                                                       /* 0x000fc00000000000 */
        /*0e40*/                   NOP;                                                /* 0x0000000000007918 */
                                                                                       /* 0x000fc00000000000 */
        /*0e50*/                   NOP;                                                /* 0x0000000000007918 */
                                                                                       /* 0x000fc00000000000 */
        /*0e60*/                   NOP;                                                /* 0x0000000000007918 */
                                                                                       /* 0x000fc00000000000 */
        /*0e70*/                   NOP;                                                /* 0x0000000000007918 */
                                                                                       /* 0x000fc00000000000 */
        /*0e80*/                   NOP;                                                /* 0x0000000000007918 */
                                                                                       /* 0x000fc00000000000 */
        /*0e90*/                   NOP;                                                /* 0x0000000000007918 */
                                                                                       /* 0x000fc00000000000 */
        /*0ea0*/                   NOP;                                                /* 0x0000000000007918 */
                                                                                       /* 0x000fc00000000000 */
        /*0eb0*/                   NOP;                                                /* 0x0000000000007918 */
                                                                                       /* 0x000fc00000000000 */
        /*0ec0*/                   NOP;                                                /* 0x0000000000007918 */
                                                                                       /* 0x000fc00000000000 */
        /*0ed0*/                   NOP;                                                /* 0x0000000000007918 */
                                                                                       /* 0x000fc00000000000 */
        /*0ee0*/                   NOP;                                                /* 0x0000000000007918 */
                                                                                       /* 0x000fc00000000000 */
        /*0ef0*/                   NOP;                                                /* 0x0000000000007918 */
                                                                                       /* 0x000fc00000000000 */
		..........


		Function : _Z14gemver_kernel3iffPfS_S_
	.headerflags	@"EF_CUDA_TEXMODE_UNIFIED EF_CUDA_64BIT_ADDRESS EF_CUDA_SM86 EF_CUDA_VIRTUAL_SM(EF_CUDA_SM86)"
        /*0000*/                   MOV R1, c[0x0][0x28] ;                              /* 0x00000a0000017a02 */
                                                                                       /* 0x000fe40000000f00 */
        /*0010*/                   S2R R9, SR_CTAID.X ;                                /* 0x0000000000097919 */
                                                                                       /* 0x000e220000002500 */
        /*0020*/                   MOV R4, c[0x0][0x160] ;                             /* 0x0000580000047a02 */
                                                                                       /* 0x000fc60000000f00 */
        /*0030*/                   S2R R0, SR_TID.X ;                                  /* 0x0000000000007919 */
                                                                                       /* 0x000e220000002100 */
        /*0040*/                   ISETP.GE.AND P0, PT, R4, 0x1, PT ;                  /* 0x000000010400780c */
                                                                                       /* 0x000fe20003f06270 */
        /*0050*/                   IMAD R9, R9, c[0x0][0x0], R0 ;                      /* 0x0000000009097a24 */
                                                                                       /* 0x001fca00078e0200 */
        /*0060*/                   ISETP.LT.OR P0, PT, R9, RZ, !P0 ;                   /* 0x000000ff0900720c */
                                                                                       /* 0x000fc80004701670 */
        /*0070*/                   ISETP.GE.OR P0, PT, R9, c[0x0][0x160], P0 ;         /* 0x0000580009007a0c */
                                                                                       /* 0x000fda0000706670 */
        /*0080*/               @P0 EXIT ;                                              /* 0x000000000000094d */
                                                                                       /* 0x000fea0003800000 */
        /*0090*/                   ISETP.GE.U32.AND P0, PT, R4, 0x4, PT ;              /* 0x000000040400780c */
                                                                                       /* 0x000fe20003f06070 */
        /*00a0*/                   ULDC.64 UR8, c[0x0][0x118] ;                        /* 0x0000460000087ab9 */
                                                                                       /* 0x000fe20000000a00 */
        /*00b0*/                   MOV R8, 0x4 ;                                       /* 0x0000000400087802 */
                                                                                       /* 0x000fca0000000f00 */
        /*00c0*/                   IMAD.WIDE.U32 R2, R9.reuse, R8, c[0x0][0x180] ;     /* 0x0000600009027625 */
                                                                                       /* 0x040fe200078e0008 */
        /*00d0*/                   SHF.L.U32 R9, R9, 0xc, RZ ;                         /* 0x0000000c09097819 */
                                                                                       /* 0x000fc800000006ff */
        /*00e0*/                   LDG.E R11, [R2.64] ;                                /* 0x00000008020b7981 */
                                                                                       /* 0x000162000c1e1900 */
        /*00f0*/                   LOP3.LUT R0, R4, 0x3, RZ, 0xc0, !PT ;               /* 0x0000000304007812 */
                                                                                       /* 0x000fe400078ec0ff */
        /*0100*/                   MOV R10, RZ ;                                       /* 0x000000ff000a7202 */
                                                                                       /* 0x000fe20000000f00 */
        /*0110*/              @!P0 BRA 0xe50 ;                                         /* 0x00000d3000008947 */
                                                                                       /* 0x000fea0003800000 */
        /*0120*/                   LOP3.LUT R10, R4, 0x7ffffffc, RZ, 0xc0, !PT ;       /* 0x7ffffffc040a7812 */
                                                                                       /* 0x000fe200078ec0ff */
        /*0130*/                   ULDC.64 UR6, c[0x0][0x178] ;                        /* 0x00005e0000067ab9 */
                                                                                       /* 0x000fe20000000a00 */
        /*0140*/                   IMAD.WIDE.U32 R6, R9, R8, c[0x0][0x170] ;           /* 0x00005c0009067625 */
                                                                                       /* 0x000fe200078e0008 */
        /*0150*/                   UIADD3 UR6, UP0, UR6, 0x8, URZ ;                    /* 0x0000000806067890 */
                                                                                       /* 0x000fe2000ff1e03f */
        /*0160*/                   ISETP.GT.U32.AND P1, PT, R10, RZ, PT ;              /* 0x000000ff0a00720c */
                                                                                       /* 0x000fe20003f24070 */
        /*0170*/                   UMOV UR4, URZ ;                                     /* 0x0000003f00047c82 */
                                                                                       /* 0x000fe40008000000 */
        /*0180*/                   UIADD3.X UR7, URZ, UR7, URZ, UP0, !UPT ;            /* 0x000000073f077290 */
                                                                                       /* 0x000fe200087fe43f */
        /*0190*/                   IADD3 R4, P0, R6, 0x8, RZ ;                         /* 0x0000000806047810 */
                                                                                       /* 0x000fc40007f1e0ff */
        /*01a0*/                   MOV R6, UR6 ;                                       /* 0x0000000600067c02 */
                                                                                       /* 0x000fe40008000f00 */
        /*01b0*/                   IADD3.X R5, RZ, R7, RZ, P0, !PT ;                   /* 0x00000007ff057210 */
                                                                                       /* 0x000fe400007fe4ff */
        /*01c0*/                   MOV R7, UR7 ;                                       /* 0x0000000700077c02 */
                                                                                       /* 0x000fe40008000f00 */
        /*01d0*/                   PLOP3.LUT P0, PT, PT, PT, PT, 0x80, 0x0 ;           /* 0x000000000000781c */
                                                                                       /* 0x000fe20003f0f070 */
        /*01e0*/               @P1 BRA 0x390 ;                                         /* 0x000001a000001947 */
                                                                                       /* 0x000fea0003800000 */
        /*01f0*/                   LDG.E R12, [R4.64+-0x8] ;                           /* 0xfffff808040c7981 */
                                                                                       /* 0x000ea8000c1e1900 */
        /*0200*/                   LDG.E R13, [R6.64+-0x8] ;                           /* 0xfffff808060d7981 */
                                                                                       /* 0x000ee2000c1e1900 */
        /*0210*/                   FMUL R12, R12, c[0x0][0x164] ;                      /* 0x000059000c0c7a20 */
                                                                                       /* 0x004fc80000400000 */
        /*0220*/                   FFMA R13, R12, R13, R11 ;                           /* 0x0000000d0c0d7223 */
                                                                                       /* 0x028fca000000000b */
        /*0230*/                   STG.E [R2.64], R13 ;                                /* 0x0000000d02007986 */
                                                                                       /* 0x0003e8000c101908 */
        /*0240*/                   LDG.E R11, [R4.64+-0x4] ;                           /* 0xfffffc08040b7981 */
                                                                                       /* 0x000ea8000c1e1900 */
        /*0250*/                   LDG.E R14, [R6.64+-0x4] ;                           /* 0xfffffc08060e7981 */
                                                                                       /* 0x000ee2000c1e1900 */
        /*0260*/                   FMUL R12, R11, c[0x0][0x164] ;                      /* 0x000059000b0c7a20 */
                                                                                       /* 0x004fc80000400000 */
        /*0270*/                   FFMA R15, R12, R14, R13 ;                           /* 0x0000000e0c0f7223 */
                                                                                       /* 0x008fca000000000d */
        /*0280*/                   STG.E [R2.64], R15 ;                                /* 0x0000000f02007986 */
                                                                                       /* 0x0005e8000c101908 */
        /*0290*/                   LDG.E R11, [R4.64] ;                                /* 0x00000008040b7981 */
                                                                                       /* 0x000ee8000c1e1900 */
        /*02a0*/                   LDG.E R14, [R6.64] ;                                /* 0x00000008060e7981 */
                                                                                       /* 0x000f22000c1e1900 */
        /*02b0*/                   FMUL R12, R11, c[0x0][0x164] ;                      /* 0x000059000b0c7a20 */
                                                                                       /* 0x008fc80000400000 */
        /*02c0*/                   FFMA R17, R12, R14, R15 ;                           /* 0x0000000e0c117223 */
                                                                                       /* 0x010fca000000000f */
        /*02d0*/                   STG.E [R2.64], R17 ;                                /* 0x0000001102007986 */
                                                                                       /* 0x0005e8000c101908 */
        /*02e0*/                   LDG.E R11, [R4.64+0x4] ;                            /* 0x00000408040b7981 */
                                                                                       /* 0x000728000c1e1900 */
        /*02f0*/                   LDG.E R13, [R6.64+0x4] ;                            /* 0x00000408060d7981 */
                                                                                       /* 0x0022a2000c1e1900 */
        /*0300*/                   PLOP3.LUT P0, PT, PT, PT, PT, 0x8, 0x0 ;            /* 0x000000000000781c */
                                                                                       /* 0x000fe20003f0e170 */
        /*0310*/                   UMOV UR4, 0x4 ;                                     /* 0x0000000400047882 */
                                                                                       /* 0x000fe20000000000 */
        /*0320*/                   IADD3 R4, P1, R4, 0x10, RZ ;                        /* 0x0000001004047810 */
                                                                                       /* 0x008fc40007f3e0ff */
        /*0330*/                   IADD3 R6, P2, R6, 0x10, RZ ;                        /* 0x0000001006067810 */
                                                                                       /* 0x002fe40007f5e0ff */
        /*0340*/                   IADD3.X R5, RZ, R5, RZ, P1, !PT ;                   /* 0x00000005ff057210 */
                                                                                       /* 0x000fe40000ffe4ff */
        /*0350*/                   IADD3.X R7, RZ, R7, RZ, P2, !PT ;                   /* 0x00000007ff077210 */
                                                                                       /* 0x000fe200017fe4ff */
        /*0360*/                   FMUL R12, R11, c[0x0][0x164] ;                      /* 0x000059000b0c7a20 */
                                                                                       /* 0x010fc80000400000 */
        /*0370*/                   FFMA R11, R12, R13, R17 ;                           /* 0x0000000d0c0b7223 */
                                                                                       /* 0x004fca0000000011 */
        /*0380*/                   STG.E [R2.64], R11 ;                                /* 0x0000000b02007986 */
                                                                                       /* 0x0003e4000c101908 */
        /*0390*/                   IADD3 R12, R10, -UR4, RZ ;                          /* 0x800000040a0c7c10 */
                                                                                       /* 0x000fc8000fffe0ff */
        /*03a0*/                   ISETP.GT.AND P1, PT, R12, 0xc, PT ;                 /* 0x0000000c0c00780c */
                                                                                       /* 0x000fda0003f24270 */
        /*03b0*/              @!P1 BRA 0x950 ;                                         /* 0x0000059000009947 */
                                                                                       /* 0x000fea0003800000 */
        /*03c0*/                   PLOP3.LUT P0, PT, PT, PT, PT, 0x8, 0x0 ;            /* 0x000000000000781c */
                                                                                       /* 0x000fe40003f0e170 */
        /*03d0*/                   IADD3 R16, R10, -0xc, RZ ;                          /* 0xfffffff40a107810 */
                                                                                       /* 0x000fe40007ffe0ff */
        /*03e0*/                   LDG.E R12, [R4.64+-0x8] ;                           /* 0xfffff808040c7981 */
                                                                                       /* 0x000ea8000c1e1900 */
        /*03f0*/                   LDG.E R13, [R6.64+-0x8] ;                           /* 0xfffff808060d7981 */
                                                                                       /* 0x000ee2000c1e1900 */
        /*0400*/                   FMUL R12, R12, c[0x0][0x164] ;                      /* 0x000059000c0c7a20 */
                                                                                       /* 0x004fc80000400000 */
        /*0410*/                   FFMA R13, R12, R13, R11 ;                           /* 0x0000000d0c0d7223 */
                                                                                       /* 0x028fca000000000b */
        /*0420*/                   STG.E [R2.64], R13 ;                                /* 0x0000000d02007986 */
                                                                                       /* 0x0005e8000c101908 */
        /*0430*/                   LDG.E R11, [R4.64+-0x4] ;                           /* 0xfffffc08040b7981 */
                                                                                       /* 0x002ee8000c1e1900 */
        /*0440*/                   LDG.E R14, [R6.64+-0x4] ;                           /* 0xfffffc08060e7981 */
                                                                                       /* 0x000f22000c1e1900 */
        /*0450*/                   FMUL R12, R11, c[0x0][0x164] ;                      /* 0x000059000b0c7a20 */
                                                                                       /* 0x008fc80000400000 */
        /*0460*/                   FFMA R11, R12, R14, R13 ;                           /* 0x0000000e0c0b7223 */
                                                                                       /* 0x010fca000000000d */
        /*0470*/                   STG.E [R2.64], R11 ;                                /* 0x0000000b02007986 */
                                                                                       /* 0x0003e8000c101908 */
        /*0480*/                   LDG.E R12, [R4.64] ;                                /* 0x00000008040c7981 */
                                                                                       /* 0x000ee8000c1e1900 */
        /*0490*/                   LDG.E R14, [R6.64] ;                                /* 0x00000008060e7981 */
                                                                                       /* 0x000f22000c1e1900 */
        /*04a0*/                   FMUL R12, R12, c[0x0][0x164] ;                      /* 0x000059000c0c7a20 */
                                                                                       /* 0x008fc80000400000 */
        /*04b0*/                   FFMA R15, R12, R14, R11 ;                           /* 0x0000000e0c0f7223 */
                                                                                       /* 0x010fca000000000b */
        /*04c0*/                   STG.E [R2.64], R15 ;                                /* 0x0000000f02007986 */
                                                                                       /* 0x0007e8000c101908 */
        /*04d0*/                   LDG.E R12, [R4.64+0x4] ;                            /* 0x00000408040c7981 */
                                                                                       /* 0x000f28000c1e1900 */
        /*04e0*/                   LDG.E R13, [R6.64+0x4] ;                            /* 0x00000408060d7981 */
                                                                                       /* 0x004ea2000c1e1900 */
        /*04f0*/                   FMUL R12, R12, c[0x0][0x164] ;                      /* 0x000059000c0c7a20 */
                                                                                       /* 0x010fc80000400000 */
        /*0500*/                   FFMA R13, R12, R13, R15 ;                           /* 0x0000000d0c0d7223 */
                                                                                       /* 0x004fca000000000f */
        /*0510*/                   STG.E [R2.64], R13 ;                                /* 0x0000000d02007986 */
                                                                                       /* 0x0005e8000c101908 */
        /*0520*/                   LDG.E R11, [R4.64+0x8] ;                            /* 0x00000808040b7981 */
                                                                                       /* 0x002f28000c1e1900 */
        /*0530*/                   LDG.E R14, [R6.64+0x8] ;                            /* 0x00000808060e7981 */
                                                                                       /* 0x000ea2000c1e1900 */
        /*0540*/                   FMUL R12, R11, c[0x0][0x164] ;                      /* 0x000059000b0c7a20 */
                                                                                       /* 0x010fc80000400000 */
        /*0550*/                   FFMA R11, R12, R14, R13 ;                           /* 0x0000000e0c0b7223 */
                                                                                       /* 0x004fca000000000d */
        /*0560*/                   STG.E [R2.64], R11 ;                                /* 0x0000000b02007986 */
                                                                                       /* 0x0003e8000c101908 */
        /*0570*/                   LDG.E R12, [R4.64+0xc] ;                            /* 0x00000c08040c7981 */
                                                                                       /* 0x000ea8000c1e1900 */
        /*0580*/                   LDG.E R14, [R6.64+0xc] ;                            /* 0x00000c08060e7981 */
                                                                                       /* 0x000ee2000c1e1900 */
        /*0590*/                   FMUL R12, R12, c[0x0][0x164] ;                      /* 0x000059000c0c7a20 */
                                                                                       /* 0x004fc80000400000 */
        /*05a0*/                   FFMA R15, R12, R14, R11 ;                           /* 0x0000000e0c0f7223 */
                                                                                       /* 0x008fca000000000b */
        /*05b0*/                   STG.E [R2.64], R15 ;                                /* 0x0000000f02007986 */
                                                                                       /* 0x0005e8000c101908 */
        /*05c0*/                   LDG.E R12, [R4.64+0x10] ;                           /* 0x00001008040c7981 */
                                                                                       /* 0x000ee8000c1e1900 */
        /*05d0*/                   LDG.E R13, [R6.64+0x10] ;                           /* 0x00001008060d7981 */
                                                                                       /* 0x000f22000c1e1900 */
        /*05e0*/                   FMUL R12, R12, c[0x0][0x164] ;                      /* 0x000059000c0c7a20 */
                                                                                       /* 0x008fc80000400000 */
        /*05f0*/                   FFMA R13, R12, R13, R15 ;                           /* 0x0000000d0c0d7223 */
                                                                                       /* 0x010fca000000000f */
        /*0600*/                   STG.E [R2.64], R13 ;                                /* 0x0000000d02007986 */
                                                                                       /* 0x0007e8000c101908 */
        /*0610*/                   LDG.E R11, [R4.64+0x14] ;                           /* 0x00001408040b7981 */
                                                                                       /* 0x002f28000c1e1900 */
        /*0620*/                   LDG.E R14, [R6.64+0x14] ;                           /* 0x00001408060e7981 */
                                                                                       /* 0x000ea2000c1e1900 */
        /*0630*/                   FMUL R12, R11, c[0x0][0x164] ;                      /* 0x000059000b0c7a20 */
                                                                                       /* 0x010fc80000400000 */
        /*0640*/                   FFMA R11, R12, R14, R13 ;                           /* 0x0000000e0c0b7223 */
                                                                                       /* 0x004fca000000000d */
        /*0650*/                   STG.E [R2.64], R11 ;                                /* 0x0000000b02007986 */
                                                                                       /* 0x0003e8000c101908 */
        /*0660*/                   LDG.E R12, [R4.64+0x18] ;                           /* 0x00001808040c7981 */
                                                                                       /* 0x000ea8000c1e1900 */
        /*0670*/                   LDG.E R14, [R6.64+0x18] ;                           /* 0x00001808060e7981 */
                                                                                       /* 0x000f22000c1e1900 */
        /*0680*/                   FMUL R12, R12, c[0x0][0x164] ;                      /* 0x000059000c0c7a20 */
                                                                                       /* 0x004fc80000400000 */
        /*0690*/                   FFMA R15, R12, R14, R11 ;                           /* 0x0000000e0c0f7223 */
                                                                                       /* 0x010fca000000000b */
        /*06a0*/                   STG.E [R2.64], R15 ;                                /* 0x0000000f02007986 */
                                                                                       /* 0x0005e8000c101908 */
        /*06b0*/                   LDG.E R12, [R4.64+0x1c] ;                           /* 0x00001c08040c7981 */
                                                                                       /* 0x000f28000c1e1900 */
        /*06c0*/                   LDG.E R13, [R6.64+0x1c] ;                           /* 0x00001c08060d7981 */
                                                                                       /* 0x008ee2000c1e1900 */
        /*06d0*/                   FMUL R12, R12, c[0x0][0x164] ;                      /* 0x000059000c0c7a20 */
                                                                                       /* 0x010fc80000400000 */
        /*06e0*/                   FFMA R13, R12, R13, R15 ;                           /* 0x0000000d0c0d7223 */
                                                                                       /* 0x008fca000000000f */
        /*06f0*/                   STG.E [R2.64], R13 ;                                /* 0x0000000d02007986 */
                                                                                       /* 0x0007e8000c101908 */
        /*0700*/                   LDG.E R11, [R4.64+0x20] ;                           /* 0x00002008040b7981 */
                                                                                       /* 0x002f28000c1e1900 */
        /*0710*/                   LDG.E R14, [R6.64+0x20] ;                           /* 0x00002008060e7981 */
                                                                                       /* 0x000ea2000c1e1900 */
        /*0720*/                   FMUL R12, R11, c[0x0][0x164] ;                      /* 0x000059000b0c7a20 */
                                                                                       /* 0x010fc80000400000 */
        /*0730*/                   FFMA R11, R12, R14, R13 ;                           /* 0x0000000e0c0b7223 */
                                                                                       /* 0x004fca000000000d */
        /*0740*/                   STG.E [R2.64], R11 ;                                /* 0x0000000b02007986 */
                                                                                       /* 0x0003e8000c101908 */
        /*0750*/                   LDG.E R12, [R4.64+0x24] ;                           /* 0x00002408040c7981 */
                                                                                       /* 0x000ea8000c1e1900 */
        /*0760*/                   LDG.E R14, [R6.64+0x24] ;                           /* 0x00002408060e7981 */
                                                                                       /* 0x000f22000c1e1900 */
        /*0770*/                   FMUL R12, R12, c[0x0][0x164] ;                      /* 0x000059000c0c7a20 */
                                                                                       /* 0x004fc80000400000 */
        /*0780*/                   FFMA R15, R12, R14, R11 ;                           /* 0x0000000e0c0f7223 */
                                                                                       /* 0x010fca000000000b */
        /*0790*/                   STG.E [R2.64], R15 ;                                /* 0x0000000f02007986 */
                                                                                       /* 0x0005e8000c101908 */
        /*07a0*/                   LDG.E R12, [R4.64+0x28] ;                           /* 0x00002808040c7981 */
                                                                                       /* 0x000f28000c1e1900 */
        /*07b0*/                   LDG.E R13, [R6.64+0x28] ;                           /* 0x00002808060d7981 */
                                                                                       /* 0x008ee2000c1e1900 */
        /*07c0*/                   FMUL R12, R12, c[0x0][0x164] ;                      /* 0x000059000c0c7a20 */
                                                                                       /* 0x010fc80000400000 */
        /*07d0*/                   FFMA R13, R12, R13, R15 ;                           /* 0x0000000d0c0d7223 */
                                                                                       /* 0x008fca000000000f */
        /*07e0*/                   STG.E [R2.64], R13 ;                                /* 0x0000000d02007986 */
                                                                                       /* 0x0007e8000c101908 */
        /*07f0*/                   LDG.E R11, [R4.64+0x2c] ;                           /* 0x00002c08040b7981 */
                                                                                       /* 0x002f28000c1e1900 */
        /*0800*/                   LDG.E R14, [R6.64+0x2c] ;                           /* 0x00002c08060e7981 */
                                                                                       /* 0x000ea2000c1e1900 */
        /*0810*/                   FMUL R12, R11, c[0x0][0x164] ;                      /* 0x000059000b0c7a20 */
                                                                                       /* 0x010fc80000400000 */
        /*0820*/                   FFMA R17, R12, R14, R13 ;                           /* 0x0000000e0c117223 */
                                                                                       /* 0x004fca000000000d */
        /*0830*/                   STG.E [R2.64], R17 ;                                /* 0x0000001102007986 */
                                                                                       /* 0x0003e8000c101908 */
        /*0840*/                   LDG.E R11, [R4.64+0x30] ;                           /* 0x00003008040b7981 */
                                                                                       /* 0x000ea8000c1e1900 */
        /*0850*/                   LDG.E R14, [R6.64+0x30] ;                           /* 0x00003008060e7981 */
                                                                                       /* 0x000f22000c1e1900 */
        /*0860*/                   FMUL R12, R11, c[0x0][0x164] ;                      /* 0x000059000b0c7a20 */
                                                                                       /* 0x004fc80000400000 */
        /*0870*/                   FFMA R15, R12, R14, R17 ;                           /* 0x0000000e0c0f7223 */
                                                                                       /* 0x010fca0000000011 */
        /*0880*/                   STG.E [R2.64], R15 ;                                /* 0x0000000f02007986 */
                                                                                       /* 0x0003e8000c101908 */
        /*0890*/                   LDG.E R11, [R4.64+0x34] ;                           /* 0x00003408040b7981 */
                                                                                       /* 0x000528000c1e1900 */
        /*08a0*/                   LDG.E R13, [R6.64+0x34] ;                           /* 0x00003408060d7981 */
                                                                                       /* 0x008722000c1e1900 */
        /*08b0*/                   UIADD3 UR4, UR4, 0x10, URZ ;                        /* 0x0000001004047890 */
                                                                                       /* 0x000fe2000fffe03f */
        /*08c0*/                   IADD3 R4, P2, R4, 0x40, RZ ;                        /* 0x0000004004047810 */
                                                                                       /* 0x004fca0007f5e0ff */
        /*08d0*/                   ISETP.LE.AND P1, PT, R16, UR4, PT ;                 /* 0x0000000410007c0c */
                                                                                       /* 0x000fe4000bf23270 */
        /*08e0*/                   IADD3 R6, P3, R6, 0x40, RZ ;                        /* 0x0000004006067810 */
                                                                                       /* 0x008fe40007f7e0ff */
        /*08f0*/                   IADD3.X R5, RZ, R5, RZ, P2, !PT ;                   /* 0x00000005ff057210 */
                                                                                       /* 0x000fe400017fe4ff */
        /*0900*/                   IADD3.X R7, RZ, R7, RZ, P3, !PT ;                   /* 0x00000007ff077210 */
                                                                                       /* 0x000fe20001ffe4ff */
        /*0910*/                   FMUL R12, R11, c[0x0][0x164] ;                      /* 0x000059000b0c7a20 */
                                                                                       /* 0x010fc80000400000 */
        /*0920*/                   FFMA R11, R12, R13, R15 ;                           /* 0x0000000d0c0b7223 */
                                                                                       /* 0x000fca000000000f */
        /*0930*/                   STG.E [R2.64], R11 ;                                /* 0x0000000b02007986 */
                                                                                       /* 0x0003e2000c101908 */
        /*0940*/              @!P1 BRA 0x3e0 ;                                         /* 0xfffffa9000009947 */
                                                                                       /* 0x000fea000383ffff */
        /*0950*/                   IADD3 R12, R10, -UR4, RZ ;                          /* 0x800000040a0c7c10 */
                                                                                       /* 0x000fc8000fffe0ff */
        /*0960*/                   ISETP.GT.AND P1, PT, R12, 0x4, PT ;                 /* 0x000000040c00780c */
                                                                                       /* 0x000fda0003f24270 */
        /*0970*/              @!P1 BRA 0xc60 ;                                         /* 0x000002e000009947 */
                                                                                       /* 0x000fea0003800000 */
        /*0980*/                   LDG.E R12, [R4.64+-0x8] ;                           /* 0xfffff808040c7981 */
                                                                                       /* 0x000ea8000c1e1900 */
        /*0990*/                   LDG.E R13, [R6.64+-0x8] ;                           /* 0xfffff808060d7981 */
                                                                                       /* 0x000ee2000c1e1900 */
        /*09a0*/                   FMUL R12, R12, c[0x0][0x164] ;                      /* 0x000059000c0c7a20 */
                                                                                       /* 0x004fc80000400000 */
        /*09b0*/                   FFMA R13, R12, R13, R11 ;                           /* 0x0000000d0c0d7223 */
                                                                                       /* 0x028fca000000000b */
        /*09c0*/                   STG.E [R2.64], R13 ;                                /* 0x0000000d02007986 */
                                                                                       /* 0x0005e8000c101908 */
        /*09d0*/                   LDG.E R11, [R4.64+-0x4] ;                           /* 0xfffffc08040b7981 */
                                                                                       /* 0x002ee8000c1e1900 */
        /*09e0*/                   LDG.E R14, [R6.64+-0x4] ;                           /* 0xfffffc08060e7981 */
                                                                                       /* 0x000f22000c1e1900 */
        /*09f0*/                   FMUL R12, R11, c[0x0][0x164] ;                      /* 0x000059000b0c7a20 */
                                                                                       /* 0x008fc80000400000 */
        /*0a00*/                   FFMA R11, R12, R14, R13 ;                           /* 0x0000000e0c0b7223 */
                                                                                       /* 0x010fca000000000d */
        /*0a10*/                   STG.E [R2.64], R11 ;                                /* 0x0000000b02007986 */
                                                                                       /* 0x0003e8000c101908 */
        /*0a20*/                   LDG.E R12, [R4.64] ;                                /* 0x00000008040c7981 */
                                                                                       /* 0x000ee8000c1e1900 */
        /*0a30*/                   LDG.E R14, [R6.64] ;                                /* 0x00000008060e7981 */
                                                                                       /* 0x000f22000c1e1900 */
        /*0a40*/                   FMUL R12, R12, c[0x0][0x164] ;                      /* 0x000059000c0c7a20 */
                                                                                       /* 0x008fc80000400000 */
        /*0a50*/                   FFMA R15, R12, R14, R11 ;                           /* 0x0000000e0c0f7223 */
                                                                                       /* 0x010fca000000000b */
        /*0a60*/                   STG.E [R2.64], R15 ;                                /* 0x0000000f02007986 */
                                                                                       /* 0x0007e8000c101908 */
        /*0a70*/                   LDG.E R12, [R4.64+0x4] ;                            /* 0x00000408040c7981 */
                                                                                       /* 0x000f28000c1e1900 */
        /*0a80*/                   LDG.E R13, [R6.64+0x4] ;                            /* 0x00000408060d7981 */
                                                                                       /* 0x004ea2000c1e1900 */
        /*0a90*/                   FMUL R12, R12, c[0x0][0x164] ;                      /* 0x000059000c0c7a20 */
                                                                                       /* 0x010fc80000400000 */
        /*0aa0*/                   FFMA R13, R12, R13, R15 ;                           /* 0x0000000d0c0d7223 */
                                                                                       /* 0x004fca000000000f */
        /*0ab0*/                   STG.E [R2.64], R13 ;                                /* 0x0000000d02007986 */
                                                                                       /* 0x0005e8000c101908 */
        /*0ac0*/                   LDG.E R11, [R4.64+0x8] ;                            /* 0x00000808040b7981 */
                                                                                       /* 0x002f28000c1e1900 */
        /*0ad0*/                   LDG.E R14, [R6.64+0x8] ;                            /* 0x00000808060e7981 */
                                                                                       /* 0x000ea2000c1e1900 */
        /*0ae0*/                   FMUL R12, R11, c[0x0][0x164] ;                      /* 0x000059000b0c7a20 */
                                                                                       /* 0x010fc80000400000 */
        /*0af0*/                   FFMA R11, R12, R14, R13 ;                           /* 0x0000000e0c0b7223 */
                                                                                       /* 0x004fca000000000d */
        /*0b00*/                   STG.E [R2.64], R11 ;                                /* 0x0000000b02007986 */
                                                                                       /* 0x0003e8000c101908 */
        /*0b10*/                   LDG.E R12, [R4.64+0xc] ;                            /* 0x00000c08040c7981 */
                                                                                       /* 0x000ea8000c1e1900 */
        /*0b20*/                   LDG.E R14, [R6.64+0xc] ;                            /* 0x00000c08060e7981 */
                                                                                       /* 0x000ee2000c1e1900 */
        /*0b30*/                   FMUL R12, R12, c[0x0][0x164] ;                      /* 0x000059000c0c7a20 */
                                                                                       /* 0x004fc80000400000 */
        /*0b40*/                   FFMA R15, R12, R14, R11 ;                           /* 0x0000000e0c0f7223 */
                                                                                       /* 0x008fca000000000b */
        /*0b50*/                   STG.E [R2.64], R15 ;                                /* 0x0000000f02007986 */
                                                                                       /* 0x0005e8000c101908 */
        /*0b60*/                   LDG.E R12, [R4.64+0x10] ;                           /* 0x00001008040c7981 */
                                                                                       /* 0x000ee8000c1e1900 */
        /*0b70*/                   LDG.E R13, [R6.64+0x10] ;                           /* 0x00001008060d7981 */
                                                                                       /* 0x000f22000c1e1900 */
        /*0b80*/                   FMUL R12, R12, c[0x0][0x164] ;                      /* 0x000059000c0c7a20 */
                                                                                       /* 0x008fc80000400000 */
        /*0b90*/                   FFMA R13, R12, R13, R15 ;                           /* 0x0000000d0c0d7223 */
                                                                                       /* 0x010fca000000000f */
        /*0ba0*/                   STG.E [R2.64], R13 ;                                /* 0x0000000d02007986 */
                                                                                       /* 0x0005e8000c101908 */
        /*0bb0*/                   LDG.E R11, [R4.64+0x14] ;                           /* 0x00001408040b7981 */
                                                                                       /* 0x0022e8000c1e1900 */
        /*0bc0*/                   LDG.E R14, [R6.64+0x14] ;                           /* 0x00001408060e7981 */
                                                                                       /* 0x0008a2000c1e1900 */
        /*0bd0*/                   PLOP3.LUT P0, PT, PT, PT, PT, 0x8, 0x0 ;            /* 0x000000000000781c */
                                                                                       /* 0x000fe20003f0e170 */
        /*0be0*/                   UIADD3 UR4, UR4, 0x8, URZ ;                         /* 0x0000000804047890 */
                                                                                       /* 0x000fe2000fffe03f */
        /*0bf0*/                   IADD3 R4, P1, R4, 0x20, RZ ;                        /* 0x0000002004047810 */
                                                                                       /* 0x002fc40007f3e0ff */
        /*0c00*/                   IADD3 R6, P2, R6, 0x20, RZ ;                        /* 0x0000002006067810 */
                                                                                       /* 0x010fe40007f5e0ff */
        /*0c10*/                   IADD3.X R5, RZ, R5, RZ, P1, !PT ;                   /* 0x00000005ff057210 */
                                                                                       /* 0x000fe40000ffe4ff */
        /*0c20*/                   IADD3.X R7, RZ, R7, RZ, P2, !PT ;                   /* 0x00000007ff077210 */
                                                                                       /* 0x000fe200017fe4ff */
        /*0c30*/                   FMUL R12, R11, c[0x0][0x164] ;                      /* 0x000059000b0c7a20 */
                                                                                       /* 0x008fc80000400000 */
        /*0c40*/                   FFMA R11, R12, R14, R13 ;                           /* 0x0000000e0c0b7223 */
                                                                                       /* 0x004fca000000000d */
        /*0c50*/                   STG.E [R2.64], R11 ;                                /* 0x0000000b02007986 */
                                                                                       /* 0x0003e4000c101908 */
        /*0c60*/                   ISETP.NE.U32.OR P0, PT, R10, UR4, P0 ;              /* 0x000000040a007c0c */
                                                                                       /* 0x000fe40008705470 */
        /*0c70*/                   ISETP.NE.U32.AND P1, PT, R0, RZ, PT ;               /* 0x000000ff0000720c */
                                                                                       /* 0x000fd60003f25070 */
        /*0c80*/              @!P0 BRA 0xe40 ;                                         /* 0x000001b000008947 */
                                                                                       /* 0x000fea0003800000 */
        /*0c90*/                   LDG.E R12, [R4.64+-0x8] ;                           /* 0xfffff808040c7981 */
                                                                                       /* 0x000ea8000c1e1900 */
        /*0ca0*/                   LDG.E R13, [R6.64+-0x8] ;                           /* 0xfffff808060d7981 */
                                                                                       /* 0x000ee2000c1e1900 */
        /*0cb0*/                   FMUL R12, R12, c[0x0][0x164] ;                      /* 0x000059000c0c7a20 */
                                                                                       /* 0x004fc80000400000 */
        /*0cc0*/                   FFMA R13, R12, R13, R11 ;                           /* 0x0000000d0c0d7223 */
                                                                                       /* 0x028fca000000000b */
        /*0cd0*/                   STG.E [R2.64], R13 ;                                /* 0x0000000d02007986 */
                                                                                       /* 0x0005e8000c101908 */
        /*0ce0*/                   LDG.E R11, [R4.64+-0x4] ;                           /* 0xfffffc08040b7981 */
                                                                                       /* 0x002ee8000c1e1900 */
        /*0cf0*/                   LDG.E R14, [R6.64+-0x4] ;                           /* 0xfffffc08060e7981 */
                                                                                       /* 0x000f22000c1e1900 */
        /*0d00*/                   FMUL R12, R11, c[0x0][0x164] ;                      /* 0x000059000b0c7a20 */
                                                                                       /* 0x008fc80000400000 */
        /*0d10*/                   FFMA R15, R12, R14, R13 ;                           /* 0x0000000e0c0f7223 */
                                                                                       /* 0x010fca000000000d */
        /*0d20*/                   STG.E [R2.64], R15 ;                                /* 0x0000000f02007986 */
                                                                                       /* 0x0003e8000c101908 */
        /*0d30*/                   LDG.E R11, [R4.64] ;                                /* 0x00000008040b7981 */
                                                                                       /* 0x000ee8000c1e1900 */
        /*0d40*/                   LDG.E R14, [R6.64] ;                                /* 0x00000008060e7981 */
                                                                                       /* 0x000f22000c1e1900 */
        /*0d50*/                   FMUL R12, R11, c[0x0][0x164] ;                      /* 0x000059000b0c7a20 */
                                                                                       /* 0x008fc80000400000 */
        /*0d60*/                   FFMA R17, R12, R14, R15 ;                           /* 0x0000000e0c117223 */
                                                                                       /* 0x010fca000000000f */
        /*0d70*/                   STG.E [R2.64], R17 ;                                /* 0x0000001102007986 */
                                                                                       /* 0x0003e8000c101908 */
        /*0d80*/                   LDG.E R11, [R4.64+0x4] ;                            /* 0x00000408040b7981 */
                                                                                       /* 0x000728000c1e1900 */
        /*0d90*/                   LDG.E R13, [R6.64+0x4] ;                            /* 0x00000408060d7981 */
                                                                                       /* 0x004522000c1e1900 */
        /*0da0*/                   UIADD3 UR4, UR4, 0x4, URZ ;                         /* 0x0000000404047890 */
                                                                                       /* 0x000fe2000fffe03f */
        /*0db0*/                   IADD3 R4, P2, R4, 0x10, RZ ;                        /* 0x0000001004047810 */
                                                                                       /* 0x008fca0007f5e0ff */
        /*0dc0*/                   ISETP.NE.U32.AND P0, PT, R10, UR4, PT ;             /* 0x000000040a007c0c */
                                                                                       /* 0x000fe4000bf05070 */
        /*0dd0*/                   IADD3 R6, P3, R6, 0x10, RZ ;                        /* 0x0000001006067810 */
                                                                                       /* 0x004fe40007f7e0ff */
        /*0de0*/                   IADD3.X R5, RZ, R5, RZ, P2, !PT ;                   /* 0x00000005ff057210 */
                                                                                       /* 0x000fe400017fe4ff */
        /*0df0*/                   IADD3.X R7, RZ, R7, RZ, P3, !PT ;                   /* 0x00000007ff077210 */
                                                                                       /* 0x000fe20001ffe4ff */
        /*0e00*/                   FMUL R12, R11, c[0x0][0x164] ;                      /* 0x000059000b0c7a20 */
                                                                                       /* 0x010fc80000400000 */
        /*0e10*/                   FFMA R11, R12, R13, R17 ;                           /* 0x0000000d0c0b7223 */
                                                                                       /* 0x000fca0000000011 */
        /*0e20*/                   STG.E [R2.64], R11 ;                                /* 0x0000000b02007986 */
                                                                                       /* 0x0003e2000c101908 */
        /*0e30*/               @P0 BRA 0xc90 ;                                         /* 0xfffffe5000000947 */
                                                                                       /* 0x000fea000383ffff */
        /*0e40*/              @!P1 EXIT ;                                              /* 0x000000000000994d */
                                                                                       /* 0x000fea0003800000 */
        /*0e50*/                   IADD3 R4, P0, R9, R10, RZ ;                         /* 0x0000000a09047210 */
                                                                                       /* 0x000fe20007f1e0ff */
        /*0e60*/                   IMAD.WIDE.U32 R8, R10, R8, c[0x0][0x178] ;          /* 0x00005e000a087625 */
                                                                                       /* 0x000fc600078e0008 */
        /*0e70*/                   LEA R10, P1, R4.reuse, c[0x0][0x170], 0x2 ;         /* 0x00005c00040a7a11 */
                                                                                       /* 0x040fe400078210ff */
        /*0e80*/                   IADD3.X R5, RZ, RZ, RZ, P0, !PT ;                   /* 0x000000ffff057210 */
                                                                                       /* 0x000fe400007fe4ff */
        /*0e90*/                   MOV R13, R9 ;                                       /* 0x00000009000d7202 */
                                                                                       /* 0x000fe40000000f00 */
        /*0ea0*/                   LEA.HI.X R9, R4, c[0x0][0x174], R5, 0x2, P1 ;       /* 0x00005d0004097a11 */
                                                                                       /* 0x000fe400008f1405 */
        /*0eb0*/                   MOV R4, R10 ;                                       /* 0x0000000a00047202 */
                                                                                       /* 0x000fe40000000f00 */
        /*0ec0*/                   MOV R5, R9 ;                                        /* 0x0000000900057202 */
                                                                                       /* 0x000fca0000000f00 */
        /*0ed0*/                   LDG.E R6, [R4.64] ;                                 /* 0x0000000804067981 */
                                                                                       /* 0x0004e4000c1e1900 */
        /*0ee0*/                   MOV R4, R8 ;                                        /* 0x0000000800047202 */
                                                                                       /* 0x004fe40000000f00 */
        /*0ef0*/                   MOV R5, R13 ;                                       /* 0x0000000d00057202 */
                                                                                       /* 0x000fca0000000f00 */
        /*0f00*/                   LDG.E R7, [R4.64] ;                                 /* 0x0000000804077981 */
                                                                                       /* 0x000ea2000c1e1900 */
        /*0f10*/                   IADD3 R0, R0, -0x1, RZ ;                            /* 0xffffffff00007810 */
                                                                                       /* 0x000fe40007ffe0ff */
        /*0f20*/                   IADD3 R8, P1, R8, 0x4, RZ ;                         /* 0x0000000408087810 */
                                                                                       /* 0x000fe40007f3e0ff */
        /*0f30*/                   ISETP.NE.U32.AND P0, PT, R0, RZ, PT ;               /* 0x000000ff0000720c */
                                                                                       /* 0x000fe40003f05070 */
        /*0f40*/                   IADD3 R10, P2, R10, 0x4, RZ ;                       /* 0x000000040a0a7810 */
                                                                                       /* 0x000fe40007f5e0ff */
        /*0f50*/                   IADD3.X R13, RZ, R13, RZ, P1, !PT ;                 /* 0x0000000dff0d7210 */
                                                                                       /* 0x000fe40000ffe4ff */
        /*0f60*/                   IADD3.X R9, RZ, R9, RZ, P2, !PT ;                   /* 0x00000009ff097210 */
                                                                                       /* 0x000fe200017fe4ff */
        /*0f70*/                   FMUL R6, R6, c[0x0][0x164] ;                        /* 0x0000590006067a20 */
                                                                                       /* 0x008fc80000400000 */
        /*0f80*/                   FFMA R11, R6, R7, R11 ;                             /* 0x00000007060b7223 */
                                                                                       /* 0x026fca000000000b */
        /*0f90*/                   STG.E [R2.64], R11 ;                                /* 0x0000000b02007986 */
                                                                                       /* 0x0003e2000c101908 */
        /*0fa0*/               @P0 BRA 0xeb0 ;                                         /* 0xffffff0000000947 */
                                                                                       /* 0x000fea000383ffff */
        /*0fb0*/                   EXIT ;                                              /* 0x000000000000794d */
                                                                                       /* 0x000fea0003800000 */
        /*0fc0*/                   BRA 0xfc0;                                          /* 0xfffffff000007947 */
                                                                                       /* 0x000fc0000383ffff */
        /*0fd0*/                   NOP;                                                /* 0x0000000000007918 */
                                                                                       /* 0x000fc00000000000 */
        /*0fe0*/                   NOP;                                                /* 0x0000000000007918 */
                                                                                       /* 0x000fc00000000000 */
        /*0ff0*/                   NOP;                                                /* 0x0000000000007918 */
                                                                                       /* 0x000fc00000000000 */
        /*1000*/                   NOP;                                                /* 0x0000000000007918 */
                                                                                       /* 0x000fc00000000000 */
        /*1010*/                   NOP;                                                /* 0x0000000000007918 */
                                                                                       /* 0x000fc00000000000 */
        /*1020*/                   NOP;                                                /* 0x0000000000007918 */
                                                                                       /* 0x000fc00000000000 */
        /*1030*/                   NOP;                                                /* 0x0000000000007918 */
                                                                                       /* 0x000fc00000000000 */
        /*1040*/                   NOP;                                                /* 0x0000000000007918 */
                                                                                       /* 0x000fc00000000000 */
        /*1050*/                   NOP;                                                /* 0x0000000000007918 */
                                                                                       /* 0x000fc00000000000 */
        /*1060*/                   NOP;                                                /* 0x0000000000007918 */
                                                                                       /* 0x000fc00000000000 */
        /*1070*/                   NOP;                                                /* 0x0000000000007918 */
                                                                                       /* 0x000fc00000000000 */
		..........


		Function : _Z14gemver_kernel2iffPfS_S_S___noalias
	.headerflags	@"EF_CUDA_TEXMODE_UNIFIED EF_CUDA_64BIT_ADDRESS EF_CUDA_SM86 EF_CUDA_VIRTUAL_SM(EF_CUDA_SM86)"
        /*0000*/                   MOV R1, c[0x0][0x28] ;                              /* 0x00000a0000017a02 */
                                                                                       /* 0x000fe40000000f00 */
        /*0010*/                   S2R R0, SR_CTAID.X ;                                /* 0x0000000000007919 */
                                                                                       /* 0x000e280000002500 */
        /*0020*/                   S2R R3, SR_TID.X ;                                  /* 0x0000000000037919 */
                                                                                       /* 0x000e240000002100 */
        /*0030*/                   IMAD R0, R0, c[0x0][0x0], R3 ;                      /* 0x0000000000007a24 */
                                                                                       /* 0x001fca00078e0203 */
        /*0040*/                   ISETP.GE.AND P0, PT, R0, c[0x0][0x160], PT ;        /* 0x0000580000007a0c */
                                                                                       /* 0x000fda0003f06270 */
        /*0050*/               @P0 EXIT ;                                              /* 0x000000000000094d */
                                                                                       /* 0x000fea0003800000 */
        /*0060*/                   MOV R4, c[0x0][0x160] ;                             /* 0x0000580000047a02 */
                                                                                       /* 0x000fe20000000f00 */
        /*0070*/                   ULDC.64 UR8, c[0x0][0x118] ;                        /* 0x0000460000087ab9 */
                                                                                       /* 0x000fe20000000a00 */
        /*0080*/                   MOV R11, 0x4 ;                                      /* 0x00000004000b7802 */
                                                                                       /* 0x000fe40000000f00 */
        /*0090*/                   ISETP.GE.AND P0, PT, R4, 0x1, PT ;                  /* 0x000000010400780c */
                                                                                       /* 0x000fc60003f06270 */
        /*00a0*/                   IMAD.WIDE R2, R0, R11, c[0x0][0x178] ;              /* 0x00005e0000027625 */
                                                                                       /* 0x000fe200078e020b */
        /*00b0*/                   SHF.R.S32.HI R13, RZ, 0x1f, R0 ;                    /* 0x0000001fff0d7819 */
                                                                                       /* 0x000fc80000011400 */
        /*00c0*/                   LDG.E R25, [R2.64] ;                                /* 0x0000000802197981 */
                                                                                       /* 0x00016a000c1e1900 */
        /*00d0*/              @!P0 BRA 0xe10 ;                                         /* 0x00000d3000008947 */
                                                                                       /* 0x000fea0003800000 */
        /*00e0*/                   ISETP.GE.U32.AND P0, PT, R4.reuse, 0x4, PT ;        /* 0x000000040400780c */
                                                                                       /* 0x040fe40003f06070 */
        /*00f0*/                   LOP3.LUT R12, R4, 0x3, RZ, 0xc0, !PT ;              /* 0x00000003040c7812 */
                                                                                       /* 0x000fe400078ec0ff */
        /*0100*/                   MOV R14, RZ ;                                       /* 0x000000ff000e7202 */
                                                                                       /* 0x000fd20000000f00 */
        /*0110*/              @!P0 BRA 0xcf0 ;                                         /* 0x00000bd000008947 */
                                                                                       /* 0x000fea0003800000 */
        /*0120*/                   LOP3.LUT R14, R4, 0x7ffffffc, RZ, 0xc0, !PT ;       /* 0x7ffffffc040e7812 */
                                                                                       /* 0x000fe200078ec0ff */
        /*0130*/                   ULDC.64 UR6, c[0x0][0x180] ;                        /* 0x0000600000067ab9 */
                                                                                       /* 0x000fe20000000a00 */
        /*0140*/                   PLOP3.LUT P0, PT, PT, PT, PT, 0x80, 0x0 ;           /* 0x000000000000781c */
                                                                                       /* 0x000fe20003f0f070 */
        /*0150*/                   UIADD3 UR6, UP0, UR6, 0x8, URZ ;                    /* 0x0000000806067890 */
                                                                                       /* 0x000fe2000ff1e03f */
        /*0160*/                   ISETP.GT.U32.AND P1, PT, R14, RZ, PT ;              /* 0x000000ff0e00720c */
                                                                                       /* 0x000fe20003f24070 */
        /*0170*/                   UMOV UR4, URZ ;                                     /* 0x0000003f00047c82 */
                                                                                       /* 0x000fe20008000000 */
        /*0180*/                   MOV R10, R0 ;                                       /* 0x00000000000a7202 */
                                                                                       /* 0x000fe20000000f00 */
        /*0190*/                   UIADD3.X UR7, URZ, UR7, URZ, UP0, !UPT ;            /* 0x000000073f077290 */
                                                                                       /* 0x000fe400087fe43f */
        /*01a0*/                   MOV R4, UR6 ;                                       /* 0x0000000600047c02 */
                                                                                       /* 0x000fc80008000f00 */
        /*01b0*/                   MOV R5, UR7 ;                                       /* 0x0000000700057c02 */
                                                                                       /* 0x000fc80008000f00 */
        /*01c0*/               @P1 BRA 0x350 ;                                         /* 0x0000018000001947 */
                                                                                       /* 0x000fea0003800000 */
        /*01d0*/                   IMAD.WIDE R6, R10, R11, c[0x0][0x170] ;             /* 0x00005c000a067625 */
                                                                                       /* 0x000fe200078e020b */
        /*01e0*/                   LDG.E.CONSTANT R9, [R4.64+-0x8] ;                   /* 0xfffff80804097981 */
                                                                                       /* 0x000ea8000c1e9900 */
        /*01f0*/                   LDG.E.CONSTANT R8, [R6.64] ;                        /* 0x0000000806087981 */
                                                                                       /* 0x000ee8000c1e9900 */
        /*0200*/                   LDG.E.CONSTANT R15, [R6.64+0x4000] ;                /* 0x00400008060f7981 */
                                                                                       /* 0x000f28000c1e9900 */
        /*0210*/                   LDG.E.CONSTANT R16, [R4.64+-0x4] ;                  /* 0xfffffc0804107981 */
                                                                                       /* 0x000f28000c1e9900 */
        /*0220*/                   LDG.E.CONSTANT R17, [R6.64+0x8000] ;                /* 0x0080000806117981 */
                                                                                       /* 0x000f28000c1e9900 */
        /*0230*/                   LDG.E.CONSTANT R18, [R4.64] ;                       /* 0x0000000804127981 */
                                                                                       /* 0x000f28000c1e9900 */
        /*0240*/                   LDG.E.CONSTANT R19, [R6.64+0xc000] ;                /* 0x00c0000806137981 */
                                                                                       /* 0x000328000c1e9900 */
        /*0250*/                   LDG.E.CONSTANT R20, [R4.64+0x4] ;                   /* 0x0000040804147981 */
                                                                                       /* 0x000122000c1e9900 */
        /*0260*/                   PLOP3.LUT P0, PT, PT, PT, PT, 0x8, 0x0 ;            /* 0x000000000000781c */
                                                                                       /* 0x000fc40003f0e170 */
        /*0270*/                   IADD3 R10, R10, 0x4000, RZ ;                        /* 0x000040000a0a7810 */
                                                                                       /* 0x000fe20007ffe0ff */
        /*0280*/                   UMOV UR4, 0x4 ;                                     /* 0x0000000400047882 */
                                                                                       /* 0x000fe20000000000 */
        /*0290*/                   FMUL R8, R8, c[0x0][0x168] ;                        /* 0x00005a0008087a20 */
                                                                                       /* 0x008fc80000400000 */
        /*02a0*/                   FFMA R8, R8, R9, R25 ;                              /* 0x0000000908087223 */
                                                                                       /* 0x024fe20000000019 */
        /*02b0*/                   FMUL R15, R15, c[0x0][0x168] ;                      /* 0x00005a000f0f7a20 */
                                                                                       /* 0x010fe20000400000 */
        /*02c0*/                   IADD3 R9, P1, R4, 0x10, RZ ;                        /* 0x0000001004097810 */
                                                                                       /* 0x000fc60007f3e0ff */
        /*02d0*/                   FFMA R8, R15, R16, R8 ;                             /* 0x000000100f087223 */
                                                                                       /* 0x000fe20000000008 */
        /*02e0*/                   FMUL R17, R17, c[0x0][0x168] ;                      /* 0x00005a0011117a20 */
                                                                                       /* 0x000fe20000400000 */
        /*02f0*/                   IADD3.X R6, RZ, R5, RZ, P1, !PT ;                   /* 0x00000005ff067210 */
                                                                                       /* 0x002fc60000ffe4ff */
        /*0300*/                   FFMA R8, R17, R18, R8 ;                             /* 0x0000001211087223 */
                                                                                       /* 0x000fe20000000008 */
        /*0310*/                   FMUL R19, R19, c[0x0][0x168] ;                      /* 0x00005a0013137a20 */
                                                                                       /* 0x000fe20000400000 */
        /*0320*/                   MOV R4, R9 ;                                        /* 0x0000000900047202 */
                                                                                       /* 0x001fe40000000f00 */
        /*0330*/                   MOV R5, R6 ;                                        /* 0x0000000600057202 */
                                                                                       /* 0x000fe20000000f00 */
        /*0340*/                   FFMA R25, R19, R20, R8 ;                            /* 0x0000001413197223 */
                                                                                       /* 0x000fe20000000008 */
        /*0350*/                   IADD3 R6, R14, -UR4, RZ ;                           /* 0x800000040e067c10 */
                                                                                       /* 0x000fc8000fffe0ff */
        /*0360*/                   ISETP.GT.AND P1, PT, R6, 0xc, PT ;                  /* 0x0000000c0600780c */
                                                                                       /* 0x000fda0003f24270 */
        /*0370*/              @!P1 BRA 0x870 ;                                         /* 0x000004f000009947 */
                                                                                       /* 0x000fea0003800000 */
        /*0380*/                   PLOP3.LUT P0, PT, PT, PT, PT, 0x8, 0x0 ;            /* 0x000000000000781c */
                                                                                       /* 0x000fe40003f0e170 */
        /*0390*/                   IADD3 R32, R14, -0xc, RZ ;                          /* 0xfffffff40e207810 */
                                                                                       /* 0x000fe40007ffe0ff */
        /*03a0*/                   IMAD.WIDE R6, R10.reuse, R11, c[0x0][0x170] ;       /* 0x00005c000a067625 */
                                                                                       /* 0x040fe200078e020b */
        /*03b0*/                   LDG.E.CONSTANT R28, [R4.64+-0x8] ;                  /* 0xfffff808041c7981 */
                                                                                       /* 0x000ea8000c1e9900 */
        /*03c0*/                   LDG.E.CONSTANT R23, [R6.64] ;                       /* 0x0000000806177981 */
                                                                                       /* 0x0002e8000c1e9900 */
        /*03d0*/                   LDG.E.CONSTANT R26, [R6.64+0x4000] ;                /* 0x00400008061a7981 */
                                                                                       /* 0x000322000c1e9900 */
        /*03e0*/                   IADD3 R8, R10, 0x4000, RZ ;                         /* 0x000040000a087810 */
                                                                                       /* 0x000fc60007ffe0ff */
        /*03f0*/                   LDG.E.CONSTANT R29, [R4.64+-0x4] ;                  /* 0xfffffc08041d7981 */
                                                                                       /* 0x000f28000c1e9900 */
        /*0400*/                   LDG.E.CONSTANT R30, [R6.64+0x8000] ;                /* 0x00800008061e7981 */
                                                                                       /* 0x000328000c1e9900 */
        /*0410*/                   LDG.E.CONSTANT R31, [R4.64] ;                       /* 0x00000008041f7981 */
                                                                                       /* 0x000f28000c1e9900 */
        /*0420*/                   LDG.E.CONSTANT R33, [R6.64+0xc000] ;                /* 0x00c0000806217981 */
                                                                                       /* 0x000322000c1e9900 */
        /*0430*/                   IMAD.WIDE R8, R8, R11, c[0x0][0x170] ;              /* 0x00005c0008087625 */
                                                                                       /* 0x000fc600078e020b */
        /*0440*/                   LDG.E.CONSTANT R15, [R4.64+0x4] ;                   /* 0x00000408040f7981 */
                                                                                       /* 0x000f28000c1e9900 */
        /*0450*/                   LDG.E.CONSTANT R16, [R8.64] ;                       /* 0x0000000808107981 */
                                                                                       /* 0x000128000c1e9900 */
        /*0460*/                   LDG.E.CONSTANT R17, [R4.64+0x8] ;                   /* 0x0000080804117981 */
                                                                                       /* 0x000f22000c1e9900 */
        /*0470*/                   IADD3 R24, R10, 0x8000, RZ ;                        /* 0x000080000a187810 */
                                                                                       /* 0x000fc60007ffe0ff */
        /*0480*/                   LDG.E.CONSTANT R18, [R8.64+0x4000] ;                /* 0x0040000808127981 */
                                                                                       /* 0x000128000c1e9900 */
        /*0490*/                   LDG.E.CONSTANT R19, [R4.64+0xc] ;                   /* 0x00000c0804137981 */
                                                                                       /* 0x000f22000c1e9900 */
        /*04a0*/                   IMAD.WIDE R6, R24, R11, c[0x0][0x170] ;             /* 0x00005c0018067625 */
                                                                                       /* 0x002fc600078e020b */
        /*04b0*/                   LDG.E.CONSTANT R20, [R8.64+0x8000] ;                /* 0x0080000808147981 */
                                                                                       /* 0x000128000c1e9900 */
        /*04c0*/                   LDG.E.CONSTANT R21, [R8.64+0xc000] ;                /* 0x00c0000808157981 */
                                                                                       /* 0x000128000c1e9900 */
        /*04d0*/                   LDG.E.CONSTANT R22, [R4.64+0x10] ;                  /* 0x0000100804167981 */
                                                                                       /* 0x000f28000c1e9900 */
        /*04e0*/                   LDG.E.CONSTANT R24, [R6.64] ;                       /* 0x0000000806187981 */
                                                                                       /* 0x000328000c1e9900 */
        /*04f0*/                   LDG.E.CONSTANT R27, [R6.64+0x4000] ;                /* 0x00400008061b7981 */
                                                                                       /* 0x000322000c1e9900 */
        /*0500*/                   IADD3 R8, R10, 0xc000, RZ ;                         /* 0x0000c0000a087810 */
                                                                                       /* 0x001fe20007ffe0ff */
        /*0510*/                   FMUL R34, R23, c[0x0][0x168] ;                      /* 0x00005a0017227a20 */
                                                                                       /* 0x008fc40000400000 */
        /*0520*/                   LDG.E.CONSTANT R23, [R4.64+0x14] ;                  /* 0x0000140804177981 */
                                                                                       /* 0x0000e4000c1e9900 */
        /*0530*/                   FFMA R34, R34, R28, R25 ;                           /* 0x0000001c22227223 */
                                                                                       /* 0x024fe20000000019 */
        /*0540*/                   FMUL R35, R26, c[0x0][0x168] ;                      /* 0x00005a001a237a20 */
                                                                                       /* 0x010fe20000400000 */
        /*0550*/                   LDG.E.CONSTANT R25, [R4.64+0x18] ;                  /* 0x0000180804197981 */
                                                                                       /* 0x0000a6000c1e9900 */
        /*0560*/                   FFMA R34, R35, R29, R34 ;                           /* 0x0000001d23227223 */
                                                                                       /* 0x000fe20000000022 */
        /*0570*/                   LDG.E.CONSTANT R26, [R6.64+0x8000] ;                /* 0x00800008061a7981 */
                                                                                       /* 0x000322000c1e9900 */
        /*0580*/                   FMUL R9, R30, c[0x0][0x168] ;                       /* 0x00005a001e097a20 */
                                                                                       /* 0x000fc60000400000 */
        /*0590*/                   LDG.E.CONSTANT R29, [R4.64+0x1c] ;                  /* 0x00001c08041d7981 */
                                                                                       /* 0x000122000c1e9900 */
        /*05a0*/                   FFMA R34, R9, R31, R34 ;                            /* 0x0000001f09227223 */
                                                                                       /* 0x000fe20000000022 */
        /*05b0*/                   IMAD.WIDE R8, R8, R11, c[0x0][0x170] ;              /* 0x00005c0008087625 */
                                                                                       /* 0x000fe400078e020b */
        /*05c0*/                   LDG.E.CONSTANT R28, [R6.64+0xc000] ;                /* 0x00c00008061c7981 */
                                                                                       /* 0x000322000c1e9900 */
        /*05d0*/                   FMUL R33, R33, c[0x0][0x168] ;                      /* 0x00005a0021217a20 */
                                                                                       /* 0x000fc60000400000 */
        /*05e0*/                   LDG.E.CONSTANT R30, [R4.64+0x20] ;                  /* 0x00002008041e7981 */
                                                                                       /* 0x000122000c1e9900 */
        /*05f0*/                   FFMA R34, R33, R15, R34 ;                           /* 0x0000000f21227223 */
                                                                                       /* 0x000fc60000000022 */
        /*0600*/                   LDG.E.CONSTANT R15, [R4.64+0x24] ;                  /* 0x00002408040f7981 */
                                                                                       /* 0x000128000c1e9900 */
        /*0610*/                   LDG.E.CONSTANT R6, [R8.64] ;                        /* 0x0000000808067981 */
                                                                                       /* 0x002322000c1e9900 */
        /*0620*/                   FMUL R7, R16, c[0x0][0x168] ;                       /* 0x00005a0010077a20 */
                                                                                       /* 0x000fc60000400000 */
        /*0630*/                   LDG.E.CONSTANT R31, [R4.64+0x28] ;                  /* 0x00002808041f7981 */
                                                                                       /* 0x000122000c1e9900 */
        /*0640*/                   FFMA R36, R7, R17, R34 ;                            /* 0x0000001107247223 */
                                                                                       /* 0x000fc60000000022 */
        /*0650*/                   LDG.E.CONSTANT R16, [R8.64+0x4000] ;                /* 0x0040000808107981 */
                                                                                       /* 0x000328000c1e9900 */
        /*0660*/                   LDG.E.CONSTANT R17, [R4.64+0x2c] ;                  /* 0x00002c0804117981 */
                                                                                       /* 0x000128000c1e9900 */
        /*0670*/                   LDG.E.CONSTANT R7, [R8.64+0x8000] ;                 /* 0x0080000808077981 */
                                                                                       /* 0x000328000c1e9900 */
        /*0680*/                   LDG.E.CONSTANT R34, [R8.64+0xc000] ;                /* 0x00c0000808227981 */
                                                                                       /* 0x000328000c1e9900 */
        /*0690*/                   LDG.E.CONSTANT R35, [R4.64+0x30] ;                  /* 0x0000300804237981 */
                                                                                       /* 0x000128000c1e9900 */
        /*06a0*/                   LDG.E.CONSTANT R33, [R4.64+0x34] ;                  /* 0x0000340804217981 */
                                                                                       /* 0x000122000c1e9900 */
        /*06b0*/                   FMUL R37, R18, c[0x0][0x168] ;                      /* 0x00005a0012257a20 */
                                                                                       /* 0x000fe20000400000 */
        /*06c0*/                   FMUL R20, R20, c[0x0][0x168] ;                      /* 0x00005a0014147a20 */
                                                                                       /* 0x000fc60000400000 */
        /*06d0*/                   FFMA R19, R37, R19, R36 ;                           /* 0x0000001325137223 */
                                                                                       /* 0x000fe20000000024 */
        /*06e0*/                   FMUL R21, R21, c[0x0][0x168] ;                      /* 0x00005a0015157a20 */
                                                                                       /* 0x000fc60000400000 */
        /*06f0*/                   FFMA R20, R20, R22, R19 ;                           /* 0x0000001614147223 */
                                                                                       /* 0x000fe20000000013 */
        /*0700*/                   FMUL R19, R24, c[0x0][0x168] ;                      /* 0x00005a0018137a20 */
                                                                                       /* 0x000fe20000400000 */
        /*0710*/                   FMUL R27, R27, c[0x0][0x168] ;                      /* 0x00005a001b1b7a20 */
                                                                                       /* 0x000fe20000400000 */
        /*0720*/                   UIADD3 UR4, UR4, 0x10, URZ ;                        /* 0x0000001004047890 */
                                                                                       /* 0x000fcc000fffe03f */
        /*0730*/                   ISETP.LE.AND P1, PT, R32, UR4, PT ;                 /* 0x0000000420007c0c */
                                                                                       /* 0x000fe4000bf23270 */
        /*0740*/                   IADD3 R4, P2, R4, 0x40, RZ ;                        /* 0x0000004004047810 */
                                                                                       /* 0x001fe40007f5e0ff */
        /*0750*/                   IADD3 R10, R10, 0x10000, RZ ;                       /* 0x000100000a0a7810 */
                                                                                       /* 0x000fe40007ffe0ff */
        /*0760*/                   IADD3.X R5, RZ, R5, RZ, P2, !PT ;                   /* 0x00000005ff057210 */
                                                                                       /* 0x000fe200017fe4ff */
        /*0770*/                   FFMA R20, R21, R23, R20 ;                           /* 0x0000001715147223 */
                                                                                       /* 0x008fc80000000014 */
        /*0780*/                   FFMA R20, R19, R25, R20 ;                           /* 0x0000001913147223 */
                                                                                       /* 0x004fe20000000014 */
        /*0790*/                   FMUL R26, R26, c[0x0][0x168] ;                      /* 0x00005a001a1a7a20 */
                                                                                       /* 0x010fc60000400000 */
        /*07a0*/                   FFMA R27, R27, R29, R20 ;                           /* 0x0000001d1b1b7223 */
                                                                                       /* 0x000fe20000000014 */
        /*07b0*/                   FMUL R9, R28, c[0x0][0x168] ;                       /* 0x00005a001c097a20 */
                                                                                       /* 0x002fc60000400000 */
        /*07c0*/                   FFMA R26, R26, R30, R27 ;                           /* 0x0000001e1a1a7223 */
                                                                                       /* 0x000fc8000000001b */
        /*07d0*/                   FFMA R26, R9, R15, R26 ;                            /* 0x0000000f091a7223 */
                                                                                       /* 0x000fe2000000001a */
        /*07e0*/                   FMUL R9, R6, c[0x0][0x168] ;                        /* 0x00005a0006097a20 */
                                                                                       /* 0x000fc80000400000 */
        /*07f0*/                   FFMA R26, R9, R31, R26 ;                            /* 0x0000001f091a7223 */
                                                                                       /* 0x000fe2000000001a */
        /*0800*/                   FMUL R9, R16, c[0x0][0x168] ;                       /* 0x00005a0010097a20 */
                                                                                       /* 0x000fc80000400000 */
        /*0810*/                   FFMA R26, R9, R17, R26 ;                            /* 0x00000011091a7223 */
                                                                                       /* 0x000fe2000000001a */
        /*0820*/                   FMUL R7, R7, c[0x0][0x168] ;                        /* 0x00005a0007077a20 */
                                                                                       /* 0x000fe20000400000 */
        /*0830*/                   FMUL R25, R34, c[0x0][0x168] ;                      /* 0x00005a0022197a20 */
                                                                                       /* 0x000fc60000400000 */
        /*0840*/                   FFMA R26, R7, R35, R26 ;                            /* 0x00000023071a7223 */
                                                                                       /* 0x000fc8000000001a */
        /*0850*/                   FFMA R25, R25, R33, R26 ;                           /* 0x0000002119197223 */
                                                                                       /* 0x000fe2000000001a */
        /*0860*/              @!P1 BRA 0x3a0 ;                                         /* 0xfffffb3000009947 */
                                                                                       /* 0x000fea000383ffff */
        /*0870*/                   IADD3 R6, R14, -UR4, RZ ;                           /* 0x800000040e067c10 */
                                                                                       /* 0x000fc8000fffe0ff */
        /*0880*/                   ISETP.GT.AND P1, PT, R6, 0x4, PT ;                  /* 0x000000040600780c */
                                                                                       /* 0x000fda0003f24270 */
        /*0890*/              @!P1 BRA 0xb30 ;                                         /* 0x0000029000009947 */
                                                                                       /* 0x000fea0003800000 */
        /*08a0*/                   IMAD.WIDE R20, R10.reuse, R11, c[0x0][0x170] ;      /* 0x00005c000a147625 */
                                                                                       /* 0x040fe200078e020b */
        /*08b0*/                   LDG.E.CONSTANT R24, [R4.64+-0x8] ;                  /* 0xfffff80804187981 */
                                                                                       /* 0x0002a8000c1e9900 */
        /*08c0*/                   LDG.E.CONSTANT R23, [R20.64] ;                      /* 0x0000000814177981 */
                                                                                       /* 0x000ee8000c1e9900 */
        /*08d0*/                   LDG.E.CONSTANT R26, [R20.64+0x4000] ;               /* 0x00400008141a7981 */
                                                                                       /* 0x000722000c1e9900 */
        /*08e0*/                   IADD3 R6, R10, 0x4000, RZ ;                         /* 0x000040000a067810 */
                                                                                       /* 0x000fc60007ffe0ff */
        /*08f0*/                   LDG.E.CONSTANT R27, [R4.64+-0x4] ;                  /* 0xfffffc08041b7981 */
                                                                                       /* 0x000328000c1e9900 */
        /*0900*/                   LDG.E.CONSTANT R28, [R20.64+0x8000] ;               /* 0x00800008141c7981 */
                                                                                       /* 0x000722000c1e9900 */
        /*0910*/                   IMAD.WIDE R6, R6, R11, c[0x0][0x170] ;              /* 0x00005c0006067625 */
                                                                                       /* 0x000fc600078e020b */
        /*0920*/                   LDG.E.CONSTANT R29, [R4.64] ;                       /* 0x00000008041d7981 */
                                                                                       /* 0x000328000c1e9900 */
        /*0930*/                   LDG.E.CONSTANT R30, [R20.64+0xc000] ;               /* 0x00c00008141e7981 */
                                                                                       /* 0x000728000c1e9900 */
        /*0940*/                   LDG.E.CONSTANT R31, [R4.64+0x4] ;                   /* 0x00000408041f7981 */
                                                                                       /* 0x000328000c1e9900 */
        /*0950*/                   LDG.E.CONSTANT R22, [R6.64] ;                       /* 0x0000000806167981 */
                                                                                       /* 0x000128000c1e9900 */
        /*0960*/                   LDG.E.CONSTANT R19, [R4.64+0x8] ;                   /* 0x0000080804137981 */
                                                                                       /* 0x000328000c1e9900 */
        /*0970*/                   LDG.E.CONSTANT R18, [R6.64+0x4000] ;                /* 0x0040000806127981 */
                                                                                       /* 0x000128000c1e9900 */
        /*0980*/                   LDG.E.CONSTANT R17, [R4.64+0xc] ;                   /* 0x00000c0804117981 */
                                                                                       /* 0x000328000c1e9900 */
        /*0990*/                   LDG.E.CONSTANT R16, [R6.64+0x8000] ;                /* 0x0080000806107981 */
                                                                                       /* 0x000128000c1e9900 */
        /*09a0*/                   LDG.E.CONSTANT R15, [R4.64+0x10] ;                  /* 0x00001008040f7981 */
                                                                                       /* 0x000328000c1e9900 */
        /*09b0*/                   LDG.E.CONSTANT R9, [R6.64+0xc000] ;                 /* 0x00c0000806097981 */
                                                                                       /* 0x000128000c1e9900 */
        /*09c0*/                   LDG.E.CONSTANT R8, [R4.64+0x14] ;                   /* 0x0000140804087981 */
                                                                                       /* 0x000322000c1e9900 */
        /*09d0*/                   IADD3 R6, P1, R4, 0x20, RZ ;                        /* 0x0000002004067810 */
                                                                                       /* 0x001fc40007f3e0ff */
        /*09e0*/                   PLOP3.LUT P0, PT, PT, PT, PT, 0x8, 0x0 ;            /* 0x000000000000781c */
                                                                                       /* 0x000fe40003f0e170 */
        /*09f0*/                   IADD3.X R5, RZ, R5, RZ, P1, !PT ;                   /* 0x00000005ff057210 */
                                                                                       /* 0x002fe40000ffe4ff */
        /*0a00*/                   IADD3 R10, R10, 0x8000, RZ ;                        /* 0x000080000a0a7810 */
                                                                                       /* 0x000fe20007ffe0ff */
        /*0a10*/                   UIADD3 UR4, UR4, 0x8, URZ ;                         /* 0x0000000804047890 */
                                                                                       /* 0x000fe2000fffe03f */
        /*0a20*/                   FMUL R20, R23, c[0x0][0x168] ;                      /* 0x00005a0017147a20 */
                                                                                       /* 0x008fc80000400000 */
        /*0a30*/                   FFMA R20, R20, R24, R25 ;                           /* 0x0000001814147223 */
                                                                                       /* 0x024fe20000000019 */
        /*0a40*/                   FMUL R21, R26, c[0x0][0x168] ;                      /* 0x00005a001a157a20 */
                                                                                       /* 0x010fc80000400000 */
        /*0a50*/                   FFMA R20, R21, R27, R20 ;                           /* 0x0000001b15147223 */
                                                                                       /* 0x000fe20000000014 */
        /*0a60*/                   FMUL R21, R28, c[0x0][0x168] ;                      /* 0x00005a001c157a20 */
                                                                                       /* 0x000fc80000400000 */
        /*0a70*/                   FFMA R20, R21, R29, R20 ;                           /* 0x0000001d15147223 */
                                                                                       /* 0x000fe20000000014 */
        /*0a80*/                   FMUL R21, R30, c[0x0][0x168] ;                      /* 0x00005a001e157a20 */
                                                                                       /* 0x000fc80000400000 */
        /*0a90*/                   FFMA R21, R21, R31, R20 ;                           /* 0x0000001f15157223 */
                                                                                       /* 0x000fe20000000014 */
        /*0aa0*/                   FMUL R22, R22, c[0x0][0x168] ;                      /* 0x00005a0016167a20 */
                                                                                       /* 0x000fc80000400000 */
        /*0ab0*/                   FFMA R22, R22, R19, R21 ;                           /* 0x0000001316167223 */
                                                                                       /* 0x000fe20000000015 */
        /*0ac0*/                   FMUL R7, R18, c[0x0][0x168] ;                       /* 0x00005a0012077a20 */
                                                                                       /* 0x000fc80000400000 */
        /*0ad0*/                   FFMA R22, R7, R17, R22 ;                            /* 0x0000001107167223 */
                                                                                       /* 0x000fe20000000016 */
        /*0ae0*/                   FMUL R7, R16, c[0x0][0x168] ;                       /* 0x00005a0010077a20 */
                                                                                       /* 0x000fc80000400000 */
        /*0af0*/                   FFMA R7, R7, R15, R22 ;                             /* 0x0000000f07077223 */
                                                                                       /* 0x000fe20000000016 */
        /*0b00*/                   FMUL R4, R9, c[0x0][0x168] ;                        /* 0x00005a0009047a20 */
                                                                                       /* 0x000fc80000400000 */
        /*0b10*/                   FFMA R25, R4, R8, R7 ;                              /* 0x0000000804197223 */
                                                                                       /* 0x000fe20000000007 */
        /*0b20*/                   MOV R4, R6 ;                                        /* 0x0000000600047202 */
                                                                                       /* 0x000fe40000000f00 */
        /*0b30*/                   ISETP.NE.U32.OR P0, PT, R14, UR4, P0 ;              /* 0x000000040e007c0c */
                                                                                       /* 0x000fe40008705470 */
        /*0b40*/                   ISETP.NE.U32.AND P1, PT, R12, RZ, PT ;              /* 0x000000ff0c00720c */
                                                                                       /* 0x000fd60003f25070 */
        /*0b50*/              @!P0 BRA 0xce0 ;                                         /* 0x0000018000008947 */
                                                                                       /* 0x000fea0003800000 */
        /*0b60*/                   IMAD.WIDE R6, R10, R11, c[0x0][0x170] ;             /* 0x00005c000a067625 */
                                                                                       /* 0x000fe200078e020b */
        /*0b70*/                   LDG.E.CONSTANT R9, [R4.64+-0x8] ;                   /* 0xfffff80804097981 */
                                                                                       /* 0x000ea8000c1e9900 */
        /*0b80*/                   LDG.E.CONSTANT R8, [R6.64] ;                        /* 0x0000000806087981 */
                                                                                       /* 0x000ee8000c1e9900 */
        /*0b90*/                   LDG.E.CONSTANT R15, [R6.64+0x4000] ;                /* 0x00400008060f7981 */
                                                                                       /* 0x000f28000c1e9900 */
        /*0ba0*/                   LDG.E.CONSTANT R16, [R4.64+-0x4] ;                  /* 0xfffffc0804107981 */
                                                                                       /* 0x000f28000c1e9900 */
        /*0bb0*/                   LDG.E.CONSTANT R17, [R6.64+0x8000] ;                /* 0x0080000806117981 */
                                                                                       /* 0x000f28000c1e9900 */
        /*0bc0*/                   LDG.E.CONSTANT R18, [R4.64] ;                       /* 0x0000000804127981 */
                                                                                       /* 0x000f28000c1e9900 */
        /*0bd0*/                   LDG.E.CONSTANT R19, [R6.64+0xc000] ;                /* 0x00c0000806137981 */
                                                                                       /* 0x000f28000c1e9900 */
        /*0be0*/                   LDG.E.CONSTANT R20, [R4.64+0x4] ;                   /* 0x0000040804147981 */
                                                                                       /* 0x000322000c1e9900 */
        /*0bf0*/                   UIADD3 UR4, UR4, 0x4, URZ ;                         /* 0x0000000404047890 */
                                                                                       /* 0x000fcc000fffe03f */
        /*0c00*/                   ISETP.NE.U32.AND P0, PT, R14, UR4, PT ;             /* 0x000000040e007c0c */
                                                                                       /* 0x000fe4000bf05070 */
        /*0c10*/                   IADD3 R10, R10, 0x4000, RZ ;                        /* 0x000040000a0a7810 */
                                                                                       /* 0x000fe20007ffe0ff */
        /*0c20*/                   FMUL R8, R8, c[0x0][0x168] ;                        /* 0x00005a0008087a20 */
                                                                                       /* 0x008fc80000400000 */
        /*0c30*/                   FFMA R8, R8, R9, R25 ;                              /* 0x0000000908087223 */
                                                                                       /* 0x024fe20000000019 */
        /*0c40*/                   FMUL R15, R15, c[0x0][0x168] ;                      /* 0x00005a000f0f7a20 */
                                                                                       /* 0x010fc80000400000 */
        /*0c50*/                   FFMA R8, R15, R16, R8 ;                             /* 0x000000100f087223 */
                                                                                       /* 0x000fe20000000008 */
        /*0c60*/                   FMUL R17, R17, c[0x0][0x168] ;                      /* 0x00005a0011117a20 */
                                                                                       /* 0x000fc80000400000 */
        /*0c70*/                   FFMA R17, R17, R18, R8 ;                            /* 0x0000001211117223 */
                                                                                       /* 0x000fe20000000008 */
        /*0c80*/                   IADD3 R8, P2, R4, 0x10, RZ ;                        /* 0x0000001004087810 */
                                                                                       /* 0x000fe20007f5e0ff */
        /*0c90*/                   FMUL R6, R19, c[0x0][0x168] ;                       /* 0x00005a0013067a20 */
                                                                                       /* 0x000fc60000400000 */
        /*0ca0*/                   IADD3.X R5, RZ, R5, RZ, P2, !PT ;                   /* 0x00000005ff057210 */
                                                                                       /* 0x002fe400017fe4ff */
        /*0cb0*/                   MOV R4, R8 ;                                        /* 0x0000000800047202 */
                                                                                       /* 0x000fe20000000f00 */
        /*0cc0*/                   FFMA R25, R6, R20, R17 ;                            /* 0x0000001406197223 */
                                                                                       /* 0x000fe20000000011 */
        /*0cd0*/               @P0 BRA 0xb60 ;                                         /* 0xfffffe8000000947 */
                                                                                       /* 0x000fea000383ffff */
        /*0ce0*/              @!P1 BRA 0xe00 ;                                         /* 0x0000011000009947 */
                                                                                       /* 0x000fea0003800000 */
        /*0cf0*/                   IMAD.WIDE.U32 R4, R14.reuse, R11, c[0x0][0x180] ;   /* 0x000060000e047625 */
                                                                                       /* 0x040fe200078e000b */
        /*0d00*/                   LEA R14, R14, R0, 0xc ;                             /* 0x000000000e0e7211 */
                                                                                       /* 0x000fc800078e60ff */
        /*0d10*/                   MOV R8, R4 ;                                        /* 0x0000000400087202 */
                                                                                       /* 0x000fe40000000f00 */
        /*0d20*/                   MOV R9, R5 ;                                        /* 0x0000000500097202 */
                                                                                       /* 0x000fe40000000f00 */
        /*0d30*/                   IMAD.WIDE R4, R14, R11, c[0x0][0x170] ;             /* 0x00005c000e047625 */
                                                                                       /* 0x000fca00078e020b */
        /*0d40*/                   LDG.E.CONSTANT R6, [R4.64] ;                        /* 0x0000000804067981 */
                                                                                       /* 0x0002a4000c1e9900 */
        /*0d50*/                   MOV R4, R8 ;                                        /* 0x0000000800047202 */
                                                                                       /* 0x002fe40000000f00 */
        /*0d60*/                   MOV R5, R9 ;                                        /* 0x0000000900057202 */
                                                                                       /* 0x000fca0000000f00 */
        /*0d70*/                   LDG.E.CONSTANT R7, [R4.64] ;                        /* 0x0000000804077981 */
                                                                                       /* 0x000ee2000c1e9900 */
        /*0d80*/                   IADD3 R12, R12, -0x1, RZ ;                          /* 0xffffffff0c0c7810 */
                                                                                       /* 0x000fe40007ffe0ff */
        /*0d90*/                   IADD3 R8, P1, R8, 0x4, RZ ;                         /* 0x0000000408087810 */
                                                                                       /* 0x000fe40007f3e0ff */
        /*0da0*/                   ISETP.NE.U32.AND P0, PT, R12, RZ, PT ;              /* 0x000000ff0c00720c */
                                                                                       /* 0x000fe40003f05070 */
        /*0db0*/                   IADD3 R14, R14, 0x1000, RZ ;                        /* 0x000010000e0e7810 */
                                                                                       /* 0x000fe40007ffe0ff */
        /*0dc0*/                   IADD3.X R9, RZ, R9, RZ, P1, !PT ;                   /* 0x00000009ff097210 */
                                                                                       /* 0x000fe20000ffe4ff */
        /*0dd0*/                   FMUL R6, R6, c[0x0][0x168] ;                        /* 0x00005a0006067a20 */
                                                                                       /* 0x004fc80000400000 */
        /*0de0*/                   FFMA R25, R6, R7, R25 ;                             /* 0x0000000706197223 */
                                                                                       /* 0x028fc80000000019 */
        /*0df0*/               @P0 BRA 0xd30 ;                                         /* 0xffffff3000000947 */
                                                                                       /* 0x000fea000383ffff */
        /*0e00*/                   STG.E [R2.64], R25 ;                                /* 0x0000001902007986 */
                                                                                       /* 0x0203e4000c101908 */
        /*0e10*/                   LEA R4, P0, R0, c[0x0][0x188], 0x2 ;                /* 0x0000620000047a11 */
                                                                                       /* 0x000fc800078010ff */
        /*0e20*/                   LEA.HI.X R5, R0, c[0x0][0x18c], R13, 0x2, P0 ;      /* 0x0000630000057a11 */
                                                                                       /* 0x000fca00000f140d */
        /*0e30*/                   LDG.E.CONSTANT R4, [R4.64] ;                        /* 0x0000000804047981 */
                                                                                       /* 0x000ea4000c1e9900 */
        /*0e40*/                   FADD R25, R4, R25 ;                                 /* 0x0000001904197221 */
                                                                                       /* 0x026fca0000000000 */
        /*0e50*/                   STG.E [R2.64], R25 ;                                /* 0x0000001902007986 */
                                                                                       /* 0x000fe2000c101908 */
        /*0e60*/                   EXIT ;                                              /* 0x000000000000794d */
                                                                                       /* 0x000fea0003800000 */
        /*0e70*/                   BRA 0xe70;                                          /* 0xfffffff000007947 */
                                                                                       /* 0x000fc0000383ffff */
        /*0e80*/                   NOP;                                                /* 0x0000000000007918 */
                                                                                       /* 0x000fc00000000000 */
        /*0e90*/                   NOP;                                                /* 0x0000000000007918 */
                                                                                       /* 0x000fc00000000000 */
        /*0ea0*/                   NOP;                                                /* 0x0000000000007918 */
                                                                                       /* 0x000fc00000000000 */
        /*0eb0*/                   NOP;                                                /* 0x0000000000007918 */
                                                                                       /* 0x000fc00000000000 */
        /*0ec0*/                   NOP;                                                /* 0x0000000000007918 */
                                                                                       /* 0x000fc00000000000 */
        /*0ed0*/                   NOP;                                                /* 0x0000000000007918 */
                                                                                       /* 0x000fc00000000000 */
        /*0ee0*/                   NOP;                                                /* 0x0000000000007918 */
                                                                                       /* 0x000fc00000000000 */
        /*0ef0*/                   NOP;                                                /* 0x0000000000007918 */
                                                                                       /* 0x000fc00000000000 */
		..........


		Function : _Z14gemver_kernel2iffPfS_S_S_
	.headerflags	@"EF_CUDA_TEXMODE_UNIFIED EF_CUDA_64BIT_ADDRESS EF_CUDA_SM86 EF_CUDA_VIRTUAL_SM(EF_CUDA_SM86)"
        /*0000*/                   MOV R1, c[0x0][0x28] ;                              /* 0x00000a0000017a02 */
                                                                                       /* 0x000fe40000000f00 */
        /*0010*/                   S2R R0, SR_CTAID.X ;                                /* 0x0000000000007919 */
                                                                                       /* 0x000e280000002500 */
        /*0020*/                   S2R R3, SR_TID.X ;                                  /* 0x0000000000037919 */
                                                                                       /* 0x000e240000002100 */
        /*0030*/                   IMAD R0, R0, c[0x0][0x0], R3 ;                      /* 0x0000000000007a24 */
                                                                                       /* 0x001fca00078e0203 */
        /*0040*/                   ISETP.GE.AND P0, PT, R0, c[0x0][0x160], PT ;        /* 0x0000580000007a0c */
                                                                                       /* 0x000fda0003f06270 */
        /*0050*/               @P0 EXIT ;                                              /* 0x000000000000094d */
                                                                                       /* 0x000fea0003800000 */
        /*0060*/                   MOV R4, c[0x0][0x160] ;                             /* 0x0000580000047a02 */
                                                                                       /* 0x000fe20000000f00 */
        /*0070*/                   ULDC.64 UR8, c[0x0][0x118] ;                        /* 0x0000460000087ab9 */
                                                                                       /* 0x000fe20000000a00 */
        /*0080*/                   MOV R9, 0x4 ;                                       /* 0x0000000400097802 */
                                                                                       /* 0x000fe40000000f00 */
        /*0090*/                   ISETP.GE.AND P0, PT, R4, 0x1, PT ;                  /* 0x000000010400780c */
                                                                                       /* 0x000fc60003f06270 */
        /*00a0*/                   IMAD.WIDE R2, R0, R9, c[0x0][0x178] ;               /* 0x00005e0000027625 */
                                                                                       /* 0x000fe200078e0209 */
        /*00b0*/                   SHF.R.S32.HI R7, RZ, 0x1f, R0 ;                     /* 0x0000001fff077819 */
                                                                                       /* 0x000fc80000011400 */
        /*00c0*/                   LDG.E R13, [R2.64] ;                                /* 0x00000008020d7981 */
                                                                                       /* 0x00016a000c1e1900 */
        /*00d0*/              @!P0 BRA 0x1050 ;                                        /* 0x00000f7000008947 */
                                                                                       /* 0x000fea0003800000 */
        /*00e0*/                   ISETP.GE.U32.AND P0, PT, R4.reuse, 0x4, PT ;        /* 0x000000040400780c */
                                                                                       /* 0x040fe40003f06070 */
        /*00f0*/                   LOP3.LUT R6, R4, 0x3, RZ, 0xc0, !PT ;               /* 0x0000000304067812 */
                                                                                       /* 0x000fe400078ec0ff */
        /*0100*/                   MOV R8, RZ ;                                        /* 0x000000ff00087202 */
                                                                                       /* 0x000fd20000000f00 */
        /*0110*/              @!P0 BRA 0xf30 ;                                         /* 0x00000e1000008947 */
                                                                                       /* 0x000fea0003800000 */
        /*0120*/                   LOP3.LUT R8, R4, 0x7ffffffc, RZ, 0xc0, !PT ;        /* 0x7ffffffc04087812 */
                                                                                       /* 0x000fe200078ec0ff */
        /*0130*/                   ULDC.64 UR6, c[0x0][0x180] ;                        /* 0x0000600000067ab9 */
                                                                                       /* 0x000fe20000000a00 */
        /*0140*/                   PLOP3.LUT P0, PT, PT, PT, PT, 0x80, 0x0 ;           /* 0x000000000000781c */
                                                                                       /* 0x000fe20003f0f070 */
        /*0150*/                   UIADD3 UR6, UP0, UR6, 0x8, URZ ;                    /* 0x0000000806067890 */
                                                                                       /* 0x000fe2000ff1e03f */
        /*0160*/                   ISETP.GT.U32.AND P1, PT, R8, RZ, PT ;               /* 0x000000ff0800720c */
                                                                                       /* 0x000fe20003f24070 */
        /*0170*/                   UMOV UR4, URZ ;                                     /* 0x0000003f00047c82 */
                                                                                       /* 0x000fe20008000000 */
        /*0180*/                   MOV R12, R0 ;                                       /* 0x00000000000c7202 */
                                                                                       /* 0x000fe20000000f00 */
        /*0190*/                   UIADD3.X UR7, URZ, UR7, URZ, UP0, !UPT ;            /* 0x000000073f077290 */
                                                                                       /* 0x000fe400087fe43f */
        /*01a0*/                   MOV R4, UR6 ;                                       /* 0x0000000600047c02 */
                                                                                       /* 0x000fc80008000f00 */
        /*01b0*/                   MOV R5, UR7 ;                                       /* 0x0000000700057c02 */
                                                                                       /* 0x000fc80008000f00 */
        /*01c0*/               @P1 BRA 0x390 ;                                         /* 0x000001c000001947 */
                                                                                       /* 0x000fea0003800000 */
        /*01d0*/                   IMAD.WIDE R10, R12, R9, c[0x0][0x170] ;             /* 0x00005c000c0a7625 */
                                                                                       /* 0x000fe200078e0209 */
        /*01e0*/                   LDG.E R15, [R4.64+-0x8] ;                           /* 0xfffff808040f7981 */
                                                                                       /* 0x000ea8000c1e1900 */
        /*01f0*/                   LDG.E R14, [R10.64] ;                               /* 0x000000080a0e7981 */
                                                                                       /* 0x000ee4000c1e1900 */
        /*0200*/                   FMUL R14, R14, c[0x0][0x168] ;                      /* 0x00005a000e0e7a20 */
                                                                                       /* 0x008fc80000400000 */
        /*0210*/                   FFMA R15, R14, R15, R13 ;                           /* 0x0000000f0e0f7223 */
                                                                                       /* 0x024fca000000000d */
        /*0220*/                   STG.E [R2.64], R15 ;                                /* 0x0000000f02007986 */
                                                                                       /* 0x0003e8000c101908 */
        /*0230*/                   LDG.E R13, [R10.64+0x4000] ;                        /* 0x004000080a0d7981 */
                                                                                       /* 0x000ea8000c1e1900 */
        /*0240*/                   LDG.E R16, [R4.64+-0x4] ;                           /* 0xfffffc0804107981 */
                                                                                       /* 0x000ee2000c1e1900 */
        /*0250*/                   FMUL R14, R13, c[0x0][0x168] ;                      /* 0x00005a000d0e7a20 */
                                                                                       /* 0x004fc80000400000 */
        /*0260*/                   FFMA R17, R14, R16, R15 ;                           /* 0x000000100e117223 */
                                                                                       /* 0x008fca000000000f */
        /*0270*/                   STG.E [R2.64], R17 ;                                /* 0x0000001102007986 */
                                                                                       /* 0x0005e8000c101908 */
        /*0280*/                   LDG.E R13, [R10.64+0x8000] ;                        /* 0x008000080a0d7981 */
                                                                                       /* 0x000ee8000c1e1900 */
        /*0290*/                   LDG.E R16, [R4.64] ;                                /* 0x0000000804107981 */
                                                                                       /* 0x000f22000c1e1900 */
        /*02a0*/                   FMUL R14, R13, c[0x0][0x168] ;                      /* 0x00005a000d0e7a20 */
                                                                                       /* 0x008fc80000400000 */
        /*02b0*/                   FFMA R19, R14, R16, R17 ;                           /* 0x000000100e137223 */
                                                                                       /* 0x010fca0000000011 */
        /*02c0*/                   STG.E [R2.64], R19 ;                                /* 0x0000001302007986 */
                                                                                       /* 0x0005e8000c101908 */
        /*02d0*/                   LDG.E R13, [R10.64+0xc000] ;                        /* 0x00c000080a0d7981 */
                                                                                       /* 0x000ee8000c1e1900 */
        /*02e0*/                   LDG.E R15, [R4.64+0x4] ;                            /* 0x00000408040f7981 */
                                                                                       /* 0x002f22000c1e1900 */
        /*02f0*/                   PLOP3.LUT P0, PT, PT, PT, PT, 0x8, 0x0 ;            /* 0x000000000000781c */
                                                                                       /* 0x000fe40003f0e170 */
        /*0300*/                   IADD3 R12, R12, 0x4000, RZ ;                        /* 0x000040000c0c7810 */
                                                                                       /* 0x000fe20007ffe0ff */
        /*0310*/                   UMOV UR4, 0x4 ;                                     /* 0x0000000400047882 */
                                                                                       /* 0x000fe20000000000 */
        /*0320*/                   FMUL R14, R13, c[0x0][0x168] ;                      /* 0x00005a000d0e7a20 */
                                                                                       /* 0x008fc80000400000 */
        /*0330*/                   FFMA R13, R14, R15, R19 ;                           /* 0x0000000f0e0d7223 */
                                                                                       /* 0x010fca0000000013 */
        /*0340*/                   STG.E [R2.64], R13 ;                                /* 0x0000000d02007986 */
                                                                                       /* 0x0005e2000c101908 */
        /*0350*/                   IADD3 R14, P1, R4, 0x10, RZ ;                       /* 0x00000010040e7810 */
                                                                                       /* 0x000fc80007f3e0ff */
        /*0360*/                   IADD3.X R15, RZ, R5, RZ, P1, !PT ;                  /* 0x00000005ff0f7210 */
                                                                                       /* 0x000fe40000ffe4ff */
        /*0370*/                   MOV R4, R14 ;                                       /* 0x0000000e00047202 */
                                                                                       /* 0x000fe40000000f00 */
        /*0380*/                   MOV R5, R15 ;                                       /* 0x0000000f00057202 */
                                                                                       /* 0x000fe40000000f00 */
        /*0390*/                   IADD3 R10, R8, -UR4, RZ ;                           /* 0x80000004080a7c10 */
                                                                                       /* 0x000fc8000fffe0ff */
        /*03a0*/                   ISETP.GT.AND P1, PT, R10, 0xc, PT ;                 /* 0x0000000c0a00780c */
                                                                                       /* 0x000fda0003f24270 */
        /*03b0*/              @!P1 BRA 0x9d0 ;                                         /* 0x0000061000009947 */
                                                                                       /* 0x000fea0003800000 */
        /*03c0*/                   PLOP3.LUT P0, PT, PT, PT, PT, 0x8, 0x0 ;            /* 0x000000000000781c */
                                                                                       /* 0x000fe40003f0e170 */
        /*03d0*/                   IADD3 R18, R8, -0xc, RZ ;                           /* 0xfffffff408127810 */
                                                                                       /* 0x000fe40007ffe0ff */
        /*03e0*/                   IMAD.WIDE R10, R12, R9, c[0x0][0x170] ;             /* 0x00005c000c0a7625 */
                                                                                       /* 0x000fe200078e0209 */
        /*03f0*/                   LDG.E R15, [R4.64+-0x8] ;                           /* 0xfffff808040f7981 */
                                                                                       /* 0x000ee8000c1e1900 */
        /*0400*/                   LDG.E R14, [R10.64] ;                               /* 0x000000080a0e7981 */
                                                                                       /* 0x000f24000c1e1900 */
        /*0410*/                   FMUL R14, R14, c[0x0][0x168] ;                      /* 0x00005a000e0e7a20 */
                                                                                       /* 0x010fc80000400000 */
        /*0420*/                   FFMA R15, R14, R15, R13 ;                           /* 0x0000000f0e0f7223 */
                                                                                       /* 0x028fca000000000d */
        /*0430*/                   STG.E [R2.64], R15 ;                                /* 0x0000000f02007986 */
                                                                                       /* 0x0023e8000c101908 */
        /*0440*/                   LDG.E R13, [R10.64+0x4000] ;                        /* 0x004000080a0d7981 */
                                                                                       /* 0x004ea8000c1e1900 */
        /*0450*/                   LDG.E R16, [R4.64+-0x4] ;                           /* 0xfffffc0804107981 */
                                                                                       /* 0x000ee2000c1e1900 */
        /*0460*/                   FMUL R14, R13, c[0x0][0x168] ;                      /* 0x00005a000d0e7a20 */
                                                                                       /* 0x004fc80000400000 */
        /*0470*/                   FFMA R13, R14, R16, R15 ;                           /* 0x000000100e0d7223 */
                                                                                       /* 0x008fca000000000f */
        /*0480*/                   STG.E [R2.64], R13 ;                                /* 0x0000000d02007986 */
                                                                                       /* 0x0005e8000c101908 */
        /*0490*/                   LDG.E R14, [R10.64+0x8000] ;                        /* 0x008000080a0e7981 */
                                                                                       /* 0x000ee8000c1e1900 */
        /*04a0*/                   LDG.E R16, [R4.64] ;                                /* 0x0000000804107981 */
                                                                                       /* 0x000f22000c1e1900 */
        /*04b0*/                   FMUL R14, R14, c[0x0][0x168] ;                      /* 0x00005a000e0e7a20 */
                                                                                       /* 0x008fc80000400000 */
        /*04c0*/                   FFMA R17, R14, R16, R13 ;                           /* 0x000000100e117223 */
                                                                                       /* 0x010fca000000000d */
        /*04d0*/                   STG.E [R2.64], R17 ;                                /* 0x0000001102007986 */
                                                                                       /* 0x0007e8000c101908 */
        /*04e0*/                   LDG.E R14, [R10.64+0xc000] ;                        /* 0x00c000080a0e7981 */
                                                                                       /* 0x000f28000c1e1900 */
        /*04f0*/                   LDG.E R15, [R4.64+0x4] ;                            /* 0x00000408040f7981 */
                                                                                       /* 0x002ea2000c1e1900 */
        /*0500*/                   IADD3 R16, R12, 0x4000, RZ ;                        /* 0x000040000c107810 */
                                                                                       /* 0x000fe20007ffe0ff */
        /*0510*/                   FMUL R14, R14, c[0x0][0x168] ;                      /* 0x00005a000e0e7a20 */
                                                                                       /* 0x010fc80000400000 */
        /*0520*/                   FFMA R19, R14, R15, R17 ;                           /* 0x0000000f0e137223 */
                                                                                       /* 0x004fe20000000011 */
        /*0530*/                   IMAD.WIDE R14, R16, R9, c[0x0][0x170] ;             /* 0x00005c00100e7625 */
                                                                                       /* 0x000fc800078e0209 */
        /*0540*/                   STG.E [R2.64], R19 ;                                /* 0x0000001302007986 */
                                                                                       /* 0x000fe8000c101908 */
        /*0550*/                   LDG.E R13, [R14.64] ;                               /* 0x000000080e0d7981 */
                                                                                       /* 0x000ea8000c1e1900 */
        /*0560*/                   LDG.E R20, [R4.64+0x8] ;                            /* 0x0000080804147981 */
                                                                                       /* 0x000f22000c1e1900 */
        /*0570*/                   FMUL R16, R13, c[0x0][0x168] ;                      /* 0x00005a000d107a20 */
                                                                                       /* 0x004fc80000400000 */
        /*0580*/                   FFMA R13, R16, R20, R19 ;                           /* 0x00000014100d7223 */
                                                                                       /* 0x010fca0000000013 */
        /*0590*/                   STG.E [R2.64], R13 ;                                /* 0x0000000d02007986 */
                                                                                       /* 0x0003e8000c101908 */
        /*05a0*/                   LDG.E R10, [R14.64+0x4000] ;                        /* 0x004000080e0a7981 */
                                                                                       /* 0x000ea8000c1e1900 */
        /*05b0*/                   LDG.E R11, [R4.64+0xc] ;                            /* 0x00000c08040b7981 */
                                                                                       /* 0x000f22000c1e1900 */
        /*05c0*/                   FMUL R10, R10, c[0x0][0x168] ;                      /* 0x00005a000a0a7a20 */
                                                                                       /* 0x004fc80000400000 */
        /*05d0*/                   FFMA R11, R10, R11, R13 ;                           /* 0x0000000b0a0b7223 */
                                                                                       /* 0x010fca000000000d */
        /*05e0*/                   STG.E [R2.64], R11 ;                                /* 0x0000000b02007986 */
                                                                                       /* 0x0005e8000c101908 */
        /*05f0*/                   LDG.E R10, [R14.64+0x8000] ;                        /* 0x008000080e0a7981 */
                                                                                       /* 0x000f28000c1e1900 */
        /*0600*/                   LDG.E R16, [R4.64+0x10] ;                           /* 0x0000100804107981 */
                                                                                       /* 0x000ee2000c1e1900 */
        /*0610*/                   FMUL R10, R10, c[0x0][0x168] ;                      /* 0x00005a000a0a7a20 */
                                                                                       /* 0x010fc80000400000 */
        /*0620*/                   FFMA R17, R10, R16, R11 ;                           /* 0x000000100a117223 */
                                                                                       /* 0x008fca000000000b */
        /*0630*/                   STG.E [R2.64], R17 ;                                /* 0x0000001102007986 */
                                                                                       /* 0x000fe8000c101908 */
        /*0640*/                   LDG.E R10, [R14.64+0xc000] ;                        /* 0x00c000080e0a7981 */
                                                                                       /* 0x000ee8000c1e1900 */
        /*0650*/                   LDG.E R13, [R4.64+0x14] ;                           /* 0x00001408040d7981 */
                                                                                       /* 0x002f22000c1e1900 */
        /*0660*/                   IADD3 R16, R12, 0x8000, RZ ;                        /* 0x000080000c107810 */
                                                                                       /* 0x000fe20007ffe0ff */
        /*0670*/                   FMUL R10, R10, c[0x0][0x168] ;                      /* 0x00005a000a0a7a20 */
                                                                                       /* 0x008fc80000400000 */
        /*0680*/                   FFMA R13, R10, R13, R17 ;                           /* 0x0000000d0a0d7223 */
                                                                                       /* 0x010fe20000000011 */
        /*0690*/                   IMAD.WIDE R10, R16, R9, c[0x0][0x170] ;             /* 0x00005c00100a7625 */
                                                                                       /* 0x004fc800078e0209 */
        /*06a0*/                   STG.E [R2.64], R13 ;                                /* 0x0000000d02007986 */
                                                                                       /* 0x0003e8000c101908 */
        /*06b0*/                   LDG.E R16, [R10.64] ;                               /* 0x000000080a107981 */
                                                                                       /* 0x000ea8000c1e1900 */
        /*06c0*/                   LDG.E R19, [R4.64+0x18] ;                           /* 0x0000180804137981 */
                                                                                       /* 0x000ee2000c1e1900 */
        /*06d0*/                   FMUL R16, R16, c[0x0][0x168] ;                      /* 0x00005a0010107a20 */
                                                                                       /* 0x004fc80000400000 */
        /*06e0*/                   FFMA R19, R16, R19, R13 ;                           /* 0x0000001310137223 */
                                                                                       /* 0x008fca000000000d */
        /*06f0*/                   STG.E [R2.64], R19 ;                                /* 0x0000001302007986 */
                                                                                       /* 0x000fe8000c101908 */
        /*0700*/                   LDG.E R14, [R10.64+0x4000] ;                        /* 0x004000080a0e7981 */
                                                                                       /* 0x000ea8000c1e1900 */
        /*0710*/                   LDG.E R15, [R4.64+0x1c] ;                           /* 0x00001c08040f7981 */
                                                                                       /* 0x000ee2000c1e1900 */
        /*0720*/                   FMUL R14, R14, c[0x0][0x168] ;                      /* 0x00005a000e0e7a20 */
                                                                                       /* 0x004fc80000400000 */
        /*0730*/                   FFMA R15, R14, R15, R19 ;                           /* 0x0000000f0e0f7223 */
                                                                                       /* 0x008fca0000000013 */
        /*0740*/                   STG.E [R2.64], R15 ;                                /* 0x0000000f02007986 */
                                                                                       /* 0x0005e8000c101908 */
        /*0750*/                   LDG.E R13, [R10.64+0x8000] ;                        /* 0x008000080a0d7981 */
                                                                                       /* 0x002ee8000c1e1900 */
        /*0760*/                   LDG.E R16, [R4.64+0x20] ;                           /* 0x0000200804107981 */
                                                                                       /* 0x000f22000c1e1900 */
        /*0770*/                   FMUL R14, R13, c[0x0][0x168] ;                      /* 0x00005a000d0e7a20 */
                                                                                       /* 0x008fc80000400000 */
        /*0780*/                   FFMA R13, R14, R16, R15 ;                           /* 0x000000100e0d7223 */
                                                                                       /* 0x010fca000000000f */
        /*0790*/                   STG.E [R2.64], R13 ;                                /* 0x0000000d02007986 */
                                                                                       /* 0x0003e8000c101908 */
        /*07a0*/                   LDG.E R14, [R10.64+0xc000] ;                        /* 0x00c000080a0e7981 */
                                                                                       /* 0x000ee8000c1e1900 */
        /*07b0*/                   LDG.E R16, [R4.64+0x24] ;                           /* 0x0000240804107981 */
                                                                                       /* 0x000f22000c1e1900 */
        /*07c0*/                   IADD3 R20, R12, 0xc000, RZ ;                        /* 0x0000c0000c147810 */
                                                                                       /* 0x000fe20007ffe0ff */
        /*07d0*/                   FMUL R14, R14, c[0x0][0x168] ;                      /* 0x00005a000e0e7a20 */
                                                                                       /* 0x008fc80000400000 */
        /*07e0*/                   FFMA R17, R14, R16, R13 ;                           /* 0x000000100e117223 */
                                                                                       /* 0x010fe2000000000d */
        /*07f0*/                   IMAD.WIDE R14, R20, R9, c[0x0][0x170] ;             /* 0x00005c00140e7625 */
                                                                                       /* 0x004fc800078e0209 */
        /*0800*/                   STG.E [R2.64], R17 ;                                /* 0x0000001102007986 */
                                                                                       /* 0x0005e8000c101908 */
        /*0810*/                   LDG.E R16, [R14.64] ;                               /* 0x000000080e107981 */
                                                                                       /* 0x000ee8000c1e1900 */
        /*0820*/                   LDG.E R19, [R4.64+0x28] ;                           /* 0x0000280804137981 */
                                                                                       /* 0x000f22000c1e1900 */
        /*0830*/                   FMUL R16, R16, c[0x0][0x168] ;                      /* 0x00005a0010107a20 */
                                                                                       /* 0x008fc80000400000 */
        /*0840*/                   FFMA R19, R16, R19, R17 ;                           /* 0x0000001310137223 */
                                                                                       /* 0x010fca0000000011 */
        /*0850*/                   STG.E [R2.64], R19 ;                                /* 0x0000001302007986 */
                                                                                       /* 0x000fe8000c101908 */
        /*0860*/                   LDG.E R10, [R14.64+0x4000] ;                        /* 0x004000080e0a7981 */
                                                                                       /* 0x000ee8000c1e1900 */
        /*0870*/                   LDG.E R11, [R4.64+0x2c] ;                           /* 0x00002c08040b7981 */
                                                                                       /* 0x000f22000c1e1900 */
        /*0880*/                   FMUL R10, R10, c[0x0][0x168] ;                      /* 0x00005a000a0a7a20 */
                                                                                       /* 0x008fc80000400000 */
        /*0890*/                   FFMA R11, R10, R11, R19 ;                           /* 0x0000000b0a0b7223 */
                                                                                       /* 0x010fca0000000013 */
        /*08a0*/                   STG.E [R2.64], R11 ;                                /* 0x0000000b02007986 */
                                                                                       /* 0x0007e8000c101908 */
        /*08b0*/                   LDG.E R10, [R14.64+0x8000] ;                        /* 0x008000080e0a7981 */
                                                                                       /* 0x000f28000c1e1900 */
        /*08c0*/                   LDG.E R13, [R4.64+0x30] ;                           /* 0x00003008040d7981 */
                                                                                       /* 0x002ea2000c1e1900 */
        /*08d0*/                   FMUL R10, R10, c[0x0][0x168] ;                      /* 0x00005a000a0a7a20 */
                                                                                       /* 0x010fc80000400000 */
        /*08e0*/                   FFMA R17, R10, R13, R11 ;                           /* 0x0000000d0a117223 */
                                                                                       /* 0x004fca000000000b */
        /*08f0*/                   STG.E [R2.64], R17 ;                                /* 0x0000001102007986 */
                                                                                       /* 0x0003e8000c101908 */
        /*0900*/                   LDG.E R10, [R14.64+0xc000] ;                        /* 0x00c000080e0a7981 */
                                                                                       /* 0x000ea8000c1e1900 */
        /*0910*/                   LDG.E R13, [R4.64+0x34] ;                           /* 0x00003408040d7981 */
                                                                                       /* 0x000f22000c1e1900 */
        /*0920*/                   UIADD3 UR4, UR4, 0x10, URZ ;                        /* 0x0000001004047890 */
                                                                                       /* 0x000fcc000fffe03f */
        /*0930*/                   ISETP.LE.AND P1, PT, R18, UR4, PT ;                 /* 0x0000000412007c0c */
                                                                                       /* 0x000fe4000bf23270 */
        /*0940*/                   IADD3 R12, R12, 0x10000, RZ ;                       /* 0x000100000c0c7810 */
                                                                                       /* 0x000fe20007ffe0ff */
        /*0950*/                   FMUL R10, R10, c[0x0][0x168] ;                      /* 0x00005a000a0a7a20 */
                                                                                       /* 0x004fc80000400000 */
        /*0960*/                   FFMA R13, R10, R13, R17 ;                           /* 0x0000000d0a0d7223 */
                                                                                       /* 0x010fe20000000011 */
        /*0970*/                   IADD3 R10, P2, R4, 0x40, RZ ;                       /* 0x00000040040a7810 */
                                                                                       /* 0x000fc80007f5e0ff */
        /*0980*/                   IADD3.X R11, RZ, R5, RZ, P2, !PT ;                  /* 0x00000005ff0b7210 */
                                                                                       /* 0x008fe200017fe4ff */
        /*0990*/                   STG.E [R2.64], R13 ;                                /* 0x0000000d02007986 */
                                                                                       /* 0x0003e2000c101908 */
        /*09a0*/                   MOV R4, R10 ;                                       /* 0x0000000a00047202 */
                                                                                       /* 0x000fe40000000f00 */
        /*09b0*/                   MOV R5, R11 ;                                       /* 0x0000000b00057202 */
                                                                                       /* 0x000fe20000000f00 */
        /*09c0*/              @!P1 BRA 0x3e0 ;                                         /* 0xfffffa1000009947 */
                                                                                       /* 0x000fea000383ffff */
        /*09d0*/                   IADD3 R10, R8, -UR4, RZ ;                           /* 0x80000004080a7c10 */
                                                                                       /* 0x000fc8000fffe0ff */
        /*09e0*/                   ISETP.GT.AND P1, PT, R10, 0x4, PT ;                 /* 0x000000040a00780c */
                                                                                       /* 0x000fda0003f24270 */
        /*09f0*/              @!P1 BRA 0xd20 ;                                         /* 0x0000032000009947 */
                                                                                       /* 0x000fea0003800000 */
        /*0a00*/                   IMAD.WIDE R10, R12, R9, c[0x0][0x170] ;             /* 0x00005c000c0a7625 */
                                                                                       /* 0x000fe200078e0209 */
        /*0a10*/                   LDG.E R15, [R4.64+-0x8] ;                           /* 0xfffff808040f7981 */
                                                                                       /* 0x000ee8000c1e1900 */
        /*0a20*/                   LDG.E R14, [R10.64] ;                               /* 0x000000080a0e7981 */
                                                                                       /* 0x000f24000c1e1900 */
        /*0a30*/                   FMUL R14, R14, c[0x0][0x168] ;                      /* 0x00005a000e0e7a20 */
                                                                                       /* 0x010fc80000400000 */
        /*0a40*/                   FFMA R15, R14, R15, R13 ;                           /* 0x0000000f0e0f7223 */
                                                                                       /* 0x028fca000000000d */
        /*0a50*/                   STG.E [R2.64], R15 ;                                /* 0x0000000f02007986 */
                                                                                       /* 0x0007e8000c101908 */
        /*0a60*/                   LDG.E R13, [R10.64+0x4000] ;                        /* 0x004000080a0d7981 */
                                                                                       /* 0x006ea8000c1e1900 */
        /*0a70*/                   LDG.E R16, [R4.64+-0x4] ;                           /* 0xfffffc0804107981 */
                                                                                       /* 0x000f22000c1e1900 */
        /*0a80*/                   FMUL R14, R13, c[0x0][0x168] ;                      /* 0x00005a000d0e7a20 */
                                                                                       /* 0x004fc80000400000 */
        /*0a90*/                   FFMA R13, R14, R16, R15 ;                           /* 0x000000100e0d7223 */
                                                                                       /* 0x010fca000000000f */
        /*0aa0*/                   STG.E [R2.64], R13 ;                                /* 0x0000000d02007986 */
                                                                                       /* 0x0003e8000c101908 */
        /*0ab0*/                   LDG.E R14, [R10.64+0x8000] ;                        /* 0x008000080a0e7981 */
                                                                                       /* 0x000ea8000c1e1900 */
        /*0ac0*/                   LDG.E R16, [R4.64] ;                                /* 0x0000000804107981 */
                                                                                       /* 0x000f22000c1e1900 */
        /*0ad0*/                   FMUL R14, R14, c[0x0][0x168] ;                      /* 0x00005a000e0e7a20 */
                                                                                       /* 0x004fc80000400000 */
        /*0ae0*/                   FFMA R17, R14, R16, R13 ;                           /* 0x000000100e117223 */
                                                                                       /* 0x010fca000000000d */
        /*0af0*/                   STG.E [R2.64], R17 ;                                /* 0x0000001102007986 */
                                                                                       /* 0x0005e8000c101908 */
        /*0b00*/                   LDG.E R14, [R10.64+0xc000] ;                        /* 0x00c000080a0e7981 */
                                                                                       /* 0x000f28000c1e1900 */
        /*0b10*/                   LDG.E R15, [R4.64+0x4] ;                            /* 0x00000408040f7981 */
                                                                                       /* 0x008ee2000c1e1900 */
        /*0b20*/                   IADD3 R16, R12, 0x4000, RZ ;                        /* 0x000040000c107810 */
                                                                                       /* 0x000fe20007ffe0ff */
        /*0b30*/                   FMUL R14, R14, c[0x0][0x168] ;                      /* 0x00005a000e0e7a20 */
                                                                                       /* 0x010fc80000400000 */
        /*0b40*/                   FFMA R19, R14, R15, R17 ;                           /* 0x0000000f0e137223 */
                                                                                       /* 0x008fe20000000011 */
        /*0b50*/                   IMAD.WIDE R14, R16, R9, c[0x0][0x170] ;             /* 0x00005c00100e7625 */
                                                                                       /* 0x000fc800078e0209 */
        /*0b60*/                   STG.E [R2.64], R19 ;                                /* 0x0000001302007986 */
                                                                                       /* 0x000fe8000c101908 */
        /*0b70*/                   LDG.E R13, [R14.64] ;                               /* 0x000000080e0d7981 */
                                                                                       /* 0x002ee8000c1e1900 */
        /*0b80*/                   LDG.E R18, [R4.64+0x8] ;                            /* 0x0000080804127981 */
                                                                                       /* 0x000f22000c1e1900 */
        /*0b90*/                   FMUL R16, R13, c[0x0][0x168] ;                      /* 0x00005a000d107a20 */
                                                                                       /* 0x008fc80000400000 */
        /*0ba0*/                   FFMA R13, R16, R18, R19 ;                           /* 0x00000012100d7223 */
                                                                                       /* 0x010fca0000000013 */
        /*0bb0*/                   STG.E [R2.64], R13 ;                                /* 0x0000000d02007986 */
                                                                                       /* 0x0003e8000c101908 */
        /*0bc0*/                   LDG.E R10, [R14.64+0x4000] ;                        /* 0x004000080e0a7981 */
                                                                                       /* 0x000ee8000c1e1900 */
        /*0bd0*/                   LDG.E R11, [R4.64+0xc] ;                            /* 0x00000c08040b7981 */
                                                                                       /* 0x000f22000c1e1900 */
        /*0be0*/                   FMUL R10, R10, c[0x0][0x168] ;                      /* 0x00005a000a0a7a20 */
                                                                                       /* 0x008fc80000400000 */
        /*0bf0*/                   FFMA R11, R10, R11, R13 ;                           /* 0x0000000b0a0b7223 */
                                                                                       /* 0x010fca000000000d */
        /*0c00*/                   STG.E [R2.64], R11 ;                                /* 0x0000000b02007986 */
                                                                                       /* 0x0007e8000c101908 */
        /*0c10*/                   LDG.E R10, [R14.64+0x8000] ;                        /* 0x008000080e0a7981 */
                                                                                       /* 0x000f28000c1e1900 */
        /*0c20*/                   LDG.E R16, [R4.64+0x10] ;                           /* 0x0000100804107981 */
                                                                                       /* 0x000ea2000c1e1900 */
        /*0c30*/                   FMUL R10, R10, c[0x0][0x168] ;                      /* 0x00005a000a0a7a20 */
                                                                                       /* 0x010fc80000400000 */
        /*0c40*/                   FFMA R17, R10, R16, R11 ;                           /* 0x000000100a117223 */
                                                                                       /* 0x004fca000000000b */
        /*0c50*/                   STG.E [R2.64], R17 ;                                /* 0x0000001102007986 */
                                                                                       /* 0x0005e8000c101908 */
        /*0c60*/                   LDG.E R10, [R14.64+0xc000] ;                        /* 0x00c000080e0a7981 */
                                                                                       /* 0x000f28000c1e1900 */
        /*0c70*/                   LDG.E R13, [R4.64+0x14] ;                           /* 0x00001408040d7981 */
                                                                                       /* 0x002ea2000c1e1900 */
        /*0c80*/                   PLOP3.LUT P0, PT, PT, PT, PT, 0x8, 0x0 ;            /* 0x000000000000781c */
                                                                                       /* 0x000fe40003f0e170 */
        /*0c90*/                   IADD3 R12, R12, 0x8000, RZ ;                        /* 0x000080000c0c7810 */
                                                                                       /* 0x000fe20007ffe0ff */
        /*0ca0*/                   UIADD3 UR4, UR4, 0x8, URZ ;                         /* 0x0000000804047890 */
                                                                                       /* 0x000fe2000fffe03f */
        /*0cb0*/                   FMUL R10, R10, c[0x0][0x168] ;                      /* 0x00005a000a0a7a20 */
                                                                                       /* 0x010fc80000400000 */
        /*0cc0*/                   FFMA R13, R10, R13, R17 ;                           /* 0x0000000d0a0d7223 */
                                                                                       /* 0x004fca0000000011 */
        /*0cd0*/                   STG.E [R2.64], R13 ;                                /* 0x0000000d02007986 */
                                                                                       /* 0x0003e2000c101908 */
        /*0ce0*/                   IADD3 R10, P1, R4, 0x20, RZ ;                       /* 0x00000020040a7810 */
                                                                                       /* 0x000fc80007f3e0ff */
        /*0cf0*/                   IADD3.X R11, RZ, R5, RZ, P1, !PT ;                  /* 0x00000005ff0b7210 */
                                                                                       /* 0x008fe40000ffe4ff */
        /*0d00*/                   MOV R4, R10 ;                                       /* 0x0000000a00047202 */
                                                                                       /* 0x000fe40000000f00 */
        /*0d10*/                   MOV R5, R11 ;                                       /* 0x0000000b00057202 */
                                                                                       /* 0x000fe40000000f00 */
        /*0d20*/                   ISETP.NE.U32.OR P0, PT, R8, UR4, P0 ;               /* 0x0000000408007c0c */
                                                                                       /* 0x000fe40008705470 */
        /*0d30*/                   ISETP.NE.U32.AND P1, PT, R6, RZ, PT ;               /* 0x000000ff0600720c */
                                                                                       /* 0x000fd60003f25070 */
        /*0d40*/              @!P0 BRA 0xf20 ;                                         /* 0x000001d000008947 */
                                                                                       /* 0x000fea0003800000 */
        /*0d50*/                   IMAD.WIDE R10, R12, R9, c[0x0][0x170] ;             /* 0x00005c000c0a7625 */
                                                                                       /* 0x000fe200078e0209 */
        /*0d60*/                   LDG.E R15, [R4.64+-0x8] ;                           /* 0xfffff808040f7981 */
                                                                                       /* 0x000ee8000c1e1900 */
        /*0d70*/                   LDG.E R14, [R10.64] ;                               /* 0x000000080a0e7981 */
                                                                                       /* 0x000f24000c1e1900 */
        /*0d80*/                   FMUL R14, R14, c[0x0][0x168] ;                      /* 0x00005a000e0e7a20 */
                                                                                       /* 0x010fc80000400000 */
        /*0d90*/                   FFMA R15, R14, R15, R13 ;                           /* 0x0000000f0e0f7223 */
                                                                                       /* 0x028fca000000000d */
        /*0da0*/                   STG.E [R2.64], R15 ;                                /* 0x0000000f02007986 */
                                                                                       /* 0x0007e8000c101908 */
        /*0db0*/                   LDG.E R13, [R10.64+0x4000] ;                        /* 0x004000080a0d7981 */
                                                                                       /* 0x006ea8000c1e1900 */
        /*0dc0*/                   LDG.E R16, [R4.64+-0x4] ;                           /* 0xfffffc0804107981 */
                                                                                       /* 0x000f22000c1e1900 */
        /*0dd0*/                   FMUL R14, R13, c[0x0][0x168] ;                      /* 0x00005a000d0e7a20 */
                                                                                       /* 0x004fc80000400000 */
        /*0de0*/                   FFMA R17, R14, R16, R15 ;                           /* 0x000000100e117223 */
                                                                                       /* 0x010fca000000000f */
        /*0df0*/                   STG.E [R2.64], R17 ;                                /* 0x0000001102007986 */
                                                                                       /* 0x0003e8000c101908 */
        /*0e00*/                   LDG.E R13, [R10.64+0x8000] ;                        /* 0x008000080a0d7981 */
                                                                                       /* 0x000ea8000c1e1900 */
        /*0e10*/                   LDG.E R16, [R4.64] ;                                /* 0x0000000804107981 */
                                                                                       /* 0x000f22000c1e1900 */
        /*0e20*/                   FMUL R14, R13, c[0x0][0x168] ;                      /* 0x00005a000d0e7a20 */
                                                                                       /* 0x004fc80000400000 */
        /*0e30*/                   FFMA R19, R14, R16, R17 ;                           /* 0x000000100e137223 */
                                                                                       /* 0x010fca0000000011 */
        /*0e40*/                   STG.E [R2.64], R19 ;                                /* 0x0000001302007986 */
                                                                                       /* 0x0003e8000c101908 */
        /*0e50*/                   LDG.E R13, [R10.64+0xc000] ;                        /* 0x00c000080a0d7981 */
                                                                                       /* 0x000ea8000c1e1900 */
        /*0e60*/                   LDG.E R15, [R4.64+0x4] ;                            /* 0x00000408040f7981 */
                                                                                       /* 0x008ee2000c1e1900 */
        /*0e70*/                   UIADD3 UR4, UR4, 0x4, URZ ;                         /* 0x0000000404047890 */
                                                                                       /* 0x000fcc000fffe03f */
        /*0e80*/                   ISETP.NE.U32.AND P0, PT, R8, UR4, PT ;              /* 0x0000000408007c0c */
                                                                                       /* 0x000fe4000bf05070 */
        /*0e90*/                   IADD3 R12, R12, 0x4000, RZ ;                        /* 0x000040000c0c7810 */
                                                                                       /* 0x000fe20007ffe0ff */
        /*0ea0*/                   FMUL R14, R13, c[0x0][0x168] ;                      /* 0x00005a000d0e7a20 */
                                                                                       /* 0x004fc80000400000 */
        /*0eb0*/                   FFMA R13, R14, R15, R19 ;                           /* 0x0000000f0e0d7223 */
                                                                                       /* 0x008fe20000000013 */
        /*0ec0*/                   IADD3 R14, P2, R4, 0x10, RZ ;                       /* 0x00000010040e7810 */
                                                                                       /* 0x000fc80007f5e0ff */
        /*0ed0*/                   IADD3.X R15, RZ, R5, RZ, P2, !PT ;                  /* 0x00000005ff0f7210 */
                                                                                       /* 0x000fe200017fe4ff */
        /*0ee0*/                   STG.E [R2.64], R13 ;                                /* 0x0000000d02007986 */
                                                                                       /* 0x0003e2000c101908 */
        /*0ef0*/                   MOV R4, R14 ;                                       /* 0x0000000e00047202 */
                                                                                       /* 0x000fe40000000f00 */
        /*0f00*/                   MOV R5, R15 ;                                       /* 0x0000000f00057202 */
                                                                                       /* 0x000fe20000000f00 */
        /*0f10*/               @P0 BRA 0xd50 ;                                         /* 0xfffffe3000000947 */
                                                                                       /* 0x000fea000383ffff */
        /*0f20*/              @!P1 BRA 0x1050 ;                                        /* 0x0000012000009947 */
                                                                                       /* 0x000fea0003800000 */
        /*0f30*/                   IMAD.WIDE.U32 R4, R8.reuse, R9, c[0x0][0x180] ;     /* 0x0000600008047625 */
                                                                                       /* 0x040fe200078e0009 */
        /*0f40*/                   LEA R8, R8, R0, 0xc ;                               /* 0x0000000008087211 */
                                                                                       /* 0x000fc800078e60ff */
        /*0f50*/                   MOV R12, R4 ;                                       /* 0x00000004000c7202 */
                                                                                       /* 0x000fe40000000f00 */
        /*0f60*/                   MOV R15, R5 ;                                       /* 0x00000005000f7202 */
                                                                                       /* 0x000fe40000000f00 */
        /*0f70*/                   IMAD.WIDE R4, R8, R9, c[0x0][0x170] ;               /* 0x00005c0008047625 */
                                                                                       /* 0x000fca00078e0209 */
        /*0f80*/                   LDG.E R10, [R4.64] ;                                /* 0x00000008040a7981 */
                                                                                       /* 0x000724000c1e1900 */
        /*0f90*/                   MOV R4, R12 ;                                       /* 0x0000000c00047202 */
                                                                                       /* 0x008fe40000000f00 */
        /*0fa0*/                   MOV R5, R15 ;                                       /* 0x0000000f00057202 */
                                                                                       /* 0x000fca0000000f00 */
        /*0fb0*/                   LDG.E R11, [R4.64] ;                                /* 0x00000008040b7981 */
                                                                                       /* 0x000ee2000c1e1900 */
        /*0fc0*/                   IADD3 R6, R6, -0x1, RZ ;                            /* 0xffffffff06067810 */
                                                                                       /* 0x000fe40007ffe0ff */
        /*0fd0*/                   IADD3 R12, P1, R12, 0x4, RZ ;                       /* 0x000000040c0c7810 */
                                                                                       /* 0x000fe40007f3e0ff */
        /*0fe0*/                   ISETP.NE.U32.AND P0, PT, R6, RZ, PT ;               /* 0x000000ff0600720c */
                                                                                       /* 0x000fe40003f05070 */
        /*0ff0*/                   IADD3 R8, R8, 0x1000, RZ ;                          /* 0x0000100008087810 */
                                                                                       /* 0x000fe40007ffe0ff */
        /*1000*/                   IADD3.X R15, RZ, R15, RZ, P1, !PT ;                 /* 0x0000000fff0f7210 */
                                                                                       /* 0x000fe20000ffe4ff */
        /*1010*/                   FMUL R10, R10, c[0x0][0x168] ;                      /* 0x00005a000a0a7a20 */
                                                                                       /* 0x010fc80000400000 */
        /*1020*/                   FFMA R13, R10, R11, R13 ;                           /* 0x0000000b0a0d7223 */
                                                                                       /* 0x02efca000000000d */
        /*1030*/                   STG.E [R2.64], R13 ;                                /* 0x0000000d02007986 */
                                                                                       /* 0x0003e2000c101908 */
        /*1040*/               @P0 BRA 0xf70 ;                                         /* 0xffffff2000000947 */
                                                                                       /* 0x000fea000383ffff */
        /*1050*/                   LEA R4, P0, R0, c[0x0][0x188], 0x2 ;                /* 0x0000620000047a11 */
                                                                                       /* 0x000fc800078010ff */
        /*1060*/                   LEA.HI.X R5, R0, c[0x0][0x18c], R7, 0x2, P0 ;       /* 0x0000630000057a11 */
                                                                                       /* 0x000fca00000f1407 */
        /*1070*/                   LDG.E R4, [R4.64] ;                                 /* 0x0000000804047981 */
                                                                                       /* 0x000ee4000c1e1900 */
        /*1080*/                   FADD R13, R4, R13 ;                                 /* 0x0000000d040d7221 */
                                                                                       /* 0x02efca0000000000 */
        /*1090*/                   STG.E [R2.64], R13 ;                                /* 0x0000000d02007986 */
                                                                                       /* 0x000fe2000c101908 */
        /*10a0*/                   EXIT ;                                              /* 0x000000000000794d */
                                                                                       /* 0x000fea0003800000 */
        /*10b0*/                   BRA 0x10b0;                                         /* 0xfffffff000007947 */
                                                                                       /* 0x000fc0000383ffff */
        /*10c0*/                   NOP;                                                /* 0x0000000000007918 */
                                                                                       /* 0x000fc00000000000 */
        /*10d0*/                   NOP;                                                /* 0x0000000000007918 */
                                                                                       /* 0x000fc00000000000 */
        /*10e0*/                   NOP;                                                /* 0x0000000000007918 */
                                                                                       /* 0x000fc00000000000 */
        /*10f0*/                   NOP;                                                /* 0x0000000000007918 */
                                                                                       /* 0x000fc00000000000 */
        /*1100*/                   NOP;                                                /* 0x0000000000007918 */
                                                                                       /* 0x000fc00000000000 */
        /*1110*/                   NOP;                                                /* 0x0000000000007918 */
                                                                                       /* 0x000fc00000000000 */
        /*1120*/                   NOP;                                                /* 0x0000000000007918 */
                                                                                       /* 0x000fc00000000000 */
        /*1130*/                   NOP;                                                /* 0x0000000000007918 */
                                                                                       /* 0x000fc00000000000 */
        /*1140*/                   NOP;                                                /* 0x0000000000007918 */
                                                                                       /* 0x000fc00000000000 */
        /*1150*/                   NOP;                                                /* 0x0000000000007918 */
                                                                                       /* 0x000fc00000000000 */
        /*1160*/                   NOP;                                                /* 0x0000000000007918 */
                                                                                       /* 0x000fc00000000000 */
        /*1170*/                   NOP;                                                /* 0x0000000000007918 */
                                                                                       /* 0x000fc00000000000 */
		..........


		Function : _Z14gemver_kernel1iffPfS_S_S_S___noalias
	.headerflags	@"EF_CUDA_TEXMODE_UNIFIED EF_CUDA_64BIT_ADDRESS EF_CUDA_SM86 EF_CUDA_VIRTUAL_SM(EF_CUDA_SM86)"
        /*0000*/                   MOV R1, c[0x0][0x28] ;                              /* 0x00000a0000017a02 */
                                                                                       /* 0x000fe40000000f00 */
        /*0010*/                   S2R R4, SR_CTAID.X ;                                /* 0x0000000000047919 */
                                                                                       /* 0x000e280000002500 */
        /*0020*/                   S2R R3, SR_TID.X ;                                  /* 0x0000000000037919 */
                                                                                       /* 0x000e280000002100 */
        /*0030*/                   S2R R5, SR_CTAID.Y ;                                /* 0x0000000000057919 */
                                                                                       /* 0x000e680000002600 */
        /*0040*/                   S2R R0, SR_TID.Y ;                                  /* 0x0000000000007919 */
                                                                                       /* 0x000e620000002200 */
        /*0050*/                   IMAD R4, R4, c[0x0][0x0], R3 ;                      /* 0x0000000004047a24 */
                                                                                       /* 0x001fc400078e0203 */
        /*0060*/                   IMAD R5, R5, c[0x0][0x4], R0 ;                      /* 0x0000010005057a24 */
                                                                                       /* 0x002fca00078e0200 */
        /*0070*/                   IMNMX R0, R4, R5, !PT ;                             /* 0x0000000504007217 */
                                                                                       /* 0x000fc80007800200 */
        /*0080*/                   ISETP.GE.AND P0, PT, R0, c[0x0][0x160], PT ;        /* 0x0000580000007a0c */
                                                                                       /* 0x000fda0003f06270 */
        /*0090*/               @P0 EXIT ;                                              /* 0x000000000000094d */
                                                                                       /* 0x000fea0003800000 */
        /*00a0*/                   MOV R11, 0x4 ;                                      /* 0x00000004000b7802 */
                                                                                       /* 0x000fe20000000f00 */
        /*00b0*/                   ULDC.64 UR4, c[0x0][0x118] ;                        /* 0x0000460000047ab9 */
                                                                                       /* 0x000fe20000000a00 */
        /*00c0*/                   LEA R10, R5, R4, 0xc ;                              /* 0x00000004050a7211 */
                                                                                       /* 0x000fc600078e60ff */
        /*00d0*/                   IMAD.WIDE.U32 R6, R5, R11, c[0x0][0x190] ;          /* 0x0000640005067625 */
                                                                                       /* 0x000fc800078e000b */
        /*00e0*/                   IMAD.WIDE R8, R4.reuse, R11.reuse, c[0x0][0x180] ;  /* 0x0000600004087625 */
                                                                                       /* 0x0c0fe400078e020b */
        /*00f0*/                   LDG.E.CONSTANT R6, [R6.64] ;                        /* 0x0000000406067981 */
                                                                                       /* 0x000ea4000c1e9900 */
        /*0100*/                   IMAD.WIDE.U32 R2, R5, R11.reuse, c[0x0][0x188] ;    /* 0x0000620005027625 */
                                                                                       /* 0x080fe400078e000b */
        /*0110*/                   LDG.E.CONSTANT R9, [R8.64] ;                        /* 0x0000000408097981 */
                                                                                       /* 0x000ea4000c1e9900 */
        /*0120*/                   IMAD.WIDE R4, R4, R11.reuse, c[0x0][0x178] ;        /* 0x00005e0004047625 */
                                                                                       /* 0x080fe400078e020b */
        /*0130*/                   LDG.E.CONSTANT R2, [R2.64] ;                        /* 0x0000000402027981 */
                                                                                       /* 0x000ee4000c1e9900 */
        /*0140*/                   IMAD.WIDE R10, R10, R11, c[0x0][0x170] ;            /* 0x00005c000a0a7625 */
                                                                                       /* 0x000fc400078e020b */
        /*0150*/                   LDG.E.CONSTANT R5, [R4.64] ;                        /* 0x0000000404057981 */
                                                                                       /* 0x000ee8000c1e9900 */
        /*0160*/                   LDG.E R0, [R10.64] ;                                /* 0x000000040a007981 */
                                                                                       /* 0x000f22000c1e1900 */
        /*0170*/                   FMUL R13, R6, R9 ;                                  /* 0x00000009060d7220 */
                                                                                       /* 0x004fc80000400000 */
        /*0180*/                   FFMA R13, R2, R5, R13 ;                             /* 0x00000005020d7223 */
                                                                                       /* 0x008fc8000000000d */
        /*0190*/                   FADD R13, R13, R0 ;                                 /* 0x000000000d0d7221 */
                                                                                       /* 0x010fca0000000000 */
        /*01a0*/                   STG.E [R10.64], R13 ;                               /* 0x0000000d0a007986 */
                                                                                       /* 0x000fe2000c101904 */
        /*01b0*/                   EXIT ;                                              /* 0x000000000000794d */
                                                                                       /* 0x000fea0003800000 */
        /*01c0*/                   BRA 0x1c0;                                          /* 0xfffffff000007947 */
                                                                                       /* 0x000fc0000383ffff */
        /*01d0*/                   NOP;                                                /* 0x0000000000007918 */
                                                                                       /* 0x000fc00000000000 */
        /*01e0*/                   NOP;                                                /* 0x0000000000007918 */
                                                                                       /* 0x000fc00000000000 */
        /*01f0*/                   NOP;                                                /* 0x0000000000007918 */
                                                                                       /* 0x000fc00000000000 */
        /*0200*/                   NOP;                                                /* 0x0000000000007918 */
                                                                                       /* 0x000fc00000000000 */
        /*0210*/                   NOP;                                                /* 0x0000000000007918 */
                                                                                       /* 0x000fc00000000000 */
        /*0220*/                   NOP;                                                /* 0x0000000000007918 */
                                                                                       /* 0x000fc00000000000 */
        /*0230*/                   NOP;                                                /* 0x0000000000007918 */
                                                                                       /* 0x000fc00000000000 */
        /*0240*/                   NOP;                                                /* 0x0000000000007918 */
                                                                                       /* 0x000fc00000000000 */
        /*0250*/                   NOP;                                                /* 0x0000000000007918 */
                                                                                       /* 0x000fc00000000000 */
        /*0260*/                   NOP;                                                /* 0x0000000000007918 */
                                                                                       /* 0x000fc00000000000 */
        /*0270*/                   NOP;                                                /* 0x0000000000007918 */
                                                                                       /* 0x000fc00000000000 */
		..........


		Function : _Z14gemver_kernel1iffPfS_S_S_S_
	.headerflags	@"EF_CUDA_TEXMODE_UNIFIED EF_CUDA_64BIT_ADDRESS EF_CUDA_SM86 EF_CUDA_VIRTUAL_SM(EF_CUDA_SM86)"
        /*0000*/                   MOV R1, c[0x0][0x28] ;                              /* 0x00000a0000017a02 */
                                                                                       /* 0x000fe40000000f00 */
        /*0010*/                   S2R R4, SR_CTAID.X ;                                /* 0x0000000000047919 */
                                                                                       /* 0x000e280000002500 */
        /*0020*/                   S2R R3, SR_TID.X ;                                  /* 0x0000000000037919 */
                                                                                       /* 0x000e280000002100 */
        /*0030*/                   S2R R5, SR_CTAID.Y ;                                /* 0x0000000000057919 */
                                                                                       /* 0x000e680000002600 */
        /*0040*/                   S2R R0, SR_TID.Y ;                                  /* 0x0000000000007919 */
                                                                                       /* 0x000e620000002200 */
        /*0050*/                   IMAD R4, R4, c[0x0][0x0], R3 ;                      /* 0x0000000004047a24 */
                                                                                       /* 0x001fc400078e0203 */
        /*0060*/                   IMAD R5, R5, c[0x0][0x4], R0 ;                      /* 0x0000010005057a24 */
                                                                                       /* 0x002fca00078e0200 */
        /*0070*/                   IMNMX R0, R4, R5, !PT ;                             /* 0x0000000504007217 */
                                                                                       /* 0x000fc80007800200 */
        /*0080*/                   ISETP.GE.AND P0, PT, R0, c[0x0][0x160], PT ;        /* 0x0000580000007a0c */
                                                                                       /* 0x000fda0003f06270 */
        /*0090*/               @P0 EXIT ;                                              /* 0x000000000000094d */
                                                                                       /* 0x000fea0003800000 */
        /*00a0*/                   MOV R11, 0x4 ;                                      /* 0x00000004000b7802 */
                                                                                       /* 0x000fe20000000f00 */
        /*00b0*/                   ULDC.64 UR4, c[0x0][0x118] ;                        /* 0x0000460000047ab9 */
                                                                                       /* 0x000fe20000000a00 */
        /*00c0*/                   LEA R10, R5, R4, 0xc ;                              /* 0x00000004050a7211 */
                                                                                       /* 0x000fc600078e60ff */
        /*00d0*/                   IMAD.WIDE.U32 R6, R5, R11, c[0x0][0x190] ;          /* 0x0000640005067625 */
                                                                                       /* 0x000fc800078e000b */
        /*00e0*/                   IMAD.WIDE R8, R4.reuse, R11.reuse, c[0x0][0x180] ;  /* 0x0000600004087625 */
                                                                                       /* 0x0c0fe400078e020b */
        /*00f0*/                   LDG.E R6, [R6.64] ;                                 /* 0x0000000406067981 */
                                                                                       /* 0x000ea4000c1e1900 */
        /*0100*/                   IMAD.WIDE.U32 R2, R5, R11.reuse, c[0x0][0x188] ;    /* 0x0000620005027625 */
                                                                                       /* 0x080fe400078e000b */
        /*0110*/                   LDG.E R9, [R8.64] ;                                 /* 0x0000000408097981 */
                                                                                       /* 0x000ea4000c1e1900 */
        /*0120*/                   IMAD.WIDE R4, R4, R11.reuse, c[0x0][0x178] ;        /* 0x00005e0004047625 */
                                                                                       /* 0x080fe400078e020b */
        /*0130*/                   LDG.E R2, [R2.64] ;                                 /* 0x0000000402027981 */
                                                                                       /* 0x000ee4000c1e1900 */
        /*0140*/                   IMAD.WIDE R10, R10, R11, c[0x0][0x170] ;            /* 0x00005c000a0a7625 */
                                                                                       /* 0x000fc400078e020b */
        /*0150*/                   LDG.E R5, [R4.64] ;                                 /* 0x0000000404057981 */
                                                                                       /* 0x000ee8000c1e1900 */
        /*0160*/                   LDG.E R0, [R10.64] ;                                /* 0x000000040a007981 */
                                                                                       /* 0x000f22000c1e1900 */
        /*0170*/                   FMUL R13, R6, R9 ;                                  /* 0x00000009060d7220 */
                                                                                       /* 0x004fc80000400000 */
        /*0180*/                   FFMA R13, R2, R5, R13 ;                             /* 0x00000005020d7223 */
                                                                                       /* 0x008fc8000000000d */
        /*0190*/                   FADD R13, R13, R0 ;                                 /* 0x000000000d0d7221 */
                                                                                       /* 0x010fca0000000000 */
        /*01a0*/                   STG.E [R10.64], R13 ;                               /* 0x0000000d0a007986 */
                                                                                       /* 0x000fe2000c101904 */
        /*01b0*/                   EXIT ;                                              /* 0x000000000000794d */
                                                                                       /* 0x000fea0003800000 */
        /*01c0*/                   BRA 0x1c0;                                          /* 0xfffffff000007947 */
                                                                                       /* 0x000fc0000383ffff */
        /*01d0*/                   NOP;                                                /* 0x0000000000007918 */
                                                                                       /* 0x000fc00000000000 */
        /*01e0*/                   NOP;                                                /* 0x0000000000007918 */
                                                                                       /* 0x000fc00000000000 */
        /*01f0*/                   NOP;                                                /* 0x0000000000007918 */
                                                                                       /* 0x000fc00000000000 */
        /*0200*/                   NOP;                                                /* 0x0000000000007918 */
                                                                                       /* 0x000fc00000000000 */
        /*0210*/                   NOP;                                                /* 0x0000000000007918 */
                                                                                       /* 0x000fc00000000000 */
        /*0220*/                   NOP;                                                /* 0x0000000000007918 */
                                                                                       /* 0x000fc00000000000 */
        /*0230*/                   NOP;                                                /* 0x0000000000007918 */
                                                                                       /* 0x000fc00000000000 */
        /*0240*/                   NOP;                                                /* 0x0000000000007918 */
                                                                                       /* 0x000fc00000000000 */
        /*0250*/                   NOP;                                                /* 0x0000000000007918 */
                                                                                       /* 0x000fc00000000000 */
        /*0260*/                   NOP;                                                /* 0x0000000000007918 */
                                                                                       /* 0x000fc00000000000 */
        /*0270*/                   NOP;                                                /* 0x0000000000007918 */
                                                                                       /* 0x000fc00000000000 */
		..........


