
	code for sm_86
		Function : _Z15doitgen_kernel2PfS_S_i__noalias
	.headerflags	@"EF_CUDA_TEXMODE_UNIFIED EF_CUDA_64BIT_ADDRESS EF_CUDA_SM86 EF_CUDA_VIRTUAL_SM(EF_CUDA_SM86)"
        /*0000*/                   MOV R1, c[0x0][0x28] ;                             /* 0x00000a0000017a02 */
                                                                                      /* 0x000fe40000000f00 */
        /*0010*/                   S2R R3, SR_CTAID.Y ;                               /* 0x0000000000037919 */
                                                                                      /* 0x000e280000002600 */
        /*0020*/                   S2R R2, SR_TID.Y ;                                 /* 0x0000000000027919 */
                                                                                      /* 0x000e280000002200 */
        /*0030*/                   S2R R0, SR_CTAID.X ;                               /* 0x0000000000007919 */
                                                                                      /* 0x000e680000002500 */
        /*0040*/                   S2R R5, SR_TID.X ;                                 /* 0x0000000000057919 */
                                                                                      /* 0x000e620000002100 */
        /*0050*/                   IMAD R3, R3, c[0x0][0x4], R2 ;                     /* 0x0000010003037a24 */
                                                                                      /* 0x001fca00078e0202 */
        /*0060*/                   ISETP.GT.U32.AND P0, PT, R3, 0x7f, PT ;            /* 0x0000007f0300780c */
                                                                                      /* 0x000fe20003f04070 */
        /*0070*/                   IMAD R0, R0, c[0x0][0x0], R5 ;                     /* 0x0000000000007a24 */
                                                                                      /* 0x002fca00078e0205 */
        /*0080*/                   ISETP.GT.OR P0, PT, R0, 0x7f, P0 ;                 /* 0x0000007f0000780c */
                                                                                      /* 0x000fda0000704670 */
        /*0090*/               @P0 EXIT ;                                             /* 0x000000000000094d */
                                                                                      /* 0x000fea0003800000 */
        /*00a0*/                   LEA R0, R3, R0, 0x7 ;                              /* 0x0000000003007211 */
                                                                                      /* 0x000fe200078e38ff */
        /*00b0*/                   ULDC.64 UR4, c[0x0][0x118] ;                       /* 0x0000460000047ab9 */
                                                                                      /* 0x000fe20000000a00 */
        /*00c0*/                   MOV R3, c[0x0][0x178] ;                            /* 0x00005e0000037a02 */
                                                                                      /* 0x000fe40000000f00 */
        /*00d0*/                   MOV R7, 0x4 ;                                      /* 0x0000000400077802 */
                                                                                      /* 0x000fe40000000f00 */
        /*00e0*/                   LEA R0, R3, R0, 0xe ;                              /* 0x0000000003007211 */
                                                                                      /* 0x000fca00078e70ff */
        /*00f0*/                   IMAD.WIDE R4, R0, R7, c[0x0][0x160] ;              /* 0x0000580000047625 */
                                                                                      /* 0x000fcc00078e0207 */
        /*0100*/                   LDG.E.CONSTANT R5, [R4.64] ;                       /* 0x0000000404057981 */
                                                                                      /* 0x000ea2000c1e9900 */
        /*0110*/                   IMAD.WIDE R2, R0, R7, c[0x0][0x168] ;              /* 0x00005a0000027625 */
                                                                                      /* 0x000fca00078e0207 */
        /*0120*/                   STG.E [R2.64], R5 ;                                /* 0x0000000502007986 */
                                                                                      /* 0x004fe2000c101904 */
        /*0130*/                   EXIT ;                                             /* 0x000000000000794d */
                                                                                      /* 0x000fea0003800000 */
        /*0140*/                   BRA 0x140;                                         /* 0xfffffff000007947 */
                                                                                      /* 0x000fc0000383ffff */
        /*0150*/                   NOP;                                               /* 0x0000000000007918 */
                                                                                      /* 0x000fc00000000000 */
        /*0160*/                   NOP;                                               /* 0x0000000000007918 */
                                                                                      /* 0x000fc00000000000 */
        /*0170*/                   NOP;                                               /* 0x0000000000007918 */
                                                                                      /* 0x000fc00000000000 */
        /*0180*/                   NOP;                                               /* 0x0000000000007918 */
                                                                                      /* 0x000fc00000000000 */
        /*0190*/                   NOP;                                               /* 0x0000000000007918 */
                                                                                      /* 0x000fc00000000000 */
        /*01a0*/                   NOP;                                               /* 0x0000000000007918 */
                                                                                      /* 0x000fc00000000000 */
        /*01b0*/                   NOP;                                               /* 0x0000000000007918 */
                                                                                      /* 0x000fc00000000000 */
        /*01c0*/                   NOP;                                               /* 0x0000000000007918 */
                                                                                      /* 0x000fc00000000000 */
        /*01d0*/                   NOP;                                               /* 0x0000000000007918 */
                                                                                      /* 0x000fc00000000000 */
        /*01e0*/                   NOP;                                               /* 0x0000000000007918 */
                                                                                      /* 0x000fc00000000000 */
        /*01f0*/                   NOP;                                               /* 0x0000000000007918 */
                                                                                      /* 0x000fc00000000000 */
		..........


		Function : _Z15doitgen_kernel2PfS_S_i
	.headerflags	@"EF_CUDA_TEXMODE_UNIFIED EF_CUDA_64BIT_ADDRESS EF_CUDA_SM86 EF_CUDA_VIRTUAL_SM(EF_CUDA_SM86)"
        /*0000*/                   MOV R1, c[0x0][0x28] ;                             /* 0x00000a0000017a02 */
                                                                                      /* 0x000fe40000000f00 */
        /*0010*/                   S2R R3, SR_CTAID.Y ;                               /* 0x0000000000037919 */
                                                                                      /* 0x000e280000002600 */
        /*0020*/                   S2R R2, SR_TID.Y ;                                 /* 0x0000000000027919 */
                                                                                      /* 0x000e280000002200 */
        /*0030*/                   S2R R0, SR_CTAID.X ;                               /* 0x0000000000007919 */
                                                                                      /* 0x000e680000002500 */
        /*0040*/                   S2R R5, SR_TID.X ;                                 /* 0x0000000000057919 */
                                                                                      /* 0x000e620000002100 */
        /*0050*/                   IMAD R3, R3, c[0x0][0x4], R2 ;                     /* 0x0000010003037a24 */
                                                                                      /* 0x001fca00078e0202 */
        /*0060*/                   ISETP.GT.U32.AND P0, PT, R3, 0x7f, PT ;            /* 0x0000007f0300780c */
                                                                                      /* 0x000fe20003f04070 */
        /*0070*/                   IMAD R0, R0, c[0x0][0x0], R5 ;                     /* 0x0000000000007a24 */
                                                                                      /* 0x002fca00078e0205 */
        /*0080*/                   ISETP.GT.OR P0, PT, R0, 0x7f, P0 ;                 /* 0x0000007f0000780c */
                                                                                      /* 0x000fda0000704670 */
        /*0090*/               @P0 EXIT ;                                             /* 0x000000000000094d */
                                                                                      /* 0x000fea0003800000 */
        /*00a0*/                   LEA R0, R3, R0, 0x7 ;                              /* 0x0000000003007211 */
                                                                                      /* 0x000fe200078e38ff */
        /*00b0*/                   ULDC.64 UR4, c[0x0][0x118] ;                       /* 0x0000460000047ab9 */
                                                                                      /* 0x000fe20000000a00 */
        /*00c0*/                   MOV R3, c[0x0][0x178] ;                            /* 0x00005e0000037a02 */
                                                                                      /* 0x000fe40000000f00 */
        /*00d0*/                   MOV R7, 0x4 ;                                      /* 0x0000000400077802 */
                                                                                      /* 0x000fe40000000f00 */
        /*00e0*/                   LEA R0, R3, R0, 0xe ;                              /* 0x0000000003007211 */
                                                                                      /* 0x000fca00078e70ff */
        /*00f0*/                   IMAD.WIDE R4, R0, R7, c[0x0][0x160] ;              /* 0x0000580000047625 */
                                                                                      /* 0x000fcc00078e0207 */
        /*0100*/                   LDG.E R5, [R4.64] ;                                /* 0x0000000404057981 */
                                                                                      /* 0x000ea2000c1e1900 */
        /*0110*/                   IMAD.WIDE R2, R0, R7, c[0x0][0x168] ;              /* 0x00005a0000027625 */
                                                                                      /* 0x000fca00078e0207 */
        /*0120*/                   STG.E [R2.64], R5 ;                                /* 0x0000000502007986 */
                                                                                      /* 0x004fe2000c101904 */
        /*0130*/                   EXIT ;                                             /* 0x000000000000794d */
                                                                                      /* 0x000fea0003800000 */
        /*0140*/                   BRA 0x140;                                         /* 0xfffffff000007947 */
                                                                                      /* 0x000fc0000383ffff */
        /*0150*/                   NOP;                                               /* 0x0000000000007918 */
                                                                                      /* 0x000fc00000000000 */
        /*0160*/                   NOP;                                               /* 0x0000000000007918 */
                                                                                      /* 0x000fc00000000000 */
        /*0170*/                   NOP;                                               /* 0x0000000000007918 */
                                                                                      /* 0x000fc00000000000 */
        /*0180*/                   NOP;                                               /* 0x0000000000007918 */
                                                                                      /* 0x000fc00000000000 */
        /*0190*/                   NOP;                                               /* 0x0000000000007918 */
                                                                                      /* 0x000fc00000000000 */
        /*01a0*/                   NOP;                                               /* 0x0000000000007918 */
                                                                                      /* 0x000fc00000000000 */
        /*01b0*/                   NOP;                                               /* 0x0000000000007918 */
                                                                                      /* 0x000fc00000000000 */
        /*01c0*/                   NOP;                                               /* 0x0000000000007918 */
                                                                                      /* 0x000fc00000000000 */
        /*01d0*/                   NOP;                                               /* 0x0000000000007918 */
                                                                                      /* 0x000fc00000000000 */
        /*01e0*/                   NOP;                                               /* 0x0000000000007918 */
                                                                                      /* 0x000fc00000000000 */
        /*01f0*/                   NOP;                                               /* 0x0000000000007918 */
                                                                                      /* 0x000fc00000000000 */
		..........


		Function : _Z15doitgen_kernel1PfS_S_i__noalias
	.headerflags	@"EF_CUDA_TEXMODE_UNIFIED EF_CUDA_64BIT_ADDRESS EF_CUDA_SM86 EF_CUDA_VIRTUAL_SM(EF_CUDA_SM86)"
        /*0000*/                   MOV R1, c[0x0][0x28] ;                             /* 0x00000a0000017a02 */
                                                                                      /* 0x000fe40000000f00 */
        /*0010*/                   S2R R0, SR_CTAID.Y ;                               /* 0x0000000000007919 */
                                                                                      /* 0x000e280000002600 */
        /*0020*/                   S2R R5, SR_TID.Y ;                                 /* 0x0000000000057919 */
                                                                                      /* 0x000e280000002200 */
        /*0030*/                   S2R R10, SR_CTAID.X ;                              /* 0x00000000000a7919 */
                                                                                      /* 0x000e680000002500 */
        /*0040*/                   S2R R3, SR_TID.X ;                                 /* 0x0000000000037919 */
                                                                                      /* 0x000e620000002100 */
        /*0050*/                   IMAD R0, R0, c[0x0][0x4], R5 ;                     /* 0x0000010000007a24 */
                                                                                      /* 0x001fca00078e0205 */
        /*0060*/                   ISETP.GT.U32.AND P0, PT, R0, 0x7f, PT ;            /* 0x0000007f0000780c */
                                                                                      /* 0x000fe20003f04070 */
        /*0070*/                   IMAD R10, R10, c[0x0][0x0], R3 ;                   /* 0x000000000a0a7a24 */
                                                                                      /* 0x002fca00078e0203 */
        /*0080*/                   ISETP.GT.OR P0, PT, R10, 0x7f, P0 ;                /* 0x0000007f0a00780c */
                                                                                      /* 0x000fda0000704670 */
        /*0090*/               @P0 EXIT ;                                             /* 0x000000000000094d */
                                                                                      /* 0x000fea0003800000 */
        /*00a0*/                   ULDC UR4, c[0x0][0x178] ;                          /* 0x00005e0000047ab9 */
                                                                                      /* 0x000fe20000000800 */
        /*00b0*/                   SHF.L.U32 R9, R0, 0x7, RZ ;                        /* 0x0000000700097819 */
                                                                                      /* 0x000fe200000006ff */
        /*00c0*/                   USHF.L.U32 UR4, UR4, 0xe, URZ ;                    /* 0x0000000e04047899 */
                                                                                      /* 0x000fe2000800063f */
        /*00d0*/                   MOV R8, 0x4 ;                                      /* 0x0000000400087802 */
                                                                                      /* 0x000fca0000000f00 */
        /*00e0*/                   LOP3.LUT R9, R9, UR4, RZ, 0xfc, !PT ;              /* 0x0000000409097c12 */
                                                                                      /* 0x000fe2000f8efcff */
        /*00f0*/                   IMAD.WIDE R4, R10, R8, c[0x0][0x170] ;             /* 0x00005c000a047625 */
                                                                                      /* 0x000fe200078e0208 */
        /*0100*/                   ULDC.64 UR4, c[0x0][0x118] ;                       /* 0x0000460000047ab9 */
                                                                                      /* 0x000fc60000000a00 */
        /*0110*/                   IMAD.WIDE R2, R9, R8, c[0x0][0x168] ;              /* 0x00005a0009027625 */
                                                                                      /* 0x000fe200078e0208 */
        /*0120*/                   LDG.E.CONSTANT R31, [R4.64] ;                      /* 0x00000004041f7981 */
                                                                                      /* 0x0000a8000c1e9900 */
        /*0130*/                   LDG.E.CONSTANT R0, [R2.64] ;                       /* 0x0000000402007981 */
                                                                                      /* 0x000ea8000c1e9900 */
        /*0140*/                   LDG.E.CONSTANT R11, [R4.64+0x200] ;                /* 0x00020004040b7981 */
                                                                                      /* 0x0000e8000c1e9900 */
        /*0150*/                   LDG.E.CONSTANT R34, [R2.64+0x4] ;                  /* 0x0000040402227981 */
                                                                                      /* 0x000ee8000c1e9900 */
        /*0160*/                   LDG.E.CONSTANT R12, [R4.64+0x400] ;                /* 0x00040004040c7981 */
                                                                                      /* 0x000128000c1e9900 */
        /*0170*/                   LDG.E.CONSTANT R13, [R2.64+0x8] ;                  /* 0x00000804020d7981 */
                                                                                      /* 0x000f22000c1e9900 */
        /*0180*/                   IADD3 R7, R10, 0x200, RZ ;                         /* 0x000002000a077810 */
                                                                                      /* 0x000fc60007ffe0ff */
        /*0190*/                   LDG.E.CONSTANT R33, [R4.64+0x600] ;                /* 0x0006000404217981 */
                                                                                      /* 0x000164000c1e9900 */
        /*01a0*/                   IMAD.WIDE R6, R7, R8, c[0x0][0x170] ;              /* 0x00005c0007067625 */
                                                                                      /* 0x000fe400078e0208 */
        /*01b0*/                   LDG.E.CONSTANT R32, [R2.64+0xc] ;                  /* 0x00000c0402207981 */
                                                                                      /* 0x000f68000c1e9900 */
        /*01c0*/                   LDG.E.CONSTANT R26, [R6.64] ;                      /* 0x00000004061a7981 */
                                                                                      /* 0x000368000c1e9900 */
        /*01d0*/                   LDG.E.CONSTANT R27, [R2.64+0x10] ;                 /* 0x00001004021b7981 */
                                                                                      /* 0x000f68000c1e9900 */
        /*01e0*/                   LDG.E.CONSTANT R22, [R6.64+0x200] ;                /* 0x0002000406167981 */
                                                                                      /* 0x000368000c1e9900 */
        /*01f0*/                   LDG.E.CONSTANT R25, [R2.64+0x14] ;                 /* 0x0000140402197981 */
                                                                                      /* 0x000f68000c1e9900 */
        /*0200*/                   LDG.E.CONSTANT R23, [R6.64+0x400] ;                /* 0x0004000406177981 */
                                                                                      /* 0x000368000c1e9900 */
        /*0210*/                   LDG.E.CONSTANT R24, [R2.64+0x18] ;                 /* 0x0000180402187981 */
                                                                                      /* 0x000f68000c1e9900 */
        /*0220*/                   LDG.E.CONSTANT R28, [R6.64+0x600] ;                /* 0x00060004061c7981 */
                                                                                      /* 0x000368000c1e9900 */
        /*0230*/                   LDG.E.CONSTANT R29, [R2.64+0x1c] ;                 /* 0x00001c04021d7981 */
                                                                                      /* 0x000f62000c1e9900 */
        /*0240*/                   IADD3 R5, R10, 0x400, RZ ;                         /* 0x000004000a057810 */
                                                                                      /* 0x001fc60007ffe0ff */
        /*0250*/                   LDG.E.CONSTANT R15, [R2.64+0x20] ;                 /* 0x00002004020f7981 */
                                                                                      /* 0x000f64000c1e9900 */
        /*0260*/                   IMAD.WIDE R4, R5, R8, c[0x0][0x170] ;              /* 0x00005c0005047625 */
                                                                                      /* 0x000fe400078e0208 */
        /*0270*/                   LDG.E.CONSTANT R17, [R2.64+0x24] ;                 /* 0x0000240402117981 */
                                                                                      /* 0x000f68000c1e9900 */
        /*0280*/                   LDG.E.CONSTANT R18, [R4.64] ;                      /* 0x0000000404127981 */
                                                                                      /* 0x000162000c1e9900 */
        /*0290*/                   IADD3 R19, R10, 0x600, RZ ;                        /* 0x000006000a137810 */
                                                                                      /* 0x000fc60007ffe0ff */
        /*02a0*/                   LDG.E.CONSTANT R16, [R4.64+0x200] ;                /* 0x0002000404107981 */
                                                                                      /* 0x000168000c1e9900 */
        /*02b0*/                   LDG.E.CONSTANT R21, [R4.64+0x400] ;                /* 0x0004000404157981 */
                                                                                      /* 0x000162000c1e9900 */
        /*02c0*/                   IMAD.WIDE R6, R19, R8, c[0x0][0x170] ;             /* 0x00005c0013067625 */
                                                                                      /* 0x002fc600078e0208 */
        /*02d0*/                   LDG.E.CONSTANT R20, [R2.64+0x28] ;                 /* 0x0000280402147981 */
                                                                                      /* 0x000f68000c1e9900 */
        /*02e0*/                   LDG.E.CONSTANT R14, [R4.64+0x600] ;                /* 0x00060004040e7981 */
                                                                                      /* 0x000168000c1e9900 */
        /*02f0*/                   LDG.E.CONSTANT R19, [R2.64+0x2c] ;                 /* 0x00002c0402137981 */
                                                                                      /* 0x000f68000c1e9900 */
        /*0300*/                   LDG.E.CONSTANT R30, [R6.64] ;                      /* 0x00000004061e7981 */
                                                                                      /* 0x000368000c1e9900 */
        /*0310*/                   LDG.E.CONSTANT R35, [R2.64+0x30] ;                 /* 0x0000300402237981 */
                                                                                      /* 0x000f62000c1e9900 */
        /*0320*/                   IADD3 R5, R10, 0x800, RZ ;                         /* 0x000008000a057810 */
                                                                                      /* 0x001fca0007ffe0ff */
        /*0330*/                   IMAD.WIDE R4, R5, R8, c[0x0][0x170] ;              /* 0x00005c0005047625 */
                                                                                      /* 0x000fe200078e0208 */
        /*0340*/                   FFMA R31, R0, R31, RZ ;                            /* 0x0000001f001f7223 */
                                                                                      /* 0x004fe400000000ff */
        /*0350*/                   LDG.E.CONSTANT R0, [R6.64+0x200] ;                 /* 0x0002000406007981 */
                                                                                      /* 0x0002a4000c1e9900 */
        /*0360*/                   FFMA R34, R34, R11, R31 ;                          /* 0x0000000b22227223 */
                                                                                      /* 0x008fe4000000001f */
        /*0370*/                   LDG.E.CONSTANT R11, [R2.64+0x34] ;                 /* 0x00003404020b7981 */
                                                                                      /* 0x000ea8000c1e9900 */
        /*0380*/                   LDG.E.CONSTANT R31, [R6.64+0x600] ;                /* 0x00060004061f7981 */
                                                                                      /* 0x0002e2000c1e9900 */
        /*0390*/                   FFMA R37, R13, R12, R34 ;                          /* 0x0000000c0d257223 */
                                                                                      /* 0x010fc60000000022 */
        /*03a0*/                   LDG.E.CONSTANT R12, [R6.64+0x400] ;                /* 0x00040004060c7981 */
                                                                                      /* 0x000328000c1e9900 */
        /*03b0*/                   LDG.E.CONSTANT R13, [R2.64+0x38] ;                 /* 0x00003804020d7981 */
                                                                                      /* 0x000f22000c1e9900 */
        /*03c0*/                   FFMA R32, R32, R33, R37 ;                          /* 0x0000002120207223 */
                                                                                      /* 0x020fc60000000025 */
        /*03d0*/                   LDG.E.CONSTANT R34, [R2.64+0x3c] ;                 /* 0x00003c0402227981 */
                                                                                      /* 0x000ee2000c1e9900 */
        /*03e0*/                   FFMA R32, R27, R26, R32 ;                          /* 0x0000001a1b207223 */
                                                                                      /* 0x000fc60000000020 */
        /*03f0*/                   LDG.E.CONSTANT R27, [R4.64] ;                      /* 0x00000004041b7981 */
                                                                                      /* 0x000168000c1e9900 */
        /*0400*/                   LDG.E.CONSTANT R26, [R2.64+0x40] ;                 /* 0x00004004021a7981 */
                                                                                      /* 0x000f62000c1e9900 */
        /*0410*/                   FFMA R33, R25, R22, R32 ;                          /* 0x0000001619217223 */
                                                                                      /* 0x000fc60000000020 */
        /*0420*/                   LDG.E.CONSTANT R22, [R4.64+0x200] ;                /* 0x0002000404167981 */
                                                                                      /* 0x000168000c1e9900 */
        /*0430*/                   LDG.E.CONSTANT R25, [R2.64+0x44] ;                 /* 0x0000440402197981 */
                                                                                      /* 0x000f62000c1e9900 */
        /*0440*/                   FFMA R6, R24, R23, R33 ;                           /* 0x0000001718067223 */
                                                                                      /* 0x002fc60000000021 */
        /*0450*/                   LDG.E.CONSTANT R24, [R4.64+0x400] ;                /* 0x0004000404187981 */
                                                                                      /* 0x000168000c1e9900 */
        /*0460*/                   LDG.E.CONSTANT R23, [R2.64+0x48] ;                 /* 0x0000480402177981 */
                                                                                      /* 0x000f62000c1e9900 */
        /*0470*/                   IADD3 R7, R10, 0xa00, RZ ;                         /* 0x00000a000a077810 */
                                                                                      /* 0x000fe20007ffe0ff */
        /*0480*/                   FFMA R36, R29, R28, R6 ;                           /* 0x0000001c1d247223 */
                                                                                      /* 0x000fe40000000006 */
        /*0490*/                   LDG.E.CONSTANT R33, [R4.64+0x600] ;                /* 0x0006000404217981 */
                                                                                      /* 0x000168000c1e9900 */
        /*04a0*/                   LDG.E.CONSTANT R28, [R2.64+0x4c] ;                 /* 0x00004c04021c7981 */
                                                                                      /* 0x000f62000c1e9900 */
        /*04b0*/                   IMAD.WIDE R6, R7, R8, c[0x0][0x170] ;              /* 0x00005c0007067625 */
                                                                                      /* 0x000fc600078e0208 */
        /*04c0*/                   LDG.E.CONSTANT R32, [R2.64+0x50] ;                 /* 0x0000500402207981 */
                                                                                      /* 0x000f68000c1e9900 */
        /*04d0*/                   LDG.E.CONSTANT R29, [R6.64] ;                      /* 0x00000004061d7981 */
                                                                                      /* 0x000362000c1e9900 */
        /*04e0*/                   FFMA R18, R15, R18, R36 ;                          /* 0x000000120f127223 */
                                                                                      /* 0x000fc60000000024 */
        /*04f0*/                   LDG.E.CONSTANT R15, [R6.64+0x200] ;                /* 0x00020004060f7981 */
                                                                                      /* 0x000362000c1e9900 */
        /*0500*/                   FFMA R17, R17, R16, R18 ;                          /* 0x0000001011117223 */
                                                                                      /* 0x000fc60000000012 */
        /*0510*/                   LDG.E.CONSTANT R16, [R2.64+0x54] ;                 /* 0x0000540402107981 */
                                                                                      /* 0x000f62000c1e9900 */
        /*0520*/                   FFMA R20, R20, R21, R17 ;                          /* 0x0000001514147223 */
                                                                                      /* 0x000fe20000000011 */
        /*0530*/                   IADD3 R5, R10, 0xc00, RZ ;                         /* 0x00000c000a057810 */
                                                                                      /* 0x001fe40007ffe0ff */
        /*0540*/                   LDG.E.CONSTANT R17, [R6.64+0x400] ;                /* 0x0004000406117981 */
                                                                                      /* 0x000368000c1e9900 */
        /*0550*/                   LDG.E.CONSTANT R18, [R6.64+0x600] ;                /* 0x0006000406127981 */
                                                                                      /* 0x000362000c1e9900 */
        /*0560*/                   FFMA R20, R19, R14, R20 ;                          /* 0x0000000e13147223 */
                                                                                      /* 0x000fc60000000014 */
        /*0570*/                   LDG.E.CONSTANT R14, [R2.64+0x58] ;                 /* 0x00005804020e7981 */
                                                                                      /* 0x000f62000c1e9900 */
        /*0580*/                   IMAD.WIDE R4, R5, R8, c[0x0][0x170] ;              /* 0x00005c0005047625 */
                                                                                      /* 0x000fc600078e0208 */
        /*0590*/                   LDG.E.CONSTANT R19, [R2.64+0x5c] ;                 /* 0x00005c0402137981 */
                                                                                      /* 0x000f62000c1e9900 */
        /*05a0*/                   FFMA R20, R35, R30, R20 ;                          /* 0x0000001e23147223 */
                                                                                      /* 0x000fc60000000014 */
        /*05b0*/                   LDG.E.CONSTANT R35, [R2.64+0x68] ;                 /* 0x0000680402237981 */
                                                                                      /* 0x000f62000c1e9900 */
        /*05c0*/                   IADD3 R7, R10, 0xe00, RZ ;                         /* 0x00000e000a077810 */
                                                                                      /* 0x002fc60007ffe0ff */
        /*05d0*/                   LDG.E.CONSTANT R21, [R4.64+0x600] ;                /* 0x0006000404157981 */
                                                                                      /* 0x000164000c1e9900 */
        /*05e0*/                   IMAD.WIDE R6, R7, R8, c[0x0][0x170] ;              /* 0x00005c0007067625 */
                                                                                      /* 0x000fe400078e0208 */
        /*05f0*/                   LDG.E.CONSTANT R30, [R2.64+0x6c] ;                 /* 0x00006c04021e7981 */
                                                                                      /* 0x000f62000c1e9900 */
        /*0600*/                   FFMA R20, R11, R0, R20 ;                           /* 0x000000000b147223 */
                                                                                      /* 0x004fc60000000014 */
        /*0610*/                   LDG.E.CONSTANT R0, [R4.64] ;                       /* 0x0000000404007981 */
                                                                                      /* 0x0000a8000c1e9900 */
        /*0620*/                   LDG.E.CONSTANT R11, [R2.64+0x60] ;                 /* 0x00006004020b7981 */
                                                                                      /* 0x000ea2000c1e9900 */
        /*0630*/                   FFMA R37, R13, R12, R20 ;                          /* 0x0000000c0d257223 */
                                                                                      /* 0x010fc60000000014 */
        /*0640*/                   LDG.E.CONSTANT R13, [R4.64+0x200] ;                /* 0x00020004040d7981 */
                                                                                      /* 0x000128000c1e9900 */
        /*0650*/                   LDG.E.CONSTANT R20, [R2.64+0x64] ;                 /* 0x0000640402147981 */
                                                                                      /* 0x000f28000c1e9900 */
        /*0660*/                   LDG.E.CONSTANT R12, [R4.64+0x400] ;                /* 0x00040004040c7981 */
                                                                                      /* 0x000122000c1e9900 */
        /*0670*/                   FFMA R31, R34, R31, R37 ;                          /* 0x0000001f221f7223 */
                                                                                      /* 0x008fc80000000025 */
        /*0680*/                   FFMA R34, R26, R27, R31 ;                          /* 0x0000001b1a227223 */
                                                                                      /* 0x020fe4000000001f */
        /*0690*/                   LDG.E.CONSTANT R26, [R6.64] ;                      /* 0x00000004061a7981 */
                                                                                      /* 0x0002e8000c1e9900 */
        /*06a0*/                   LDG.E.CONSTANT R27, [R2.64+0x70] ;                 /* 0x00007004021b7981 */
                                                                                      /* 0x000ee2000c1e9900 */
        /*06b0*/                   FFMA R34, R25, R22, R34 ;                          /* 0x0000001619227223 */
                                                                                      /* 0x000fc60000000022 */
        /*06c0*/                   LDG.E.CONSTANT R25, [R6.64+0x200] ;                /* 0x0002000406197981 */
                                                                                      /* 0x000368000c1e9900 */
        /*06d0*/                   LDG.E.CONSTANT R22, [R2.64+0x74] ;                 /* 0x0000740402167981 */
                                                                                      /* 0x000f62000c1e9900 */
        /*06e0*/                   FFMA R5, R23, R24, R34 ;                           /* 0x0000001817057223 */
                                                                                      /* 0x001fc60000000022 */
        /*06f0*/                   LDG.E.CONSTANT R24, [R6.64+0x400] ;                /* 0x0004000406187981 */
                                                                                      /* 0x000368000c1e9900 */
        /*0700*/                   LDG.E.CONSTANT R23, [R2.64+0x78] ;                 /* 0x0000780402177981 */
                                                                                      /* 0x000f62000c1e9900 */
        /*0710*/                   FFMA R33, R28, R33, R5 ;                           /* 0x000000211c217223 */
                                                                                      /* 0x000fe20000000005 */
        /*0720*/                   IADD3 R5, R10, 0x1000, RZ ;                        /* 0x000010000a057810 */
                                                                                      /* 0x000fe40007ffe0ff */
        /*0730*/                   LDG.E.CONSTANT R31, [R6.64+0x600] ;                /* 0x00060004061f7981 */
                                                                                      /* 0x000368000c1e9900 */
        /*0740*/                   LDG.E.CONSTANT R28, [R2.64+0x7c] ;                 /* 0x00007c04021c7981 */
                                                                                      /* 0x000f62000c1e9900 */
        /*0750*/                   IMAD.WIDE R4, R5, R8, c[0x0][0x170] ;              /* 0x00005c0005047625 */
                                                                                      /* 0x000fe200078e0208 */
        /*0760*/                   FFMA R37, R32, R29, R33 ;                          /* 0x0000001d20257223 */
                                                                                      /* 0x000fc40000000021 */
        /*0770*/                   LDG.E.CONSTANT R34, [R2.64+0x80] ;                 /* 0x0000800402227981 */
                                                                                      /* 0x000f68000c1e9900 */
        /*0780*/                   LDG.E.CONSTANT R33, [R4.64] ;                      /* 0x0000000404217981 */
                                                                                      /* 0x000168000c1e9900 */
        /*0790*/                   LDG.E.CONSTANT R29, [R4.64+0x200] ;                /* 0x00020004041d7981 */
                                                                                      /* 0x000168000c1e9900 */
        /*07a0*/                   LDG.E.CONSTANT R32, [R2.64+0x84] ;                 /* 0x0000840402207981 */
                                                                                      /* 0x000f62000c1e9900 */
        /*07b0*/                   FFMA R15, R16, R15, R37 ;                          /* 0x0000000f100f7223 */
                                                                                      /* 0x000fe20000000025 */
        /*07c0*/                   IADD3 R7, R10, 0x1200, RZ ;                        /* 0x000012000a077810 */
                                                                                      /* 0x002fc40007ffe0ff */
        /*07d0*/                   LDG.E.CONSTANT R16, [R4.64+0x600] ;                /* 0x0006000404107981 */
                                                                                      /* 0x000162000c1e9900 */
        /*07e0*/                   FFMA R14, R14, R17, R15 ;                          /* 0x000000110e0e7223 */
                                                                                      /* 0x000fc6000000000f */
        /*07f0*/                   LDG.E.CONSTANT R15, [R2.64+0x88] ;                 /* 0x00008804020f7981 */
                                                                                      /* 0x000f62000c1e9900 */
        /*0800*/                   FFMA R18, R19, R18, R14 ;                          /* 0x0000001213127223 */
                                                                                      /* 0x000fc6000000000e */
        /*0810*/                   LDG.E.CONSTANT R14, [R4.64+0x400] ;                /* 0x00040004040e7981 */
                                                                                      /* 0x000162000c1e9900 */
        /*0820*/                   IMAD.WIDE R6, R7, R8, c[0x0][0x170] ;              /* 0x00005c0007067625 */
                                                                                      /* 0x000fc600078e0208 */
        /*0830*/                   LDG.E.CONSTANT R37, [R2.64+0xbc] ;                 /* 0x0000bc0402257981 */
                                                                                      /* 0x000f68000c1e9900 */
        /*0840*/                   LDG.E.CONSTANT R19, [R6.64+0x400] ;                /* 0x0004000406137981 */
                                                                                      /* 0x000362000c1e9900 */
        /*0850*/                   IADD3 R5, R10, 0x1400, RZ ;                        /* 0x000014000a057810 */
                                                                                      /* 0x001fca0007ffe0ff */
        /*0860*/                   IMAD.WIDE R4, R5, R8, c[0x0][0x170] ;              /* 0x00005c0005047625 */
                                                                                      /* 0x000fe200078e0208 */
        /*0870*/                   FFMA R17, R11, R0, R18 ;                           /* 0x000000000b117223 */
                                                                                      /* 0x004fe40000000012 */
        /*0880*/                   LDG.E.CONSTANT R11, [R2.64+0x8c] ;                 /* 0x00008c04020b7981 */
                                                                                      /* 0x000ea8000c1e9900 */
        /*0890*/                   LDG.E.CONSTANT R0, [R6.64] ;                       /* 0x0000000406007981 */
                                                                                      /* 0x0002a8000c1e9900 */
        /*08a0*/                   LDG.E.CONSTANT R18, [R2.64+0x98] ;                 /* 0x0000980402127981 */
                                                                                      /* 0x000ea2000c1e9900 */
        /*08b0*/                   FFMA R20, R20, R13, R17 ;                          /* 0x0000000d14147223 */
                                                                                      /* 0x010fc60000000011 */
        /*08c0*/                   LDG.E.CONSTANT R13, [R2.64+0x90] ;                 /* 0x00009004020d7981 */
                                                                                      /* 0x000f22000c1e9900 */
        /*08d0*/                   FFMA R35, R35, R12, R20 ;                          /* 0x0000000c23237223 */
                                                                                      /* 0x000fc60000000014 */
        /*08e0*/                   LDG.E.CONSTANT R17, [R6.64+0x200] ;                /* 0x0002000406117981 */
                                                                                      /* 0x000328000c1e9900 */
        /*08f0*/                   LDG.E.CONSTANT R12, [R2.64+0x94] ;                 /* 0x00009404020c7981 */
                                                                                      /* 0x000f22000c1e9900 */
        /*0900*/                   FFMA R30, R30, R21, R35 ;                          /* 0x000000151e1e7223 */
                                                                                      /* 0x000fc60000000023 */
        /*0910*/                   LDG.E.CONSTANT R21, [R6.64+0x600] ;                /* 0x0006000406157981 */
                                                                                      /* 0x000328000c1e9900 */
        /*0920*/                   LDG.E.CONSTANT R20, [R2.64+0x9c] ;                 /* 0x00009c0402147981 */
                                                                                      /* 0x000f22000c1e9900 */
        /*0930*/                   FFMA R35, R27, R26, R30 ;                          /* 0x0000001a1b237223 */
                                                                                      /* 0x008fc6000000001e */
        /*0940*/                   LDG.E.CONSTANT R27, [R4.64] ;                      /* 0x00000004041b7981 */
                                                                                      /* 0x0000e8000c1e9900 */
        /*0950*/                   LDG.E.CONSTANT R26, [R2.64+0xa0] ;                 /* 0x0000a004021a7981 */
                                                                                      /* 0x000ee2000c1e9900 */
        /*0960*/                   FFMA R30, R22, R25, R35 ;                          /* 0x00000019161e7223 */
                                                                                      /* 0x020fc60000000023 */
        /*0970*/                   LDG.E.CONSTANT R25, [R4.64+0x200] ;                /* 0x0002000404197981 */
                                                                                      /* 0x000168000c1e9900 */
        /*0980*/                   LDG.E.CONSTANT R22, [R2.64+0xa4] ;                 /* 0x0000a40402167981 */
                                                                                      /* 0x000f62000c1e9900 */
        /*0990*/                   FFMA R35, R23, R24, R30 ;                          /* 0x0000001817237223 */
                                                                                      /* 0x000fc6000000001e */
        /*09a0*/                   LDG.E.CONSTANT R24, [R4.64+0x400] ;                /* 0x0004000404187981 */
                                                                                      /* 0x000168000c1e9900 */
        /*09b0*/                   LDG.E.CONSTANT R23, [R2.64+0xa8] ;                 /* 0x0000a80402177981 */
                                                                                      /* 0x000f62000c1e9900 */
        /*09c0*/                   IADD3 R7, R10, 0x1600, RZ ;                        /* 0x000016000a077810 */
                                                                                      /* 0x002fe20007ffe0ff */
        /*09d0*/                   FFMA R35, R28, R31, R35 ;                          /* 0x0000001f1c237223 */
                                                                                      /* 0x000fe40000000023 */
        /*09e0*/                   LDG.E.CONSTANT R30, [R4.64+0x600] ;                /* 0x00060004041e7981 */
                                                                                      /* 0x000164000c1e9900 */
        /*09f0*/                   IMAD.WIDE R6, R7, R8, c[0x0][0x170] ;              /* 0x00005c0007067625 */
                                                                                      /* 0x000fc400078e0208 */
        /*0a00*/                   LDG.E.CONSTANT R31, [R2.64+0xac] ;                 /* 0x0000ac04021f7981 */
                                                                                      /* 0x000f62000c1e9900 */
        /*0a10*/                   FFMA R35, R34, R33, R35 ;                          /* 0x0000002122237223 */
                                                                                      /* 0x000fc60000000023 */
        /*0a20*/                   LDG.E.CONSTANT R28, [R6.64] ;                      /* 0x00000004061c7981 */
                                                                                      /* 0x000368000c1e9900 */
        /*0a30*/                   LDG.E.CONSTANT R33, [R2.64+0xb0] ;                 /* 0x0000b00402217981 */
                                                                                      /* 0x000f62000c1e9900 */
        /*0a40*/                   FFMA R4, R32, R29, R35 ;                           /* 0x0000001d20047223 */
                                                                                      /* 0x001fc60000000023 */
        /*0a50*/                   LDG.E.CONSTANT R35, [R6.64+0x200] ;                /* 0x0002000406237981 */
                                                                                      /* 0x000368000c1e9900 */
        /*0a60*/                   LDG.E.CONSTANT R34, [R2.64+0xb4] ;                 /* 0x0000b40402227981 */
                                                                                      /* 0x000f68000c1e9900 */
        /*0a70*/                   LDG.E.CONSTANT R29, [R6.64+0x400] ;                /* 0x00040004061d7981 */
                                                                                      /* 0x000368000c1e9900 */
        /*0a80*/                   LDG.E.CONSTANT R32, [R2.64+0xb8] ;                 /* 0x0000b80402207981 */
                                                                                      /* 0x000f68000c1e9900 */
        /*0a90*/                   LDG.E.CONSTANT R36, [R6.64+0x600] ;                /* 0x0006000406247981 */
                                                                                      /* 0x000362000c1e9900 */
        /*0aa0*/                   FFMA R4, R15, R14, R4 ;                            /* 0x0000000e0f047223 */
                                                                                      /* 0x000fe20000000004 */
        /*0ab0*/                   IADD3 R5, R10, 0x1800, RZ ;                        /* 0x000018000a057810 */
                                                                                      /* 0x000fc40007ffe0ff */
        /*0ac0*/                   LDG.E.CONSTANT R14, [R2.64+0xc8] ;                 /* 0x0000c804020e7981 */
                                                                                      /* 0x000f62000c1e9900 */
        /*0ad0*/                   IADD3 R7, R10, 0x1a00, RZ ;                        /* 0x00001a000a077810 */
                                                                                      /* 0x002fca0007ffe0ff */
        /*0ae0*/                   IMAD.WIDE R6, R7, R8, c[0x0][0x170] ;              /* 0x00005c0007067625 */
                                                                                      /* 0x000fe200078e0208 */
        /*0af0*/                   FFMA R4, R11, R16, R4 ;                            /* 0x000000100b047223 */
                                                                                      /* 0x004fc80000000004 */
        /*0b00*/                   FFMA R13, R13, R0, R4 ;                            /* 0x000000000d0d7223 */
                                                                                      /* 0x010fe20000000004 */
        /*0b10*/                   IMAD.WIDE R4, R5, R8, c[0x0][0x170] ;              /* 0x00005c0005047625 */
                                                                                      /* 0x000fe200078e0208 */
        /*0b20*/                   LDG.E.CONSTANT R0, [R2.64+0xc0] ;                  /* 0x0000c00402007981 */
                                                                                      /* 0x000ea8000c1e9900 */
        /*0b30*/                   LDG.E.CONSTANT R11, [R4.64] ;                      /* 0x00000004040b7981 */
                                                                                      /* 0x0000a2000c1e9900 */
        /*0b40*/                   FFMA R13, R12, R17, R13 ;                          /* 0x000000110c0d7223 */
                                                                                      /* 0x000fc6000000000d */
        /*0b50*/                   LDG.E.CONSTANT R12, [R2.64+0xc4] ;                 /* 0x0000c404020c7981 */
                                                                                      /* 0x000f22000c1e9900 */
        /*0b60*/                   FFMA R19, R18, R19, R13 ;                          /* 0x0000001312137223 */
                                                                                      /* 0x000fc6000000000d */
        /*0b70*/                   LDG.E.CONSTANT R13, [R4.64+0x200] ;                /* 0x00020004040d7981 */
                                                                                      /* 0x000122000c1e9900 */
        /*0b80*/                   FFMA R19, R20, R21, R19 ;                          /* 0x0000001514137223 */
                                                                                      /* 0x000fc60000000013 */
        /*0b90*/                   LDG.E.CONSTANT R15, [R4.64+0x400] ;                /* 0x00040004040f7981 */
                                                                                      /* 0x000128000c1e9900 */
        /*0ba0*/                   LDG.E.CONSTANT R16, [R4.64+0x600] ;                /* 0x0006000404107981 */
                                                                                      /* 0x000122000c1e9900 */
        /*0bb0*/                   FFMA R19, R26, R27, R19 ;                          /* 0x0000001b1a137223 */
                                                                                      /* 0x008fc60000000013 */
        /*0bc0*/                   LDG.E.CONSTANT R17, [R2.64+0xcc] ;                 /* 0x0000cc0402117981 */
                                                                                      /* 0x000ee8000c1e9900 */
        /*0bd0*/                   LDG.E.CONSTANT R18, [R2.64+0xd0] ;                 /* 0x0000d00402127981 */
                                                                                      /* 0x000ee2000c1e9900 */
        /*0be0*/                   FFMA R22, R22, R25, R19 ;                          /* 0x0000001916167223 */
                                                                                      /* 0x020fc60000000013 */
        /*0bf0*/                   LDG.E.CONSTANT R19, [R6.64] ;                      /* 0x0000000406137981 */
                                                                                      /* 0x000368000c1e9900 */
        /*0c00*/                   LDG.E.CONSTANT R21, [R6.64+0x200] ;                /* 0x0002000406157981 */
                                                                                      /* 0x000368000c1e9900 */
        /*0c10*/                   LDG.E.CONSTANT R20, [R2.64+0xd4] ;                 /* 0x0000d40402147981 */
                                                                                      /* 0x000f62000c1e9900 */
        /*0c20*/                   FFMA R26, R23, R24, R22 ;                          /* 0x00000018171a7223 */
                                                                                      /* 0x000fc60000000016 */
        /*0c30*/                   LDG.E.CONSTANT R22, [R6.64+0x400] ;                /* 0x0004000406167981 */
                                                                                      /* 0x000368000c1e9900 */
        /*0c40*/                   LDG.E.CONSTANT R23, [R2.64+0xd8] ;                 /* 0x0000d80402177981 */
                                                                                      /* 0x000f62000c1e9900 */
        /*0c50*/                   IADD3 R5, R10, 0x1c00, RZ ;                        /* 0x00001c000a057810 */
                                                                                      /* 0x001fc60007ffe0ff */
        /*0c60*/                   LDG.E.CONSTANT R24, [R6.64+0x600] ;                /* 0x0006000406187981 */
                                                                                      /* 0x000368000c1e9900 */
        /*0c70*/                   LDG.E.CONSTANT R25, [R2.64+0xdc] ;                 /* 0x0000dc0402197981 */
                                                                                      /* 0x000f62000c1e9900 */
        /*0c80*/                   FFMA R26, R31, R30, R26 ;                          /* 0x0000001e1f1a7223 */
                                                                                      /* 0x000fe2000000001a */
        /*0c90*/                   IMAD.WIDE R4, R5, R8, c[0x0][0x170] ;              /* 0x00005c0005047625 */
                                                                                      /* 0x000fe400078e0208 */
        /*0ca0*/                   LDG.E.CONSTANT R31, [R2.64+0xe4] ;                 /* 0x0000e404021f7981 */
                                                                                      /* 0x000f62000c1e9900 */
        /*0cb0*/                   FFMA R33, R33, R28, R26 ;                          /* 0x0000001c21217223 */
                                                                                      /* 0x000fc6000000001a */
        /*0cc0*/                   LDG.E.CONSTANT R27, [R4.64] ;                      /* 0x00000004041b7981 */
                                                                                      /* 0x000168000c1e9900 */
        /*0cd0*/                   LDG.E.CONSTANT R26, [R2.64+0xe0] ;                 /* 0x0000e004021a7981 */
                                                                                      /* 0x000f62000c1e9900 */
        /*0ce0*/                   FFMA R33, R34, R35, R33 ;                          /* 0x0000002322217223 */
                                                                                      /* 0x000fc60000000021 */
        /*0cf0*/                   LDG.E.CONSTANT R28, [R4.64+0x200] ;                /* 0x00020004041c7981 */
                                                                                      /* 0x000162000c1e9900 */
        /*0d00*/                   FFMA R6, R32, R29, R33 ;                           /* 0x0000001d20067223 */
                                                                                      /* 0x002fc60000000021 */
        /*0d10*/                   LDG.E.CONSTANT R30, [R4.64+0x400] ;                /* 0x00040004041e7981 */
                                                                                      /* 0x000168000c1e9900 */
        /*0d20*/                   LDG.E.CONSTANT R29, [R2.64+0xe8] ;                 /* 0x0000e804021d7981 */
                                                                                      /* 0x000f62000c1e9900 */
        /*0d30*/                   IADD3 R7, R10, 0x1e00, RZ ;                        /* 0x00001e000a077810 */
                                                                                      /* 0x000fe20007ffe0ff */
        /*0d40*/                   FFMA R37, R37, R36, R6 ;                           /* 0x0000002425257223 */
                                                                                      /* 0x000fe40000000006 */
        /*0d50*/                   LDG.E.CONSTANT R32, [R4.64+0x600] ;                /* 0x0006000404207981 */
                                                                                      /* 0x000164000c1e9900 */
        /*0d60*/                   IMAD.WIDE R6, R7, R8, c[0x0][0x170] ;              /* 0x00005c0007067625 */
                                                                                      /* 0x000fc400078e0208 */
        /*0d70*/                   LDG.E.CONSTANT R35, [R2.64+0xec] ;                 /* 0x0000ec0402237981 */
                                                                                      /* 0x000f68000c1e9900 */
        /*0d80*/                   LDG.E.CONSTANT R34, [R6.64] ;                      /* 0x0000000406227981 */
                                                                                      /* 0x000368000c1e9900 */
        /*0d90*/                   LDG.E.CONSTANT R33, [R2.64+0xf0] ;                 /* 0x0000f00402217981 */
                                                                                      /* 0x000f62000c1e9900 */
        /*0da0*/                   IADD3 R5, R10, 0x2000, RZ ;                        /* 0x000020000a057810 */
                                                                                      /* 0x001fca0007ffe0ff */
        /*0db0*/                   IMAD.WIDE R4, R5, R8, c[0x0][0x170] ;              /* 0x00005c0005047625 */
                                                                                      /* 0x000fe200078e0208 */
        /*0dc0*/                   FFMA R11, R0, R11, R37 ;                           /* 0x0000000b000b7223 */
                                                                                      /* 0x004fe40000000025 */
        /*0dd0*/                   LDG.E.CONSTANT R0, [R6.64+0x200] ;                 /* 0x0002000406007981 */
                                                                                      /* 0x0002a4000c1e9900 */
        /*0de0*/                   FFMA R11, R12, R13, R11 ;                          /* 0x0000000d0c0b7223 */
                                                                                      /* 0x010fe4000000000b */
        /*0df0*/                   LDG.E.CONSTANT R12, [R6.64+0x400] ;                /* 0x00040004060c7981 */
                                                                                      /* 0x000324000c1e9900 */
        /*0e00*/                   FFMA R14, R14, R15, R11 ;                          /* 0x0000000f0e0e7223 */
                                                                                      /* 0x000fe4000000000b */
        /*0e10*/                   LDG.E.CONSTANT R11, [R2.64+0xf4] ;                 /* 0x0000f404020b7981 */
                                                                                      /* 0x000ea8000c1e9900 */
        /*0e20*/                   LDG.E.CONSTANT R13, [R2.64+0xf8] ;                 /* 0x0000f804020d7981 */
                                                                                      /* 0x000f22000c1e9900 */
        /*0e30*/                   FFMA R17, R17, R16, R14 ;                          /* 0x0000001011117223 */
                                                                                      /* 0x008fc6000000000e */
        /*0e40*/                   LDG.E.CONSTANT R14, [R6.64+0x600] ;                /* 0x00060004060e7981 */
                                                                                      /* 0x0002e8000c1e9900 */
        /*0e50*/                   LDG.E.CONSTANT R15, [R2.64+0xfc] ;                 /* 0x0000fc04020f7981 */
                                                                                      /* 0x000ee2000c1e9900 */
        /*0e60*/                   FFMA R17, R18, R19, R17 ;                          /* 0x0000001312117223 */
                                                                                      /* 0x020fc60000000011 */
        /*0e70*/                   LDG.E.CONSTANT R16, [R2.64+0x100] ;                /* 0x0001000402107981 */
                                                                                      /* 0x000f68000c1e9900 */
        /*0e80*/                   LDG.E.CONSTANT R19, [R4.64+0x200] ;                /* 0x0002000404137981 */
                                                                                      /* 0x000162000c1e9900 */
        /*0e90*/                   FFMA R20, R20, R21, R17 ;                          /* 0x0000001514147223 */
                                                                                      /* 0x000fc60000000011 */
        /*0ea0*/                   LDG.E.CONSTANT R17, [R4.64] ;                      /* 0x0000000404117981 */
                                                                                      /* 0x000168000c1e9900 */
        /*0eb0*/                   LDG.E.CONSTANT R18, [R2.64+0x104] ;                /* 0x0001040402127981 */
                                                                                      /* 0x000f62000c1e9900 */
        /*0ec0*/                   FFMA R20, R23, R22, R20 ;                          /* 0x0000001617147223 */
                                                                                      /* 0x000fe20000000014 */
        /*0ed0*/                   IADD3 R7, R10, 0x2200, RZ ;                        /* 0x000022000a077810 */
                                                                                      /* 0x002fe40007ffe0ff */
        /*0ee0*/                   LDG.E.CONSTANT R21, [R4.64+0x400] ;                /* 0x0004000404157981 */
                                                                                      /* 0x000168000c1e9900 */
        /*0ef0*/                   LDG.E.CONSTANT R23, [R4.64+0x600] ;                /* 0x0006000404177981 */
                                                                                      /* 0x000162000c1e9900 */
        /*0f00*/                   FFMA R25, R25, R24, R20 ;                          /* 0x0000001819197223 */
                                                                                      /* 0x000fc60000000014 */
        /*0f10*/                   LDG.E.CONSTANT R20, [R2.64+0x108] ;                /* 0x0001080402147981 */
                                                                                      /* 0x000f62000c1e9900 */
        /*0f20*/                   IMAD.WIDE R6, R7, R8, c[0x0][0x170] ;              /* 0x00005c0007067625 */
                                                                                      /* 0x000fc600078e0208 */
        /*0f30*/                   LDG.E.CONSTANT R22, [R2.64+0x10c] ;                /* 0x00010c0402167981 */
                                                                                      /* 0x000f68000c1e9900 */
        /*0f40*/                   LDG.E.CONSTANT R24, [R6.64] ;                      /* 0x0000000406187981 */
                                                                                      /* 0x000362000c1e9900 */
        /*0f50*/                   FFMA R26, R26, R27, R25 ;                          /* 0x0000001b1a1a7223 */
                                                                                      /* 0x000fc60000000019 */
        /*0f60*/                   LDG.E.CONSTANT R25, [R2.64+0x110] ;                /* 0x0001100402197981 */
                                                                                      /* 0x000f62000c1e9900 */
        /*0f70*/                   FFMA R28, R31, R28, R26 ;                          /* 0x0000001c1f1c7223 */
                                                                                      /* 0x000fc6000000001a */
        /*0f80*/                   LDG.E.CONSTANT R27, [R6.64+0x200] ;                /* 0x00020004061b7981 */
                                                                                      /* 0x000368000c1e9900 */
        /*0f90*/                   LDG.E.CONSTANT R26, [R2.64+0x114] ;                /* 0x00011404021a7981 */
                                                                                      /* 0x000f62000c1e9900 */
        /*0fa0*/                   FFMA R36, R29, R30, R28 ;                          /* 0x0000001e1d247223 */
                                                                                      /* 0x000fc6000000001c */
        /*0fb0*/                   LDG.E.CONSTANT R28, [R6.64+0x400] ;                /* 0x00040004061c7981 */
                                                                                      /* 0x000368000c1e9900 */
        /*0fc0*/                   LDG.E.CONSTANT R29, [R2.64+0x118] ;                /* 0x00011804021d7981 */
                                                                                      /* 0x000f62000c1e9900 */
        /*0fd0*/                   IADD3 R5, R10, 0x2400, RZ ;                        /* 0x000024000a057810 */
                                                                                      /* 0x001fe20007ffe0ff */
        /*0fe0*/                   FFMA R32, R35, R32, R36 ;                          /* 0x0000002023207223 */
                                                                                      /* 0x000fe40000000024 */
        /*0ff0*/                   LDG.E.CONSTANT R30, [R6.64+0x600] ;                /* 0x00060004061e7981 */
                                                                                      /* 0x000364000c1e9900 */
        /*1000*/                   IMAD.WIDE R4, R5, R8, c[0x0][0x170] ;              /* 0x00005c0005047625 */
                                                                                      /* 0x000fc400078e0208 */
        /*1010*/                   LDG.E.CONSTANT R31, [R2.64+0x11c] ;                /* 0x00011c04021f7981 */
                                                                                      /* 0x000f62000c1e9900 */
        /*1020*/                   FFMA R36, R33, R34, R32 ;                          /* 0x0000002221247223 */
                                                                                      /* 0x000fc60000000020 */
        /*1030*/                   LDG.E.CONSTANT R34, [R4.64] ;                      /* 0x0000000404227981 */
                                                                                      /* 0x000168000c1e9900 */
        /*1040*/                   LDG.E.CONSTANT R33, [R2.64+0x120] ;                /* 0x0001200402217981 */
                                                                                      /* 0x000f68000c1e9900 */
        /*1050*/                   LDG.E.CONSTANT R32, [R4.64+0x200] ;                /* 0x0002000404207981 */
                                                                                      /* 0x000168000c1e9900 */
        /*1060*/                   LDG.E.CONSTANT R35, [R2.64+0x124] ;                /* 0x0001240402237981 */
                                                                                      /* 0x000f62000c1e9900 */
        /*1070*/                   IADD3 R7, R10, 0x2600, RZ ;                        /* 0x000026000a077810 */
                                                                                      /* 0x002fca0007ffe0ff */
        /*1080*/                   IMAD.WIDE R6, R7, R8, c[0x0][0x170] ;              /* 0x00005c0007067625 */
                                                                                      /* 0x000fe200078e0208 */
        /*1090*/                   FFMA R0, R11, R0, R36 ;                            /* 0x000000000b007223 */
                                                                                      /* 0x004fe40000000024 */
        /*10a0*/                   LDG.E.CONSTANT R11, [R4.64+0x400] ;                /* 0x00040004040b7981 */
                                                                                      /* 0x0000a4000c1e9900 */
        /*10b0*/                   FFMA R0, R13, R12, R0 ;                            /* 0x0000000c0d007223 */
                                                                                      /* 0x010fe40000000000 */
        /*10c0*/                   LDG.E.CONSTANT R12, [R4.64+0x600] ;                /* 0x00060004040c7981 */
                                                                                      /* 0x000128000c1e9900 */
        /*10d0*/                   LDG.E.CONSTANT R13, [R2.64+0x12c] ;                /* 0x00012c04020d7981 */
                                                                                      /* 0x000f22000c1e9900 */
        /*10e0*/                   FFMA R15, R15, R14, R0 ;                           /* 0x0000000e0f0f7223 */
                                                                                      /* 0x008fc60000000000 */
        /*10f0*/                   LDG.E.CONSTANT R0, [R2.64+0x128] ;                 /* 0x0001280402007981 */
                                                                                      /* 0x000ea8000c1e9900 */
        /*1100*/                   LDG.E.CONSTANT R14, [R2.64+0x130] ;                /* 0x00013004020e7981 */
                                                                                      /* 0x000ee2000c1e9900 */
        /*1110*/                   FFMA R15, R16, R17, R15 ;                          /* 0x00000011100f7223 */
                                                                                      /* 0x020fc6000000000f */
        /*1120*/                   LDG.E.CONSTANT R17, [R6.64+0x200] ;                /* 0x0002000406117981 */
                                                                                      /* 0x000362000c1e9900 */
        /*1130*/                   FFMA R19, R18, R19, R15 ;                          /* 0x0000001312137223 */
                                                                                      /* 0x000fc6000000000f */
        /*1140*/                   LDG.E.CONSTANT R15, [R6.64] ;                      /* 0x00000004060f7981 */
                                                                                      /* 0x0002e8000c1e9900 */
        /*1150*/                   LDG.E.CONSTANT R16, [R2.64+0x134] ;                /* 0x0001340402107981 */
                                                                                      /* 0x000f62000c1e9900 */
        /*1160*/                   IADD3 R5, R10, 0x2800, RZ ;                        /* 0x000028000a057810 */
                                                                                      /* 0x001fc60007ffe0ff */
        /*1170*/                   LDG.E.CONSTANT R18, [R2.64+0x138] ;                /* 0x0001380402127981 */
                                                                                      /* 0x000f62000c1e9900 */
        /*1180*/                   FFMA R19, R20, R21, R19 ;                          /* 0x0000001514137223 */
                                                                                      /* 0x000fe20000000013 */
        /*1190*/                   IMAD.WIDE R4, R5, R8, c[0x0][0x170] ;              /* 0x00005c0005047625 */
                                                                                      /* 0x000fe400078e0208 */
        /*11a0*/                   LDG.E.CONSTANT R20, [R6.64+0x600] ;                /* 0x0006000406147981 */
                                                                                      /* 0x000362000c1e9900 */
        /*11b0*/                   FFMA R22, R22, R23, R19 ;                          /* 0x0000001716167223 */
                                                                                      /* 0x000fc60000000013 */
        /*11c0*/                   LDG.E.CONSTANT R19, [R6.64+0x400] ;                /* 0x0004000406137981 */
                                                                                      /* 0x000368000c1e9900 */
        /*11d0*/                   LDG.E.CONSTANT R21, [R2.64+0x13c] ;                /* 0x00013c0402157981 */
                                                                                      /* 0x000f62000c1e9900 */
        /*11e0*/                   FFMA R25, R25, R24, R22 ;                          /* 0x0000001819197223 */
                                                                                      /* 0x000fc60000000016 */
        /*11f0*/                   LDG.E.CONSTANT R22, [R4.64] ;                      /* 0x0000000404167981 */
                                                                                      /* 0x000168000c1e9900 */
        /*1200*/                   LDG.E.CONSTANT R23, [R2.64+0x140] ;                /* 0x0001400402177981 */
                                                                                      /* 0x000f62000c1e9900 */
        /*1210*/                   FFMA R26, R26, R27, R25 ;                          /* 0x0000001b1a1a7223 */
                                                                                      /* 0x000fc60000000019 */
        /*1220*/                   LDG.E.CONSTANT R25, [R4.64+0x200] ;                /* 0x0002000404197981 */
                                                                                      /* 0x000168000c1e9900 */
        /*1230*/                   LDG.E.CONSTANT R24, [R4.64+0x400] ;                /* 0x0004000404187981 */
                                                                                      /* 0x000162000c1e9900 */
        /*1240*/                   FFMA R36, R29, R28, R26 ;                          /* 0x0000001c1d247223 */
                                                                                      /* 0x000fc6000000001a */
        /*1250*/                   LDG.E.CONSTANT R26, [R2.64+0x144] ;                /* 0x00014404021a7981 */
                                                                                      /* 0x000f68000c1e9900 */
        /*1260*/                   LDG.E.CONSTANT R27, [R2.64+0x148] ;                /* 0x00014804021b7981 */
                                                                                      /* 0x000f62000c1e9900 */
        /*1270*/                   IADD3 R7, R10, 0x2a00, RZ ;                        /* 0x00002a000a077810 */
                                                                                      /* 0x002fc60007ffe0ff */
        /*1280*/                   LDG.E.CONSTANT R28, [R4.64+0x600] ;                /* 0x00060004041c7981 */
                                                                                      /* 0x000168000c1e9900 */
        /*1290*/                   LDG.E.CONSTANT R29, [R2.64+0x14c] ;                /* 0x00014c04021d7981 */
                                                                                      /* 0x000f62000c1e9900 */
        /*12a0*/                   FFMA R30, R31, R30, R36 ;                          /* 0x0000001e1f1e7223 */
                                                                                      /* 0x000fe20000000024 */
        /*12b0*/                   IMAD.WIDE R6, R7, R8, c[0x0][0x170] ;              /* 0x00005c0007067625 */
                                                                                      /* 0x000fe400078e0208 */
        /*12c0*/                   LDG.E.CONSTANT R31, [R2.64+0x150] ;                /* 0x00015004021f7981 */
                                                                                      /* 0x000f62000c1e9900 */
        /*12d0*/                   FFMA R34, R33, R34, R30 ;                          /* 0x0000002221227223 */
                                                                                      /* 0x000fc6000000001e */
        /*12e0*/                   LDG.E.CONSTANT R30, [R6.64] ;                      /* 0x00000004061e7981 */
                                                                                      /* 0x000362000c1e9900 */
        /*12f0*/                   FFMA R5, R35, R32, R34 ;                           /* 0x0000002023057223 */
                                                                                      /* 0x001fc60000000022 */
        /*1300*/                   LDG.E.CONSTANT R33, [R6.64+0x200] ;                /* 0x0002000406217981 */
                                                                                      /* 0x000368000c1e9900 */
        /*1310*/                   LDG.E.CONSTANT R32, [R2.64+0x154] ;                /* 0x0001540402207981 */
                                                                                      /* 0x000f68000c1e9900 */
        /*1320*/                   LDG.E.CONSTANT R34, [R6.64+0x400] ;                /* 0x0004000406227981 */
                                                                                      /* 0x000368000c1e9900 */
        /*1330*/                   LDG.E.CONSTANT R35, [R2.64+0x158] ;                /* 0x0001580402237981 */
                                                                                      /* 0x000f68000c1e9900 */
        /*1340*/                   LDG.E.CONSTANT R37, [R6.64+0x600] ;                /* 0x0006000406257981 */
                                                                                      /* 0x000368000c1e9900 */
        /*1350*/                   LDG.E.CONSTANT R36, [R2.64+0x15c] ;                /* 0x00015c0402247981 */
                                                                                      /* 0x000f62000c1e9900 */
        /*1360*/                   IADD3 R7, R10, 0x2e00, RZ ;                        /* 0x00002e000a077810 */
                                                                                      /* 0x002fca0007ffe0ff */
        /*1370*/                   IMAD.WIDE R6, R7, R8, c[0x0][0x170] ;              /* 0x00005c0007067625 */
                                                                                      /* 0x000fe200078e0208 */
        /*1380*/                   FFMA R0, R0, R11, R5 ;                             /* 0x0000000b00007223 */
                                                                                      /* 0x004fe20000000005 */
        /*1390*/                   IADD3 R5, R10, 0x2c00, RZ ;                        /* 0x00002c000a057810 */
                                                                                      /* 0x000fc60007ffe0ff */
        /*13a0*/                   FFMA R13, R13, R12, R0 ;                           /* 0x0000000c0d0d7223 */
                                                                                      /* 0x010fe40000000000 */
        /*13b0*/                   IMAD.WIDE R4, R5, R8, c[0x0][0x170] ;              /* 0x00005c0005047625 */
                                                                                      /* 0x000fe200078e0208 */
        /*13c0*/                   LDG.E.CONSTANT R0, [R2.64+0x160] ;                 /* 0x0001600402007981 */
                                                                                      /* 0x000ea8000c1e9900 */
        /*13d0*/                   LDG.E.CONSTANT R11, [R4.64] ;                      /* 0x00000004040b7981 */
                                                                                      /* 0x0000a8000c1e9900 */
        /*13e0*/                   LDG.E.CONSTANT R12, [R2.64+0x164] ;                /* 0x00016404020c7981 */
                                                                                      /* 0x000f22000c1e9900 */
        /*13f0*/                   FFMA R13, R14, R15, R13 ;                          /* 0x0000000f0e0d7223 */
                                                                                      /* 0x008fc6000000000d */
        /*1400*/                   LDG.E.CONSTANT R15, [R4.64+0x400] ;                /* 0x00040004040f7981 */
                                                                                      /* 0x0000e2000c1e9900 */
        /*1410*/                   FFMA R13, R16, R17, R13 ;                          /* 0x00000011100d7223 */
                                                                                      /* 0x020fc6000000000d */
        /*1420*/                   LDG.E.CONSTANT R14, [R2.64+0x168] ;                /* 0x00016804020e7981 */
                                                                                      /* 0x000ee8000c1e9900 */
        /*1430*/                   LDG.E.CONSTANT R16, [R4.64+0x600] ;                /* 0x0006000404107981 */
                                                                                      /* 0x000168000c1e9900 */
        /*1440*/                   LDG.E.CONSTANT R17, [R2.64+0x16c] ;                /* 0x00016c0402117981 */
                                                                                      /* 0x000f62000c1e9900 */
        /*1450*/                   FFMA R18, R18, R19, R13 ;                          /* 0x0000001312127223 */
                                                                                      /* 0x000fc6000000000d */
        /*1460*/                   LDG.E.CONSTANT R13, [R4.64+0x200] ;                /* 0x00020004040d7981 */
                                                                                      /* 0x000122000c1e9900 */
        /*1470*/                   FFMA R18, R21, R20, R18 ;                          /* 0x0000001415127223 */
                                                                                      /* 0x000fc60000000012 */
        /*1480*/                   LDG.E.CONSTANT R19, [R6.64] ;                      /* 0x0000000406137981 */
                                                                                      /* 0x0002e8000c1e9900 */
        /*1490*/                   LDG.E.CONSTANT R21, [R6.64+0x200] ;                /* 0x0002000406157981 */
                                                                                      /* 0x000362000c1e9900 */
        /*14a0*/                   FFMA R23, R23, R22, R18 ;                          /* 0x0000001617177223 */
                                                                                      /* 0x000fc60000000012 */
        /*14b0*/                   LDG.E.CONSTANT R18, [R2.64+0x170] ;                /* 0x0001700402127981 */
                                                                                      /* 0x000f68000c1e9900 */
        /*14c0*/                   LDG.E.CONSTANT R20, [R2.64+0x174] ;                /* 0x0001740402147981 */
                                                                                      /* 0x000f62000c1e9900 */
        /*14d0*/                   IADD3 R5, R10, 0x3000, RZ ;                        /* 0x000030000a057810 */
                                                                                      /* 0x001fc60007ffe0ff */
        /*14e0*/                   LDG.E.CONSTANT R22, [R6.64+0x400] ;                /* 0x0004000406167981 */
                                                                                      /* 0x000362000c1e9900 */
        /*14f0*/                   FFMA R26, R26, R25, R23 ;                          /* 0x000000191a1a7223 */
                                                                                      /* 0x000fc60000000017 */
        /*1500*/                   LDG.E.CONSTANT R23, [R2.64+0x178] ;                /* 0x0001780402177981 */
                                                                                      /* 0x000f62000c1e9900 */
        /*1510*/                   FFMA R24, R27, R24, R26 ;                          /* 0x000000181b187223 */
                                                                                      /* 0x000fe2000000001a */
        /*1520*/                   IMAD.WIDE R4, R5, R8, c[0x0][0x170] ;              /* 0x00005c0005047625 */
                                                                                      /* 0x000fe400078e0208 */
        /*1530*/                   LDG.E.CONSTANT R25, [R6.64+0x600] ;                /* 0x0006000406197981 */
                                                                                      /* 0x000368000c1e9900 */
        /*1540*/                   LDG.E.CONSTANT R27, [R4.64] ;                      /* 0x00000004041b7981 */
                                                                                      /* 0x000162000c1e9900 */
        /*1550*/                   FFMA R28, R29, R28, R24 ;                          /* 0x0000001c1d1c7223 */
                                                                                      /* 0x000fc60000000018 */
        /*1560*/                   LDG.E.CONSTANT R24, [R2.64+0x17c] ;                /* 0x00017c0402187981 */
                                                                                      /* 0x000f68000c1e9900 */
        /*1570*/                   LDG.E.CONSTANT R26, [R2.64+0x180] ;                /* 0x00018004021a7981 */
                                                                                      /* 0x000f62000c1e9900 */
        /*1580*/                   FFMA R31, R31, R30, R28 ;                          /* 0x0000001e1f1f7223 */
                                                                                      /* 0x000fc6000000001c */
        /*1590*/                   LDG.E.CONSTANT R28, [R4.64+0x200] ;                /* 0x00020004041c7981 */
                                                                                      /* 0x000168000c1e9900 */
        /*15a0*/                   LDG.E.CONSTANT R29, [R2.64+0x184] ;                /* 0x00018404021d7981 */
                                                                                      /* 0x000f62000c1e9900 */
        /*15b0*/                   FFMA R32, R32, R33, R31 ;                          /* 0x0000002120207223 */
                                                                                      /* 0x000fc6000000001f */
        /*15c0*/                   LDG.E.CONSTANT R31, [R4.64+0x400] ;                /* 0x00040004041f7981 */
                                                                                      /* 0x000168000c1e9900 */
        /*15d0*/                   LDG.E.CONSTANT R30, [R2.64+0x188] ;                /* 0x00018804021e7981 */
                                                                                      /* 0x000f62000c1e9900 */
        /*15e0*/                   FFMA R35, R35, R34, R32 ;                          /* 0x0000002223237223 */
                                                                                      /* 0x000fe20000000020 */
        /*15f0*/                   IADD3 R7, R10, 0x3200, RZ ;                        /* 0x000032000a077810 */
                                                                                      /* 0x002fe40007ffe0ff */
        /*1600*/                   LDG.E.CONSTANT R32, [R4.64+0x600] ;                /* 0x0006000404207981 */
                                                                                      /* 0x000168000c1e9900 */
        /*1610*/                   LDG.E.CONSTANT R33, [R2.64+0x18c] ;                /* 0x00018c0402217981 */
                                                                                      /* 0x000f62000c1e9900 */
        /*1620*/                   IMAD.WIDE R6, R7, R8, c[0x0][0x170] ;              /* 0x00005c0007067625 */
                                                                                      /* 0x000fe200078e0208 */
        /*1630*/                   FFMA R37, R36, R37, R35 ;                          /* 0x0000002524257223 */
                                                                                      /* 0x000fc40000000023 */
        /*1640*/                   LDG.E.CONSTANT R35, [R2.64+0x190] ;                /* 0x0001900402237981 */
                                                                                      /* 0x000f68000c1e9900 */
        /*1650*/                   LDG.E.CONSTANT R34, [R6.64] ;                      /* 0x0000000406227981 */
                                                                                      /* 0x000362000c1e9900 */
        /*1660*/                   IADD3 R5, R10, 0x3400, RZ ;                        /* 0x000034000a057810 */
                                                                                      /* 0x001fca0007ffe0ff */
        /*1670*/                   IMAD.WIDE R4, R5, R8, c[0x0][0x170] ;              /* 0x00005c0005047625 */
                                                                                      /* 0x000fe200078e0208 */
        /*1680*/                   FFMA R11, R0, R11, R37 ;                           /* 0x0000000b000b7223 */
                                                                                      /* 0x004fe40000000025 */
        /*1690*/                   LDG.E.CONSTANT R0, [R2.64+0x194] ;                 /* 0x0001940402007981 */
                                                                                      /* 0x000ea4000c1e9900 */
        /*16a0*/                   FFMA R11, R12, R13, R11 ;                          /* 0x0000000d0c0b7223 */
                                                                                      /* 0x010fe4000000000b */
        /*16b0*/                   LDG.E.CONSTANT R12, [R6.64+0x400] ;                /* 0x00040004060c7981 */
                                                                                      /* 0x000324000c1e9900 */
        /*16c0*/                   FFMA R14, R14, R15, R11 ;                          /* 0x0000000f0e0e7223 */
                                                                                      /* 0x008fe4000000000b */
        /*16d0*/                   LDG.E.CONSTANT R11, [R6.64+0x200] ;                /* 0x00020004060b7981 */
                                                                                      /* 0x0002a4000c1e9900 */
        /*16e0*/                   FFMA R17, R17, R16, R14 ;                          /* 0x0000001011117223 */
                                                                                      /* 0x020fc4000000000e */
        /*16f0*/                   LDG.E.CONSTANT R13, [R2.64+0x198] ;                /* 0x00019804020d7981 */
                                                                                      /* 0x000f24000c1e9900 */
        /*1700*/                   FFMA R17, R18, R19, R17 ;                          /* 0x0000001312117223 */
                                                                                      /* 0x000fe40000000011 */
        /*1710*/                   LDG.E.CONSTANT R15, [R6.64+0x600] ;                /* 0x00060004060f7981 */
                                                                                      /* 0x0002e4000c1e9900 */
        /*1720*/                   FFMA R20, R20, R21, R17 ;                          /* 0x0000001514147223 */
                                                                                      /* 0x000fe40000000011 */
        /*1730*/                   LDG.E.CONSTANT R14, [R2.64+0x19c] ;                /* 0x00019c04020e7981 */
                                                                                      /* 0x000ee8000c1e9900 */
        /*1740*/                   LDG.E.CONSTANT R17, [R4.64] ;                      /* 0x0000000404117981 */
                                                                                      /* 0x000162000c1e9900 */
        /*1750*/                   FFMA R23, R23, R22, R20 ;                          /* 0x0000001617177223 */
                                                                                      /* 0x000fc60000000014 */
        /*1760*/                   LDG.E.CONSTANT R16, [R2.64+0x1a0] ;                /* 0x0001a00402107981 */
                                                                                      /* 0x000f68000c1e9900 */
        /*1770*/                   LDG.E.CONSTANT R19, [R4.64+0x200] ;                /* 0x0002000404137981 */
                                                                                      /* 0x000168000c1e9900 */
        /*1780*/                   LDG.E.CONSTANT R18, [R2.64+0x1a4] ;                /* 0x0001a40402127981 */
                                                                                      /* 0x000f62000c1e9900 */
        /*1790*/                   FFMA R23, R24, R25, R23 ;                          /* 0x0000001918177223 */
                                                                                      /* 0x000fe20000000017 */
        /*17a0*/                   IADD3 R25, R10, 0x3600, RZ ;                       /* 0x000036000a197810 */
                                                                                      /* 0x000fc40007ffe0ff */
        /*17b0*/                   LDG.E.CONSTANT R20, [R4.64+0x400] ;                /* 0x0004000404147981 */
                                                                                      /* 0x000168000c1e9900 */
        /*17c0*/                   LDG.E.CONSTANT R21, [R2.64+0x1a8] ;                /* 0x0001a80402157981 */
                                                                                      /* 0x000f62000c1e9900 */
        /*17d0*/                   FFMA R26, R26, R27, R23 ;                          /* 0x0000001b1a1a7223 */
                                                                                      /* 0x000fe20000000017 */
        /*17e0*/                   IMAD.WIDE R6, R25, R8, c[0x0][0x170] ;             /* 0x00005c0019067625 */
                                                                                      /* 0x002fe400078e0208 */
        /*17f0*/                   LDG.E.CONSTANT R22, [R4.64+0x600] ;                /* 0x0006000404167981 */
                                                                                      /* 0x000168000c1e9900 */
        /*1800*/                   LDG.E.CONSTANT R23, [R2.64+0x1ac] ;                /* 0x0001ac0402177981 */
                                                                                      /* 0x000f62000c1e9900 */
        /*1810*/                   FFMA R29, R29, R28, R26 ;                          /* 0x0000001c1d1d7223 */
                                                                                      /* 0x000fc6000000001a */
        /*1820*/                   LDG.E.CONSTANT R25, [R6.64] ;                      /* 0x0000000406197981 */
                                                                                      /* 0x000368000c1e9900 */
        /*1830*/                   LDG.E.CONSTANT R24, [R2.64+0x1b0] ;                /* 0x0001b00402187981 */
                                                                                      /* 0x000f62000c1e9900 */
        /*1840*/                   FFMA R30, R30, R31, R29 ;                          /* 0x0000001f1e1e7223 */
                                                                                      /* 0x000fc6000000001d */
        /*1850*/                   LDG.E.CONSTANT R26, [R6.64+0x200] ;                /* 0x00020004061a7981 */
                                                                                      /* 0x000368000c1e9900 */
        /*1860*/                   LDG.E.CONSTANT R27, [R2.64+0x1b4] ;                /* 0x0001b404021b7981 */
                                                                                      /* 0x000f62000c1e9900 */
        /*1870*/                   FFMA R32, R33, R32, R30 ;                          /* 0x0000002021207223 */
                                                                                      /* 0x000fe2000000001e */
        /*1880*/                   IADD3 R33, R10, 0x3800, RZ ;                       /* 0x000038000a217810 */
                                                                                      /* 0x000fe40007ffe0ff */
        /*1890*/                   LDG.E.CONSTANT R29, [R6.64+0x400] ;                /* 0x00040004061d7981 */
                                                                                      /* 0x000368000c1e9900 */
        /*18a0*/                   LDG.E.CONSTANT R28, [R2.64+0x1b8] ;                /* 0x0001b804021c7981 */
                                                                                      /* 0x000f62000c1e9900 */
        /*18b0*/                   IMAD.WIDE R4, R33, R8, c[0x0][0x170] ;             /* 0x00005c0021047625 */
                                                                                      /* 0x001fc600078e0208 */
        /*18c0*/                   LDG.E.CONSTANT R31, [R6.64+0x600] ;                /* 0x00060004061f7981 */
                                                                                      /* 0x000368000c1e9900 */
        /*18d0*/                   LDG.E.CONSTANT R30, [R2.64+0x1bc] ;                /* 0x0001bc04021e7981 */
                                                                                      /* 0x000f62000c1e9900 */
        /*18e0*/                   FFMA R37, R35, R34, R32 ;                          /* 0x0000002223257223 */
                                                                                      /* 0x000fc60000000020 */
        /*18f0*/                   LDG.E.CONSTANT R35, [R4.64] ;                      /* 0x0000000404237981 */
                                                                                      /* 0x000168000c1e9900 */
        /*1900*/                   LDG.E.CONSTANT R32, [R2.64+0x1c0] ;                /* 0x0001c00402207981 */
                                                                                      /* 0x000f68000c1e9900 */
        /*1910*/                   LDG.E.CONSTANT R33, [R4.64+0x200] ;                /* 0x0002000404217981 */
                                                                                      /* 0x000168000c1e9900 */
        /*1920*/                   LDG.E.CONSTANT R34, [R2.64+0x1c4] ;                /* 0x0001c40402227981 */
                                                                                      /* 0x000f62000c1e9900 */
        /*1930*/                   IADD3 R7, R10, 0x3a00, RZ ;                        /* 0x00003a000a077810 */
                                                                                      /* 0x002fca0007ffe0ff */
        /*1940*/                   IMAD.WIDE R6, R7, R8, c[0x0][0x170] ;              /* 0x00005c0007067625 */
                                                                                      /* 0x000fe200078e0208 */
        /*1950*/                   FFMA R0, R0, R11, R37 ;                            /* 0x0000000b00007223 */
                                                                                      /* 0x004fe40000000025 */
        /*1960*/                   LDG.E.CONSTANT R11, [R4.64+0x400] ;                /* 0x00040004040b7981 */
                                                                                      /* 0x0000a4000c1e9900 */
        /*1970*/                   FFMA R13, R13, R12, R0 ;                           /* 0x0000000c0d0d7223 */
                                                                                      /* 0x010fe40000000000 */
        /*1980*/                   LDG.E.CONSTANT R0, [R2.64+0x1c8] ;                 /* 0x0001c80402007981 */
                                                                                      /* 0x000ea8000c1e9900 */
        /*1990*/                   LDG.E.CONSTANT R12, [R4.64+0x600] ;                /* 0x00060004040c7981 */
                                                                                      /* 0x000122000c1e9900 */
        /*19a0*/                   FFMA R13, R14, R15, R13 ;                          /* 0x0000000f0e0d7223 */
                                                                                      /* 0x008fc6000000000d */
        /*19b0*/                   LDG.E.CONSTANT R15, [R6.64] ;                      /* 0x00000004060f7981 */
                                                                                      /* 0x0002e8000c1e9900 */
        /*19c0*/                   LDG.E.CONSTANT R14, [R2.64+0x1d0] ;                /* 0x0001d004020e7981 */
                                                                                      /* 0x000ee2000c1e9900 */
        /*19d0*/                   FFMA R13, R16, R17, R13 ;                          /* 0x00000011100d7223 */
                                                                                      /* 0x020fc6000000000d */
        /*19e0*/                   LDG.E.CONSTANT R17, [R6.64+0x400] ;                /* 0x0004000406117981 */
                                                                                      /* 0x000368000c1e9900 */
        /*19f0*/                   LDG.E.CONSTANT R16, [R2.64+0x1d8] ;                /* 0x0001d80402107981 */
                                                                                      /* 0x000f62000c1e9900 */
        /*1a00*/                   FFMA R18, R18, R19, R13 ;                          /* 0x0000001312127223 */
                                                                                      /* 0x000fc6000000000d */
        /*1a10*/                   LDG.E.CONSTANT R13, [R2.64+0x1cc] ;                /* 0x0001cc04020d7981 */
                                                                                      /* 0x000f28000c1e9900 */
        /*1a20*/                   LDG.E.CONSTANT R19, [R6.64+0x200] ;                /* 0x0002000406137981 */
                                                                                      /* 0x0002e2000c1e9900 */
        /*1a30*/                   FFMA R18, R21, R20, R18 ;                          /* 0x0000001415127223 */
                                                                                      /* 0x000fe20000000012 */
        /*1a40*/                   IADD3 R21, R10, 0x3c00, RZ ;                       /* 0x00003c000a157810 */
                                                                                      /* 0x000fe40007ffe0ff */
        /*1a50*/                   LDG.E.CONSTANT R20, [R2.64+0x1dc] ;                /* 0x0001dc0402147981 */
                                                                                      /* 0x000f68000c1e9900 */
        /*1a60*/                   LDG.E.CONSTANT R37, [R2.64+0x1f4] ;                /* 0x0001f40402257981 */
                                                                                      /* 0x000f62000c1e9900 */
        /*1a70*/                   FFMA R23, R23, R22, R18 ;                          /* 0x0000001617177223 */
                                                                                      /* 0x000fc60000000012 */
        /*1a80*/                   LDG.E.CONSTANT R18, [R2.64+0x1d4] ;                /* 0x0001d40402127981 */
                                                                                      /* 0x000f62000c1e9900 */
        /*1a90*/                   IMAD.WIDE R4, R21, R8, c[0x0][0x170] ;             /* 0x00005c0015047625 */
                                                                                      /* 0x001fc600078e0208 */
        /*1aa0*/                   LDG.E.CONSTANT R21, [R6.64+0x600] ;                /* 0x0006000406157981 */
                                                                                      /* 0x000362000c1e9900 */
        /*1ab0*/                   FFMA R24, R24, R25, R23 ;                          /* 0x0000001918187223 */
                                                                                      /* 0x000fc60000000017 */
        /*1ac0*/                   LDG.E.CONSTANT R23, [R4.64] ;                      /* 0x0000000404177981 */
                                                                                      /* 0x000168000c1e9900 */
        /*1ad0*/                   LDG.E.CONSTANT R22, [R2.64+0x1e0] ;                /* 0x0001e00402167981 */
                                                                                      /* 0x000f62000c1e9900 */
        /*1ae0*/                   FFMA R27, R27, R26, R24 ;                          /* 0x0000001a1b1b7223 */
                                                                                      /* 0x000fc60000000018 */
        /*1af0*/                   LDG.E.CONSTANT R26, [R2.64+0x1e4] ;                /* 0x0001e404021a7981 */
                                                                                      /* 0x000f68000c1e9900 */
        /*1b00*/                   LDG.E.CONSTANT R25, [R4.64+0x400] ;                /* 0x0004000404197981 */
                                                                                      /* 0x000162000c1e9900 */
        /*1b10*/                   FFMA R27, R28, R29, R27 ;                          /* 0x0000001d1c1b7223 */
                                                                                      /* 0x000fe2000000001b */
        /*1b20*/                   IADD3 R29, R10, 0x3e00, RZ ;                       /* 0x00003e000a1d7810 */
                                                                                      /* 0x000fe40007ffe0ff */
        /*1b30*/                   LDG.E.CONSTANT R24, [R2.64+0x1e8] ;                /* 0x0001e80402187981 */
                                                                                      /* 0x000f62000c1e9900 */
        /*1b40*/                   FFMA R31, R30, R31, R27 ;                          /* 0x0000001f1e1f7223 */
                                                                                      /* 0x000fc6000000001b */
        /*1b50*/                   LDG.E.CONSTANT R27, [R4.64+0x200] ;                /* 0x00020004041b7981 */
                                                                                      /* 0x000162000c1e9900 */
        /*1b60*/                   IMAD.WIDE R6, R29, R8, c[0x0][0x170] ;             /* 0x00005c001d067625 */
                                                                                      /* 0x002fc600078e0208 */
        /*1b70*/                   LDG.E.CONSTANT R30, [R4.64+0x600] ;                /* 0x00060004041e7981 */
                                                                                      /* 0x000162000c1e9900 */
        /*1b80*/                   FFMA R35, R32, R35, R31 ;                          /* 0x0000002320237223 */
                                                                                      /* 0x000fc6000000001f */
        /*1b90*/                   LDG.E.CONSTANT R31, [R2.64+0x1ec] ;                /* 0x0001ec04021f7981 */
                                                                                      /* 0x000f68000c1e9900 */
        /*1ba0*/                   LDG.E.CONSTANT R36, [R6.64] ;                      /* 0x0000000406247981 */
                                                                                      /* 0x000f62000c1e9900 */
        /*1bb0*/                   FFMA R5, R34, R33, R35 ;                           /* 0x0000002122057223 */
                                                                                      /* 0x001fc60000000023 */
        /*1bc0*/                   LDG.E.CONSTANT R35, [R2.64+0x1f0] ;                /* 0x0001f00402237981 */
                                                                                      /* 0x000f68000c1e9900 */
        /*1bd0*/                   LDG.E.CONSTANT R34, [R6.64+0x200] ;                /* 0x0002000406227981 */
                                                                                      /* 0x000f68000c1e9900 */
        /*1be0*/                   LDG.E.CONSTANT R29, [R6.64+0x400] ;                /* 0x00040004061d7981 */
                                                                                      /* 0x000f68000c1e9900 */
        /*1bf0*/                   LDG.E.CONSTANT R32, [R2.64+0x1f8] ;                /* 0x0001f80402207981 */
                                                                                      /* 0x000f68000c1e9900 */
        /*1c00*/                   LDG.E.CONSTANT R28, [R6.64+0x600] ;                /* 0x00060004061c7981 */
                                                                                      /* 0x000f68000c1e9900 */
        /*1c10*/                   LDG.E.CONSTANT R33, [R2.64+0x1fc] ;                /* 0x0001fc0402217981 */
                                                                                      /* 0x000f62000c1e9900 */
        /*1c20*/                   IADD3 R9, R10, R9, RZ ;                            /* 0x000000090a097210 */
                                                                                      /* 0x000fca0007ffe0ff */
        /*1c30*/                   IMAD.WIDE R8, R9, R8, c[0x0][0x160] ;              /* 0x0000580009087625 */
                                                                                      /* 0x000fe200078e0208 */
        /*1c40*/                   FFMA R0, R0, R11, R5 ;                             /* 0x0000000b00007223 */
                                                                                      /* 0x004fc80000000005 */
        /*1c50*/                   FFMA R13, R13, R12, R0 ;                           /* 0x0000000c0d0d7223 */
                                                                                      /* 0x010fc80000000000 */
        /*1c60*/                   FFMA R13, R14, R15, R13 ;                          /* 0x0000000f0e0d7223 */
                                                                                      /* 0x008fc8000000000d */
        /*1c70*/                   FFMA R13, R18, R19, R13 ;                          /* 0x00000013120d7223 */
                                                                                      /* 0x020fc8000000000d */
        /*1c80*/                   FFMA R13, R16, R17, R13 ;                          /* 0x00000011100d7223 */
                                                                                      /* 0x000fc8000000000d */
        /*1c90*/                   FFMA R13, R20, R21, R13 ;                          /* 0x00000015140d7223 */
                                                                                      /* 0x000fc8000000000d */
        /*1ca0*/                   FFMA R13, R22, R23, R13 ;                          /* 0x00000017160d7223 */
                                                                                      /* 0x000fc8000000000d */
        /*1cb0*/                   FFMA R13, R26, R27, R13 ;                          /* 0x0000001b1a0d7223 */
                                                                                      /* 0x000fc8000000000d */
        /*1cc0*/                   FFMA R24, R24, R25, R13 ;                          /* 0x0000001918187223 */
                                                                                      /* 0x000fc8000000000d */
        /*1cd0*/                   FFMA R24, R31, R30, R24 ;                          /* 0x0000001e1f187223 */
                                                                                      /* 0x000fc80000000018 */
        /*1ce0*/                   FFMA R36, R35, R36, R24 ;                          /* 0x0000002423247223 */
                                                                                      /* 0x000fc80000000018 */
        /*1cf0*/                   FFMA R37, R37, R34, R36 ;                          /* 0x0000002225257223 */
                                                                                      /* 0x000fc80000000024 */
        /*1d00*/                   FFMA R32, R32, R29, R37 ;                          /* 0x0000001d20207223 */
                                                                                      /* 0x000fc80000000025 */
        /*1d10*/                   FFMA R33, R33, R28, R32 ;                          /* 0x0000001c21217223 */
                                                                                      /* 0x000fca0000000020 */
        /*1d20*/                   STG.E [R8.64], R33 ;                               /* 0x0000002108007986 */
                                                                                      /* 0x000fe2000c101904 */
        /*1d30*/                   EXIT ;                                             /* 0x000000000000794d */
                                                                                      /* 0x000fea0003800000 */
        /*1d40*/                   BRA 0x1d40;                                        /* 0xfffffff000007947 */
                                                                                      /* 0x000fc0000383ffff */
        /*1d50*/                   NOP;                                               /* 0x0000000000007918 */
                                                                                      /* 0x000fc00000000000 */
        /*1d60*/                   NOP;                                               /* 0x0000000000007918 */
                                                                                      /* 0x000fc00000000000 */
        /*1d70*/                   NOP;                                               /* 0x0000000000007918 */
                                                                                      /* 0x000fc00000000000 */
        /*1d80*/                   NOP;                                               /* 0x0000000000007918 */
                                                                                      /* 0x000fc00000000000 */
        /*1d90*/                   NOP;                                               /* 0x0000000000007918 */
                                                                                      /* 0x000fc00000000000 */
        /*1da0*/                   NOP;                                               /* 0x0000000000007918 */
                                                                                      /* 0x000fc00000000000 */
        /*1db0*/                   NOP;                                               /* 0x0000000000007918 */
                                                                                      /* 0x000fc00000000000 */
        /*1dc0*/                   NOP;                                               /* 0x0000000000007918 */
                                                                                      /* 0x000fc00000000000 */
        /*1dd0*/                   NOP;                                               /* 0x0000000000007918 */
                                                                                      /* 0x000fc00000000000 */
        /*1de0*/                   NOP;                                               /* 0x0000000000007918 */
                                                                                      /* 0x000fc00000000000 */
        /*1df0*/                   NOP;                                               /* 0x0000000000007918 */
                                                                                      /* 0x000fc00000000000 */
		..........


		Function : _Z15doitgen_kernel1PfS_S_i
	.headerflags	@"EF_CUDA_TEXMODE_UNIFIED EF_CUDA_64BIT_ADDRESS EF_CUDA_SM86 EF_CUDA_VIRTUAL_SM(EF_CUDA_SM86)"
        /*0000*/                   MOV R1, c[0x0][0x28] ;                             /* 0x00000a0000017a02 */
                                                                                      /* 0x000fe40000000f00 */
        /*0010*/                   S2R R0, SR_CTAID.Y ;                               /* 0x0000000000007919 */
                                                                                      /* 0x000e280000002600 */
        /*0020*/                   S2R R5, SR_TID.Y ;                                 /* 0x0000000000057919 */
                                                                                      /* 0x000e280000002200 */
        /*0030*/                   S2R R4, SR_CTAID.X ;                               /* 0x0000000000047919 */
                                                                                      /* 0x000e680000002500 */
        /*0040*/                   S2R R3, SR_TID.X ;                                 /* 0x0000000000037919 */
                                                                                      /* 0x000e620000002100 */
        /*0050*/                   IMAD R0, R0, c[0x0][0x4], R5 ;                     /* 0x0000010000007a24 */
                                                                                      /* 0x001fca00078e0205 */
        /*0060*/                   ISETP.GT.U32.AND P0, PT, R0, 0x7f, PT ;            /* 0x0000007f0000780c */
                                                                                      /* 0x000fe20003f04070 */
        /*0070*/                   IMAD R4, R4, c[0x0][0x0], R3 ;                     /* 0x0000000004047a24 */
                                                                                      /* 0x002fca00078e0203 */
        /*0080*/                   ISETP.GT.OR P0, PT, R4, 0x7f, P0 ;                 /* 0x0000007f0400780c */
                                                                                      /* 0x000fda0000704670 */
        /*0090*/               @P0 EXIT ;                                             /* 0x000000000000094d */
                                                                                      /* 0x000fea0003800000 */
        /*00a0*/                   ULDC UR4, c[0x0][0x178] ;                          /* 0x00005e0000047ab9 */
                                                                                      /* 0x000fe20000000800 */
        /*00b0*/                   SHF.L.U32 R0, R0, 0x7, RZ ;                        /* 0x0000000700007819 */
                                                                                      /* 0x000fe200000006ff */
        /*00c0*/                   USHF.L.U32 UR4, UR4, 0xe, URZ ;                    /* 0x0000000e04047899 */
                                                                                      /* 0x000fe2000800063f */
        /*00d0*/                   MOV R5, 0x4 ;                                      /* 0x0000000400057802 */
                                                                                      /* 0x000fca0000000f00 */
        /*00e0*/                   LOP3.LUT R0, R0, UR4, RZ, 0xfc, !PT ;              /* 0x0000000400007c12 */
                                                                                      /* 0x000fe2000f8efcff */
        /*00f0*/                   IMAD.WIDE R8, R4.reuse, R5.reuse, c[0x0][0x170] ;  /* 0x00005c0004087625 */
                                                                                      /* 0x0c0fe200078e0205 */
        /*0100*/                   ULDC.64 UR4, c[0x0][0x118] ;                       /* 0x0000460000047ab9 */
                                                                                      /* 0x000fe40000000a00 */
        /*0110*/                   IADD3 R2, R4, R0, RZ ;                             /* 0x0000000004027210 */
                                                                                      /* 0x000fe20007ffe0ff */
        /*0120*/                   IMAD.WIDE R6, R0, R5, c[0x0][0x168] ;              /* 0x00005a0000067625 */
                                                                                      /* 0x000fc800078e0205 */
        /*0130*/                   IMAD.WIDE R2, R2, R5, c[0x0][0x160] ;              /* 0x0000580002027625 */
                                                                                      /* 0x000fca00078e0205 */
        /*0140*/                   STG.E [R2.64], RZ ;                                /* 0x000000ff02007986 */
                                                                                      /* 0x000fe8000c101904 */
        /*0150*/                   LDG.E R0, [R6.64] ;                                /* 0x0000000406007981 */
                                                                                      /* 0x000ea8000c1e1900 */
        /*0160*/                   LDG.E R11, [R8.64] ;                               /* 0x00000004080b7981 */
                                                                                      /* 0x000ea4000c1e1900 */
        /*0170*/                   FFMA R11, R0, R11, RZ ;                            /* 0x0000000b000b7223 */
                                                                                      /* 0x004fca00000000ff */
        /*0180*/                   STG.E [R2.64], R11 ;                               /* 0x0000000b02007986 */
                                                                                      /* 0x0001e8000c101904 */
        /*0190*/                   LDG.E R0, [R6.64+0x4] ;                            /* 0x0000040406007981 */
                                                                                      /* 0x000ea8000c1e1900 */
        /*01a0*/                   LDG.E R10, [R8.64+0x200] ;                         /* 0x00020004080a7981 */
                                                                                      /* 0x000ea4000c1e1900 */
        /*01b0*/                   FFMA R13, R0, R10, R11 ;                           /* 0x0000000a000d7223 */
                                                                                      /* 0x004fca000000000b */
        /*01c0*/                   STG.E [R2.64], R13 ;                               /* 0x0000000d02007986 */
                                                                                      /* 0x0003e8000c101904 */
        /*01d0*/                   LDG.E R0, [R6.64+0x8] ;                            /* 0x0000080406007981 */
                                                                                      /* 0x000ea8000c1e1900 */
        /*01e0*/                   LDG.E R10, [R8.64+0x400] ;                         /* 0x00040004080a7981 */
                                                                                      /* 0x000ea4000c1e1900 */
        /*01f0*/                   FFMA R15, R0, R10, R13 ;                           /* 0x0000000a000f7223 */
                                                                                      /* 0x004fca000000000d */
        /*0200*/                   STG.E [R2.64], R15 ;                               /* 0x0000000f02007986 */
                                                                                      /* 0x0005e8000c101904 */
        /*0210*/                   LDG.E R10, [R8.64+0x600] ;                         /* 0x00060004080a7981 */
                                                                                      /* 0x000ee8000c1e1900 */
        /*0220*/                   LDG.E R0, [R6.64+0xc] ;                            /* 0x00000c0406007981 */
                                                                                      /* 0x000ee2000c1e1900 */
        /*0230*/                   IADD3 R12, R4, 0x200, RZ ;                         /* 0x00000200040c7810 */
                                                                                      /* 0x000fe20007ffe0ff */
        /*0240*/                   FFMA R17, R0, R10, R15 ;                           /* 0x0000000a00117223 */
                                                                                      /* 0x008fc8000000000f */
        /*0250*/                   IMAD.WIDE R10, R12, R5, c[0x0][0x170] ;            /* 0x00005c000c0a7625 */
                                                                                      /* 0x001fe200078e0205 */
        /*0260*/                   STG.E [R2.64], R17 ;                               /* 0x0000001102007986 */
                                                                                      /* 0x0001e8000c101904 */
        /*0270*/                   LDG.E R0, [R6.64+0x10] ;                           /* 0x0000100406007981 */
                                                                                      /* 0x000e68000c1e1900 */
        /*0280*/                   LDG.E R12, [R10.64] ;                              /* 0x000000040a0c7981 */
                                                                                      /* 0x000e64000c1e1900 */
        /*0290*/                   FFMA R13, R0, R12, R17 ;                           /* 0x0000000c000d7223 */
                                                                                      /* 0x002fca0000000011 */
        /*02a0*/                   STG.E [R2.64], R13 ;                               /* 0x0000000d02007986 */
                                                                                      /* 0x0003e8000c101904 */
        /*02b0*/                   LDG.E R0, [R6.64+0x14] ;                           /* 0x0000140406007981 */
                                                                                      /* 0x000ea8000c1e1900 */
        /*02c0*/                   LDG.E R8, [R10.64+0x200] ;                         /* 0x000200040a087981 */
                                                                                      /* 0x000ea4000c1e1900 */
        /*02d0*/                   FFMA R15, R0, R8, R13 ;                            /* 0x00000008000f7223 */
                                                                                      /* 0x004fca000000000d */
        /*02e0*/                   STG.E [R2.64], R15 ;                               /* 0x0000000f02007986 */
                                                                                      /* 0x0005e8000c101904 */
        /*02f0*/                   LDG.E R0, [R6.64+0x18] ;                           /* 0x0000180406007981 */
                                                                                      /* 0x000e28000c1e1900 */
        /*0300*/                   LDG.E R8, [R10.64+0x400] ;                         /* 0x000400040a087981 */
                                                                                      /* 0x000e24000c1e1900 */
        /*0310*/                   FFMA R17, R0, R8, R15 ;                            /* 0x0000000800117223 */
                                                                                      /* 0x001fca000000000f */
        /*0320*/                   STG.E [R2.64], R17 ;                               /* 0x0000001102007986 */
                                                                                      /* 0x0001e8000c101904 */
        /*0330*/                   LDG.E R8, [R10.64+0x600] ;                         /* 0x000600040a087981 */
                                                                                      /* 0x000e68000c1e1900 */
        /*0340*/                   LDG.E R0, [R6.64+0x1c] ;                           /* 0x00001c0406007981 */
                                                                                      /* 0x000e62000c1e1900 */
        /*0350*/                   MOV R9, 0x400 ;                                    /* 0x0000040000097802 */
                                                                                      /* 0x000fe20000000f00 */
        /*0360*/                   FFMA R13, R0, R8, R17 ;                            /* 0x00000008000d7223 */
                                                                                      /* 0x002fe20000000011 */
        /*0370*/                   IADD3 R0, P0, R6, 0x28, RZ ;                       /* 0x0000002806007810 */
                                                                                      /* 0x000fc80007f1e0ff */
        /*0380*/                   STG.E [R2.64], R13 ;                               /* 0x0000000d02007986 */
                                                                                      /* 0x0001e2000c101904 */
        /*0390*/                   IADD3.X R15, RZ, R7, RZ, P0, !PT ;                 /* 0x00000007ff0f7210 */
                                                                                      /* 0x004fc600007fe4ff */
        /*03a0*/                   IADD3 R10, R4, R9, RZ ;                            /* 0x00000009040a7210 */
                                                                                      /* 0x000fe40007ffe0ff */
        /*03b0*/                   MOV R6, R0 ;                                       /* 0x0000000000067202 */
                                                                                      /* 0x000fe40000000f00 */
        /*03c0*/                   MOV R7, R15 ;                                      /* 0x0000000f00077202 */
                                                                                      /* 0x000fe20000000f00 */
        /*03d0*/                   IMAD.WIDE R10, R10, R5, c[0x0][0x170] ;            /* 0x00005c000a0a7625 */
                                                                                      /* 0x000fc800078e0205 */
        /*03e0*/                   LDG.E R0, [R6.64+-0x8] ;                           /* 0xfffff80406007981 */
                                                                                      /* 0x004ea8000c1e1900 */
        /*03f0*/                   LDG.E R8, [R10.64] ;                               /* 0x000000040a087981 */
                                                                                      /* 0x000ea4000c1e1900 */
        /*0400*/                   FFMA R13, R0, R8, R13 ;                            /* 0x00000008000d7223 */
                                                                                      /* 0x005fca000000000d */
        /*0410*/                   STG.E [R2.64], R13 ;                               /* 0x0000000d02007986 */
                                                                                      /* 0x0001e8000c101904 */
        /*0420*/                   LDG.E R0, [R6.64+-0x4] ;                           /* 0xfffffc0406007981 */
                                                                                      /* 0x000ea8000c1e1900 */
        /*0430*/                   LDG.E R8, [R10.64+0x200] ;                         /* 0x000200040a087981 */
                                                                                      /* 0x000ea4000c1e1900 */
        /*0440*/                   FFMA R15, R0, R8, R13 ;                            /* 0x00000008000f7223 */
                                                                                      /* 0x004fca000000000d */
        /*0450*/                   STG.E [R2.64], R15 ;                               /* 0x0000000f02007986 */
                                                                                      /* 0x0003e8000c101904 */
        /*0460*/                   LDG.E R0, [R6.64] ;                                /* 0x0000000406007981 */
                                                                                      /* 0x000ea8000c1e1900 */
        /*0470*/                   LDG.E R8, [R10.64+0x400] ;                         /* 0x000400040a087981 */
                                                                                      /* 0x000ea4000c1e1900 */
        /*0480*/                   FFMA R17, R0, R8, R15 ;                            /* 0x0000000800117223 */
                                                                                      /* 0x004fca000000000f */
        /*0490*/                   STG.E [R2.64], R17 ;                               /* 0x0000001102007986 */
                                                                                      /* 0x0005e8000c101904 */
        /*04a0*/                   LDG.E R8, [R10.64+0x600] ;                         /* 0x000600040a087981 */
                                                                                      /* 0x000ee8000c1e1900 */
        /*04b0*/                   LDG.E R0, [R6.64+0x4] ;                            /* 0x0000040406007981 */
                                                                                      /* 0x000ee2000c1e1900 */
        /*04c0*/                   IADD3 R12, R4, 0x200, R9 ;                         /* 0x00000200040c7810 */
                                                                                      /* 0x000fca0007ffe009 */
        /*04d0*/                   IMAD.WIDE R12, R12, R5, c[0x0][0x170] ;            /* 0x00005c000c0c7625 */
                                                                                      /* 0x001fe200078e0205 */
        /*04e0*/                   FFMA R19, R0, R8, R17 ;                            /* 0x0000000800137223 */
                                                                                      /* 0x008fca0000000011 */
        /*04f0*/                   STG.E [R2.64], R19 ;                               /* 0x0000001302007986 */
                                                                                      /* 0x0001e8000c101904 */
        /*0500*/                   LDG.E R0, [R6.64+0x8] ;                            /* 0x0000080406007981 */
                                                                                      /* 0x000e68000c1e1900 */
        /*0510*/                   LDG.E R8, [R12.64] ;                               /* 0x000000040c087981 */
                                                                                      /* 0x000e64000c1e1900 */
        /*0520*/                   FFMA R15, R0, R8, R19 ;                            /* 0x00000008000f7223 */
                                                                                      /* 0x002fca0000000013 */
        /*0530*/                   STG.E [R2.64], R15 ;                               /* 0x0000000f02007986 */
                                                                                      /* 0x0003e8000c101904 */
        /*0540*/                   LDG.E R0, [R6.64+0xc] ;                            /* 0x00000c0406007981 */
                                                                                      /* 0x000ea8000c1e1900 */
        /*0550*/                   LDG.E R8, [R12.64+0x200] ;                         /* 0x000200040c087981 */
                                                                                      /* 0x000ea4000c1e1900 */
        /*0560*/                   FFMA R17, R0, R8, R15 ;                            /* 0x0000000800117223 */
                                                                                      /* 0x004fca000000000f */
        /*0570*/                   STG.E [R2.64], R17 ;                               /* 0x0000001102007986 */
                                                                                      /* 0x0005e8000c101904 */
        /*0580*/                   LDG.E R0, [R6.64+0x10] ;                           /* 0x0000100406007981 */
                                                                                      /* 0x000e28000c1e1900 */
        /*0590*/                   LDG.E R8, [R12.64+0x400] ;                         /* 0x000400040c087981 */
                                                                                      /* 0x000e24000c1e1900 */
        /*05a0*/                   FFMA R19, R0, R8, R17 ;                            /* 0x0000000800137223 */
                                                                                      /* 0x001fca0000000011 */
        /*05b0*/                   STG.E [R2.64], R19 ;                               /* 0x0000001302007986 */
                                                                                      /* 0x0001e8000c101904 */
        /*05c0*/                   LDG.E R8, [R12.64+0x600] ;                         /* 0x000600040c087981 */
                                                                                      /* 0x000e68000c1e1900 */
        /*05d0*/                   LDG.E R0, [R6.64+0x14] ;                           /* 0x0000140406007981 */
                                                                                      /* 0x000e62000c1e1900 */
        /*05e0*/                   IADD3 R10, R4, 0x400, R9 ;                         /* 0x00000400040a7810 */
                                                                                      /* 0x000fca0007ffe009 */
        /*05f0*/                   IMAD.WIDE R10, R10, R5, c[0x0][0x170] ;            /* 0x00005c000a0a7625 */
                                                                                      /* 0x000fe200078e0205 */
        /*0600*/                   FFMA R15, R0, R8, R19 ;                            /* 0x00000008000f7223 */
                                                                                      /* 0x002fca0000000013 */
        /*0610*/                   STG.E [R2.64], R15 ;                               /* 0x0000000f02007986 */
                                                                                      /* 0x0003e8000c101904 */
        /*0620*/                   LDG.E R0, [R6.64+0x18] ;                           /* 0x0000180406007981 */
                                                                                      /* 0x000ea8000c1e1900 */
        /*0630*/                   LDG.E R8, [R10.64] ;                               /* 0x000000040a087981 */
                                                                                      /* 0x000ea4000c1e1900 */
        /*0640*/                   FFMA R17, R0, R8, R15 ;                            /* 0x0000000800117223 */
                                                                                      /* 0x004fca000000000f */
        /*0650*/                   STG.E [R2.64], R17 ;                               /* 0x0000001102007986 */
                                                                                      /* 0x0005e8000c101904 */
        /*0660*/                   LDG.E R0, [R6.64+0x1c] ;                           /* 0x00001c0406007981 */
                                                                                      /* 0x000e28000c1e1900 */
        /*0670*/                   LDG.E R8, [R10.64+0x200] ;                         /* 0x000200040a087981 */
                                                                                      /* 0x000e24000c1e1900 */
        /*0680*/                   FFMA R19, R0, R8, R17 ;                            /* 0x0000000800137223 */
                                                                                      /* 0x001fca0000000011 */
        /*0690*/                   STG.E [R2.64], R19 ;                               /* 0x0000001302007986 */
                                                                                      /* 0x0001e8000c101904 */
        /*06a0*/                   LDG.E R0, [R6.64+0x20] ;                           /* 0x0000200406007981 */
                                                                                      /* 0x000e68000c1e1900 */
        /*06b0*/                   LDG.E R8, [R10.64+0x400] ;                         /* 0x000400040a087981 */
                                                                                      /* 0x000e64000c1e1900 */
        /*06c0*/                   FFMA R15, R0, R8, R19 ;                            /* 0x00000008000f7223 */
                                                                                      /* 0x002fca0000000013 */
        /*06d0*/                   STG.E [R2.64], R15 ;                               /* 0x0000000f02007986 */
                                                                                      /* 0x0003e8000c101904 */
        /*06e0*/                   LDG.E R8, [R10.64+0x600] ;                         /* 0x000600040a087981 */
                                                                                      /* 0x000ea8000c1e1900 */
        /*06f0*/                   LDG.E R0, [R6.64+0x24] ;                           /* 0x0000240406007981 */
                                                                                      /* 0x000ea2000c1e1900 */
        /*0700*/                   IADD3 R12, R4, 0x600, R9 ;                         /* 0x00000600040c7810 */
                                                                                      /* 0x000fca0007ffe009 */
        /*0710*/                   IMAD.WIDE R12, R12, R5, c[0x0][0x170] ;            /* 0x00005c000c0c7625 */
                                                                                      /* 0x000fe200078e0205 */
        /*0720*/                   FFMA R17, R0, R8, R15 ;                            /* 0x0000000800117223 */
                                                                                      /* 0x004fca000000000f */
        /*0730*/                   STG.E [R2.64], R17 ;                               /* 0x0000001102007986 */
                                                                                      /* 0x0005e8000c101904 */
        /*0740*/                   LDG.E R0, [R6.64+0x28] ;                           /* 0x0000280406007981 */
                                                                                      /* 0x000e28000c1e1900 */
        /*0750*/                   LDG.E R8, [R12.64] ;                               /* 0x000000040c087981 */
                                                                                      /* 0x000e24000c1e1900 */
        /*0760*/                   FFMA R19, R0, R8, R17 ;                            /* 0x0000000800137223 */
                                                                                      /* 0x001fca0000000011 */
        /*0770*/                   STG.E [R2.64], R19 ;                               /* 0x0000001302007986 */
                                                                                      /* 0x0001e8000c101904 */
        /*0780*/                   LDG.E R0, [R6.64+0x2c] ;                           /* 0x00002c0406007981 */
                                                                                      /* 0x000e68000c1e1900 */
        /*0790*/                   LDG.E R8, [R12.64+0x200] ;                         /* 0x000200040c087981 */
                                                                                      /* 0x000e64000c1e1900 */
        /*07a0*/                   FFMA R15, R0, R8, R19 ;                            /* 0x00000008000f7223 */
                                                                                      /* 0x002fca0000000013 */
        /*07b0*/                   STG.E [R2.64], R15 ;                               /* 0x0000000f02007986 */
                                                                                      /* 0x0003e8000c101904 */
        /*07c0*/                   LDG.E R0, [R6.64+0x30] ;                           /* 0x0000300406007981 */
                                                                                      /* 0x000ea8000c1e1900 */
        /*07d0*/                   LDG.E R8, [R12.64+0x400] ;                         /* 0x000400040c087981 */
                                                                                      /* 0x000ea4000c1e1900 */
        /*07e0*/                   FFMA R17, R0, R8, R15 ;                            /* 0x0000000800117223 */
                                                                                      /* 0x004fca000000000f */
        /*07f0*/                   STG.E [R2.64], R17 ;                               /* 0x0000001102007986 */
                                                                                      /* 0x0005e8000c101904 */
        /*0800*/                   LDG.E R8, [R12.64+0x600] ;                         /* 0x000600040c087981 */
                                                                                      /* 0x000e28000c1e1900 */
        /*0810*/                   LDG.E R0, [R6.64+0x34] ;                           /* 0x0000340406007981 */
                                                                                      /* 0x000e22000c1e1900 */
        /*0820*/                   IADD3 R10, R4, 0x800, R9 ;                         /* 0x00000800040a7810 */
                                                                                      /* 0x000fca0007ffe009 */
        /*0830*/                   IMAD.WIDE R10, R10, R5, c[0x0][0x170] ;            /* 0x00005c000a0a7625 */
                                                                                      /* 0x000fe200078e0205 */
        /*0840*/                   FFMA R19, R0, R8, R17 ;                            /* 0x0000000800137223 */
                                                                                      /* 0x001fca0000000011 */
        /*0850*/                   STG.E [R2.64], R19 ;                               /* 0x0000001302007986 */
                                                                                      /* 0x0001e8000c101904 */
        /*0860*/                   LDG.E R0, [R6.64+0x38] ;                           /* 0x0000380406007981 */
                                                                                      /* 0x000e68000c1e1900 */
        /*0870*/                   LDG.E R8, [R10.64] ;                               /* 0x000000040a087981 */
                                                                                      /* 0x000e64000c1e1900 */
        /*0880*/                   FFMA R15, R0, R8, R19 ;                            /* 0x00000008000f7223 */
                                                                                      /* 0x002fca0000000013 */
        /*0890*/                   STG.E [R2.64], R15 ;                               /* 0x0000000f02007986 */
                                                                                      /* 0x0003e8000c101904 */
        /*08a0*/                   LDG.E R0, [R6.64+0x3c] ;                           /* 0x00003c0406007981 */
                                                                                      /* 0x000ea8000c1e1900 */
        /*08b0*/                   LDG.E R8, [R10.64+0x200] ;                         /* 0x000200040a087981 */
                                                                                      /* 0x000ea4000c1e1900 */
        /*08c0*/                   FFMA R17, R0, R8, R15 ;                            /* 0x0000000800117223 */
                                                                                      /* 0x004fca000000000f */
        /*08d0*/                   STG.E [R2.64], R17 ;                               /* 0x0000001102007986 */
                                                                                      /* 0x0005e8000c101904 */
        /*08e0*/                   LDG.E R0, [R6.64+0x40] ;                           /* 0x0000400406007981 */
                                                                                      /* 0x000e28000c1e1900 */
        /*08f0*/                   LDG.E R8, [R10.64+0x400] ;                         /* 0x000400040a087981 */
                                                                                      /* 0x000e24000c1e1900 */
        /*0900*/                   FFMA R19, R0, R8, R17 ;                            /* 0x0000000800137223 */
                                                                                      /* 0x001fca0000000011 */
        /*0910*/                   STG.E [R2.64], R19 ;                               /* 0x0000001302007986 */
                                                                                      /* 0x0001e8000c101904 */
        /*0920*/                   LDG.E R8, [R10.64+0x600] ;                         /* 0x000600040a087981 */
                                                                                      /* 0x000e68000c1e1900 */
        /*0930*/                   LDG.E R0, [R6.64+0x44] ;                           /* 0x0000440406007981 */
                                                                                      /* 0x000e62000c1e1900 */
        /*0940*/                   IADD3 R12, R4, 0xa00, R9 ;                         /* 0x00000a00040c7810 */
                                                                                      /* 0x000fca0007ffe009 */
        /*0950*/                   IMAD.WIDE R12, R12, R5, c[0x0][0x170] ;            /* 0x00005c000c0c7625 */
                                                                                      /* 0x000fe200078e0205 */
        /*0960*/                   FFMA R15, R0, R8, R19 ;                            /* 0x00000008000f7223 */
                                                                                      /* 0x002fca0000000013 */
        /*0970*/                   STG.E [R2.64], R15 ;                               /* 0x0000000f02007986 */
                                                                                      /* 0x0003e8000c101904 */
        /*0980*/                   LDG.E R0, [R6.64+0x48] ;                           /* 0x0000480406007981 */
                                                                                      /* 0x000ea8000c1e1900 */
        /*0990*/                   LDG.E R8, [R12.64] ;                               /* 0x000000040c087981 */
                                                                                      /* 0x000ea4000c1e1900 */
        /*09a0*/                   FFMA R17, R0, R8, R15 ;                            /* 0x0000000800117223 */
                                                                                      /* 0x004fca000000000f */
        /*09b0*/                   STG.E [R2.64], R17 ;                               /* 0x0000001102007986 */
                                                                                      /* 0x0005e8000c101904 */
        /*09c0*/                   LDG.E R0, [R6.64+0x4c] ;                           /* 0x00004c0406007981 */
                                                                                      /* 0x000e28000c1e1900 */
        /*09d0*/                   LDG.E R8, [R12.64+0x200] ;                         /* 0x000200040c087981 */
                                                                                      /* 0x000e24000c1e1900 */
        /*09e0*/                   FFMA R19, R0, R8, R17 ;                            /* 0x0000000800137223 */
                                                                                      /* 0x001fca0000000011 */
        /*09f0*/                   STG.E [R2.64], R19 ;                               /* 0x0000001302007986 */
                                                                                      /* 0x0001e8000c101904 */
        /*0a00*/                   LDG.E R0, [R6.64+0x50] ;                           /* 0x0000500406007981 */
                                                                                      /* 0x000e68000c1e1900 */
        /*0a10*/                   LDG.E R8, [R12.64+0x400] ;                         /* 0x000400040c087981 */
                                                                                      /* 0x000e64000c1e1900 */
        /*0a20*/                   FFMA R15, R0, R8, R19 ;                            /* 0x00000008000f7223 */
                                                                                      /* 0x002fca0000000013 */
        /*0a30*/                   STG.E [R2.64], R15 ;                               /* 0x0000000f02007986 */
                                                                                      /* 0x0003e8000c101904 */
        /*0a40*/                   LDG.E R8, [R12.64+0x600] ;                         /* 0x000600040c087981 */
                                                                                      /* 0x000ea8000c1e1900 */
        /*0a50*/                   LDG.E R0, [R6.64+0x54] ;                           /* 0x0000540406007981 */
                                                                                      /* 0x000ea2000c1e1900 */
        /*0a60*/                   IADD3 R10, R4, 0xc00, R9 ;                         /* 0x00000c00040a7810 */
                                                                                      /* 0x000fca0007ffe009 */
        /*0a70*/                   IMAD.WIDE R10, R10, R5, c[0x0][0x170] ;            /* 0x00005c000a0a7625 */
                                                                                      /* 0x000fe200078e0205 */
        /*0a80*/                   FFMA R17, R0, R8, R15 ;                            /* 0x0000000800117223 */
                                                                                      /* 0x004fca000000000f */
        /*0a90*/                   STG.E [R2.64], R17 ;                               /* 0x0000001102007986 */
                                                                                      /* 0x0005e8000c101904 */
        /*0aa0*/                   LDG.E R0, [R6.64+0x58] ;                           /* 0x0000580406007981 */
                                                                                      /* 0x000e28000c1e1900 */
        /*0ab0*/                   LDG.E R8, [R10.64] ;                               /* 0x000000040a087981 */
                                                                                      /* 0x000e24000c1e1900 */
        /*0ac0*/                   FFMA R19, R0, R8, R17 ;                            /* 0x0000000800137223 */
                                                                                      /* 0x001fca0000000011 */
        /*0ad0*/                   STG.E [R2.64], R19 ;                               /* 0x0000001302007986 */
                                                                                      /* 0x0001e8000c101904 */
        /*0ae0*/                   LDG.E R0, [R6.64+0x5c] ;                           /* 0x00005c0406007981 */
                                                                                      /* 0x000e68000c1e1900 */
        /*0af0*/                   LDG.E R8, [R10.64+0x200] ;                         /* 0x000200040a087981 */
                                                                                      /* 0x000e64000c1e1900 */
        /*0b00*/                   FFMA R15, R0, R8, R19 ;                            /* 0x00000008000f7223 */
                                                                                      /* 0x002fca0000000013 */
        /*0b10*/                   STG.E [R2.64], R15 ;                               /* 0x0000000f02007986 */
                                                                                      /* 0x0003e8000c101904 */
        /*0b20*/                   LDG.E R0, [R6.64+0x60] ;                           /* 0x0000600406007981 */
                                                                                      /* 0x000ea8000c1e1900 */
        /*0b30*/                   LDG.E R8, [R10.64+0x400] ;                         /* 0x000400040a087981 */
                                                                                      /* 0x000ea4000c1e1900 */
        /*0b40*/                   FFMA R17, R0, R8, R15 ;                            /* 0x0000000800117223 */
                                                                                      /* 0x004fca000000000f */
        /*0b50*/                   STG.E [R2.64], R17 ;                               /* 0x0000001102007986 */
                                                                                      /* 0x0005e8000c101904 */
        /*0b60*/                   LDG.E R8, [R10.64+0x600] ;                         /* 0x000600040a087981 */
                                                                                      /* 0x000e28000c1e1900 */
        /*0b70*/                   LDG.E R0, [R6.64+0x64] ;                           /* 0x0000640406007981 */
                                                                                      /* 0x000e22000c1e1900 */
        /*0b80*/                   IADD3 R12, R4, 0xe00, R9 ;                         /* 0x00000e00040c7810 */
                                                                                      /* 0x000fca0007ffe009 */
        /*0b90*/                   IMAD.WIDE R12, R12, R5, c[0x0][0x170] ;            /* 0x00005c000c0c7625 */
                                                                                      /* 0x000fe200078e0205 */
        /*0ba0*/                   FFMA R19, R0, R8, R17 ;                            /* 0x0000000800137223 */
                                                                                      /* 0x001fca0000000011 */
        /*0bb0*/                   STG.E [R2.64], R19 ;                               /* 0x0000001302007986 */
                                                                                      /* 0x000fe8000c101904 */
        /*0bc0*/                   LDG.E R0, [R6.64+0x68] ;                           /* 0x0000680406007981 */
                                                                                      /* 0x000e68000c1e1900 */
        /*0bd0*/                   LDG.E R8, [R12.64] ;                               /* 0x000000040c087981 */
                                                                                      /* 0x000e64000c1e1900 */
        /*0be0*/                   FFMA R15, R0, R8, R19 ;                            /* 0x00000008000f7223 */
                                                                                      /* 0x002fca0000000013 */
        /*0bf0*/                   STG.E [R2.64], R15 ;                               /* 0x0000000f02007986 */
                                                                                      /* 0x0001e8000c101904 */
        /*0c00*/                   LDG.E R0, [R6.64+0x6c] ;                           /* 0x00006c0406007981 */
                                                                                      /* 0x000ee8000c1e1900 */
        /*0c10*/                   LDG.E R8, [R12.64+0x200] ;                         /* 0x000200040c087981 */
                                                                                      /* 0x000ee4000c1e1900 */
        /*0c20*/                   FFMA R11, R0, R8, R15 ;                            /* 0x00000008000b7223 */
                                                                                      /* 0x008fca000000000f */
        /*0c30*/                   STG.E [R2.64], R11 ;                               /* 0x0000000b02007986 */
                                                                                      /* 0x0003e8000c101904 */
        /*0c40*/                   LDG.E R0, [R6.64+0x70] ;                           /* 0x0000700406007981 */
                                                                                      /* 0x000ea8000c1e1900 */
        /*0c50*/                   LDG.E R8, [R12.64+0x400] ;                         /* 0x000400040c087981 */
                                                                                      /* 0x000ea4000c1e1900 */
        /*0c60*/                   FFMA R17, R0, R8, R11 ;                            /* 0x0000000800117223 */
                                                                                      /* 0x004fca000000000b */
        /*0c70*/                   STG.E [R2.64], R17 ;                               /* 0x0000001102007986 */
                                                                                      /* 0x0005e8000c101904 */
        /*0c80*/                   LDG.E R8, [R12.64+0x600] ;                         /* 0x000600040c087981 */
                                                                                      /* 0x000ee8000c1e1900 */
        /*0c90*/                   LDG.E R0, [R6.64+0x74] ;                           /* 0x0000740406007981 */
                                                                                      /* 0x000ee2000c1e1900 */
        /*0ca0*/                   IADD3 R14, R4, 0x1000, R9 ;                        /* 0x00001000040e7810 */
                                                                                      /* 0x000fca0007ffe009 */
        /*0cb0*/                   IMAD.WIDE R14, R14, R5, c[0x0][0x170] ;            /* 0x00005c000e0e7625 */
                                                                                      /* 0x001fe200078e0205 */
        /*0cc0*/                   FFMA R19, R0, R8, R17 ;                            /* 0x0000000800137223 */
                                                                                      /* 0x008fca0000000011 */
        /*0cd0*/                   STG.E [R2.64], R19 ;                               /* 0x0000001302007986 */
                                                                                      /* 0x000fe8000c101904 */
        /*0ce0*/                   LDG.E R0, [R6.64+0x78] ;                           /* 0x0000780406007981 */
                                                                                      /* 0x000e68000c1e1900 */
        /*0cf0*/                   LDG.E R8, [R14.64] ;                               /* 0x000000040e087981 */
                                                                                      /* 0x000e64000c1e1900 */
        /*0d00*/                   FFMA R11, R0, R8, R19 ;                            /* 0x00000008000b7223 */
                                                                                      /* 0x002fca0000000013 */
        /*0d10*/                   STG.E [R2.64], R11 ;                               /* 0x0000000b02007986 */
                                                                                      /* 0x0001e8000c101904 */
        /*0d20*/                   LDG.E R0, [R6.64+0x7c] ;                           /* 0x00007c0406007981 */
                                                                                      /* 0x000ee8000c1e1900 */
        /*0d30*/                   LDG.E R8, [R14.64+0x200] ;                         /* 0x000200040e087981 */
                                                                                      /* 0x000ee4000c1e1900 */
        /*0d40*/                   FFMA R13, R0, R8, R11 ;                            /* 0x00000008000d7223 */
                                                                                      /* 0x008fca000000000b */
        /*0d50*/                   STG.E [R2.64], R13 ;                               /* 0x0000000d02007986 */
                                                                                      /* 0x0003e8000c101904 */
        /*0d60*/                   LDG.E R0, [R6.64+0x80] ;                           /* 0x0000800406007981 */
                                                                                      /* 0x000ea8000c1e1900 */
        /*0d70*/                   LDG.E R8, [R14.64+0x400] ;                         /* 0x000400040e087981 */
                                                                                      /* 0x000ea4000c1e1900 */
        /*0d80*/                   FFMA R17, R0, R8, R13 ;                            /* 0x0000000800117223 */
                                                                                      /* 0x004fca000000000d */
        /*0d90*/                   STG.E [R2.64], R17 ;                               /* 0x0000001102007986 */
                                                                                      /* 0x0005e8000c101904 */
        /*0da0*/                   LDG.E R8, [R14.64+0x600] ;                         /* 0x000600040e087981 */
                                                                                      /* 0x000ee8000c1e1900 */
        /*0db0*/                   LDG.E R0, [R6.64+0x84] ;                           /* 0x0000840406007981 */
                                                                                      /* 0x000ee2000c1e1900 */
        /*0dc0*/                   IADD3 R10, R4, 0x1200, R9 ;                        /* 0x00001200040a7810 */
                                                                                      /* 0x000fca0007ffe009 */
        /*0dd0*/                   IMAD.WIDE R10, R10, R5, c[0x0][0x170] ;            /* 0x00005c000a0a7625 */
                                                                                      /* 0x001fe200078e0205 */
        /*0de0*/                   FFMA R19, R0, R8, R17 ;                            /* 0x0000000800137223 */
                                                                                      /* 0x008fca0000000011 */
        /*0df0*/                   STG.E [R2.64], R19 ;                               /* 0x0000001302007986 */
                                                                                      /* 0x000fe8000c101904 */
        /*0e00*/                   LDG.E R0, [R6.64+0x88] ;                           /* 0x0000880406007981 */
                                                                                      /* 0x000ee8000c1e1900 */
        /*0e10*/                   LDG.E R13, [R10.64] ;                              /* 0x000000040a0d7981 */
                                                                                      /* 0x002ee4000c1e1900 */
        /*0e20*/                   FFMA R13, R0, R13, R19 ;                           /* 0x0000000d000d7223 */
                                                                                      /* 0x008fca0000000013 */
        /*0e30*/                   STG.E [R2.64], R13 ;                               /* 0x0000000d02007986 */
                                                                                      /* 0x0001e8000c101904 */
        /*0e40*/                   LDG.E R0, [R6.64+0x8c] ;                           /* 0x00008c0406007981 */
                                                                                      /* 0x000ee8000c1e1900 */
        /*0e50*/                   LDG.E R8, [R10.64+0x200] ;                         /* 0x000200040a087981 */
                                                                                      /* 0x000ee4000c1e1900 */
        /*0e60*/                   FFMA R15, R0, R8, R13 ;                            /* 0x00000008000f7223 */
                                                                                      /* 0x008fca000000000d */
        /*0e70*/                   STG.E [R2.64], R15 ;                               /* 0x0000000f02007986 */
                                                                                      /* 0x0003e8000c101904 */
        /*0e80*/                   LDG.E R0, [R6.64+0x90] ;                           /* 0x0000900406007981 */
                                                                                      /* 0x000ea8000c1e1900 */
        /*0e90*/                   LDG.E R8, [R10.64+0x400] ;                         /* 0x000400040a087981 */
                                                                                      /* 0x000ea2000c1e1900 */
        /*0ea0*/                   IADD3 R9, R9, 0x1400, RZ ;                         /* 0x0000140009097810 */
                                                                                      /* 0x000fe20007ffe0ff */
        /*0eb0*/                   FFMA R17, R0, R8, R15 ;                            /* 0x0000000800117223 */
                                                                                      /* 0x004fca000000000f */
        /*0ec0*/                   STG.E [R2.64], R17 ;                               /* 0x0000001102007986 */
                                                                                      /* 0x0005e8000c101904 */
        /*0ed0*/                   LDG.E R8, [R10.64+0x600] ;                         /* 0x000600040a087981 */
                                                                                      /* 0x000e28000c1e1900 */
        /*0ee0*/                   LDG.E R0, [R6.64+0x94] ;                           /* 0x0000940406007981 */
                                                                                      /* 0x000e22000c1e1900 */
        /*0ef0*/                   ISETP.NE.U32.AND P0, PT, R9, 0x4000, PT ;          /* 0x000040000900780c */
                                                                                      /* 0x000fe20003f05070 */
        /*0f00*/                   FFMA R13, R0, R8, R17 ;                            /* 0x00000008000d7223 */
                                                                                      /* 0x001fe20000000011 */
        /*0f10*/                   IADD3 R0, P1, R6, 0xa0, RZ ;                       /* 0x000000a006007810 */
                                                                                      /* 0x000fc80007f3e0ff */
        /*0f20*/                   STG.E [R2.64], R13 ;                               /* 0x0000000d02007986 */
                                                                                      /* 0x0005e2000c101904 */
        /*0f30*/                   IADD3.X R15, RZ, R7, RZ, P1, !PT ;                 /* 0x00000007ff0f7210 */
                                                                                      /* 0x002fcc0000ffe4ff */
        /*0f40*/               @P0 BRA 0x3a0 ;                                        /* 0xfffff45000000947 */
                                                                                      /* 0x000fea000383ffff */
        /*0f50*/                   EXIT ;                                             /* 0x000000000000794d */
                                                                                      /* 0x000fea0003800000 */
        /*0f60*/                   BRA 0xf60;                                         /* 0xfffffff000007947 */
                                                                                      /* 0x000fc0000383ffff */
        /*0f70*/                   NOP;                                               /* 0x0000000000007918 */
                                                                                      /* 0x000fc00000000000 */
        /*0f80*/                   NOP;                                               /* 0x0000000000007918 */
                                                                                      /* 0x000fc00000000000 */
        /*0f90*/                   NOP;                                               /* 0x0000000000007918 */
                                                                                      /* 0x000fc00000000000 */
        /*0fa0*/                   NOP;                                               /* 0x0000000000007918 */
                                                                                      /* 0x000fc00000000000 */
        /*0fb0*/                   NOP;                                               /* 0x0000000000007918 */
                                                                                      /* 0x000fc00000000000 */
        /*0fc0*/                   NOP;                                               /* 0x0000000000007918 */
                                                                                      /* 0x000fc00000000000 */
        /*0fd0*/                   NOP;                                               /* 0x0000000000007918 */
                                                                                      /* 0x000fc00000000000 */
        /*0fe0*/                   NOP;                                               /* 0x0000000000007918 */
                                                                                      /* 0x000fc00000000000 */
        /*0ff0*/                   NOP;                                               /* 0x0000000000007918 */
                                                                                      /* 0x000fc00000000000 */
		..........


