
	code for sm_86
		Function : _Z11mvt_kernel2iPfS_S___noalias
	.headerflags	@"EF_CUDA_TEXMODE_UNIFIED EF_CUDA_64BIT_ADDRESS EF_CUDA_SM86 EF_CUDA_VIRTUAL_SM(EF_CUDA_SM86)"
        /*0000*/                   MOV R1, c[0x0][0x28] ;                             /* 0x00000a0000017a02 */
                                                                                      /* 0x000fe40000000f00 */
        /*0010*/                   S2R R0, SR_CTAID.X ;                               /* 0x0000000000007919 */
                                                                                      /* 0x000e220000002500 */
        /*0020*/                   MOV R4, c[0x0][0x160] ;                            /* 0x0000580000047a02 */
                                                                                      /* 0x000fc60000000f00 */
        /*0030*/                   S2R R3, SR_TID.X ;                                 /* 0x0000000000037919 */
                                                                                      /* 0x000e220000002100 */
        /*0040*/                   ISETP.GE.AND P0, PT, R4, 0x1, PT ;                 /* 0x000000010400780c */
                                                                                      /* 0x000fe20003f06270 */
        /*0050*/                   IMAD R0, R0, c[0x0][0x0], R3 ;                     /* 0x0000000000007a24 */
                                                                                      /* 0x001fca00078e0203 */
        /*0060*/                   ISETP.GE.OR P0, PT, R0, c[0x0][0x160], !P0 ;       /* 0x0000580000007a0c */
                                                                                      /* 0x000fda0004706670 */
        /*0070*/               @P0 EXIT ;                                             /* 0x000000000000094d */
                                                                                      /* 0x000fea0003800000 */
        /*0080*/                   ISETP.GE.U32.AND P0, PT, R4, 0x4, PT ;             /* 0x000000040400780c */
                                                                                      /* 0x000fe20003f06070 */
        /*0090*/                   IMAD.MOV.U32 R11, RZ, RZ, 0x4 ;                    /* 0x00000004ff0b7424 */
                                                                                      /* 0x000fe200078e00ff */
        /*00a0*/                   ULDC.64 UR6, c[0x0][0x118] ;                       /* 0x0000460000067ab9 */
                                                                                      /* 0x000fc60000000a00 */
        /*00b0*/                   IMAD.WIDE R2, R0, R11, c[0x0][0x170] ;             /* 0x00005c0000027625 */
                                                                                      /* 0x000fe200078e020b */
        /*00c0*/                   LOP3.LUT R12, R4, 0x3, RZ, 0xc0, !PT ;             /* 0x00000003040c7812 */
                                                                                      /* 0x000fc800078ec0ff */
        /*00d0*/                   LDG.E R23, [R2.64] ;                               /* 0x0000000602177981 */
                                                                                      /* 0x000162000c1e1900 */
        /*00e0*/                   MOV R13, RZ ;                                      /* 0x000000ff000d7202 */
                                                                                      /* 0x000fe40000000f00 */
        /*00f0*/              @!P0 BRA 0xaa0 ;                                        /* 0x000009a000008947 */
                                                                                      /* 0x000fea0003800000 */
        /*0100*/                   LOP3.LUT R13, R4, 0x7ffffffc, RZ, 0xc0, !PT ;      /* 0x7ffffffc040d7812 */
                                                                                      /* 0x000fe200078ec0ff */
        /*0110*/                   ULDC.64 UR4, c[0x0][0x178] ;                       /* 0x00005e0000047ab9 */
                                                                                      /* 0x000fe20000000a00 */
        /*0120*/                   MOV R10, R0 ;                                      /* 0x00000000000a7202 */
                                                                                      /* 0x000fe20000000f00 */
        /*0130*/                   UIADD3 UR4, UP0, UR4, 0x8, URZ ;                   /* 0x0000000804047890 */
                                                                                      /* 0x000fe2000ff1e03f */
        /*0140*/                   ISETP.GT.U32.AND P0, PT, R13, RZ, PT ;             /* 0x000000ff0d00720c */
                                                                                      /* 0x000fc60003f04070 */
        /*0150*/                   UIADD3.X UR5, URZ, UR5, URZ, UP0, !UPT ;           /* 0x000000053f057290 */
                                                                                      /* 0x000fe400087fe43f */
        /*0160*/                   IMAD.U32 R4, RZ, RZ, UR4 ;                         /* 0x00000004ff047e24 */
                                                                                      /* 0x000fc8000f8e00ff */
        /*0170*/                   MOV R5, UR5 ;                                      /* 0x0000000500057c02 */
                                                                                      /* 0x000fc80008000f00 */
        /*0180*/              @!P0 IMAD.WIDE R6, R10, R11, c[0x0][0x168] ;            /* 0x00005a000a068625 */
                                                                                      /* 0x000fe200078e020b */
        /*0190*/              @!P0 LDG.E.CONSTANT R9, [R4.64+-0x8] ;                  /* 0xfffff80604098981 */
                                                                                      /* 0x0002a8000c1e9900 */
        /*01a0*/              @!P0 LDG.E.CONSTANT R8, [R6.64] ;                       /* 0x0000000606088981 */
                                                                                      /* 0x000ea8000c1e9900 */
        /*01b0*/              @!P0 LDG.E.CONSTANT R14, [R6.64+0x4000] ;               /* 0x00400006060e8981 */
                                                                                      /* 0x000ee8000c1e9900 */
        /*01c0*/              @!P0 LDG.E.CONSTANT R15, [R4.64+-0x4] ;                 /* 0xfffffc06040f8981 */
                                                                                      /* 0x0002e8000c1e9900 */
        /*01d0*/              @!P0 LDG.E.CONSTANT R18, [R6.64+0x8000] ;               /* 0x0080000606128981 */
                                                                                      /* 0x000f28000c1e9900 */
        /*01e0*/              @!P0 LDG.E.CONSTANT R17, [R4.64] ;                      /* 0x0000000604118981 */
                                                                                      /* 0x000328000c1e9900 */
        /*01f0*/              @!P0 LDG.E.CONSTANT R20, [R6.64+0xc000] ;               /* 0x00c0000606148981 */
                                                                                      /* 0x000f28000c1e9900 */
        /*0200*/              @!P0 LDG.E.CONSTANT R19, [R4.64+0x4] ;                  /* 0x0000040604138981 */
                                                                                      /* 0x000322000c1e9900 */
        /*0210*/                   MOV R16, RZ ;                                      /* 0x000000ff00107202 */
                                                                                      /* 0x000fe20000000f00 */
        /*0220*/              @!P0 IMAD.MOV.U32 R16, RZ, RZ, 0x4 ;                    /* 0x00000004ff108424 */
                                                                                      /* 0x000fe200078e00ff */
        /*0230*/              @!P0 IADD3 R21, P2, R4, 0x10, RZ ;                      /* 0x0000001004158810 */
                                                                                      /* 0x000fc40007f5e0ff */
        /*0240*/              @!P0 IADD3 R10, R10, 0x4000, RZ ;                       /* 0x000040000a0a8810 */
                                                                                      /* 0x000fc60007ffe0ff */
        /*0250*/              @!P0 IMAD.MOV.U32 R4, RZ, RZ, R21 ;                     /* 0x000000ffff048224 */
                                                                                      /* 0x002fe200078e0015 */
        /*0260*/              @!P0 FFMA R9, R8, R9, R23 ;                             /* 0x0000000908098223 */
                                                                                      /* 0x024fe20000000017 */
        /*0270*/                   IADD3 R8, R13, -R16, RZ ;                          /* 0x800000100d087210 */
                                                                                      /* 0x000fc80007ffe0ff */
        /*0280*/                   ISETP.GT.AND P1, PT, R8, 0xc, PT ;                 /* 0x0000000c0800780c */
                                                                                      /* 0x000fe20003f24270 */
        /*0290*/              @!P0 FFMA R9, R14, R15, R9 ;                            /* 0x0000000f0e098223 */
                                                                                      /* 0x008fe20000000009 */
        /*02a0*/              @!P0 IADD3.X R8, RZ, R5, RZ, P2, !PT ;                  /* 0x00000005ff088210 */
                                                                                      /* 0x000fc600017fe4ff */
        /*02b0*/              @!P0 FFMA R9, R18, R17, R9 ;                            /* 0x0000001112098223 */
                                                                                      /* 0x010fe20000000009 */
        /*02c0*/              @!P0 MOV R5, R8 ;                                       /* 0x0000000800058202 */
                                                                                      /* 0x000fc60000000f00 */
        /*02d0*/              @!P0 FFMA R23, R20, R19, R9 ;                           /* 0x0000001314178223 */
                                                                                      /* 0x000fc80000000009 */
        /*02e0*/              @!P1 BRA 0x6e0 ;                                        /* 0x000003f000009947 */
                                                                                      /* 0x000fea0003800000 */
        /*02f0*/                   PLOP3.LUT P0, PT, PT, PT, PT, 0x8, 0x0 ;           /* 0x000000000000781c */
                                                                                      /* 0x000fe40003f0e170 */
        /*0300*/                   IADD3 R14, R13, -0xc, RZ ;                         /* 0xfffffff40d0e7810 */
                                                                                      /* 0x000fe40007ffe0ff */
        /*0310*/                   IMAD.WIDE R6, R10.reuse, R11, c[0x0][0x168] ;      /* 0x00005a000a067625 */
                                                                                      /* 0x040fe200078e020b */
        /*0320*/                   LDG.E.CONSTANT R29, [R4.64+-0x8] ;                 /* 0xfffff806041d7981 */
                                                                                      /* 0x000ea8000c1e9900 */
        /*0330*/                   LDG.E.CONSTANT R26, [R6.64] ;                      /* 0x00000006061a7981 */
                                                                                      /* 0x0002a2000c1e9900 */
        /*0340*/                   IADD3 R8, R10, 0x4000, RZ ;                        /* 0x000040000a087810 */
                                                                                      /* 0x000fc60007ffe0ff */
        /*0350*/                   LDG.E.CONSTANT R25, [R4.64+-0x4] ;                 /* 0xfffffc0604197981 */
                                                                                      /* 0x000ee8000c1e9900 */
        /*0360*/                   LDG.E.CONSTANT R28, [R6.64+0x4000] ;               /* 0x00400006061c7981 */
                                                                                      /* 0x0002e8000c1e9900 */
        /*0370*/                   LDG.E.CONSTANT R27, [R4.64] ;                      /* 0x00000006041b7981 */
                                                                                      /* 0x000f28000c1e9900 */
        /*0380*/                   LDG.E.CONSTANT R30, [R6.64+0x8000] ;               /* 0x00800006061e7981 */
                                                                                      /* 0x000322000c1e9900 */
        /*0390*/                   IMAD.WIDE R8, R8, R11, c[0x0][0x168] ;             /* 0x00005a0008087625 */
                                                                                      /* 0x000fc600078e020b */
        /*03a0*/                   LDG.E.CONSTANT R31, [R6.64+0xc000] ;               /* 0x00c00006061f7981 */
                                                                                      /* 0x000368000c1e9900 */
        /*03b0*/                   LDG.E.CONSTANT R32, [R4.64+0x4] ;                  /* 0x0000040604207981 */
                                                                                      /* 0x000f68000c1e9900 */
        /*03c0*/                   LDG.E.CONSTANT R22, [R4.64+0x8] ;                  /* 0x0000080604167981 */
                                                                                      /* 0x000f68000c1e9900 */
        /*03d0*/                   LDG.E.CONSTANT R19, [R8.64] ;                      /* 0x0000000608137981 */
                                                                                      /* 0x000162000c1e9900 */
        /*03e0*/                   IADD3 R24, R10, 0x8000, RZ ;                       /* 0x000080000a187810 */
                                                                                      /* 0x000fc60007ffe0ff */
        /*03f0*/                   LDG.E.CONSTANT R15, [R4.64+0xc] ;                  /* 0x00000c06040f7981 */
                                                                                      /* 0x000f68000c1e9900 */
        /*0400*/                   LDG.E.CONSTANT R20, [R8.64+0x4000] ;               /* 0x0040000608147981 */
                                                                                      /* 0x000162000c1e9900 */
        /*0410*/                   IMAD.WIDE R6, R24, R11, c[0x0][0x168] ;            /* 0x00005a0018067625 */
                                                                                      /* 0x002fc600078e020b */
        /*0420*/                   LDG.E.CONSTANT R17, [R4.64+0x10] ;                 /* 0x0000100604117981 */
                                                                                      /* 0x000f68000c1e9900 */
        /*0430*/                   LDG.E.CONSTANT R18, [R8.64+0x8000] ;               /* 0x0080000608127981 */
                                                                                      /* 0x000168000c1e9900 */
        /*0440*/                   LDG.E.CONSTANT R21, [R8.64+0xc000] ;               /* 0x00c0000608157981 */
                                                                                      /* 0x000168000c1e9900 */
        /*0450*/                   LDG.E.CONSTANT R24, [R4.64+0x14] ;                 /* 0x0000140604187981 */
                                                                                      /* 0x000f62000c1e9900 */
        /*0460*/                   IADD3 R36, R10, 0xc000, RZ ;                       /* 0x0000c0000a247810 */
                                                                                      /* 0x000fc60007ffe0ff */
        /*0470*/                   LDG.E.CONSTANT R35, [R4.64+0x2c] ;                 /* 0x00002c0604237981 */
                                                                                      /* 0x000364000c1e9900 */
        /*0480*/                   IMAD.WIDE R8, R36, R11, c[0x0][0x168] ;            /* 0x00005a0024087625 */
                                                                                      /* 0x001fe400078e020b */
        /*0490*/                   LDG.E.CONSTANT R36, [R4.64+0x34] ;                 /* 0x0000340604247981 */
                                                                                      /* 0x000368000c1e9900 */
        /*04a0*/                   LDG.E.CONSTANT R33, [R8.64+0xc000] ;               /* 0x00c0000608217981 */
                                                                                      /* 0x000f62000c1e9900 */
        /*04b0*/                   FFMA R29, R26, R29, R23 ;                          /* 0x0000001d1a1d7223 */
                                                                                      /* 0x004fc60000000017 */
        /*04c0*/                   LDG.E.CONSTANT R26, [R4.64+0x18] ;                 /* 0x00001806041a7981 */
                                                                                      /* 0x0002a8000c1e9900 */
        /*04d0*/                   LDG.E.CONSTANT R23, [R6.64] ;                      /* 0x0000000606177981 */
                                                                                      /* 0x0000a2000c1e9900 */
        /*04e0*/                   FFMA R29, R28, R25, R29 ;                          /* 0x000000191c1d7223 */
                                                                                      /* 0x008fc6000000001d */
        /*04f0*/                   LDG.E.CONSTANT R28, [R4.64+0x1c] ;                 /* 0x00001c06041c7981 */
                                                                                      /* 0x0002e8000c1e9900 */
        /*0500*/                   LDG.E.CONSTANT R25, [R6.64+0x4000] ;               /* 0x0040000606197981 */
                                                                                      /* 0x0000e2000c1e9900 */
        /*0510*/                   FFMA R34, R30, R27, R29 ;                          /* 0x0000001b1e227223 */
                                                                                      /* 0x010fc6000000001d */
        /*0520*/                   LDG.E.CONSTANT R30, [R4.64+0x20] ;                 /* 0x00002006041e7981 */
                                                                                      /* 0x000328000c1e9900 */
        /*0530*/                   LDG.E.CONSTANT R27, [R6.64+0x8000] ;               /* 0x00800006061b7981 */
                                                                                      /* 0x000122000c1e9900 */
        /*0540*/                   FFMA R34, R31, R32, R34 ;                          /* 0x000000201f227223 */
                                                                                      /* 0x020fc60000000022 */
        /*0550*/                   LDG.E.CONSTANT R29, [R6.64+0xc000] ;               /* 0x00c00006061d7981 */
                                                                                      /* 0x000168000c1e9900 */
        /*0560*/                   LDG.E.CONSTANT R32, [R4.64+0x24] ;                 /* 0x0000240604207981 */
                                                                                      /* 0x000362000c1e9900 */
        /*0570*/                   FFMA R37, R19, R22, R34 ;                          /* 0x0000001613257223 */
                                                                                      /* 0x000fc60000000022 */
        /*0580*/                   LDG.E.CONSTANT R34, [R4.64+0x28] ;                 /* 0x0000280604227981 */
                                                                                      /* 0x000368000c1e9900 */
        /*0590*/                   LDG.E.CONSTANT R31, [R8.64] ;                      /* 0x00000006081f7981 */
                                                                                      /* 0x000f68000c1e9900 */
        /*05a0*/                   LDG.E.CONSTANT R22, [R8.64+0x4000] ;               /* 0x0040000608167981 */
                                                                                      /* 0x000f68000c1e9900 */
        /*05b0*/                   LDG.E.CONSTANT R19, [R8.64+0x8000] ;               /* 0x0080000608137981 */
                                                                                      /* 0x000f68000c1e9900 */
        /*05c0*/                   LDG.E.CONSTANT R6, [R4.64+0x30] ;                  /* 0x0000300604067981 */
                                                                                      /* 0x001362000c1e9900 */
        /*05d0*/                   FFMA R15, R20, R15, R37 ;                          /* 0x0000000f140f7223 */
                                                                                      /* 0x000fc80000000025 */
        /*05e0*/                   FFMA R18, R18, R17, R15 ;                          /* 0x0000001112127223 */
                                                                                      /* 0x000fc8000000000f */
        /*05f0*/                   FFMA R18, R21, R24, R18 ;                          /* 0x0000001815127223 */
                                                                                      /* 0x000fe20000000012 */
        /*0600*/                   IADD3 R16, R16, 0x10, RZ ;                         /* 0x0000001010107810 */
                                                                                      /* 0x000fc80007ffe0ff */
        /*0610*/                   ISETP.GE.AND P1, PT, R16, R14, PT ;                /* 0x0000000e1000720c */
                                                                                      /* 0x000fe40003f26270 */
        /*0620*/                   IADD3 R4, P2, R4, 0x40, RZ ;                       /* 0x0000004004047810 */
                                                                                      /* 0x002fe40007f5e0ff */
        /*0630*/                   IADD3 R10, R10, 0x10000, RZ ;                      /* 0x000100000a0a7810 */
                                                                                      /* 0x000fe40007ffe0ff */
        /*0640*/                   IADD3.X R5, RZ, R5, RZ, P2, !PT ;                  /* 0x00000005ff057210 */
                                                                                      /* 0x000fe200017fe4ff */
        /*0650*/                   FFMA R18, R23, R26, R18 ;                          /* 0x0000001a17127223 */
                                                                                      /* 0x004fc80000000012 */
        /*0660*/                   FFMA R18, R25, R28, R18 ;                          /* 0x0000001c19127223 */
                                                                                      /* 0x008fc80000000012 */
        /*0670*/                   FFMA R18, R27, R30, R18 ;                          /* 0x0000001e1b127223 */
                                                                                      /* 0x010fc80000000012 */
        /*0680*/                   FFMA R18, R29, R32, R18 ;                          /* 0x000000201d127223 */
                                                                                      /* 0x020fc80000000012 */
        /*0690*/                   FFMA R31, R31, R34, R18 ;                          /* 0x000000221f1f7223 */
                                                                                      /* 0x000fc80000000012 */
        /*06a0*/                   FFMA R22, R22, R35, R31 ;                          /* 0x0000002316167223 */
                                                                                      /* 0x000fc8000000001f */
        /*06b0*/                   FFMA R6, R19, R6, R22 ;                            /* 0x0000000613067223 */
                                                                                      /* 0x000fc80000000016 */
        /*06c0*/                   FFMA R23, R33, R36, R6 ;                           /* 0x0000002421177223 */
                                                                                      /* 0x000fe20000000006 */
        /*06d0*/              @!P1 BRA 0x310 ;                                        /* 0xfffffc3000009947 */
                                                                                      /* 0x000fea000383ffff */
        /*06e0*/                   IMAD.IADD R6, R13, 0x1, -R16 ;                     /* 0x000000010d067824 */
                                                                                      /* 0x000fca00078e0a10 */
        /*06f0*/                   ISETP.GT.AND P1, PT, R6, 0x4, PT ;                 /* 0x000000040600780c */
                                                                                      /* 0x000fda0003f24270 */
        /*0700*/              @!P1 BRA 0x910 ;                                        /* 0x0000020000009947 */
                                                                                      /* 0x000fea0003800000 */
        /*0710*/                   IMAD.WIDE R8, R10.reuse, R11, c[0x0][0x168] ;      /* 0x00005a000a087625 */
                                                                                      /* 0x040fe200078e020b */
        /*0720*/                   LDG.E.CONSTANT R25, [R4.64+-0x8] ;                 /* 0xfffff80604197981 */
                                                                                      /* 0x0002a8000c1e9900 */
        /*0730*/                   LDG.E.CONSTANT R24, [R8.64] ;                      /* 0x0000000608187981 */
                                                                                      /* 0x000ea2000c1e9900 */
        /*0740*/                   IADD3 R6, R10, 0x4000, RZ ;                        /* 0x000040000a067810 */
                                                                                      /* 0x000fc60007ffe0ff */
        /*0750*/                   LDG.E.CONSTANT R26, [R4.64+-0x4] ;                 /* 0xfffffc06041a7981 */
                                                                                      /* 0x0002e8000c1e9900 */
        /*0760*/                   LDG.E.CONSTANT R27, [R8.64+0x4000] ;               /* 0x00400006081b7981 */
                                                                                      /* 0x000ee2000c1e9900 */
        /*0770*/                   IMAD.WIDE R6, R6, R11, c[0x0][0x168] ;             /* 0x00005a0006067625 */
                                                                                      /* 0x000fc600078e020b */
        /*0780*/                   LDG.E.CONSTANT R28, [R4.64] ;                      /* 0x00000006041c7981 */
                                                                                      /* 0x000328000c1e9900 */
        /*0790*/                   LDG.E.CONSTANT R29, [R8.64+0x8000] ;               /* 0x00800006081d7981 */
                                                                                      /* 0x000f28000c1e9900 */
        /*07a0*/                   LDG.E.CONSTANT R31, [R8.64+0xc000] ;               /* 0x00c00006081f7981 */
                                                                                      /* 0x000f68000c1e9900 */
        /*07b0*/                   LDG.E.CONSTANT R30, [R4.64+0x4] ;                  /* 0x00000406041e7981 */
                                                                                      /* 0x000368000c1e9900 */
        /*07c0*/                   LDG.E.CONSTANT R15, [R4.64+0x8] ;                  /* 0x00000806040f7981 */
                                                                                      /* 0x000368000c1e9900 */
        /*07d0*/                   LDG.E.CONSTANT R14, [R6.64] ;                      /* 0x00000006060e7981 */
                                                                                      /* 0x000f68000c1e9900 */
        /*07e0*/                   LDG.E.CONSTANT R18, [R4.64+0xc] ;                  /* 0x00000c0604127981 */
                                                                                      /* 0x000368000c1e9900 */
        /*07f0*/                   LDG.E.CONSTANT R17, [R6.64+0x4000] ;               /* 0x0040000606117981 */
                                                                                      /* 0x000f68000c1e9900 */
        /*0800*/                   LDG.E.CONSTANT R20, [R4.64+0x10] ;                 /* 0x0000100604147981 */
                                                                                      /* 0x000368000c1e9900 */
        /*0810*/                   LDG.E.CONSTANT R19, [R6.64+0x8000] ;               /* 0x0080000606137981 */
                                                                                      /* 0x000f68000c1e9900 */
        /*0820*/                   LDG.E.CONSTANT R21, [R6.64+0xc000] ;               /* 0x00c0000606157981 */
                                                                                      /* 0x000f68000c1e9900 */
        /*0830*/                   LDG.E.CONSTANT R22, [R4.64+0x14] ;                 /* 0x0000140604167981 */
                                                                                      /* 0x000362000c1e9900 */
        /*0840*/                   PLOP3.LUT P0, PT, PT, PT, PT, 0x8, 0x0 ;           /* 0x000000000000781c */
                                                                                      /* 0x000fc40003f0e170 */
        /*0850*/                   IADD3 R16, R16, 0x8, RZ ;                          /* 0x0000000810107810 */
                                                                                      /* 0x000fe40007ffe0ff */
        /*0860*/                   IADD3 R10, R10, 0x8000, RZ ;                       /* 0x000080000a0a7810 */
                                                                                      /* 0x000fe40007ffe0ff */
        /*0870*/                   IADD3 R4, P1, R4, 0x20, RZ ;                       /* 0x0000002004047810 */
                                                                                      /* 0x002fc80007f3e0ff */
        /*0880*/                   IADD3.X R5, RZ, R5, RZ, P1, !PT ;                  /* 0x00000005ff057210 */
                                                                                      /* 0x000fe20000ffe4ff */
        /*0890*/                   FFMA R24, R24, R25, R23 ;                          /* 0x0000001918187223 */
                                                                                      /* 0x004fc80000000017 */
        /*08a0*/                   FFMA R24, R27, R26, R24 ;                          /* 0x0000001a1b187223 */
                                                                                      /* 0x008fc80000000018 */
        /*08b0*/                   FFMA R24, R29, R28, R24 ;                          /* 0x0000001c1d187223 */
                                                                                      /* 0x010fc80000000018 */
        /*08c0*/                   FFMA R31, R31, R30, R24 ;                          /* 0x0000001e1f1f7223 */
                                                                                      /* 0x020fc80000000018 */
        /*08d0*/                   FFMA R14, R14, R15, R31 ;                          /* 0x0000000f0e0e7223 */
                                                                                      /* 0x000fc8000000001f */
        /*08e0*/                   FFMA R14, R17, R18, R14 ;                          /* 0x00000012110e7223 */
                                                                                      /* 0x000fc8000000000e */
        /*08f0*/                   FFMA R14, R19, R20, R14 ;                          /* 0x00000014130e7223 */
                                                                                      /* 0x000fc8000000000e */
        /*0900*/                   FFMA R23, R21, R22, R14 ;                          /* 0x0000001615177223 */
                                                                                      /* 0x000fe2000000000e */
        /*0910*/                   ISETP.NE.U32.OR P0, PT, R16, R13, P0 ;             /* 0x0000000d1000720c */
                                                                                      /* 0x000fe40000705470 */
        /*0920*/                   ISETP.NE.U32.AND P1, PT, R12, RZ, PT ;             /* 0x000000ff0c00720c */
                                                                                      /* 0x000fd60003f25070 */
        /*0930*/              @!P0 BRA 0xa90 ;                                        /* 0x0000015000008947 */
                                                                                      /* 0x000fea0003800000 */
        /*0940*/                   IMAD.WIDE R6, R10, R11, c[0x0][0x168] ;            /* 0x00005a000a067625 */
                                                                                      /* 0x000fe200078e020b */
        /*0950*/                   LDG.E.CONSTANT R9, [R4.64+-0x8] ;                  /* 0xfffff80604097981 */
                                                                                      /* 0x000ea8000c1e9900 */
        /*0960*/                   LDG.E.CONSTANT R8, [R6.64] ;                       /* 0x0000000606087981 */
                                                                                      /* 0x000ea8000c1e9900 */
        /*0970*/                   LDG.E.CONSTANT R14, [R4.64+-0x4] ;                 /* 0xfffffc06040e7981 */
                                                                                      /* 0x000ee8000c1e9900 */
        /*0980*/                   LDG.E.CONSTANT R15, [R6.64+0x4000] ;               /* 0x00400006060f7981 */
                                                                                      /* 0x000ee8000c1e9900 */
        /*0990*/                   LDG.E.CONSTANT R18, [R4.64] ;                      /* 0x0000000604127981 */
                                                                                      /* 0x000328000c1e9900 */
        /*09a0*/                   LDG.E.CONSTANT R17, [R6.64+0x8000] ;               /* 0x0080000606117981 */
                                                                                      /* 0x000f28000c1e9900 */
        /*09b0*/                   LDG.E.CONSTANT R19, [R6.64+0xc000] ;               /* 0x00c0000606137981 */
                                                                                      /* 0x000f68000c1e9900 */
        /*09c0*/                   LDG.E.CONSTANT R20, [R4.64+0x4] ;                  /* 0x0000040604147981 */
                                                                                      /* 0x000362000c1e9900 */
        /*09d0*/                   IADD3 R16, R16, 0x4, RZ ;                          /* 0x0000000410107810 */
                                                                                      /* 0x000fc40007ffe0ff */
        /*09e0*/                   IADD3 R10, R10, 0x4000, RZ ;                       /* 0x000040000a0a7810 */
                                                                                      /* 0x000fe40007ffe0ff */
        /*09f0*/                   ISETP.NE.U32.AND P0, PT, R13, R16, PT ;            /* 0x000000100d00720c */
                                                                                      /* 0x000fe20003f05070 */
        /*0a00*/                   FFMA R8, R8, R9, R23 ;                             /* 0x0000000908087223 */
                                                                                      /* 0x004fc80000000017 */
        /*0a10*/                   FFMA R14, R15, R14, R8 ;                           /* 0x0000000e0f0e7223 */
                                                                                      /* 0x008fe20000000008 */
        /*0a20*/                   IADD3 R8, P2, R4, 0x10, RZ ;                       /* 0x0000001004087810 */
                                                                                      /* 0x000fc80007f5e0ff */
        /*0a30*/                   IADD3.X R9, RZ, R5, RZ, P2, !PT ;                  /* 0x00000005ff097210 */
                                                                                      /* 0x000fe200017fe4ff */
        /*0a40*/                   IMAD.MOV.U32 R4, RZ, RZ, R8 ;                      /* 0x000000ffff047224 */
                                                                                      /* 0x002fe200078e0008 */
        /*0a50*/                   FFMA R14, R17, R18, R14 ;                          /* 0x00000012110e7223 */
                                                                                      /* 0x010fe4000000000e */
        /*0a60*/                   MOV R5, R9 ;                                       /* 0x0000000900057202 */
                                                                                      /* 0x000fe40000000f00 */
        /*0a70*/                   FFMA R23, R19, R20, R14 ;                          /* 0x0000001413177223 */
                                                                                      /* 0x020fe2000000000e */
        /*0a80*/               @P0 BRA 0x940 ;                                        /* 0xfffffeb000000947 */
                                                                                      /* 0x000fea000383ffff */
        /*0a90*/              @!P1 BRA 0xba0 ;                                        /* 0x0000010000009947 */
                                                                                      /* 0x000fea0003800000 */
        /*0aa0*/                   IMAD.WIDE.U32 R4, R13.reuse, R11, c[0x0][0x178] ;  /* 0x00005e000d047625 */
                                                                                      /* 0x040fe200078e000b */
        /*0ab0*/                   LEA R0, R13, R0, 0xc ;                             /* 0x000000000d007211 */
                                                                                      /* 0x000fc600078e60ff */
        /*0ac0*/                   IMAD.MOV.U32 R9, RZ, RZ, R5 ;                      /* 0x000000ffff097224 */
                                                                                      /* 0x000fe200078e0005 */
        /*0ad0*/                   MOV R8, R4 ;                                       /* 0x0000000400087202 */
                                                                                      /* 0x000fc60000000f00 */
        /*0ae0*/                   IMAD.WIDE R4, R0, R11, c[0x0][0x168] ;             /* 0x00005a0000047625 */
                                                                                      /* 0x000fe200078e020b */
        /*0af0*/                   MOV R6, R8 ;                                       /* 0x0000000800067202 */
                                                                                      /* 0x000fe40000000f00 */
        /*0b00*/                   MOV R7, R9 ;                                       /* 0x0000000900077202 */
                                                                                      /* 0x000fc60000000f00 */
        /*0b10*/                   LDG.E.CONSTANT R4, [R4.64] ;                       /* 0x0000000604047981 */
                                                                                      /* 0x000ea8000c1e9900 */
        /*0b20*/                   LDG.E.CONSTANT R6, [R6.64] ;                       /* 0x0000000606067981 */
                                                                                      /* 0x000ea2000c1e9900 */
        /*0b30*/                   IADD3 R12, R12, -0x1, RZ ;                         /* 0xffffffff0c0c7810 */
                                                                                      /* 0x000fe40007ffe0ff */
        /*0b40*/                   IADD3 R8, P1, R8, 0x4, RZ ;                        /* 0x0000000408087810 */
                                                                                      /* 0x000fe40007f3e0ff */
        /*0b50*/                   ISETP.NE.U32.AND P0, PT, R12, RZ, PT ;             /* 0x000000ff0c00720c */
                                                                                      /* 0x000fe40003f05070 */
        /*0b60*/                   IADD3 R0, R0, 0x1000, RZ ;                         /* 0x0000100000007810 */
                                                                                      /* 0x000fc40007ffe0ff */
        /*0b70*/                   IADD3.X R9, RZ, R9, RZ, P1, !PT ;                  /* 0x00000009ff097210 */
                                                                                      /* 0x000fe20000ffe4ff */
        /*0b80*/                   FFMA R23, R4, R6, R23 ;                            /* 0x0000000604177223 */
                                                                                      /* 0x024fd00000000017 */
        /*0b90*/               @P0 BRA 0xae0 ;                                        /* 0xffffff4000000947 */
                                                                                      /* 0x000fea000383ffff */
        /*0ba0*/                   STG.E [R2.64], R23 ;                               /* 0x0000001702007986 */
                                                                                      /* 0x000fe2000c101906 */
        /*0bb0*/                   EXIT ;                                             /* 0x000000000000794d */
                                                                                      /* 0x000fea0003800000 */
        /*0bc0*/                   BRA 0xbc0;                                         /* 0xfffffff000007947 */
                                                                                      /* 0x000fc0000383ffff */
        /*0bd0*/                   NOP;                                               /* 0x0000000000007918 */
                                                                                      /* 0x000fc00000000000 */
        /*0be0*/                   NOP;                                               /* 0x0000000000007918 */
                                                                                      /* 0x000fc00000000000 */
        /*0bf0*/                   NOP;                                               /* 0x0000000000007918 */
                                                                                      /* 0x000fc00000000000 */
        /*0c00*/                   NOP;                                               /* 0x0000000000007918 */
                                                                                      /* 0x000fc00000000000 */
        /*0c10*/                   NOP;                                               /* 0x0000000000007918 */
                                                                                      /* 0x000fc00000000000 */
        /*0c20*/                   NOP;                                               /* 0x0000000000007918 */
                                                                                      /* 0x000fc00000000000 */
        /*0c30*/                   NOP;                                               /* 0x0000000000007918 */
                                                                                      /* 0x000fc00000000000 */
        /*0c40*/                   NOP;                                               /* 0x0000000000007918 */
                                                                                      /* 0x000fc00000000000 */
        /*0c50*/                   NOP;                                               /* 0x0000000000007918 */
                                                                                      /* 0x000fc00000000000 */
        /*0c60*/                   NOP;                                               /* 0x0000000000007918 */
                                                                                      /* 0x000fc00000000000 */
        /*0c70*/                   NOP;                                               /* 0x0000000000007918 */
                                                                                      /* 0x000fc00000000000 */
		..........


		Function : _Z11mvt_kernel2iPfS_S_
	.headerflags	@"EF_CUDA_TEXMODE_UNIFIED EF_CUDA_64BIT_ADDRESS EF_CUDA_SM86 EF_CUDA_VIRTUAL_SM(EF_CUDA_SM86)"
        /*0000*/                   MOV R1, c[0x0][0x28] ;                             /* 0x00000a0000017a02 */
                                                                                      /* 0x000fe40000000f00 */
        /*0010*/                   S2R R7, SR_CTAID.X ;                               /* 0x0000000000077919 */
                                                                                      /* 0x000e220000002500 */
        /*0020*/                   MOV R4, c[0x0][0x160] ;                            /* 0x0000580000047a02 */
                                                                                      /* 0x000fc60000000f00 */
        /*0030*/                   S2R R0, SR_TID.X ;                                 /* 0x0000000000007919 */
                                                                                      /* 0x000e220000002100 */
        /*0040*/                   ISETP.GE.AND P0, PT, R4, 0x1, PT ;                 /* 0x000000010400780c */
                                                                                      /* 0x000fe20003f06270 */
        /*0050*/                   IMAD R7, R7, c[0x0][0x0], R0 ;                     /* 0x0000000007077a24 */
                                                                                      /* 0x001fca00078e0200 */
        /*0060*/                   ISETP.GE.OR P0, PT, R7, c[0x0][0x160], !P0 ;       /* 0x0000580007007a0c */
                                                                                      /* 0x000fda0004706670 */
        /*0070*/               @P0 EXIT ;                                             /* 0x000000000000094d */
                                                                                      /* 0x000fea0003800000 */
        /*0080*/                   ISETP.GE.U32.AND P0, PT, R4, 0x4, PT ;             /* 0x000000040400780c */
                                                                                      /* 0x000fe20003f06070 */
        /*0090*/                   IMAD.MOV.U32 R0, RZ, RZ, 0x4 ;                     /* 0x00000004ff007424 */
                                                                                      /* 0x000fe200078e00ff */
        /*00a0*/                   ULDC.64 UR8, c[0x0][0x118] ;                       /* 0x0000460000087ab9 */
                                                                                      /* 0x000fc60000000a00 */
        /*00b0*/                   IMAD.WIDE R2, R7, R0, c[0x0][0x170] ;              /* 0x00005c0007027625 */
                                                                                      /* 0x000fe200078e0200 */
        /*00c0*/                   LOP3.LUT R6, R4, 0x3, RZ, 0xc0, !PT ;              /* 0x0000000304067812 */
                                                                                      /* 0x000fc800078ec0ff */
        /*00d0*/                   LDG.E R15, [R2.64] ;                               /* 0x00000008020f7981 */
                                                                                      /* 0x000162000c1e1900 */
        /*00e0*/                   MOV R8, RZ ;                                       /* 0x000000ff00087202 */
                                                                                      /* 0x000fe40000000f00 */
        /*00f0*/              @!P0 BRA 0xd10 ;                                        /* 0x00000c1000008947 */
                                                                                      /* 0x000fea0003800000 */
        /*0100*/                   LOP3.LUT R8, R4, 0x7ffffffc, RZ, 0xc0, !PT ;       /* 0x7ffffffc04087812 */
                                                                                      /* 0x000fe200078ec0ff */
        /*0110*/                   ULDC.64 UR6, c[0x0][0x178] ;                       /* 0x00005e0000067ab9 */
                                                                                      /* 0x000fe20000000a00 */
        /*0120*/                   PLOP3.LUT P0, PT, PT, PT, PT, 0x80, 0x0 ;          /* 0x000000000000781c */
                                                                                      /* 0x000fe20003f0f070 */
        /*0130*/                   UIADD3 UR6, UP0, UR6, 0x8, URZ ;                   /* 0x0000000806067890 */
                                                                                      /* 0x000fe2000ff1e03f */
        /*0140*/                   ISETP.GT.U32.AND P1, PT, R8, RZ, PT ;              /* 0x000000ff0800720c */
                                                                                      /* 0x000fe20003f24070 */
        /*0150*/                   UMOV UR4, URZ ;                                    /* 0x0000003f00047c82 */
                                                                                      /* 0x000fe20008000000 */
        /*0160*/                   MOV R9, R7 ;                                       /* 0x0000000700097202 */
                                                                                      /* 0x000fe20000000f00 */
        /*0170*/                   UIADD3.X UR7, URZ, UR7, URZ, UP0, !UPT ;           /* 0x000000073f077290 */
                                                                                      /* 0x000fc400087fe43f */
        /*0180*/                   IMAD.U32 R4, RZ, RZ, UR6 ;                         /* 0x00000006ff047e24 */
                                                                                      /* 0x000fc8000f8e00ff */
        /*0190*/                   MOV R5, UR7 ;                                      /* 0x0000000700057c02 */
                                                                                      /* 0x000fc80008000f00 */
        /*01a0*/               @P1 BRA 0x330 ;                                        /* 0x0000018000001947 */
                                                                                      /* 0x000fea0003800000 */
        /*01b0*/                   IMAD.WIDE R10, R9, R0, c[0x0][0x168] ;             /* 0x00005a00090a7625 */
                                                                                      /* 0x000fe200078e0200 */
        /*01c0*/                   LDG.E R13, [R4.64+-0x8] ;                          /* 0xfffff808040d7981 */
                                                                                      /* 0x000ea8000c1e1900 */
        /*01d0*/                   LDG.E R12, [R10.64] ;                              /* 0x000000080a0c7981 */
                                                                                      /* 0x000ea4000c1e1900 */
        /*01e0*/                   FFMA R13, R12, R13, R15 ;                          /* 0x0000000d0c0d7223 */
                                                                                      /* 0x024fca000000000f */
        /*01f0*/                   STG.E [R2.64], R13 ;                               /* 0x0000000d02007986 */
                                                                                      /* 0x0003e8000c101908 */
        /*0200*/                   LDG.E R12, [R10.64+0x4000] ;                       /* 0x004000080a0c7981 */
                                                                                      /* 0x000ea8000c1e1900 */
        /*0210*/                   LDG.E R14, [R4.64+-0x4] ;                          /* 0xfffffc08040e7981 */
                                                                                      /* 0x000ea4000c1e1900 */
        /*0220*/                   FFMA R17, R12, R14, R13 ;                          /* 0x0000000e0c117223 */
                                                                                      /* 0x004fca000000000d */
        /*0230*/                   STG.E [R2.64], R17 ;                               /* 0x0000001102007986 */
                                                                                      /* 0x0005e8000c101908 */
        /*0240*/                   LDG.E R12, [R10.64+0x8000] ;                       /* 0x008000080a0c7981 */
                                                                                      /* 0x000ee8000c1e1900 */
        /*0250*/                   LDG.E R14, [R4.64] ;                               /* 0x00000008040e7981 */
                                                                                      /* 0x000ee4000c1e1900 */
        /*0260*/                   FFMA R19, R12, R14, R17 ;                          /* 0x0000000e0c137223 */
                                                                                      /* 0x008fca0000000011 */
        /*0270*/                   STG.E [R2.64], R19 ;                               /* 0x0000001302007986 */
                                                                                      /* 0x0005e8000c101908 */
        /*0280*/                   LDG.E R12, [R10.64+0xc000] ;                       /* 0x00c000080a0c7981 */
                                                                                      /* 0x000ee8000c1e1900 */
        /*0290*/                   LDG.E R15, [R4.64+0x4] ;                           /* 0x00000408040f7981 */
                                                                                      /* 0x000ee2000c1e1900 */
        /*02a0*/                   PLOP3.LUT P0, PT, PT, PT, PT, 0x8, 0x0 ;           /* 0x000000000000781c */
                                                                                      /* 0x000fe20003f0e170 */
        /*02b0*/                   UMOV UR4, 0x4 ;                                    /* 0x0000000400047882 */
                                                                                      /* 0x000fe20000000000 */
        /*02c0*/                   IADD3 R9, R9, 0x4000, RZ ;                         /* 0x0000400009097810 */
                                                                                      /* 0x000fe20007ffe0ff */
        /*02d0*/                   FFMA R15, R12, R15, R19 ;                          /* 0x0000000f0c0f7223 */
                                                                                      /* 0x008fe20000000013 */
        /*02e0*/                   IADD3 R12, P1, R4, 0x10, RZ ;                      /* 0x00000010040c7810 */
                                                                                      /* 0x000fc80007f3e0ff */
        /*02f0*/                   STG.E [R2.64], R15 ;                               /* 0x0000000f02007986 */
                                                                                      /* 0x0005e2000c101908 */
        /*0300*/                   IADD3.X R13, RZ, R5, RZ, P1, !PT ;                 /* 0x00000005ff0d7210 */
                                                                                      /* 0x002fe20000ffe4ff */
        /*0310*/                   IMAD.MOV.U32 R4, RZ, RZ, R12 ;                     /* 0x000000ffff047224 */
                                                                                      /* 0x000fc600078e000c */
        /*0320*/                   MOV R5, R13 ;                                      /* 0x0000000d00057202 */
                                                                                      /* 0x000fe40000000f00 */
        /*0330*/                   IADD3 R10, R8, -UR4, RZ ;                          /* 0x80000004080a7c10 */
                                                                                      /* 0x000fc8000fffe0ff */
        /*0340*/                   ISETP.GT.AND P1, PT, R10, 0xc, PT ;                /* 0x0000000c0a00780c */
                                                                                      /* 0x000fda0003f24270 */
        /*0350*/              @!P1 BRA 0x870 ;                                        /* 0x0000051000009947 */
                                                                                      /* 0x000fea0003800000 */
        /*0360*/                   PLOP3.LUT P0, PT, PT, PT, PT, 0x8, 0x0 ;           /* 0x000000000000781c */
                                                                                      /* 0x000fe40003f0e170 */
        /*0370*/                   IADD3 R16, R8, -0xc, RZ ;                          /* 0xfffffff408107810 */
                                                                                      /* 0x000fe40007ffe0ff */
        /*0380*/                   IMAD.WIDE R10, R9, R0, c[0x0][0x168] ;             /* 0x00005a00090a7625 */
                                                                                      /* 0x000fe200078e0200 */
        /*0390*/                   LDG.E R13, [R4.64+-0x8] ;                          /* 0xfffff808040d7981 */
                                                                                      /* 0x000ee8000c1e1900 */
        /*03a0*/                   LDG.E R12, [R10.64] ;                              /* 0x000000080a0c7981 */
                                                                                      /* 0x000ee4000c1e1900 */
        /*03b0*/                   FFMA R13, R12, R13, R15 ;                          /* 0x0000000d0c0d7223 */
                                                                                      /* 0x028fca000000000f */
        /*03c0*/                   STG.E [R2.64], R13 ;                               /* 0x0000000d02007986 */
                                                                                      /* 0x0003e8000c101908 */
        /*03d0*/                   LDG.E R12, [R10.64+0x4000] ;                       /* 0x004000080a0c7981 */
                                                                                      /* 0x000ee8000c1e1900 */
        /*03e0*/                   LDG.E R14, [R4.64+-0x4] ;                          /* 0xfffffc08040e7981 */
                                                                                      /* 0x000ee4000c1e1900 */
        /*03f0*/                   FFMA R15, R12, R14, R13 ;                          /* 0x0000000e0c0f7223 */
                                                                                      /* 0x00cfca000000000d */
        /*0400*/                   STG.E [R2.64], R15 ;                               /* 0x0000000f02007986 */
                                                                                      /* 0x0005e8000c101908 */
        /*0410*/                   LDG.E R12, [R10.64+0x8000] ;                       /* 0x008000080a0c7981 */
                                                                                      /* 0x000ee8000c1e1900 */
        /*0420*/                   LDG.E R14, [R4.64] ;                               /* 0x00000008040e7981 */
                                                                                      /* 0x000ee4000c1e1900 */
        /*0430*/                   FFMA R17, R12, R14, R15 ;                          /* 0x0000000e0c117223 */
                                                                                      /* 0x008fca000000000f */
        /*0440*/                   STG.E [R2.64], R17 ;                               /* 0x0000001102007986 */
                                                                                      /* 0x0007e8000c101908 */
        /*0450*/                   LDG.E R12, [R10.64+0xc000] ;                       /* 0x00c000080a0c7981 */
                                                                                      /* 0x000f28000c1e1900 */
        /*0460*/                   LDG.E R14, [R4.64+0x4] ;                           /* 0x00000408040e7981 */
                                                                                      /* 0x000f22000c1e1900 */
        /*0470*/                   IADD3 R13, R9, 0x4000, RZ ;                        /* 0x00004000090d7810 */
                                                                                      /* 0x002fe20007ffe0ff */
        /*0480*/                   FFMA R19, R12, R14, R17 ;                          /* 0x0000000e0c137223 */
                                                                                      /* 0x010fc80000000011 */
        /*0490*/                   IMAD.WIDE R12, R13, R0, c[0x0][0x168] ;            /* 0x00005a000d0c7625 */
                                                                                      /* 0x000fe200078e0200 */
        /*04a0*/                   STG.E [R2.64], R19 ;                               /* 0x0000001302007986 */
                                                                                      /* 0x0003e8000c101908 */
        /*04b0*/                   LDG.E R15, [R4.64+0x8] ;                           /* 0x00000808040f7981 */
                                                                                      /* 0x004ea8000c1e1900 */
        /*04c0*/                   LDG.E R14, [R12.64] ;                              /* 0x000000080c0e7981 */
                                                                                      /* 0x000ea4000c1e1900 */
        /*04d0*/                   FFMA R15, R14, R15, R19 ;                          /* 0x0000000f0e0f7223 */
                                                                                      /* 0x004fca0000000013 */
        /*04e0*/                   STG.E [R2.64], R15 ;                               /* 0x0000000f02007986 */
                                                                                      /* 0x0005e8000c101908 */
        /*04f0*/                   LDG.E R14, [R12.64+0x4000] ;                       /* 0x004000080c0e7981 */
                                                                                      /* 0x000ee8000c1e1900 */
        /*0500*/                   LDG.E R10, [R4.64+0xc] ;                           /* 0x00000c08040a7981 */
                                                                                      /* 0x000ee4000c1e1900 */
        /*0510*/                   FFMA R17, R14, R10, R15 ;                          /* 0x0000000a0e117223 */
                                                                                      /* 0x008fca000000000f */
        /*0520*/                   STG.E [R2.64], R17 ;                               /* 0x0000001102007986 */
                                                                                      /* 0x0007e8000c101908 */
        /*0530*/                   LDG.E R10, [R12.64+0x8000] ;                       /* 0x008000080c0a7981 */
                                                                                      /* 0x000e68000c1e1900 */
        /*0540*/                   LDG.E R11, [R4.64+0x10] ;                          /* 0x00001008040b7981 */
                                                                                      /* 0x000e64000c1e1900 */
        /*0550*/                   FFMA R19, R10, R11, R17 ;                          /* 0x0000000b0a137223 */
                                                                                      /* 0x002fca0000000011 */
        /*0560*/                   STG.E [R2.64], R19 ;                               /* 0x0000001302007986 */
                                                                                      /* 0x0003e8000c101908 */
        /*0570*/                   LDG.E R10, [R12.64+0xc000] ;                       /* 0x00c000080c0a7981 */
                                                                                      /* 0x000ea8000c1e1900 */
        /*0580*/                   LDG.E R11, [R4.64+0x14] ;                          /* 0x00001408040b7981 */
                                                                                      /* 0x000ea2000c1e1900 */
        /*0590*/                   IADD3 R21, R9, 0x8000, RZ ;                        /* 0x0000800009157810 */
                                                                                      /* 0x000fe20007ffe0ff */
        /*05a0*/                   FFMA R15, R10, R11, R19 ;                          /* 0x0000000b0a0f7223 */
                                                                                      /* 0x004fc80000000013 */
        /*05b0*/                   IMAD.WIDE R10, R21, R0, c[0x0][0x168] ;            /* 0x00005a00150a7625 */
                                                                                      /* 0x000fe200078e0200 */
        /*05c0*/                   STG.E [R2.64], R15 ;                               /* 0x0000000f02007986 */
                                                                                      /* 0x0005e8000c101908 */
        /*05d0*/                   LDG.E R17, [R4.64+0x18] ;                          /* 0x0000180804117981 */
                                                                                      /* 0x008ee8000c1e1900 */
        /*05e0*/                   LDG.E R14, [R10.64] ;                              /* 0x000000080a0e7981 */
                                                                                      /* 0x000ee4000c1e1900 */
        /*05f0*/                   FFMA R17, R14, R17, R15 ;                          /* 0x000000110e117223 */
                                                                                      /* 0x008fca000000000f */
        /*0600*/                   STG.E [R2.64], R17 ;                               /* 0x0000001102007986 */
                                                                                      /* 0x0007e8000c101908 */
        /*0610*/                   LDG.E R14, [R10.64+0x4000] ;                       /* 0x004000080a0e7981 */
                                                                                      /* 0x000e68000c1e1900 */
        /*0620*/                   LDG.E R12, [R4.64+0x1c] ;                          /* 0x00001c08040c7981 */
                                                                                      /* 0x000e64000c1e1900 */
        /*0630*/                   FFMA R19, R14, R12, R17 ;                          /* 0x0000000c0e137223 */
                                                                                      /* 0x002fca0000000011 */
        /*0640*/                   STG.E [R2.64], R19 ;                               /* 0x0000001302007986 */
                                                                                      /* 0x0003e8000c101908 */
        /*0650*/                   LDG.E R12, [R10.64+0x8000] ;                       /* 0x008000080a0c7981 */
                                                                                      /* 0x000ea8000c1e1900 */
        /*0660*/                   LDG.E R13, [R4.64+0x20] ;                          /* 0x00002008040d7981 */
                                                                                      /* 0x000ea4000c1e1900 */
        /*0670*/                   FFMA R15, R12, R13, R19 ;                          /* 0x0000000d0c0f7223 */
                                                                                      /* 0x004fca0000000013 */
        /*0680*/                   STG.E [R2.64], R15 ;                               /* 0x0000000f02007986 */
                                                                                      /* 0x000fe8000c101908 */
        /*0690*/                   LDG.E R12, [R10.64+0xc000] ;                       /* 0x00c000080a0c7981 */
                                                                                      /* 0x000ee8000c1e1900 */
        /*06a0*/                   LDG.E R13, [R4.64+0x24] ;                          /* 0x00002408040d7981 */
                                                                                      /* 0x000ee2000c1e1900 */
        /*06b0*/                   IADD3 R21, R9, 0xc000, RZ ;                        /* 0x0000c00009157810 */
                                                                                      /* 0x000fe20007ffe0ff */
        /*06c0*/                   FFMA R17, R12, R13, R15 ;                          /* 0x0000000d0c117223 */
                                                                                      /* 0x008fc8000000000f */
        /*06d0*/                   IMAD.WIDE R12, R21, R0, c[0x0][0x168] ;            /* 0x00005a00150c7625 */
                                                                                      /* 0x000fe200078e0200 */
        /*06e0*/                   STG.E [R2.64], R17 ;                               /* 0x0000001102007986 */
                                                                                      /* 0x0005e8000c101908 */
        /*06f0*/                   LDG.E R18, [R4.64+0x28] ;                          /* 0x0000280804127981 */
                                                                                      /* 0x000e68000c1e1900 */
        /*0700*/                   LDG.E R14, [R12.64] ;                              /* 0x000000080c0e7981 */
                                                                                      /* 0x000e64000c1e1900 */
        /*0710*/                   FFMA R19, R14, R18, R17 ;                          /* 0x000000120e137223 */
                                                                                      /* 0x002fca0000000011 */
        /*0720*/                   STG.E [R2.64], R19 ;                               /* 0x0000001302007986 */
                                                                                      /* 0x000fe8000c101908 */
        /*0730*/                   LDG.E R14, [R12.64+0x4000] ;                       /* 0x004000080c0e7981 */
                                                                                      /* 0x000ee8000c1e1900 */
        /*0740*/                   LDG.E R10, [R4.64+0x2c] ;                          /* 0x00002c08040a7981 */
                                                                                      /* 0x000ee4000c1e1900 */
        /*0750*/                   FFMA R11, R14, R10, R19 ;                          /* 0x0000000a0e0b7223 */
                                                                                      /* 0x008fca0000000013 */
        /*0760*/                   STG.E [R2.64], R11 ;                               /* 0x0000000b02007986 */
                                                                                      /* 0x0003e8000c101908 */
        /*0770*/                   LDG.E R10, [R12.64+0x8000] ;                       /* 0x008000080c0a7981 */
                                                                                      /* 0x000ea8000c1e1900 */
        /*0780*/                   LDG.E R14, [R4.64+0x30] ;                          /* 0x00003008040e7981 */
                                                                                      /* 0x000ea2000c1e1900 */
        /*0790*/                   UIADD3 UR4, UR4, 0x10, URZ ;                       /* 0x0000001004047890 */
                                                                                      /* 0x000fe2000fffe03f */
        /*07a0*/                   FFMA R17, R10, R14, R11 ;                          /* 0x0000000e0a117223 */
                                                                                      /* 0x004fca000000000b */
        /*07b0*/                   STG.E [R2.64], R17 ;                               /* 0x0000001102007986 */
                                                                                      /* 0x0005e8000c101908 */
        /*07c0*/                   LDG.E R10, [R12.64+0xc000] ;                       /* 0x00c000080c0a7981 */
                                                                                      /* 0x000ee8000c1e1900 */
        /*07d0*/                   LDG.E R15, [R4.64+0x34] ;                          /* 0x00003408040f7981 */
                                                                                      /* 0x000ee2000c1e1900 */
        /*07e0*/                   ISETP.LE.AND P1, PT, R16, UR4, PT ;                /* 0x0000000410007c0c */
                                                                                      /* 0x000fe4000bf23270 */
        /*07f0*/                   IADD3 R9, R9, 0x10000, RZ ;                        /* 0x0001000009097810 */
                                                                                      /* 0x000fe20007ffe0ff */
        /*0800*/                   FFMA R15, R10, R15, R17 ;                          /* 0x0000000f0a0f7223 */
                                                                                      /* 0x008fe20000000011 */
        /*0810*/                   IADD3 R10, P2, R4, 0x40, RZ ;                      /* 0x00000040040a7810 */
                                                                                      /* 0x000fc80007f5e0ff */
        /*0820*/                   IADD3.X R11, RZ, R5, RZ, P2, !PT ;                 /* 0x00000005ff0b7210 */
                                                                                      /* 0x002fe200017fe4ff */
        /*0830*/                   STG.E [R2.64], R15 ;                               /* 0x0000000f02007986 */
                                                                                      /* 0x0005e2000c101908 */
        /*0840*/                   IMAD.MOV.U32 R4, RZ, RZ, R10 ;                     /* 0x000000ffff047224 */
                                                                                      /* 0x000fe400078e000a */
        /*0850*/                   MOV R5, R11 ;                                      /* 0x0000000b00057202 */
                                                                                      /* 0x000fe20000000f00 */
        /*0860*/              @!P1 BRA 0x380 ;                                        /* 0xfffffb1000009947 */
                                                                                      /* 0x000fea000383ffff */
        /*0870*/                   IADD3 R10, R8, -UR4, RZ ;                          /* 0x80000004080a7c10 */
                                                                                      /* 0x000fc8000fffe0ff */
        /*0880*/                   ISETP.GT.AND P1, PT, R10, 0x4, PT ;                /* 0x000000040a00780c */
                                                                                      /* 0x000fda0003f24270 */
        /*0890*/              @!P1 BRA 0xb40 ;                                        /* 0x000002a000009947 */
                                                                                      /* 0x000fea0003800000 */
        /*08a0*/                   IMAD.WIDE R12, R9, R0, c[0x0][0x168] ;             /* 0x00005a00090c7625 */
                                                                                      /* 0x000fe200078e0200 */
        /*08b0*/                   LDG.E R11, [R4.64+-0x8] ;                          /* 0xfffff808040b7981 */
                                                                                      /* 0x000ee8000c1e1900 */
        /*08c0*/                   LDG.E R10, [R12.64] ;                              /* 0x000000080c0a7981 */
                                                                                      /* 0x000ee4000c1e1900 */
        /*08d0*/                   FFMA R11, R10, R11, R15 ;                          /* 0x0000000b0a0b7223 */
                                                                                      /* 0x028fca000000000f */
        /*08e0*/                   STG.E [R2.64], R11 ;                               /* 0x0000000b02007986 */
                                                                                      /* 0x0003e8000c101908 */
        /*08f0*/                   LDG.E R10, [R12.64+0x4000] ;                       /* 0x004000080c0a7981 */
                                                                                      /* 0x000ee8000c1e1900 */
        /*0900*/                   LDG.E R14, [R4.64+-0x4] ;                          /* 0xfffffc08040e7981 */
                                                                                      /* 0x000ee4000c1e1900 */
        /*0910*/                   FFMA R15, R10, R14, R11 ;                          /* 0x0000000e0a0f7223 */
                                                                                      /* 0x00cfca000000000b */
        /*0920*/                   STG.E [R2.64], R15 ;                               /* 0x0000000f02007986 */
                                                                                      /* 0x0005e8000c101908 */
        /*0930*/                   LDG.E R10, [R12.64+0x8000] ;                       /* 0x008000080c0a7981 */
                                                                                      /* 0x000ee8000c1e1900 */
        /*0940*/                   LDG.E R14, [R4.64] ;                               /* 0x00000008040e7981 */
                                                                                      /* 0x000ee4000c1e1900 */
        /*0950*/                   FFMA R17, R10, R14, R15 ;                          /* 0x0000000e0a117223 */
                                                                                      /* 0x008fca000000000f */
        /*0960*/                   STG.E [R2.64], R17 ;                               /* 0x0000001102007986 */
                                                                                      /* 0x0007e8000c101908 */
        /*0970*/                   LDG.E R10, [R12.64+0xc000] ;                       /* 0x00c000080c0a7981 */
                                                                                      /* 0x000f28000c1e1900 */
        /*0980*/                   LDG.E R14, [R4.64+0x4] ;                           /* 0x00000408040e7981 */
                                                                                      /* 0x000f22000c1e1900 */
        /*0990*/                   IADD3 R11, R9, 0x4000, RZ ;                        /* 0x00004000090b7810 */
                                                                                      /* 0x002fe20007ffe0ff */
        /*09a0*/                   FFMA R19, R10, R14, R17 ;                          /* 0x0000000e0a137223 */
                                                                                      /* 0x010fc80000000011 */
        /*09b0*/                   IMAD.WIDE R10, R11, R0, c[0x0][0x168] ;            /* 0x00005a000b0a7625 */
                                                                                      /* 0x000fe200078e0200 */
        /*09c0*/                   STG.E [R2.64], R19 ;                               /* 0x0000001302007986 */
                                                                                      /* 0x000fe8000c101908 */
        /*09d0*/                   LDG.E R15, [R4.64+0x8] ;                           /* 0x00000808040f7981 */
                                                                                      /* 0x004ea8000c1e1900 */
        /*09e0*/                   LDG.E R14, [R10.64] ;                              /* 0x000000080a0e7981 */
                                                                                      /* 0x000ea4000c1e1900 */
        /*09f0*/                   FFMA R15, R14, R15, R19 ;                          /* 0x0000000f0e0f7223 */
                                                                                      /* 0x004fca0000000013 */
        /*0a00*/                   STG.E [R2.64], R15 ;                               /* 0x0000000f02007986 */
                                                                                      /* 0x0003e8000c101908 */
        /*0a10*/                   LDG.E R14, [R10.64+0x4000] ;                       /* 0x004000080a0e7981 */
                                                                                      /* 0x000ea8000c1e1900 */
        /*0a20*/                   LDG.E R12, [R4.64+0xc] ;                           /* 0x00000c08040c7981 */
                                                                                      /* 0x000ea4000c1e1900 */
        /*0a30*/                   FFMA R13, R14, R12, R15 ;                          /* 0x0000000c0e0d7223 */
                                                                                      /* 0x004fca000000000f */
        /*0a40*/                   STG.E [R2.64], R13 ;                               /* 0x0000000d02007986 */
                                                                                      /* 0x0005e8000c101908 */
        /*0a50*/                   LDG.E R12, [R10.64+0x8000] ;                       /* 0x008000080a0c7981 */
                                                                                      /* 0x000ee8000c1e1900 */
        /*0a60*/                   LDG.E R14, [R4.64+0x10] ;                          /* 0x00001008040e7981 */
                                                                                      /* 0x000ee4000c1e1900 */
        /*0a70*/                   FFMA R17, R12, R14, R13 ;                          /* 0x0000000e0c117223 */
                                                                                      /* 0x008fca000000000d */
        /*0a80*/                   STG.E [R2.64], R17 ;                               /* 0x0000001102007986 */
                                                                                      /* 0x0007e8000c101908 */
        /*0a90*/                   LDG.E R12, [R10.64+0xc000] ;                       /* 0x00c000080a0c7981 */
                                                                                      /* 0x000e68000c1e1900 */
        /*0aa0*/                   LDG.E R14, [R4.64+0x14] ;                          /* 0x00001408040e7981 */
                                                                                      /* 0x000e62000c1e1900 */
        /*0ab0*/                   PLOP3.LUT P0, PT, PT, PT, PT, 0x8, 0x0 ;           /* 0x000000000000781c */
                                                                                      /* 0x000fe20003f0e170 */
        /*0ac0*/                   UIADD3 UR4, UR4, 0x8, URZ ;                        /* 0x0000000804047890 */
                                                                                      /* 0x000fe2000fffe03f */
        /*0ad0*/                   IADD3 R9, R9, 0x8000, RZ ;                         /* 0x0000800009097810 */
                                                                                      /* 0x000fe20007ffe0ff */
        /*0ae0*/                   FFMA R15, R12, R14, R17 ;                          /* 0x0000000e0c0f7223 */
                                                                                      /* 0x002fe20000000011 */
        /*0af0*/                   IADD3 R12, P1, R4, 0x20, RZ ;                      /* 0x00000020040c7810 */
                                                                                      /* 0x000fc80007f3e0ff */
        /*0b00*/                   STG.E [R2.64], R15 ;                               /* 0x0000000f02007986 */
                                                                                      /* 0x0007e2000c101908 */
        /*0b10*/                   IADD3.X R13, RZ, R5, RZ, P1, !PT ;                 /* 0x00000005ff0d7210 */
                                                                                      /* 0x004fe20000ffe4ff */
        /*0b20*/                   IMAD.MOV.U32 R4, RZ, RZ, R12 ;                     /* 0x000000ffff047224 */
                                                                                      /* 0x000fc600078e000c */
        /*0b30*/                   MOV R5, R13 ;                                      /* 0x0000000d00057202 */
                                                                                      /* 0x000fe40000000f00 */
        /*0b40*/                   ISETP.NE.U32.OR P0, PT, R8, UR4, P0 ;              /* 0x0000000408007c0c */
                                                                                      /* 0x000fe40008705470 */
        /*0b50*/                   ISETP.NE.U32.AND P1, PT, R6, RZ, PT ;              /* 0x000000ff0600720c */
                                                                                      /* 0x000fd60003f25070 */
        /*0b60*/              @!P0 BRA 0xd00 ;                                        /* 0x0000019000008947 */
                                                                                      /* 0x000fea0003800000 */
        /*0b70*/                   IMAD.WIDE R10, R9, R0, c[0x0][0x168] ;             /* 0x00005a00090a7625 */
                                                                                      /* 0x000fe200078e0200 */
        /*0b80*/                   LDG.E R13, [R4.64+-0x8] ;                          /* 0xfffff808040d7981 */
                                                                                      /* 0x000f28000c1e1900 */
        /*0b90*/                   LDG.E R12, [R10.64] ;                              /* 0x000000080a0c7981 */
                                                                                      /* 0x000f24000c1e1900 */
        /*0ba0*/                   FFMA R13, R12, R13, R15 ;                          /* 0x0000000d0c0d7223 */
                                                                                      /* 0x030fca000000000f */
        /*0bb0*/                   STG.E [R2.64], R13 ;                               /* 0x0000000d02007986 */
                                                                                      /* 0x0003e8000c101908 */
        /*0bc0*/                   LDG.E R12, [R10.64+0x4000] ;                       /* 0x004000080a0c7981 */
                                                                                      /* 0x000f28000c1e1900 */
        /*0bd0*/                   LDG.E R14, [R4.64+-0x4] ;                          /* 0xfffffc08040e7981 */
                                                                                      /* 0x000f24000c1e1900 */
        /*0be0*/                   FFMA R17, R12, R14, R13 ;                          /* 0x0000000e0c117223 */
                                                                                      /* 0x01cfca000000000d */
        /*0bf0*/                   STG.E [R2.64], R17 ;                               /* 0x0000001102007986 */
                                                                                      /* 0x0005e8000c101908 */
        /*0c00*/                   LDG.E R12, [R10.64+0x8000] ;                       /* 0x008000080a0c7981 */
                                                                                      /* 0x000ee8000c1e1900 */
        /*0c10*/                   LDG.E R14, [R4.64] ;                               /* 0x00000008040e7981 */
                                                                                      /* 0x000ee2000c1e1900 */
        /*0c20*/                   UIADD3 UR4, UR4, 0x4, URZ ;                        /* 0x0000000404047890 */
                                                                                      /* 0x000fe2000fffe03f */
        /*0c30*/                   FFMA R19, R12, R14, R17 ;                          /* 0x0000000e0c137223 */
                                                                                      /* 0x008fca0000000011 */
        /*0c40*/                   STG.E [R2.64], R19 ;                               /* 0x0000001302007986 */
                                                                                      /* 0x0005e8000c101908 */
        /*0c50*/                   LDG.E R12, [R10.64+0xc000] ;                       /* 0x00c000080a0c7981 */
                                                                                      /* 0x000ee8000c1e1900 */
        /*0c60*/                   LDG.E R15, [R4.64+0x4] ;                           /* 0x00000408040f7981 */
                                                                                      /* 0x000ee2000c1e1900 */
        /*0c70*/                   ISETP.NE.U32.AND P0, PT, R8, UR4, PT ;             /* 0x0000000408007c0c */
                                                                                      /* 0x000fe4000bf05070 */
        /*0c80*/                   IADD3 R9, R9, 0x4000, RZ ;                         /* 0x0000400009097810 */
                                                                                      /* 0x000fe20007ffe0ff */
        /*0c90*/                   FFMA R15, R12, R15, R19 ;                          /* 0x0000000f0c0f7223 */
                                                                                      /* 0x008fe20000000013 */
        /*0ca0*/                   IADD3 R12, P2, R4, 0x10, RZ ;                      /* 0x00000010040c7810 */
                                                                                      /* 0x000fc80007f5e0ff */
        /*0cb0*/                   IADD3.X R13, RZ, R5, RZ, P2, !PT ;                 /* 0x00000005ff0d7210 */
                                                                                      /* 0x002fe200017fe4ff */
        /*0cc0*/                   STG.E [R2.64], R15 ;                               /* 0x0000000f02007986 */
                                                                                      /* 0x0005e2000c101908 */
        /*0cd0*/                   IMAD.MOV.U32 R4, RZ, RZ, R12 ;                     /* 0x000000ffff047224 */
                                                                                      /* 0x000fe400078e000c */
        /*0ce0*/                   MOV R5, R13 ;                                      /* 0x0000000d00057202 */
                                                                                      /* 0x000fe20000000f00 */
        /*0cf0*/               @P0 BRA 0xb70 ;                                        /* 0xfffffe7000000947 */
                                                                                      /* 0x000fea000383ffff */
        /*0d00*/              @!P1 EXIT ;                                             /* 0x000000000000994d */
                                                                                      /* 0x000fea0003800000 */
        /*0d10*/                   IMAD.WIDE.U32 R4, R8.reuse, R0, c[0x0][0x178] ;    /* 0x00005e0008047625 */
                                                                                      /* 0x040fe200078e0000 */
        /*0d20*/                   LEA R7, R8, R7, 0xc ;                              /* 0x0000000708077211 */
                                                                                      /* 0x000fc600078e60ff */
        /*0d30*/                   IMAD.MOV.U32 R11, RZ, RZ, R5 ;                     /* 0x000000ffff0b7224 */
                                                                                      /* 0x000fe200078e0005 */
        /*0d40*/                   MOV R10, R4 ;                                      /* 0x00000004000a7202 */
                                                                                      /* 0x000fc60000000f00 */
        /*0d50*/                   IMAD.WIDE R4, R7, R0, c[0x0][0x168] ;              /* 0x00005a0007047625 */
                                                                                      /* 0x000fe200078e0200 */
        /*0d60*/                   MOV R8, R10 ;                                      /* 0x0000000a00087202 */
                                                                                      /* 0x000fe40000000f00 */
        /*0d70*/                   MOV R9, R11 ;                                      /* 0x0000000b00097202 */
                                                                                      /* 0x000fc60000000f00 */
        /*0d80*/                   LDG.E R4, [R4.64] ;                                /* 0x0000000804047981 */
                                                                                      /* 0x000f28000c1e1900 */
        /*0d90*/                   LDG.E R8, [R8.64] ;                                /* 0x0000000808087981 */
                                                                                      /* 0x000f22000c1e1900 */
        /*0da0*/                   IADD3 R6, R6, -0x1, RZ ;                           /* 0xffffffff06067810 */
                                                                                      /* 0x000fe40007ffe0ff */
        /*0db0*/                   IADD3 R10, P1, R10, 0x4, RZ ;                      /* 0x000000040a0a7810 */
                                                                                      /* 0x000fe40007f3e0ff */
        /*0dc0*/                   ISETP.NE.U32.AND P0, PT, R6, RZ, PT ;              /* 0x000000ff0600720c */
                                                                                      /* 0x000fe40003f05070 */
        /*0dd0*/                   IADD3 R7, R7, 0x1000, RZ ;                         /* 0x0000100007077810 */
                                                                                      /* 0x000fc40007ffe0ff */
        /*0de0*/                   IADD3.X R11, RZ, R11, RZ, P1, !PT ;                /* 0x0000000bff0b7210 */
                                                                                      /* 0x000fe20000ffe4ff */
        /*0df0*/                   FFMA R15, R4, R8, R15 ;                            /* 0x00000008040f7223 */
                                                                                      /* 0x03efca000000000f */
        /*0e00*/                   STG.E [R2.64], R15 ;                               /* 0x0000000f02007986 */
                                                                                      /* 0x0003e6000c101908 */
        /*0e10*/               @P0 BRA 0xd50 ;                                        /* 0xffffff3000000947 */
                                                                                      /* 0x000fea000383ffff */
        /*0e20*/                   EXIT ;                                             /* 0x000000000000794d */
                                                                                      /* 0x000fea0003800000 */
        /*0e30*/                   BRA 0xe30;                                         /* 0xfffffff000007947 */
                                                                                      /* 0x000fc0000383ffff */
        /*0e40*/                   NOP;                                               /* 0x0000000000007918 */
                                                                                      /* 0x000fc00000000000 */
        /*0e50*/                   NOP;                                               /* 0x0000000000007918 */
                                                                                      /* 0x000fc00000000000 */
        /*0e60*/                   NOP;                                               /* 0x0000000000007918 */
                                                                                      /* 0x000fc00000000000 */
        /*0e70*/                   NOP;                                               /* 0x0000000000007918 */
                                                                                      /* 0x000fc00000000000 */
        /*0e80*/                   NOP;                                               /* 0x0000000000007918 */
                                                                                      /* 0x000fc00000000000 */
        /*0e90*/                   NOP;                                               /* 0x0000000000007918 */
                                                                                      /* 0x000fc00000000000 */
        /*0ea0*/                   NOP;                                               /* 0x0000000000007918 */
                                                                                      /* 0x000fc00000000000 */
        /*0eb0*/                   NOP;                                               /* 0x0000000000007918 */
                                                                                      /* 0x000fc00000000000 */
        /*0ec0*/                   NOP;                                               /* 0x0000000000007918 */
                                                                                      /* 0x000fc00000000000 */
        /*0ed0*/                   NOP;                                               /* 0x0000000000007918 */
                                                                                      /* 0x000fc00000000000 */
        /*0ee0*/                   NOP;                                               /* 0x0000000000007918 */
                                                                                      /* 0x000fc00000000000 */
        /*0ef0*/                   NOP;                                               /* 0x0000000000007918 */
                                                                                      /* 0x000fc00000000000 */
		..........


		Function : _Z11mvt_kernel1iPfS_S___noalias
	.headerflags	@"EF_CUDA_TEXMODE_UNIFIED EF_CUDA_64BIT_ADDRESS EF_CUDA_SM86 EF_CUDA_VIRTUAL_SM(EF_CUDA_SM86)"
        /*0000*/                   MOV R1, c[0x0][0x28] ;                             /* 0x00000a0000017a02 */
                                                                                      /* 0x000fe40000000f00 */
        /*0010*/                   S2R R9, SR_CTAID.X ;                               /* 0x0000000000097919 */
                                                                                      /* 0x000e220000002500 */
        /*0020*/                   IMAD.MOV.U32 R4, RZ, RZ, c[0x0][0x160] ;           /* 0x00005800ff047624 */
                                                                                      /* 0x000fc600078e00ff */
        /*0030*/                   S2R R0, SR_TID.X ;                                 /* 0x0000000000007919 */
                                                                                      /* 0x000e240000002100 */
        /*0040*/                   ISETP.GE.AND P0, PT, R4, 0x1, PT ;                 /* 0x000000010400780c */
                                                                                      /* 0x000fe20003f06270 */
        /*0050*/                   IMAD R9, R9, c[0x0][0x0], R0 ;                     /* 0x0000000009097a24 */
                                                                                      /* 0x001fca00078e0200 */
        /*0060*/                   ISETP.GE.OR P0, PT, R9, c[0x0][0x160], !P0 ;       /* 0x0000580009007a0c */
                                                                                      /* 0x000fda0004706670 */
        /*0070*/               @P0 EXIT ;                                             /* 0x000000000000094d */
                                                                                      /* 0x000fea0003800000 */
        /*0080*/                   ISETP.GE.U32.AND P0, PT, R4, 0x4, PT ;             /* 0x000000040400780c */
                                                                                      /* 0x000fe20003f06070 */
        /*0090*/                   ULDC.64 UR6, c[0x0][0x118] ;                       /* 0x0000460000067ab9 */
                                                                                      /* 0x000fe20000000a00 */
        /*00a0*/                   MOV R8, 0x4 ;                                      /* 0x0000000400087802 */
                                                                                      /* 0x000fca0000000f00 */
        /*00b0*/                   IMAD.WIDE R2, R9, R8, c[0x0][0x170] ;              /* 0x00005c0009027625 */
                                                                                      /* 0x000fe200078e0208 */
        /*00c0*/                   LOP3.LUT R10, R4, 0x3, RZ, 0xc0, !PT ;             /* 0x00000003040a7812 */
                                                                                      /* 0x000fc800078ec0ff */
        /*00d0*/                   LDG.E R21, [R2.64] ;                               /* 0x0000000602157981 */
                                                                                      /* 0x000162000c1e1900 */
        /*00e0*/                   IMAD.SHL.U32 R9, R9, 0x1000, RZ ;                  /* 0x0000100009097824 */
                                                                                      /* 0x000fe200078e00ff */
        /*00f0*/                   MOV R11, RZ ;                                      /* 0x000000ff000b7202 */
                                                                                      /* 0x000fe20000000f00 */
        /*0100*/              @!P0 BRA 0xa90 ;                                        /* 0x0000098000008947 */
                                                                                      /* 0x000fea0003800000 */
        /*0110*/                   LOP3.LUT R11, R4, 0x7ffffffc, RZ, 0xc0, !PT ;      /* 0x7ffffffc040b7812 */
                                                                                      /* 0x000fe200078ec0ff */
        /*0120*/                   ULDC.64 UR4, c[0x0][0x178] ;                       /* 0x00005e0000047ab9 */
                                                                                      /* 0x000fe20000000a00 */
        /*0130*/                   IMAD.WIDE R4, R9, R8, c[0x0][0x168] ;              /* 0x00005a0009047625 */
                                                                                      /* 0x000fe200078e0208 */
        /*0140*/                   UIADD3 UR4, UP0, UR4, 0x8, URZ ;                   /* 0x0000000804047890 */
                                                                                      /* 0x000fe2000ff1e03f */
        /*0150*/                   ISETP.GT.U32.AND P0, PT, R11, RZ, PT ;             /* 0x000000ff0b00720c */
                                                                                      /* 0x000fc60003f04070 */
        /*0160*/                   UIADD3.X UR5, URZ, UR5, URZ, UP0, !UPT ;           /* 0x000000053f057290 */
                                                                                      /* 0x000fe200087fe43f */
        /*0170*/                   IADD3 R6, P1, R4, 0x8, RZ ;                        /* 0x0000000804067810 */
                                                                                      /* 0x000fe40007f3e0ff */
        /*0180*/                   MOV R4, UR4 ;                                      /* 0x0000000400047c02 */
                                                                                      /* 0x000fc60008000f00 */
        /*0190*/                   IMAD.X R7, RZ, RZ, R5, P1 ;                        /* 0x000000ffff077224 */
                                                                                      /* 0x000fe400008e0605 */
        /*01a0*/                   IMAD.U32 R5, RZ, RZ, UR5 ;                         /* 0x00000005ff057e24 */
                                                                                      /* 0x000fc6000f8e00ff */
        /*01b0*/              @!P0 LDG.E.CONSTANT R14, [R6.64+-0x8] ;                 /* 0xfffff806060e8981 */
                                                                                      /* 0x0002a8000c1e9900 */
        /*01c0*/              @!P0 LDG.E.CONSTANT R13, [R4.64+-0x8] ;                 /* 0xfffff806040d8981 */
                                                                                      /* 0x000ea8000c1e9900 */
        /*01d0*/              @!P0 LDG.E.CONSTANT R16, [R6.64+-0x4] ;                 /* 0xfffffc0606108981 */
                                                                                      /* 0x0002e8000c1e9900 */
        /*01e0*/              @!P0 LDG.E.CONSTANT R15, [R4.64+-0x4] ;                 /* 0xfffffc06040f8981 */
                                                                                      /* 0x0008e8000c1e9900 */
        /*01f0*/              @!P0 LDG.E.CONSTANT R18, [R6.64] ;                      /* 0x0000000606128981 */
                                                                                      /* 0x0002e8000c1e9900 */
        /*0200*/              @!P0 LDG.E.CONSTANT R17, [R4.64] ;                      /* 0x0000000604118981 */
                                                                                      /* 0x0008e8000c1e9900 */
        /*0210*/              @!P0 LDG.E.CONSTANT R20, [R6.64+0x4] ;                  /* 0x0000040606148981 */
                                                                                      /* 0x0002e8000c1e9900 */
        /*0220*/              @!P0 LDG.E.CONSTANT R19, [R4.64+0x4] ;                  /* 0x0000040604138981 */
                                                                                      /* 0x0008e2000c1e9900 */
        /*0230*/                   MOV R0, RZ ;                                       /* 0x000000ff00007202 */
                                                                                      /* 0x000fe20000000f00 */
        /*0240*/              @!P0 IMAD.MOV.U32 R0, RZ, RZ, 0x4 ;                     /* 0x00000004ff008424 */
                                                                                      /* 0x000fe200078e00ff */
        /*0250*/              @!P0 IADD3 R22, P2, R6, 0x10, RZ ;                      /* 0x0000001006168810 */
                                                                                      /* 0x000fc80007f5e0ff */
        /*0260*/                   IADD3 R12, R11, -R0, RZ ;                          /* 0x800000000b0c7210 */
                                                                                      /* 0x000fe20007ffe0ff */
        /*0270*/              @!P0 IMAD.X R23, RZ, RZ, R7, P2 ;                       /* 0x000000ffff178224 */
                                                                                      /* 0x000fe400010e0607 */
        /*0280*/              @!P0 IMAD.MOV.U32 R6, RZ, RZ, R22 ;                     /* 0x000000ffff068224 */
                                                                                      /* 0x002fe200078e0016 */
        /*0290*/                   ISETP.GT.AND P1, PT, R12, 0xc, PT ;                /* 0x0000000c0c00780c */
                                                                                      /* 0x000fe40003f24270 */
        /*02a0*/              @!P0 MOV R7, R23 ;                                      /* 0x0000001700078202 */
                                                                                      /* 0x000fe20000000f00 */
        /*02b0*/              @!P0 FFMA R13, R14, R13, R21 ;                          /* 0x0000000d0e0d8223 */
                                                                                      /* 0x024fe20000000015 */
        /*02c0*/              @!P0 IADD3 R14, P3, R4, 0x10, RZ ;                      /* 0x00000010040e8810 */
                                                                                      /* 0x000fca0007f7e0ff */
        /*02d0*/              @!P0 IMAD.MOV.U32 R4, RZ, RZ, R14 ;                     /* 0x000000ffff048224 */
                                                                                      /* 0x010fe200078e000e */
        /*02e0*/              @!P0 FFMA R13, R16, R15, R13 ;                          /* 0x0000000f100d8223 */
                                                                                      /* 0x008fe2000000000d */
        /*02f0*/              @!P0 IADD3.X R15, RZ, R5, RZ, P3, !PT ;                 /* 0x00000005ff0f8210 */
                                                                                      /* 0x000fc80001ffe4ff */
        /*0300*/              @!P0 MOV R5, R15 ;                                      /* 0x0000000f00058202 */
                                                                                      /* 0x000fe20000000f00 */
        /*0310*/              @!P0 FFMA R13, R18, R17, R13 ;                          /* 0x00000011120d8223 */
                                                                                      /* 0x000fc8000000000d */
        /*0320*/              @!P0 FFMA R21, R20, R19, R13 ;                          /* 0x0000001314158223 */
                                                                                      /* 0x000fe2000000000d */
        /*0330*/              @!P1 BRA 0x6d0 ;                                        /* 0x0000039000009947 */
                                                                                      /* 0x000fea0003800000 */
        /*0340*/                   PLOP3.LUT P0, PT, PT, PT, PT, 0x8, 0x0 ;           /* 0x000000000000781c */
                                                                                      /* 0x000fe40003f0e170 */
        /*0350*/                   IADD3 R13, R11, -0xc, RZ ;                         /* 0xfffffff40b0d7810 */
                                                                                      /* 0x000fe40007ffe0ff */
        /*0360*/                   LDG.E.CONSTANT R18, [R6.64+-0x8] ;                 /* 0xfffff80606127981 */
                                                                                      /* 0x000ea8000c1e9900 */
        /*0370*/                   LDG.E.CONSTANT R20, [R4.64+-0x8] ;                 /* 0xfffff80604147981 */
                                                                                      /* 0x000ea8000c1e9900 */
        /*0380*/                   LDG.E.CONSTANT R23, [R6.64+-0x4] ;                 /* 0xfffffc0606177981 */
                                                                                      /* 0x000ee8000c1e9900 */
        /*0390*/                   LDG.E.CONSTANT R30, [R4.64+-0x4] ;                 /* 0xfffffc06041e7981 */
                                                                                      /* 0x000ee8000c1e9900 */
        /*03a0*/                   LDG.E.CONSTANT R33, [R6.64] ;                      /* 0x0000000606217981 */
                                                                                      /* 0x000f28000c1e9900 */
        /*03b0*/                   LDG.E.CONSTANT R32, [R4.64] ;                      /* 0x0000000604207981 */
                                                                                      /* 0x000f28000c1e9900 */
        /*03c0*/                   LDG.E.CONSTANT R28, [R6.64+0x4] ;                  /* 0x00000406061c7981 */
                                                                                      /* 0x000f68000c1e9900 */
        /*03d0*/                   LDG.E.CONSTANT R31, [R4.64+0x4] ;                  /* 0x00000406041f7981 */
                                                                                      /* 0x000f68000c1e9900 */
        /*03e0*/                   LDG.E.CONSTANT R26, [R6.64+0x8] ;                  /* 0x00000806061a7981 */
                                                                                      /* 0x000f68000c1e9900 */
        /*03f0*/                   LDG.E.CONSTANT R29, [R4.64+0x8] ;                  /* 0x00000806041d7981 */
                                                                                      /* 0x000f68000c1e9900 */
        /*0400*/                   LDG.E.CONSTANT R24, [R6.64+0xc] ;                  /* 0x00000c0606187981 */
                                                                                      /* 0x000f68000c1e9900 */
        /*0410*/                   LDG.E.CONSTANT R27, [R4.64+0xc] ;                  /* 0x00000c06041b7981 */
                                                                                      /* 0x000f68000c1e9900 */
        /*0420*/                   LDG.E.CONSTANT R16, [R6.64+0x10] ;                 /* 0x0000100606107981 */
                                                                                      /* 0x000f68000c1e9900 */
        /*0430*/                   LDG.E.CONSTANT R19, [R4.64+0x10] ;                 /* 0x0000100604137981 */
                                                                                      /* 0x000f68000c1e9900 */
        /*0440*/                   LDG.E.CONSTANT R14, [R6.64+0x14] ;                 /* 0x00001406060e7981 */
                                                                                      /* 0x000f68000c1e9900 */
        /*0450*/                   LDG.E.CONSTANT R17, [R4.64+0x14] ;                 /* 0x0000140604117981 */
                                                                                      /* 0x000f68000c1e9900 */
        /*0460*/                   LDG.E.CONSTANT R12, [R6.64+0x18] ;                 /* 0x00001806060c7981 */
                                                                                      /* 0x000f68000c1e9900 */
        /*0470*/                   LDG.E.CONSTANT R15, [R4.64+0x18] ;                 /* 0x00001806040f7981 */
                                                                                      /* 0x000f68000c1e9900 */
        /*0480*/                   LDG.E.CONSTANT R22, [R6.64+0x1c] ;                 /* 0x00001c0606167981 */
                                                                                      /* 0x000f68000c1e9900 */
        /*0490*/                   LDG.E.CONSTANT R25, [R4.64+0x1c] ;                 /* 0x00001c0604197981 */
                                                                                      /* 0x000f62000c1e9900 */
        /*04a0*/                   FFMA R18, R18, R20, R21 ;                          /* 0x0000001412127223 */
                                                                                      /* 0x004fc60000000015 */
        /*04b0*/                   LDG.E.CONSTANT R20, [R6.64+0x20] ;                 /* 0x0000200606147981 */
                                                                                      /* 0x0002a8000c1e9900 */
        /*04c0*/                   LDG.E.CONSTANT R21, [R4.64+0x24] ;                 /* 0x0000240604157981 */
                                                                                      /* 0x0000a2000c1e9900 */
        /*04d0*/                   FFMA R18, R23, R30, R18 ;                          /* 0x0000001e17127223 */
                                                                                      /* 0x008fc60000000012 */
        /*04e0*/                   LDG.E.CONSTANT R23, [R4.64+0x20] ;                 /* 0x0000200604177981 */
                                                                                      /* 0x0000a8000c1e9900 */
        /*04f0*/                   LDG.E.CONSTANT R30, [R4.64+0x34] ;                 /* 0x00003406041e7981 */
                                                                                      /* 0x0000e2000c1e9900 */
        /*0500*/                   FFMA R33, R33, R32, R18 ;                          /* 0x0000002021217223 */
                                                                                      /* 0x010fc60000000012 */
        /*0510*/                   LDG.E.CONSTANT R18, [R6.64+0x24] ;                 /* 0x0000240606127981 */
                                                                                      /* 0x000322000c1e9900 */
        /*0520*/                   FFMA R33, R28, R31, R33 ;                          /* 0x0000001f1c217223 */
                                                                                      /* 0x020fc60000000021 */
        /*0530*/                   LDG.E.CONSTANT R28, [R6.64+0x28] ;                 /* 0x00002806061c7981 */
                                                                                      /* 0x000368000c1e9900 */
        /*0540*/                   LDG.E.CONSTANT R31, [R4.64+0x28] ;                 /* 0x00002806041f7981 */
                                                                                      /* 0x000162000c1e9900 */
        /*0550*/                   FFMA R33, R26, R29, R33 ;                          /* 0x0000001d1a217223 */
                                                                                      /* 0x000fc60000000021 */
        /*0560*/                   LDG.E.CONSTANT R29, [R6.64+0x2c] ;                 /* 0x00002c06061d7981 */
                                                                                      /* 0x0002e8000c1e9900 */
        /*0570*/                   LDG.E.CONSTANT R26, [R4.64+0x2c] ;                 /* 0x00002c06041a7981 */
                                                                                      /* 0x0000e2000c1e9900 */
        /*0580*/                   FFMA R35, R24, R27, R33 ;                          /* 0x0000001b18237223 */
                                                                                      /* 0x000fc60000000021 */
        /*0590*/                   LDG.E.CONSTANT R33, [R6.64+0x30] ;                 /* 0x0000300606217981 */
                                                                                      /* 0x0002e8000c1e9900 */
        /*05a0*/                   LDG.E.CONSTANT R24, [R4.64+0x30] ;                 /* 0x0000300604187981 */
                                                                                      /* 0x0000e8000c1e9900 */
        /*05b0*/                   LDG.E.CONSTANT R27, [R6.64+0x34] ;                 /* 0x00003406061b7981 */
                                                                                      /* 0x0002e2000c1e9900 */
        /*05c0*/                   FFMA R19, R16, R19, R35 ;                          /* 0x0000001310137223 */
                                                                                      /* 0x000fc80000000023 */
        /*05d0*/                   FFMA R17, R14, R17, R19 ;                          /* 0x000000110e117223 */
                                                                                      /* 0x000fc80000000013 */
        /*05e0*/                   FFMA R15, R12, R15, R17 ;                          /* 0x0000000f0c0f7223 */
                                                                                      /* 0x000fe20000000011 */
        /*05f0*/                   IADD3 R0, R0, 0x10, RZ ;                           /* 0x0000001000007810 */
                                                                                      /* 0x000fc60007ffe0ff */
        /*0600*/                   FFMA R15, R22, R25, R15 ;                          /* 0x00000019160f7223 */
                                                                                      /* 0x000fe2000000000f */
        /*0610*/                   ISETP.GE.AND P1, PT, R0, R13, PT ;                 /* 0x0000000d0000720c */
                                                                                      /* 0x000fe40003f26270 */
        /*0620*/                   IADD3 R6, P2, R6, 0x40, RZ ;                       /* 0x0000004006067810 */
                                                                                      /* 0x002fe40007f5e0ff */
        /*0630*/                   IADD3 R4, P3, R4, 0x40, RZ ;                       /* 0x0000004004047810 */
                                                                                      /* 0x001fc60007f7e0ff */
        /*0640*/                   IMAD.X R7, RZ, RZ, R7, P2 ;                        /* 0x000000ffff077224 */
                                                                                      /* 0x000fe200010e0607 */
        /*0650*/                   IADD3.X R5, RZ, R5, RZ, P3, !PT ;                  /* 0x00000005ff057210 */
                                                                                      /* 0x000fe20001ffe4ff */
        /*0660*/                   FFMA R15, R20, R23, R15 ;                          /* 0x00000017140f7223 */
                                                                                      /* 0x004fc8000000000f */
        /*0670*/                   FFMA R15, R18, R21, R15 ;                          /* 0x00000015120f7223 */
                                                                                      /* 0x010fc8000000000f */
        /*0680*/                   FFMA R28, R28, R31, R15 ;                          /* 0x0000001f1c1c7223 */
                                                                                      /* 0x020fc8000000000f */
        /*0690*/                   FFMA R26, R29, R26, R28 ;                          /* 0x0000001a1d1a7223 */
                                                                                      /* 0x008fc8000000001c */
        /*06a0*/                   FFMA R24, R33, R24, R26 ;                          /* 0x0000001821187223 */
                                                                                      /* 0x000fc8000000001a */
        /*06b0*/                   FFMA R21, R27, R30, R24 ;                          /* 0x0000001e1b157223 */
                                                                                      /* 0x000fe20000000018 */
        /*06c0*/              @!P1 BRA 0x360 ;                                        /* 0xfffffc9000009947 */
                                                                                      /* 0x000fea000383ffff */
        /*06d0*/                   IMAD.IADD R12, R11, 0x1, -R0 ;                     /* 0x000000010b0c7824 */
                                                                                      /* 0x000fca00078e0a00 */
        /*06e0*/                   ISETP.GT.AND P1, PT, R12, 0x4, PT ;                /* 0x000000040c00780c */
                                                                                      /* 0x000fda0003f24270 */
        /*06f0*/              @!P1 BRA 0x8e0 ;                                        /* 0x000001e000009947 */
                                                                                      /* 0x000fea0003800000 */
        /*0700*/                   LDG.E.CONSTANT R20, [R6.64+-0x8] ;                 /* 0xfffff80606147981 */
                                                                                      /* 0x0002a8000c1e9900 */
        /*0710*/                   LDG.E.CONSTANT R22, [R4.64+-0x8] ;                 /* 0xfffff80604167981 */
                                                                                      /* 0x0006a8000c1e9900 */
        /*0720*/                   LDG.E.CONSTANT R23, [R6.64+-0x4] ;                 /* 0xfffffc0606177981 */
                                                                                      /* 0x000328000c1e9900 */
        /*0730*/                   LDG.E.CONSTANT R24, [R4.64+-0x4] ;                 /* 0xfffffc0604187981 */
                                                                                      /* 0x000728000c1e9900 */
        /*0740*/                   LDG.E.CONSTANT R25, [R6.64] ;                      /* 0x0000000606197981 */
                                                                                      /* 0x000368000c1e9900 */
        /*0750*/                   LDG.E.CONSTANT R26, [R4.64] ;                      /* 0x00000006041a7981 */
                                                                                      /* 0x000768000c1e9900 */
        /*0760*/                   LDG.E.CONSTANT R27, [R6.64+0x4] ;                  /* 0x00000406061b7981 */
                                                                                      /* 0x000368000c1e9900 */
        /*0770*/                   LDG.E.CONSTANT R28, [R4.64+0x4] ;                  /* 0x00000406041c7981 */
                                                                                      /* 0x000768000c1e9900 */
        /*0780*/                   LDG.E.CONSTANT R14, [R6.64+0x8] ;                  /* 0x00000806060e7981 */
                                                                                      /* 0x000368000c1e9900 */
        /*0790*/                   LDG.E.CONSTANT R15, [R4.64+0x8] ;                  /* 0x00000806040f7981 */
                                                                                      /* 0x000768000c1e9900 */
        /*07a0*/                   LDG.E.CONSTANT R17, [R6.64+0xc] ;                  /* 0x00000c0606117981 */
                                                                                      /* 0x000368000c1e9900 */
        /*07b0*/                   LDG.E.CONSTANT R16, [R4.64+0xc] ;                  /* 0x00000c0604107981 */
                                                                                      /* 0x000768000c1e9900 */
        /*07c0*/                   LDG.E.CONSTANT R19, [R6.64+0x10] ;                 /* 0x0000100606137981 */
                                                                                      /* 0x000368000c1e9900 */
        /*07d0*/                   LDG.E.CONSTANT R18, [R4.64+0x10] ;                 /* 0x0000100604127981 */
                                                                                      /* 0x000768000c1e9900 */
        /*07e0*/                   LDG.E.CONSTANT R12, [R6.64+0x14] ;                 /* 0x00001406060c7981 */
                                                                                      /* 0x000368000c1e9900 */
        /*07f0*/                   LDG.E.CONSTANT R13, [R4.64+0x14] ;                 /* 0x00001406040d7981 */
                                                                                      /* 0x000762000c1e9900 */
        /*0800*/                   PLOP3.LUT P0, PT, PT, PT, PT, 0x8, 0x0 ;           /* 0x000000000000781c */
                                                                                      /* 0x000fc40003f0e170 */
        /*0810*/                   IADD3 R0, R0, 0x8, RZ ;                            /* 0x0000000800007810 */
                                                                                      /* 0x000fe40007ffe0ff */
        /*0820*/                   IADD3 R6, P1, R6, 0x20, RZ ;                       /* 0x0000002006067810 */
                                                                                      /* 0x002fe40007f3e0ff */
        /*0830*/                   IADD3 R4, P2, R4, 0x20, RZ ;                       /* 0x0000002004047810 */
                                                                                      /* 0x008fe40007f5e0ff */
        /*0840*/                   IADD3.X R7, RZ, R7, RZ, P1, !PT ;                  /* 0x00000007ff077210 */
                                                                                      /* 0x000fc60000ffe4ff */
        /*0850*/                   IMAD.X R5, RZ, RZ, R5, P2 ;                        /* 0x000000ffff057224 */
                                                                                      /* 0x000fe200010e0605 */
        /*0860*/                   FFMA R20, R20, R22, R21 ;                          /* 0x0000001614147223 */
                                                                                      /* 0x004fc80000000015 */
        /*0870*/                   FFMA R20, R23, R24, R20 ;                          /* 0x0000001817147223 */
                                                                                      /* 0x010fc80000000014 */
        /*0880*/                   FFMA R20, R25, R26, R20 ;                          /* 0x0000001a19147223 */
                                                                                      /* 0x020fc80000000014 */
        /*0890*/                   FFMA R27, R27, R28, R20 ;                          /* 0x0000001c1b1b7223 */
                                                                                      /* 0x000fc80000000014 */
        /*08a0*/                   FFMA R14, R14, R15, R27 ;                          /* 0x0000000f0e0e7223 */
                                                                                      /* 0x000fc8000000001b */
        /*08b0*/                   FFMA R14, R17, R16, R14 ;                          /* 0x00000010110e7223 */
                                                                                      /* 0x000fc8000000000e */
        /*08c0*/                   FFMA R19, R19, R18, R14 ;                          /* 0x0000001213137223 */
                                                                                      /* 0x000fc8000000000e */
        /*08d0*/                   FFMA R21, R12, R13, R19 ;                          /* 0x0000000d0c157223 */
                                                                                      /* 0x000fe20000000013 */
        /*08e0*/                   ISETP.NE.U32.OR P0, PT, R0, R11, P0 ;              /* 0x0000000b0000720c */
                                                                                      /* 0x000fe40000705470 */
        /*08f0*/                   ISETP.NE.U32.AND P1, PT, R10, RZ, PT ;             /* 0x000000ff0a00720c */
                                                                                      /* 0x000fd60003f25070 */
        /*0900*/              @!P0 BRA 0xa80 ;                                        /* 0x0000017000008947 */
                                                                                      /* 0x000fea0003800000 */
        /*0910*/                   LDG.E.CONSTANT R12, [R6.64+-0x8] ;                 /* 0xfffff806060c7981 */
                                                                                      /* 0x0002a8000c1e9900 */
        /*0920*/                   LDG.E.CONSTANT R13, [R4.64+-0x8] ;                 /* 0xfffff806040d7981 */
                                                                                      /* 0x000ea8000c1e9900 */
        /*0930*/                   LDG.E.CONSTANT R15, [R6.64+-0x4] ;                 /* 0xfffffc06060f7981 */
                                                                                      /* 0x0002e8000c1e9900 */
        /*0940*/                   LDG.E.CONSTANT R16, [R4.64+-0x4] ;                 /* 0xfffffc0604107981 */
                                                                                      /* 0x000ee8000c1e9900 */
        /*0950*/                   LDG.E.CONSTANT R17, [R6.64] ;                      /* 0x0000000606117981 */
                                                                                      /* 0x000328000c1e9900 */
        /*0960*/                   LDG.E.CONSTANT R18, [R4.64] ;                      /* 0x0000000604127981 */
                                                                                      /* 0x000b28000c1e9900 */
        /*0970*/                   LDG.E.CONSTANT R19, [R6.64+0x4] ;                  /* 0x0000040606137981 */
                                                                                      /* 0x000328000c1e9900 */
        /*0980*/                   LDG.E.CONSTANT R20, [R4.64+0x4] ;                  /* 0x0000040604147981 */
                                                                                      /* 0x000b22000c1e9900 */
        /*0990*/                   IADD3 R0, R0, 0x4, RZ ;                            /* 0x0000000400007810 */
                                                                                      /* 0x000fc40007ffe0ff */
        /*09a0*/                   IADD3 R14, P2, R6, 0x10, RZ ;                      /* 0x00000010060e7810 */
                                                                                      /* 0x000fe40007f5e0ff */
        /*09b0*/                   ISETP.NE.U32.AND P0, PT, R11, R0, PT ;             /* 0x000000000b00720c */
                                                                                      /* 0x000fe40003f05070 */
        /*09c0*/                   MOV R6, R14 ;                                      /* 0x0000000e00067202 */
                                                                                      /* 0x002fe20000000f00 */
        /*09d0*/                   FFMA R12, R12, R13, R21 ;                          /* 0x0000000d0c0c7223 */
                                                                                      /* 0x004fc80000000015 */
        /*09e0*/                   FFMA R16, R15, R16, R12 ;                          /* 0x000000100f107223 */
                                                                                      /* 0x008fe2000000000c */
        /*09f0*/                   IADD3 R12, P3, R4, 0x10, RZ ;                      /* 0x00000010040c7810 */
                                                                                      /* 0x000fe40007f7e0ff */
        /*0a00*/                   IADD3.X R15, RZ, R7, RZ, P2, !PT ;                 /* 0x00000007ff0f7210 */
                                                                                      /* 0x000fe400017fe4ff */
        /*0a10*/                   MOV R4, R12 ;                                      /* 0x0000000c00047202 */
                                                                                      /* 0x020fe20000000f00 */
        /*0a20*/                   IMAD.X R13, RZ, RZ, R5, P3 ;                       /* 0x000000ffff0d7224 */
                                                                                      /* 0x000fe200018e0605 */
        /*0a30*/                   FFMA R16, R17, R18, R16 ;                          /* 0x0000001211107223 */
                                                                                      /* 0x010fe20000000010 */
        /*0a40*/                   IMAD.MOV.U32 R7, RZ, RZ, R15 ;                     /* 0x000000ffff077224 */
                                                                                      /* 0x000fe400078e000f */
        /*0a50*/                   IMAD.MOV.U32 R5, RZ, RZ, R13 ;                     /* 0x000000ffff057224 */
                                                                                      /* 0x000fe200078e000d */
        /*0a60*/                   FFMA R21, R19, R20, R16 ;                          /* 0x0000001413157223 */
                                                                                      /* 0x000fe20000000010 */
        /*0a70*/               @P0 BRA 0x910 ;                                        /* 0xfffffe9000000947 */
                                                                                      /* 0x000fea000383ffff */
        /*0a80*/              @!P1 BRA 0xbe0 ;                                        /* 0x0000015000009947 */
                                                                                      /* 0x000fea0003800000 */
        /*0a90*/                   IADD3 R0, P0, R9, R11, RZ ;                        /* 0x0000000b09007210 */
                                                                                      /* 0x000fe20007f1e0ff */
        /*0aa0*/                   IMAD.WIDE.U32 R4, R11, R8, c[0x0][0x178] ;         /* 0x00005e000b047625 */
                                                                                      /* 0x000fc600078e0008 */
        /*0ab0*/                   LEA R8, P1, R0.reuse, c[0x0][0x168], 0x2 ;         /* 0x00005a0000087a11 */
                                                                                      /* 0x040fe200078210ff */
        /*0ac0*/                   IMAD.MOV.U32 R12, RZ, RZ, R5 ;                     /* 0x000000ffff0c7224 */
                                                                                      /* 0x000fe200078e0005 */
        /*0ad0*/                   LEA.HI.X.SX32 R9, R9, RZ, 0x1, P0 ;                /* 0x000000ff09097211 */
                                                                                      /* 0x000fe400000f0eff */
        /*0ae0*/                   MOV R11, R4 ;                                      /* 0x00000004000b7202 */
                                                                                      /* 0x000fe40000000f00 */
        /*0af0*/                   LEA.HI.X R9, R0, c[0x0][0x16c], R9, 0x2, P1 ;      /* 0x00005b0000097a11 */
                                                                                      /* 0x000fc800008f1409 */
        /*0b00*/                   MOV R6, R11 ;                                      /* 0x0000000b00067202 */
                                                                                      /* 0x000fe20000000f00 */
        /*0b10*/                   IMAD.MOV.U32 R5, RZ, RZ, R9 ;                      /* 0x000000ffff057224 */
                                                                                      /* 0x000fe200078e0009 */
        /*0b20*/                   MOV R4, R8 ;                                       /* 0x0000000800047202 */
                                                                                      /* 0x000fe20000000f00 */
        /*0b30*/                   IMAD.MOV.U32 R7, RZ, RZ, R12 ;                     /* 0x000000ffff077224 */
                                                                                      /* 0x000fc800078e000c */
        /*0b40*/                   LDG.E.CONSTANT R0, [R4.64] ;                       /* 0x0000000604007981 */
                                                                                      /* 0x000ea8000c1e9900 */
        /*0b50*/                   LDG.E.CONSTANT R6, [R6.64] ;                       /* 0x0000000606067981 */
                                                                                      /* 0x000ea2000c1e9900 */
        /*0b60*/                   IADD3 R10, R10, -0x1, RZ ;                         /* 0xffffffff0a0a7810 */
                                                                                      /* 0x000fe40007ffe0ff */
        /*0b70*/                   IADD3 R11, P1, R11, 0x4, RZ ;                      /* 0x000000040b0b7810 */
                                                                                      /* 0x000fe40007f3e0ff */
        /*0b80*/                   ISETP.NE.U32.AND P0, PT, R10, RZ, PT ;             /* 0x000000ff0a00720c */
                                                                                      /* 0x000fe40003f05070 */
        /*0b90*/                   IADD3 R8, P2, R8, 0x4, RZ ;                        /* 0x0000000408087810 */
                                                                                      /* 0x000fc40007f5e0ff */
        /*0ba0*/                   IADD3.X R12, RZ, R12, RZ, P1, !PT ;                /* 0x0000000cff0c7210 */
                                                                                      /* 0x000fe40000ffe4ff */
        /*0bb0*/                   IADD3.X R9, RZ, R9, RZ, P2, !PT ;                  /* 0x00000009ff097210 */
                                                                                      /* 0x000fe200017fe4ff */
        /*0bc0*/                   FFMA R21, R0, R6, R21 ;                            /* 0x0000000600157223 */
                                                                                      /* 0x024fcc0000000015 */
        /*0bd0*/               @P0 BRA 0xb00 ;                                        /* 0xffffff2000000947 */
                                                                                      /* 0x000fea000383ffff */
        /*0be0*/                   STG.E [R2.64], R21 ;                               /* 0x0000001502007986 */
                                                                                      /* 0x000fe2000c101906 */
        /*0bf0*/                   EXIT ;                                             /* 0x000000000000794d */
                                                                                      /* 0x000fea0003800000 */
        /*0c00*/                   BRA 0xc00;                                         /* 0xfffffff000007947 */
                                                                                      /* 0x000fc0000383ffff */
        /*0c10*/                   NOP;                                               /* 0x0000000000007918 */
                                                                                      /* 0x000fc00000000000 */
        /*0c20*/                   NOP;                                               /* 0x0000000000007918 */
                                                                                      /* 0x000fc00000000000 */
        /*0c30*/                   NOP;                                               /* 0x0000000000007918 */
                                                                                      /* 0x000fc00000000000 */
        /*0c40*/                   NOP;                                               /* 0x0000000000007918 */
                                                                                      /* 0x000fc00000000000 */
        /*0c50*/                   NOP;                                               /* 0x0000000000007918 */
                                                                                      /* 0x000fc00000000000 */
        /*0c60*/                   NOP;                                               /* 0x0000000000007918 */
                                                                                      /* 0x000fc00000000000 */
        /*0c70*/                   NOP;                                               /* 0x0000000000007918 */
                                                                                      /* 0x000fc00000000000 */
        /*0c80*/                   NOP;                                               /* 0x0000000000007918 */
                                                                                      /* 0x000fc00000000000 */
        /*0c90*/                   NOP;                                               /* 0x0000000000007918 */
                                                                                      /* 0x000fc00000000000 */
        /*0ca0*/                   NOP;                                               /* 0x0000000000007918 */
                                                                                      /* 0x000fc00000000000 */
        /*0cb0*/                   NOP;                                               /* 0x0000000000007918 */
                                                                                      /* 0x000fc00000000000 */
        /*0cc0*/                   NOP;                                               /* 0x0000000000007918 */
                                                                                      /* 0x000fc00000000000 */
        /*0cd0*/                   NOP;                                               /* 0x0000000000007918 */
                                                                                      /* 0x000fc00000000000 */
        /*0ce0*/                   NOP;                                               /* 0x0000000000007918 */
                                                                                      /* 0x000fc00000000000 */
        /*0cf0*/                   NOP;                                               /* 0x0000000000007918 */
                                                                                      /* 0x000fc00000000000 */
		..........


		Function : _Z11mvt_kernel1iPfS_S_
	.headerflags	@"EF_CUDA_TEXMODE_UNIFIED EF_CUDA_64BIT_ADDRESS EF_CUDA_SM86 EF_CUDA_VIRTUAL_SM(EF_CUDA_SM86)"
        /*0000*/                   MOV R1, c[0x0][0x28] ;                             /* 0x00000a0000017a02 */
                                                                                      /* 0x000fe40000000f00 */
        /*0010*/                   S2R R8, SR_CTAID.X ;                               /* 0x0000000000087919 */
                                                                                      /* 0x000e220000002500 */
        /*0020*/                   MOV R4, c[0x0][0x160] ;                            /* 0x0000580000047a02 */
                                                                                      /* 0x000fc60000000f00 */
        /*0030*/                   S2R R3, SR_TID.X ;                                 /* 0x0000000000037919 */
                                                                                      /* 0x000e220000002100 */
        /*0040*/                   ISETP.GE.AND P0, PT, R4, 0x1, PT ;                 /* 0x000000010400780c */
                                                                                      /* 0x000fe20003f06270 */
        /*0050*/                   IMAD R8, R8, c[0x0][0x0], R3 ;                     /* 0x0000000008087a24 */
                                                                                      /* 0x001fca00078e0203 */
        /*0060*/                   ISETP.GE.OR P0, PT, R8, c[0x0][0x160], !P0 ;       /* 0x0000580008007a0c */
                                                                                      /* 0x000fda0004706670 */
        /*0070*/               @P0 EXIT ;                                             /* 0x000000000000094d */
                                                                                      /* 0x000fea0003800000 */
        /*0080*/                   ISETP.GE.U32.AND P0, PT, R4, 0x4, PT ;             /* 0x000000040400780c */
                                                                                      /* 0x000fe20003f06070 */
        /*0090*/                   IMAD.MOV.U32 R9, RZ, RZ, 0x4 ;                     /* 0x00000004ff097424 */
                                                                                      /* 0x000fe200078e00ff */
        /*00a0*/                   ULDC.64 UR8, c[0x0][0x118] ;                       /* 0x0000460000087ab9 */
                                                                                      /* 0x000fc60000000a00 */
        /*00b0*/                   IMAD.WIDE R2, R8.reuse, R9, c[0x0][0x170] ;        /* 0x00005c0008027625 */
                                                                                      /* 0x040fe200078e0209 */
        /*00c0*/                   SHF.L.U32 R8, R8, 0xc, RZ ;                        /* 0x0000000c08087819 */
                                                                                      /* 0x000fc800000006ff */
        /*00d0*/                   LDG.E R11, [R2.64] ;                               /* 0x00000008020b7981 */
                                                                                      /* 0x000162000c1e1900 */
        /*00e0*/                   LOP3.LUT R0, R4, 0x3, RZ, 0xc0, !PT ;              /* 0x0000000304007812 */
                                                                                      /* 0x000fe200078ec0ff */
        /*00f0*/                   IMAD.MOV.U32 R10, RZ, RZ, RZ ;                     /* 0x000000ffff0a7224 */
                                                                                      /* 0x000fe200078e00ff */
        /*0100*/              @!P0 BRA 0xd20 ;                                        /* 0x00000c1000008947 */
                                                                                      /* 0x000fea0003800000 */
        /*0110*/                   LOP3.LUT R10, R4, 0x7ffffffc, RZ, 0xc0, !PT ;      /* 0x7ffffffc040a7812 */
                                                                                      /* 0x000fe200078ec0ff */
        /*0120*/                   ULDC.64 UR6, c[0x0][0x178] ;                       /* 0x00005e0000067ab9 */
                                                                                      /* 0x000fe20000000a00 */
        /*0130*/                   IMAD.WIDE R6, R8, R9, c[0x0][0x168] ;              /* 0x00005a0008067625 */
                                                                                      /* 0x000fe200078e0209 */
        /*0140*/                   UIADD3 UR6, UP0, UR6, 0x8, URZ ;                   /* 0x0000000806067890 */
                                                                                      /* 0x000fe2000ff1e03f */
        /*0150*/                   ISETP.GT.U32.AND P1, PT, R10, RZ, PT ;             /* 0x000000ff0a00720c */
                                                                                      /* 0x000fe20003f24070 */
        /*0160*/                   UMOV UR4, URZ ;                                    /* 0x0000003f00047c82 */
                                                                                      /* 0x000fe40008000000 */
        /*0170*/                   UIADD3.X UR7, URZ, UR7, URZ, UP0, !UPT ;           /* 0x000000073f077290 */
                                                                                      /* 0x000fe200087fe43f */
        /*0180*/                   IADD3 R4, P0, R6, 0x8, RZ ;                        /* 0x0000000806047810 */
                                                                                      /* 0x000fe20007f1e0ff */
        /*0190*/                   IMAD.U32 R6, RZ, RZ, UR6 ;                         /* 0x00000006ff067e24 */
                                                                                      /* 0x000fc6000f8e00ff */
        /*01a0*/                   IADD3.X R5, RZ, R7, RZ, P0, !PT ;                  /* 0x00000007ff057210 */
                                                                                      /* 0x000fe400007fe4ff */
        /*01b0*/                   MOV R7, UR7 ;                                      /* 0x0000000700077c02 */
                                                                                      /* 0x000fe40008000f00 */
        /*01c0*/                   PLOP3.LUT P0, PT, PT, PT, PT, 0x80, 0x0 ;          /* 0x000000000000781c */
                                                                                      /* 0x000fe20003f0f070 */
        /*01d0*/               @P1 BRA 0x380 ;                                        /* 0x000001a000001947 */
                                                                                      /* 0x000fea0003800000 */
        /*01e0*/                   LDG.E R12, [R4.64+-0x8] ;                          /* 0xfffff808040c7981 */
                                                                                      /* 0x000ea8000c1e1900 */
        /*01f0*/                   LDG.E R13, [R6.64+-0x8] ;                          /* 0xfffff808060d7981 */
                                                                                      /* 0x000ea4000c1e1900 */
        /*0200*/                   FFMA R13, R12, R13, R11 ;                          /* 0x0000000d0c0d7223 */
                                                                                      /* 0x024fca000000000b */
        /*0210*/                   STG.E [R2.64], R13 ;                               /* 0x0000000d02007986 */
                                                                                      /* 0x000fe8000c101908 */
        /*0220*/                   LDG.E R12, [R4.64+-0x4] ;                          /* 0xfffffc08040c7981 */
                                                                                      /* 0x000ea8000c1e1900 */
        /*0230*/                   LDG.E R11, [R6.64+-0x4] ;                          /* 0xfffffc08060b7981 */
                                                                                      /* 0x000ea4000c1e1900 */
        /*0240*/                   FFMA R15, R12, R11, R13 ;                          /* 0x0000000b0c0f7223 */
                                                                                      /* 0x004fca000000000d */
        /*0250*/                   STG.E [R2.64], R15 ;                               /* 0x0000000f02007986 */
                                                                                      /* 0x0003e8000c101908 */
        /*0260*/                   LDG.E R12, [R4.64] ;                               /* 0x00000008040c7981 */
                                                                                      /* 0x000ea8000c1e1900 */
        /*0270*/                   LDG.E R11, [R6.64] ;                               /* 0x00000008060b7981 */
                                                                                      /* 0x000ea4000c1e1900 */
        /*0280*/                   FFMA R17, R12, R11, R15 ;                          /* 0x0000000b0c117223 */
                                                                                      /* 0x004fca000000000f */
        /*0290*/                   STG.E [R2.64], R17 ;                               /* 0x0000001102007986 */
                                                                                      /* 0x0005e8000c101908 */
        /*02a0*/                   LDG.E R12, [R4.64+0x4] ;                           /* 0x00000408040c7981 */
                                                                                      /* 0x000728000c1e1900 */
        /*02b0*/                   LDG.E R11, [R6.64+0x4] ;                           /* 0x00000408060b7981 */
                                                                                      /* 0x000f22000c1e1900 */
        /*02c0*/                   IADD3 R14, P1, R4, 0x10, RZ ;                      /* 0x00000010040e7810 */
                                                                                      /* 0x000fe20007f3e0ff */
        /*02d0*/                   UMOV UR4, 0x4 ;                                    /* 0x0000000400047882 */
                                                                                      /* 0x000fe20000000000 */
        /*02e0*/                   PLOP3.LUT P0, PT, PT, PT, PT, 0x8, 0x0 ;           /* 0x000000000000781c */
                                                                                      /* 0x000fc60003f0e170 */
        /*02f0*/                   IMAD.X R15, RZ, RZ, R5, P1 ;                       /* 0x000000ffff0f7224 */
                                                                                      /* 0x002fe400008e0605 */
        /*0300*/                   IMAD.MOV.U32 R4, RZ, RZ, R14 ;                     /* 0x000000ffff047224 */
                                                                                      /* 0x008fc600078e000e */
        /*0310*/                   MOV R5, R15 ;                                      /* 0x0000000f00057202 */
                                                                                      /* 0x000fe20000000f00 */
        /*0320*/                   FFMA R11, R12, R11, R17 ;                          /* 0x0000000b0c0b7223 */
                                                                                      /* 0x010fe20000000011 */
        /*0330*/                   IADD3 R12, P2, R6, 0x10, RZ ;                      /* 0x00000010060c7810 */
                                                                                      /* 0x000fc80007f5e0ff */
        /*0340*/                   STG.E [R2.64], R11 ;                               /* 0x0000000b02007986 */
                                                                                      /* 0x0005e2000c101908 */
        /*0350*/                   IADD3.X R13, RZ, R7, RZ, P2, !PT ;                 /* 0x00000007ff0d7210 */
                                                                                      /* 0x000fe200017fe4ff */
        /*0360*/                   IMAD.MOV.U32 R6, RZ, RZ, R12 ;                     /* 0x000000ffff067224 */
                                                                                      /* 0x000fc600078e000c */
        /*0370*/                   MOV R7, R13 ;                                      /* 0x0000000d00077202 */
                                                                                      /* 0x000fe40000000f00 */
        /*0380*/                   IADD3 R12, R10, -UR4, RZ ;                         /* 0x800000040a0c7c10 */
                                                                                      /* 0x000fc8000fffe0ff */
        /*0390*/                   ISETP.GT.AND P1, PT, R12, 0xc, PT ;                /* 0x0000000c0c00780c */
                                                                                      /* 0x000fda0003f24270 */
        /*03a0*/              @!P1 BRA 0x870 ;                                        /* 0x000004c000009947 */
                                                                                      /* 0x000fea0003800000 */
        /*03b0*/                   PLOP3.LUT P0, PT, PT, PT, PT, 0x8, 0x0 ;           /* 0x000000000000781c */
                                                                                      /* 0x000fe40003f0e170 */
        /*03c0*/                   IADD3 R16, R10, -0xc, RZ ;                         /* 0xfffffff40a107810 */
                                                                                      /* 0x000fe40007ffe0ff */
        /*03d0*/                   LDG.E R12, [R4.64+-0x8] ;                          /* 0xfffff808040c7981 */
                                                                                      /* 0x000ee8000c1e1900 */
        /*03e0*/                   LDG.E R13, [R6.64+-0x8] ;                          /* 0xfffff808060d7981 */
                                                                                      /* 0x000ee4000c1e1900 */
        /*03f0*/                   FFMA R13, R12, R13, R11 ;                          /* 0x0000000d0c0d7223 */
                                                                                      /* 0x028fca000000000b */
        /*0400*/                   STG.E [R2.64], R13 ;                               /* 0x0000000d02007986 */
                                                                                      /* 0x0003e8000c101908 */
        /*0410*/                   LDG.E R12, [R4.64+-0x4] ;                          /* 0xfffffc08040c7981 */
                                                                                      /* 0x000ee8000c1e1900 */
        /*0420*/                   LDG.E R11, [R6.64+-0x4] ;                          /* 0xfffffc08060b7981 */
                                                                                      /* 0x014ee4000c1e1900 */
        /*0430*/                   FFMA R11, R12, R11, R13 ;                          /* 0x0000000b0c0b7223 */
                                                                                      /* 0x008fca000000000d */
        /*0440*/                   STG.E [R2.64], R11 ;                               /* 0x0000000b02007986 */
                                                                                      /* 0x0005e8000c101908 */
        /*0450*/                   LDG.E R12, [R4.64] ;                               /* 0x00000008040c7981 */
                                                                                      /* 0x000ee8000c1e1900 */
        /*0460*/                   LDG.E R14, [R6.64] ;                               /* 0x00000008060e7981 */
                                                                                      /* 0x000ee4000c1e1900 */
        /*0470*/                   FFMA R15, R12, R14, R11 ;                          /* 0x0000000e0c0f7223 */
                                                                                      /* 0x008fca000000000b */
        /*0480*/                   STG.E [R2.64], R15 ;                               /* 0x0000000f02007986 */
                                                                                      /* 0x0007e8000c101908 */
        /*0490*/                   LDG.E R12, [R4.64+0x4] ;                           /* 0x00000408040c7981 */
                                                                                      /* 0x000e68000c1e1900 */
        /*04a0*/                   LDG.E R14, [R6.64+0x4] ;                           /* 0x00000408060e7981 */
                                                                                      /* 0x000e64000c1e1900 */
        /*04b0*/                   FFMA R13, R12, R14, R15 ;                          /* 0x0000000e0c0d7223 */
                                                                                      /* 0x002fca000000000f */
        /*04c0*/                   STG.E [R2.64], R13 ;                               /* 0x0000000d02007986 */
                                                                                      /* 0x0003e8000c101908 */
        /*04d0*/                   LDG.E R12, [R4.64+0x8] ;                           /* 0x00000808040c7981 */
                                                                                      /* 0x000ea8000c1e1900 */
        /*04e0*/                   LDG.E R14, [R6.64+0x8] ;                           /* 0x00000808060e7981 */
                                                                                      /* 0x000ea4000c1e1900 */
        /*04f0*/                   FFMA R11, R12, R14, R13 ;                          /* 0x0000000e0c0b7223 */
                                                                                      /* 0x004fca000000000d */
        /*0500*/                   STG.E [R2.64], R11 ;                               /* 0x0000000b02007986 */
                                                                                      /* 0x0005e8000c101908 */
        /*0510*/                   LDG.E R12, [R4.64+0xc] ;                           /* 0x00000c08040c7981 */
                                                                                      /* 0x000ee8000c1e1900 */
        /*0520*/                   LDG.E R14, [R6.64+0xc] ;                           /* 0x00000c08060e7981 */
                                                                                      /* 0x000ee4000c1e1900 */
        /*0530*/                   FFMA R15, R12, R14, R11 ;                          /* 0x0000000e0c0f7223 */
                                                                                      /* 0x008fca000000000b */
        /*0540*/                   STG.E [R2.64], R15 ;                               /* 0x0000000f02007986 */
                                                                                      /* 0x0007e8000c101908 */
        /*0550*/                   LDG.E R12, [R4.64+0x10] ;                          /* 0x00001008040c7981 */
                                                                                      /* 0x000e68000c1e1900 */
        /*0560*/                   LDG.E R14, [R6.64+0x10] ;                          /* 0x00001008060e7981 */
                                                                                      /* 0x000e64000c1e1900 */
        /*0570*/                   FFMA R13, R12, R14, R15 ;                          /* 0x0000000e0c0d7223 */
                                                                                      /* 0x002fca000000000f */
        /*0580*/                   STG.E [R2.64], R13 ;                               /* 0x0000000d02007986 */
                                                                                      /* 0x0003e8000c101908 */
        /*0590*/                   LDG.E R12, [R4.64+0x14] ;                          /* 0x00001408040c7981 */
                                                                                      /* 0x000ea8000c1e1900 */
        /*05a0*/                   LDG.E R14, [R6.64+0x14] ;                          /* 0x00001408060e7981 */
                                                                                      /* 0x000ea4000c1e1900 */
        /*05b0*/                   FFMA R11, R12, R14, R13 ;                          /* 0x0000000e0c0b7223 */
                                                                                      /* 0x004fca000000000d */
        /*05c0*/                   STG.E [R2.64], R11 ;                               /* 0x0000000b02007986 */
                                                                                      /* 0x0005e8000c101908 */
        /*05d0*/                   LDG.E R12, [R4.64+0x18] ;                          /* 0x00001808040c7981 */
                                                                                      /* 0x000ee8000c1e1900 */
        /*05e0*/                   LDG.E R14, [R6.64+0x18] ;                          /* 0x00001808060e7981 */
                                                                                      /* 0x000ee4000c1e1900 */
        /*05f0*/                   FFMA R15, R12, R14, R11 ;                          /* 0x0000000e0c0f7223 */
                                                                                      /* 0x008fca000000000b */
        /*0600*/                   STG.E [R2.64], R15 ;                               /* 0x0000000f02007986 */
                                                                                      /* 0x0007e8000c101908 */
        /*0610*/                   LDG.E R12, [R4.64+0x1c] ;                          /* 0x00001c08040c7981 */
                                                                                      /* 0x000e68000c1e1900 */
        /*0620*/                   LDG.E R14, [R6.64+0x1c] ;                          /* 0x00001c08060e7981 */
                                                                                      /* 0x000e64000c1e1900 */
        /*0630*/                   FFMA R13, R12, R14, R15 ;                          /* 0x0000000e0c0d7223 */
                                                                                      /* 0x002fca000000000f */
        /*0640*/                   STG.E [R2.64], R13 ;                               /* 0x0000000d02007986 */
                                                                                      /* 0x0003e8000c101908 */
        /*0650*/                   LDG.E R12, [R4.64+0x20] ;                          /* 0x00002008040c7981 */
                                                                                      /* 0x000ea8000c1e1900 */
        /*0660*/                   LDG.E R14, [R6.64+0x20] ;                          /* 0x00002008060e7981 */
                                                                                      /* 0x000ea4000c1e1900 */
        /*0670*/                   FFMA R11, R12, R14, R13 ;                          /* 0x0000000e0c0b7223 */
                                                                                      /* 0x004fca000000000d */
        /*0680*/                   STG.E [R2.64], R11 ;                               /* 0x0000000b02007986 */
                                                                                      /* 0x0005e8000c101908 */
        /*0690*/                   LDG.E R12, [R4.64+0x24] ;                          /* 0x00002408040c7981 */
                                                                                      /* 0x000ee8000c1e1900 */
        /*06a0*/                   LDG.E R14, [R6.64+0x24] ;                          /* 0x00002408060e7981 */
                                                                                      /* 0x000ee4000c1e1900 */
        /*06b0*/                   FFMA R15, R12, R14, R11 ;                          /* 0x0000000e0c0f7223 */
                                                                                      /* 0x008fca000000000b */
        /*06c0*/                   STG.E [R2.64], R15 ;                               /* 0x0000000f02007986 */
                                                                                      /* 0x0007e8000c101908 */
        /*06d0*/                   LDG.E R12, [R4.64+0x28] ;                          /* 0x00002808040c7981 */
                                                                                      /* 0x000e68000c1e1900 */
        /*06e0*/                   LDG.E R14, [R6.64+0x28] ;                          /* 0x00002808060e7981 */
                                                                                      /* 0x000e64000c1e1900 */
        /*06f0*/                   FFMA R13, R12, R14, R15 ;                          /* 0x0000000e0c0d7223 */
                                                                                      /* 0x002fca000000000f */
        /*0700*/                   STG.E [R2.64], R13 ;                               /* 0x0000000d02007986 */
                                                                                      /* 0x0003e8000c101908 */
        /*0710*/                   LDG.E R12, [R4.64+0x2c] ;                          /* 0x00002c08040c7981 */
                                                                                      /* 0x000f28000c1e1900 */
        /*0720*/                   LDG.E R14, [R6.64+0x2c] ;                          /* 0x00002c08060e7981 */
                                                                                      /* 0x000f24000c1e1900 */
        /*0730*/                   FFMA R17, R12, R14, R13 ;                          /* 0x0000000e0c117223 */
                                                                                      /* 0x010fca000000000d */
        /*0740*/                   STG.E [R2.64], R17 ;                               /* 0x0000001102007986 */
                                                                                      /* 0x0009e8000c101908 */
        /*0750*/                   LDG.E R12, [R4.64+0x30] ;                          /* 0x00003008040c7981 */
                                                                                      /* 0x000ee8000c1e1900 */
        /*0760*/                   LDG.E R11, [R6.64+0x30] ;                          /* 0x00003008060b7981 */
                                                                                      /* 0x004ee2000c1e1900 */
        /*0770*/                   UIADD3 UR4, UR4, 0x10, URZ ;                       /* 0x0000001004047890 */
                                                                                      /* 0x000fe2000fffe03f */
        /*0780*/                   FFMA R15, R12, R11, R17 ;                          /* 0x0000000b0c0f7223 */
                                                                                      /* 0x008fca0000000011 */
        /*0790*/                   STG.E [R2.64], R15 ;                               /* 0x0000000f02007986 */
                                                                                      /* 0x0009e8000c101908 */
        /*07a0*/                   LDG.E R12, [R4.64+0x34] ;                          /* 0x00003408040c7981 */
                                                                                      /* 0x0004e8000c1e1900 */
        /*07b0*/                   LDG.E R11, [R6.64+0x34] ;                          /* 0x00003408060b7981 */
                                                                                      /* 0x000ee2000c1e1900 */
        /*07c0*/                   ISETP.LE.AND P1, PT, R16, UR4, PT ;                /* 0x0000000410007c0c */
                                                                                      /* 0x000fe4000bf23270 */
        /*07d0*/                   IADD3 R14, P2, R4, 0x40, RZ ;                      /* 0x00000040040e7810 */
                                                                                      /* 0x000fca0007f5e0ff */
        /*07e0*/                   IMAD.X R5, RZ, RZ, R5, P2 ;                        /* 0x000000ffff057224 */
                                                                                      /* 0x004fe400010e0605 */
        /*07f0*/                   IMAD.MOV.U32 R4, RZ, RZ, R14 ;                     /* 0x000000ffff047224 */
                                                                                      /* 0x000fe200078e000e */
        /*0800*/                   FFMA R11, R12, R11, R15 ;                          /* 0x0000000b0c0b7223 */
                                                                                      /* 0x008fe2000000000f */
        /*0810*/                   IADD3 R12, P3, R6, 0x40, RZ ;                      /* 0x00000040060c7810 */
                                                                                      /* 0x000fc80007f7e0ff */
        /*0820*/                   IADD3.X R13, RZ, R7, RZ, P3, !PT ;                 /* 0x00000007ff0d7210 */
                                                                                      /* 0x002fe20001ffe4ff */
        /*0830*/                   STG.E [R2.64], R11 ;                               /* 0x0000000b02007986 */
                                                                                      /* 0x0009e2000c101908 */
        /*0840*/                   MOV R6, R12 ;                                      /* 0x0000000c00067202 */
                                                                                      /* 0x000fc60000000f00 */
        /*0850*/                   IMAD.MOV.U32 R7, RZ, RZ, R13 ;                     /* 0x000000ffff077224 */
                                                                                      /* 0x000fe200078e000d */
        /*0860*/              @!P1 BRA 0x3d0 ;                                        /* 0xfffffb6000009947 */
                                                                                      /* 0x000fea000383ffff */
        /*0870*/                   IADD3 R12, R10, -UR4, RZ ;                         /* 0x800000040a0c7c10 */
                                                                                      /* 0x000fc8000fffe0ff */
        /*0880*/                   ISETP.GT.AND P1, PT, R12, 0x4, PT ;                /* 0x000000040c00780c */
                                                                                      /* 0x000fda0003f24270 */
        /*0890*/              @!P1 BRA 0xb30 ;                                        /* 0x0000029000009947 */
                                                                                      /* 0x000fea0003800000 */
        /*08a0*/                   LDG.E R12, [R4.64+-0x8] ;                          /* 0xfffff808040c7981 */
                                                                                      /* 0x000ee8000c1e1900 */
        /*08b0*/                   LDG.E R13, [R6.64+-0x8] ;                          /* 0xfffff808060d7981 */
                                                                                      /* 0x000ee4000c1e1900 */
        /*08c0*/                   FFMA R13, R12, R13, R11 ;                          /* 0x0000000d0c0d7223 */
                                                                                      /* 0x028fca000000000b */
        /*08d0*/                   STG.E [R2.64], R13 ;                               /* 0x0000000d02007986 */
                                                                                      /* 0x0003e8000c101908 */
        /*08e0*/                   LDG.E R12, [R4.64+-0x4] ;                          /* 0xfffffc08040c7981 */
                                                                                      /* 0x000ee8000c1e1900 */
        /*08f0*/                   LDG.E R11, [R6.64+-0x4] ;                          /* 0xfffffc08060b7981 */
                                                                                      /* 0x014ee4000c1e1900 */
        /*0900*/                   FFMA R11, R12, R11, R13 ;                          /* 0x0000000b0c0b7223 */
                                                                                      /* 0x008fca000000000d */
        /*0910*/                   STG.E [R2.64], R11 ;                               /* 0x0000000b02007986 */
                                                                                      /* 0x0005e8000c101908 */
        /*0920*/                   LDG.E R12, [R4.64] ;                               /* 0x00000008040c7981 */
                                                                                      /* 0x000ee8000c1e1900 */
        /*0930*/                   LDG.E R14, [R6.64] ;                               /* 0x00000008060e7981 */
                                                                                      /* 0x000ee4000c1e1900 */
        /*0940*/                   FFMA R15, R12, R14, R11 ;                          /* 0x0000000e0c0f7223 */
                                                                                      /* 0x008fca000000000b */
        /*0950*/                   STG.E [R2.64], R15 ;                               /* 0x0000000f02007986 */
                                                                                      /* 0x0007e8000c101908 */
        /*0960*/                   LDG.E R12, [R4.64+0x4] ;                           /* 0x00000408040c7981 */
                                                                                      /* 0x000e68000c1e1900 */
        /*0970*/                   LDG.E R14, [R6.64+0x4] ;                           /* 0x00000408060e7981 */
                                                                                      /* 0x000e64000c1e1900 */
        /*0980*/                   FFMA R13, R12, R14, R15 ;                          /* 0x0000000e0c0d7223 */
                                                                                      /* 0x002fca000000000f */
        /*0990*/                   STG.E [R2.64], R13 ;                               /* 0x0000000d02007986 */
                                                                                      /* 0x0003e8000c101908 */
        /*09a0*/                   LDG.E R12, [R4.64+0x8] ;                           /* 0x00000808040c7981 */
                                                                                      /* 0x000ea8000c1e1900 */
        /*09b0*/                   LDG.E R14, [R6.64+0x8] ;                           /* 0x00000808060e7981 */
                                                                                      /* 0x000ea4000c1e1900 */
        /*09c0*/                   FFMA R11, R12, R14, R13 ;                          /* 0x0000000e0c0b7223 */
                                                                                      /* 0x004fca000000000d */
        /*09d0*/                   STG.E [R2.64], R11 ;                               /* 0x0000000b02007986 */
                                                                                      /* 0x0005e8000c101908 */
        /*09e0*/                   LDG.E R12, [R4.64+0xc] ;                           /* 0x00000c08040c7981 */
                                                                                      /* 0x000ee8000c1e1900 */
        /*09f0*/                   LDG.E R14, [R6.64+0xc] ;                           /* 0x00000c08060e7981 */
                                                                                      /* 0x000ee4000c1e1900 */
        /*0a00*/                   FFMA R15, R12, R14, R11 ;                          /* 0x0000000e0c0f7223 */
                                                                                      /* 0x008fca000000000b */
        /*0a10*/                   STG.E [R2.64], R15 ;                               /* 0x0000000f02007986 */
                                                                                      /* 0x0007e8000c101908 */
        /*0a20*/                   LDG.E R12, [R4.64+0x10] ;                          /* 0x00001008040c7981 */
                                                                                      /* 0x000e68000c1e1900 */
        /*0a30*/                   LDG.E R14, [R6.64+0x10] ;                          /* 0x00001008060e7981 */
                                                                                      /* 0x000e64000c1e1900 */
        /*0a40*/                   FFMA R13, R12, R14, R15 ;                          /* 0x0000000e0c0d7223 */
                                                                                      /* 0x002fca000000000f */
        /*0a50*/                   STG.E [R2.64], R13 ;                               /* 0x0000000d02007986 */
                                                                                      /* 0x0003e8000c101908 */
        /*0a60*/                   LDG.E R12, [R4.64+0x14] ;                          /* 0x00001408040c7981 */
                                                                                      /* 0x000ea8000c1e1900 */
        /*0a70*/                   LDG.E R14, [R6.64+0x14] ;                          /* 0x00001408060e7981 */
                                                                                      /* 0x000ea2000c1e1900 */
        /*0a80*/                   PLOP3.LUT P0, PT, PT, PT, PT, 0x8, 0x0 ;           /* 0x000000000000781c */
                                                                                      /* 0x000fe20003f0e170 */
        /*0a90*/                   UIADD3 UR4, UR4, 0x8, URZ ;                        /* 0x0000000804047890 */
                                                                                      /* 0x000fe2000fffe03f */
        /*0aa0*/                   FFMA R11, R12, R14, R13 ;                          /* 0x0000000e0c0b7223 */
                                                                                      /* 0x004fe2000000000d */
        /*0ab0*/                   IADD3 R14, P1, R4, 0x20, RZ ;                      /* 0x00000020040e7810 */
                                                                                      /* 0x000fc40007f3e0ff */
        /*0ac0*/                   IADD3 R12, P2, R6, 0x20, RZ ;                      /* 0x00000020060c7810 */
                                                                                      /* 0x000fe40007f5e0ff */
        /*0ad0*/                   STG.E [R2.64], R11 ;                               /* 0x0000000b02007986 */
                                                                                      /* 0x0003e2000c101908 */
        /*0ae0*/                   IADD3.X R15, RZ, R5, RZ, P1, !PT ;                 /* 0x00000005ff0f7210 */
                                                                                      /* 0x008fe40000ffe4ff */
        /*0af0*/                   IMAD.X R7, RZ, RZ, R7, P2 ;                        /* 0x000000ffff077224 */
                                                                                      /* 0x000fe200010e0607 */
        /*0b00*/                   MOV R4, R14 ;                                      /* 0x0000000e00047202 */
                                                                                      /* 0x000fe40000000f00 */
        /*0b10*/                   IMAD.MOV.U32 R5, RZ, RZ, R15 ;                     /* 0x000000ffff057224 */
                                                                                      /* 0x000fe200078e000f */
        /*0b20*/                   MOV R6, R12 ;                                      /* 0x0000000c00067202 */
                                                                                      /* 0x000fe40000000f00 */
        /*0b30*/                   ISETP.NE.U32.OR P0, PT, R10, UR4, P0 ;             /* 0x000000040a007c0c */
                                                                                      /* 0x000fe40008705470 */
        /*0b40*/                   ISETP.NE.U32.AND P1, PT, R0, RZ, PT ;              /* 0x000000ff0000720c */
                                                                                      /* 0x000fd60003f25070 */
        /*0b50*/              @!P0 BRA 0xd10 ;                                        /* 0x000001b000008947 */
                                                                                      /* 0x000fea0003800000 */
        /*0b60*/                   LDG.E R12, [R4.64+-0x8] ;                          /* 0xfffff808040c7981 */
                                                                                      /* 0x000ee8000c1e1900 */
        /*0b70*/                   LDG.E R13, [R6.64+-0x8] ;                          /* 0xfffff808060d7981 */
                                                                                      /* 0x002ee4000c1e1900 */
        /*0b80*/                   FFMA R13, R12, R13, R11 ;                          /* 0x0000000d0c0d7223 */
                                                                                      /* 0x028fca000000000b */
        /*0b90*/                   STG.E [R2.64], R13 ;                               /* 0x0000000d02007986 */
                                                                                      /* 0x000fe8000c101908 */
        /*0ba0*/                   LDG.E R12, [R4.64+-0x4] ;                          /* 0xfffffc08040c7981 */
                                                                                      /* 0x000ee8000c1e1900 */
        /*0bb0*/                   LDG.E R11, [R6.64+-0x4] ;                          /* 0xfffffc08060b7981 */
                                                                                      /* 0x014ee4000c1e1900 */
        /*0bc0*/                   FFMA R15, R12, R11, R13 ;                          /* 0x0000000b0c0f7223 */
                                                                                      /* 0x008fca000000000d */
        /*0bd0*/                   STG.E [R2.64], R15 ;                               /* 0x0000000f02007986 */
                                                                                      /* 0x0003e8000c101908 */
        /*0be0*/                   LDG.E R12, [R4.64] ;                               /* 0x00000008040c7981 */
                                                                                      /* 0x000ea8000c1e1900 */
        /*0bf0*/                   LDG.E R11, [R6.64] ;                               /* 0x00000008060b7981 */
                                                                                      /* 0x000ea2000c1e1900 */
        /*0c00*/                   UIADD3 UR4, UR4, 0x4, URZ ;                        /* 0x0000000404047890 */
                                                                                      /* 0x000fe2000fffe03f */
        /*0c10*/                   FFMA R17, R12, R11, R15 ;                          /* 0x0000000b0c117223 */
                                                                                      /* 0x004fca000000000f */
        /*0c20*/                   STG.E [R2.64], R17 ;                               /* 0x0000001102007986 */
                                                                                      /* 0x0005e8000c101908 */
        /*0c30*/                   LDG.E R12, [R4.64+0x4] ;                           /* 0x00000408040c7981 */
                                                                                      /* 0x000728000c1e1900 */
        /*0c40*/                   LDG.E R11, [R6.64+0x4] ;                           /* 0x00000408060b7981 */
                                                                                      /* 0x000f22000c1e1900 */
        /*0c50*/                   ISETP.NE.U32.AND P0, PT, R10, UR4, PT ;            /* 0x000000040a007c0c */
                                                                                      /* 0x000fe4000bf05070 */
        /*0c60*/                   IADD3 R14, P2, R4, 0x10, RZ ;                      /* 0x00000010040e7810 */
                                                                                      /* 0x000fca0007f5e0ff */
        /*0c70*/                   IMAD.X R15, RZ, RZ, R5, P2 ;                       /* 0x000000ffff0f7224 */
                                                                                      /* 0x002fe400010e0605 */
        /*0c80*/                   IMAD.MOV.U32 R4, RZ, RZ, R14 ;                     /* 0x000000ffff047224 */
                                                                                      /* 0x008fc600078e000e */
        /*0c90*/                   MOV R5, R15 ;                                      /* 0x0000000f00057202 */
                                                                                      /* 0x000fe20000000f00 */
        /*0ca0*/                   FFMA R11, R12, R11, R17 ;                          /* 0x0000000b0c0b7223 */
                                                                                      /* 0x010fe20000000011 */
        /*0cb0*/                   IADD3 R12, P3, R6, 0x10, RZ ;                      /* 0x00000010060c7810 */
                                                                                      /* 0x000fc80007f7e0ff */
        /*0cc0*/                   IADD3.X R13, RZ, R7, RZ, P3, !PT ;                 /* 0x00000007ff0d7210 */
                                                                                      /* 0x000fe20001ffe4ff */
        /*0cd0*/                   STG.E [R2.64], R11 ;                               /* 0x0000000b02007986 */
                                                                                      /* 0x0005e2000c101908 */
        /*0ce0*/                   IMAD.MOV.U32 R6, RZ, RZ, R12 ;                     /* 0x000000ffff067224 */
                                                                                      /* 0x000fe400078e000c */
        /*0cf0*/                   MOV R7, R13 ;                                      /* 0x0000000d00077202 */
                                                                                      /* 0x000fe20000000f00 */
        /*0d00*/               @P0 BRA 0xb60 ;                                        /* 0xfffffe5000000947 */
                                                                                      /* 0x000fea000383ffff */
        /*0d10*/              @!P1 EXIT ;                                             /* 0x000000000000994d */
                                                                                      /* 0x000fea0003800000 */
        /*0d20*/                   IADD3 R6, P0, R8, R10, RZ ;                        /* 0x0000000a08067210 */
                                                                                      /* 0x000fe20007f1e0ff */
        /*0d30*/                   IMAD.WIDE.U32 R4, R10, R9, c[0x0][0x178] ;         /* 0x00005e000a047625 */
                                                                                      /* 0x000fc600078e0009 */
        /*0d40*/                   LEA R9, P1, R6, c[0x0][0x168], 0x2 ;               /* 0x00005a0006097a11 */
                                                                                      /* 0x000fe200078210ff */
        /*0d50*/                   IMAD.MOV.U32 R10, RZ, RZ, R4 ;                     /* 0x000000ffff0a7224 */
                                                                                      /* 0x000fe200078e0004 */
        /*0d60*/                   LEA.HI.X.SX32 R13, R8, RZ, 0x1, P0 ;               /* 0x000000ff080d7211 */
                                                                                      /* 0x002fe400000f0eff */
        /*0d70*/                   MOV R7, R5 ;                                       /* 0x0000000500077202 */
                                                                                      /* 0x000fe40000000f00 */
        /*0d80*/                   LEA.HI.X R8, R6, c[0x0][0x16c], R13, 0x2, P1 ;     /* 0x00005b0006087a11 */
                                                                                      /* 0x000fc600008f140d */
        /*0d90*/                   IMAD.MOV.U32 R4, RZ, RZ, R9 ;                      /* 0x000000ffff047224 */
                                                                                      /* 0x000fe200078e0009 */
        /*0da0*/                   MOV R5, R8 ;                                       /* 0x0000000800057202 */
                                                                                      /* 0x000fe20000000f00 */
        /*0db0*/                   IMAD.MOV.U32 R6, RZ, RZ, R10 ;                     /* 0x000000ffff067224 */
                                                                                      /* 0x000fc800078e000a */
        /*0dc0*/                   LDG.E R4, [R4.64] ;                                /* 0x0000000804047981 */
                                                                                      /* 0x000ee8000c1e1900 */
        /*0dd0*/                   LDG.E R6, [R6.64] ;                                /* 0x0000000806067981 */
                                                                                      /* 0x0022e2000c1e1900 */
        /*0de0*/                   IADD3 R0, R0, -0x1, RZ ;                           /* 0xffffffff00007810 */
                                                                                      /* 0x000fe40007ffe0ff */
        /*0df0*/                   IADD3 R9, P2, R9, 0x4, RZ ;                        /* 0x0000000409097810 */
                                                                                      /* 0x000fe40007f5e0ff */
        /*0e00*/                   ISETP.NE.U32.AND P0, PT, R0, RZ, PT ;              /* 0x000000ff0000720c */
                                                                                      /* 0x000fe40003f05070 */
        /*0e10*/                   IADD3 R10, P1, R10, 0x4, RZ ;                      /* 0x000000040a0a7810 */
                                                                                      /* 0x000fe20007f3e0ff */
        /*0e20*/                   IMAD.X R8, RZ, RZ, R8, P2 ;                        /* 0x000000ffff087224 */
                                                                                      /* 0x000fc600010e0608 */
        /*0e30*/                   IADD3.X R7, RZ, R7, RZ, P1, !PT ;                  /* 0x00000007ff077210 */
                                                                                      /* 0x002fe20000ffe4ff */
        /*0e40*/                   FFMA R11, R4, R6, R11 ;                            /* 0x00000006040b7223 */
                                                                                      /* 0x03cfca000000000b */
        /*0e50*/                   STG.E [R2.64], R11 ;                               /* 0x0000000b02007986 */
                                                                                      /* 0x0003e2000c101908 */
        /*0e60*/               @P0 BRA 0xd90 ;                                        /* 0xffffff2000000947 */
                                                                                      /* 0x000fea000383ffff */
        /*0e70*/                   EXIT ;                                             /* 0x000000000000794d */
                                                                                      /* 0x000fea0003800000 */
        /*0e80*/                   BRA 0xe80;                                         /* 0xfffffff000007947 */
                                                                                      /* 0x000fc0000383ffff */
        /*0e90*/                   NOP;                                               /* 0x0000000000007918 */
                                                                                      /* 0x000fc00000000000 */
        /*0ea0*/                   NOP;                                               /* 0x0000000000007918 */
                                                                                      /* 0x000fc00000000000 */
        /*0eb0*/                   NOP;                                               /* 0x0000000000007918 */
                                                                                      /* 0x000fc00000000000 */
        /*0ec0*/                   NOP;                                               /* 0x0000000000007918 */
                                                                                      /* 0x000fc00000000000 */
        /*0ed0*/                   NOP;                                               /* 0x0000000000007918 */
                                                                                      /* 0x000fc00000000000 */
        /*0ee0*/                   NOP;                                               /* 0x0000000000007918 */
                                                                                      /* 0x000fc00000000000 */
        /*0ef0*/                   NOP;                                               /* 0x0000000000007918 */
                                                                                      /* 0x000fc00000000000 */
        /*0f00*/                   NOP;                                               /* 0x0000000000007918 */
                                                                                      /* 0x000fc00000000000 */
        /*0f10*/                   NOP;                                               /* 0x0000000000007918 */
                                                                                      /* 0x000fc00000000000 */
        /*0f20*/                   NOP;                                               /* 0x0000000000007918 */
                                                                                      /* 0x000fc00000000000 */
        /*0f30*/                   NOP;                                               /* 0x0000000000007918 */
                                                                                      /* 0x000fc00000000000 */
        /*0f40*/                   NOP;                                               /* 0x0000000000007918 */
                                                                                      /* 0x000fc00000000000 */
        /*0f50*/                   NOP;                                               /* 0x0000000000007918 */
                                                                                      /* 0x000fc00000000000 */
        /*0f60*/                   NOP;                                               /* 0x0000000000007918 */
                                                                                      /* 0x000fc00000000000 */
        /*0f70*/                   NOP;                                               /* 0x0000000000007918 */
                                                                                      /* 0x000fc00000000000 */
		..........


